source	index	start	end
d1:0001_the_first_release.md	0	2	1095
d1:0001_the_first_release.md	1	1096	2260
d1:0001_the_first_release.md	2	2261	3360
d1:0001_the_first_release.md	3	3361	4439
d1:0001_the_first_release.md	4	4440	5554
d1:0001_the_first_release.md	5	5555	6730
d1:0001_the_first_release.md	6	6730	7987
d1:0001_the_first_release.md	7	7988	9159
d1:0001_the_first_release.md	8	9160	10406
d1:0001_the_first_release.md	9	10407	11553
d1:0001_the_first_release.md	10	11554	12757
d1:0001_the_first_release.md	11	12758	13895
d1:0001_the_first_release.md	12	13896	14691
d1:0002_the_interactive_session.md	0	2	1103
d1:0002_the_interactive_session.md	1	1104	2293
d1:0002_the_interactive_session.md	2	2293	3474
d1:0002_the_interactive_session.md	3	3475	4600
d1:0002_the_interactive_session.md	4	4601	5787
d1:0002_the_interactive_session.md	5	5788	6989
d1:0002_the_interactive_session.md	6	6990	8163
d1:0002_the_interactive_session.md	7	8163	9314
d1:0002_the_interactive_session.md	8	9318	10546
d1:0002_the_interactive_session.md	9	10547	11702
d1:0002_the_interactive_session.md	10	11703	12431
d1:0002_the_interactive_session_evidence.md	0	2	1105
d1:0002_the_interactive_session_evidence.md	1	1105	2153
d1:0002_the_interactive_session_evidence.md	2	2153	3157
d1:0002_the_interactive_session_evidence.md	3	3157	4075
d1:0002_the_interactive_session_evidence.md	4	4075	5038
d1:0002_the_interactive_session_evidence.md	5	5039	6086
d1:0002_the_interactive_session_evidence.md	6	6087	6961
d1:0002_the_interactive_session_evidence.md	7	6962	7895
d1:0002_the_interactive_session_evidence.md	8	7895	8208
d1:0003_completion.md	0	2	1117
d1:0003_completion.md	1	1118	2178
d1:0003_completion.md	2	2178	3286
d1:0003_completion.md	3	3287	4384
d1:0003_completion.md	4	4384	5257
d1:0003_completion.md	5	5257	6130
d1:0003_completion.md	6	6130	7306
d1:0003_completion.md	7	7306	7816
d1:0003_completion_evidence.md	0	2	924
d1:0003_completion_evidence.md	1	924	1940
d1:0003_completion_evidence.md	2	1941	2830
d1:0003_completion_evidence.md	3	2830	3596
d1:0003_completion_evidence.md	4	3597	4555
d1:0003_completion_evidence.md	5	4555	5122
d1:0004_vars_and_help.md	0	2	1154
d1:0004_vars_and_help.md	1	1155	2233
d1:0004_vars_and_help.md	2	2233	3430
d1:0004_vars_and_help.md	3	3431	4636
d1:0004_vars_and_help.md	4	4637	5635
d1:0004_vars_and_help.md	5	5636	6785
d1:0004_vars_and_help.md	6	6786	7922
d1:0004_vars_and_help.md	7	7923	8953
d1:0004_vars_and_help_evidence.md	0	2	1046
d1:0004_vars_and_help_evidence.md	1	1046	2082
d1:0004_vars_and_help_evidence.md	2	2083	2963
d1:0004_vars_and_help_evidence.md	3	2964	3977
d1:0004_vars_and_help_evidence.md	4	3978	4967
d1:0004_vars_and_help_evidence.md	5	4968	5857
d1:0004_vars_and_help_evidence.md	6	5858	6335
d1:0005_the_allocation_ceiling.md	0	2	1099
d1:0005_the_allocation_ceiling.md	1	1099	2330
d1:0005_the_allocation_ceiling.md	2	2331	3482
d1:0005_the_allocation_ceiling.md	3	3482	4702
d1:0005_the_allocation_ceiling.md	4	4703	5929
d1:0005_the_allocation_ceiling.md	5	5930	7179
d1:0005_the_allocation_ceiling.md	6	7180	8373
d1:0005_the_allocation_ceiling.md	7	8373	9654
d1:0005_the_allocation_ceiling.md	8	9655	10761
d1:0005_the_allocation_ceiling.md	9	10762	11849
d1:0005_the_allocation_ceiling.md	10	11850	12620
d1:0005_the_allocation_ceiling_evidence.md	0	2	968
d1:0005_the_allocation_ceiling_evidence.md	1	968	2011
d1:0005_the_allocation_ceiling_evidence.md	2	2011	2999
d1:0005_the_allocation_ceiling_evidence.md	3	2999	3949
d1:0005_the_allocation_ceiling_evidence.md	4	3950	4978
d1:0005_the_allocation_ceiling_evidence.md	5	4979	6011
d1:0005_the_allocation_ceiling_evidence.md	6	6012	7035
d1:0005_the_allocation_ceiling_evidence.md	7	7036	8266
d1:0005_the_allocation_ceiling_evidence.md	8	8266	8528
d1:0006_upstream_issue.md	0	2	874
d1:0006_upstream_issue.md	1	874	1569
d1:0006_upstream_issue.md	2	1570	2446
d1:0006_upstream_issue.md	3	2447	3235
d1:0006_upstream_issue.md	4	3236	3920
d1:0006_upstream_issue.md	5	3921	4549
d1:0006_what_a_retained_value_pins.md	0	2	1086
d1:0006_what_a_retained_value_pins.md	1	1087	2201
d1:0006_what_a_retained_value_pins.md	2	2202	3301
d1:0006_what_a_retained_value_pins.md	3	3301	4510
d1:0006_what_a_retained_value_pins.md	4	4511	5699
d1:0006_what_a_retained_value_pins.md	5	5700	6880
d1:0006_what_a_retained_value_pins.md	6	6880	8054
d1:0006_what_a_retained_value_pins.md	7	8055	9297
d1:0006_what_a_retained_value_pins.md	8	9297	9955
d1:0006_what_a_retained_value_pins_evidence.md	0	2	1050
d1:0006_what_a_retained_value_pins_evidence.md	1	1050	2046
d1:0006_what_a_retained_value_pins_evidence.md	2	2047	3190
d1:0006_what_a_retained_value_pins_evidence.md	3	3190	4347
d1:0006_what_a_retained_value_pins_evidence.md	4	4348	5388
d1:0006_what_a_retained_value_pins_evidence.md	5	5389	6463
d1:0006_what_a_retained_value_pins_evidence.md	6	6464	7589
d1:0006_what_a_retained_value_pins_evidence.md	7	7589	7915
d1:0007_the_binding_prelude.md	0	2	1025
d1:0007_the_binding_prelude.md	1	1026	1961
d1:0007_the_binding_prelude.md	2	1961	3085
d1:0007_the_binding_prelude.md	3	3086	4310
d1:0007_the_binding_prelude.md	4	4311	5456
d1:0007_the_binding_prelude.md	5	5456	6545
d1:0007_the_binding_prelude.md	6	6546	7660
d1:0007_the_binding_prelude.md	7	7661	8794
d1:0007_the_binding_prelude.md	8	8795	9932
d1:0007_the_binding_prelude.md	9	9933	10607
d1:0007_the_binding_prelude_evidence.md	0	2	1034
d1:0007_the_binding_prelude_evidence.md	1	1034	2063
d1:0007_the_binding_prelude_evidence.md	2	2064	3154
d1:0007_the_binding_prelude_evidence.md	3	3155	4079
d1:0007_the_binding_prelude_evidence.md	4	4079	5040
d1:0007_the_binding_prelude_evidence.md	5	5041	6029
d1:0007_the_binding_prelude_evidence.md	6	6030	7209
d1:0007_the_binding_prelude_evidence.md	7	7209	7393
d1:0008_the_first_port.md	0	2	1060
d1:0008_the_first_port.md	1	1060	2178
d1:0008_the_first_port.md	2	2178	3176
d1:0008_the_first_port.md	3	3177	3990
d1:0008_the_first_port.md	4	3991	4989
d1:0008_the_first_port.md	5	4990	5996
d1:0008_the_first_port.md	6	5996	7084
d1:0008_the_first_port.md	7	7085	7892
d1:0009_diagnostics_for_the_file_runner.md	0	2	1109
d1:0009_diagnostics_for_the_file_runner.md	1	1109	2225
d1:0009_diagnostics_for_the_file_runner.md	2	2226	3332
d1:0009_diagnostics_for_the_file_runner.md	3	3333	4449
d1:0009_diagnostics_for_the_file_runner.md	4	4449	5512
d1:0009_diagnostics_for_the_file_runner.md	5	5513	6699
d1:0009_diagnostics_for_the_file_runner.md	6	6700	7790
d1:0009_diagnostics_for_the_file_runner.md	7	7791	8682
d1:0009_diagnostics_for_the_file_runner_evidence.md	0	2	1068
d1:0009_diagnostics_for_the_file_runner_evidence.md	1	1068	1912
d1:0009_diagnostics_for_the_file_runner_evidence.md	2	1913	2882
d1:0009_diagnostics_for_the_file_runner_evidence.md	3	2883	3772
d1:0009_diagnostics_for_the_file_runner_evidence.md	4	3772	4655
d1:0009_diagnostics_for_the_file_runner_evidence.md	5	4655	5740
d1:0009_diagnostics_for_the_file_runner_evidence.md	6	5741	5890
d1:0010_the_text_helpers.md	0	2	1018
d1:0010_the_text_helpers.md	1	1019	1832
d1:0010_the_text_helpers.md	2	1833	2786
d1:0010_the_text_helpers.md	3	2786	3889
d1:0010_the_text_helpers.md	4	3890	5058
d1:0010_the_text_helpers.md	5	5059	6152
d1:0010_the_text_helpers.md	6	6153	7232
d1:0010_the_text_helpers.md	7	7236	8336
d1:0010_the_text_helpers.md	8	8337	9139
d1:0010_the_text_helpers_evidence.md	0	2	896
d1:0010_the_text_helpers_evidence.md	1	897	1890
d1:0010_the_text_helpers_evidence.md	2	1891	2756
d1:0010_the_text_helpers_evidence.md	3	2757	3666
d1:0010_the_text_helpers_evidence.md	4	3666	4556
d1:0010_the_text_helpers_evidence.md	5	4557	5529
d1:0011_the_second_port.md	0	2	1141
d1:0011_the_second_port.md	1	1141	2300
d1:0011_the_second_port.md	2	2302	3591
d1:0011_the_second_port.md	3	3592	4794
d1:0011_the_second_port.md	4	4795	5903
d1:0011_the_second_port.md	5	5903	6786
d1:0011_the_second_port.md	6	6786	7787
d1:0011_the_second_port.md	7	7788	8887
d1:0011_the_second_port.md	8	8888	9871
d1:0011_the_second_port.md	9	9872	10431
d1:0012_standard_input.md	0	2	1104
d1:0012_standard_input.md	1	1104	2229
d1:0012_standard_input.md	2	2230	3295
d1:0012_standard_input.md	3	3296	4366
d1:0012_standard_input.md	4	4367	5465
d1:0012_standard_input.md	5	5466	6538
d1:0012_standard_input.md	6	6539	6887
d1:0012_standard_input_evidence.md	0	2	926
d1:0012_standard_input_evidence.md	1	927	1767
d1:0012_standard_input_evidence.md	2	1767	2609
d1:0012_standard_input_evidence.md	3	2610	3629
d1:0012_standard_input_evidence.md	4	3630	4522
d1:0012_standard_input_evidence.md	5	4523	5618
d1:0012_standard_input_evidence.md	6	5618	6691
d1:0012_standard_input_evidence.md	7	6692	7628
d1:0013_the_exit_status_and_standard_error.md	0	2	1126
d1:0013_the_exit_status_and_standard_error.md	1	1127	2177
d1:0013_the_exit_status_and_standard_error.md	2	2177	3187
d1:0013_the_exit_status_and_standard_error.md	3	3188	4300
d1:0013_the_exit_status_and_standard_error.md	4	4301	5359
d1:0013_the_exit_status_and_standard_error.md	5	5360	6387
d1:0013_the_exit_status_and_standard_error.md	6	6388	7516
d1:0013_the_exit_status_and_standard_error.md	7	7517	8376
d1:0013_the_exit_status_and_standard_error_evidence.md	0	2	791
d1:0013_the_exit_status_and_standard_error_evidence.md	1	792	1739
d1:0013_the_exit_status_and_standard_error_evidence.md	2	1739	2689
d1:0013_the_exit_status_and_standard_error_evidence.md	3	2689	3548
d1:0013_the_exit_status_and_standard_error_evidence.md	4	3549	4475
d1:0013_the_exit_status_and_standard_error_evidence.md	5	4476	5695
d1:0013_the_exit_status_and_standard_error_evidence.md	6	5696	6808
d1:0013_the_exit_status_and_standard_error_evidence.md	7	6809	7865
d1:0013_the_exit_status_and_standard_error_evidence.md	8	7865	8982
d1:0013_the_exit_status_and_standard_error_evidence.md	9	8983	9083
d1:0014_naming_the_missing_method.md	0	2	938
d1:0014_naming_the_missing_method.md	1	939	1908
d1:0014_naming_the_missing_method.md	2	1909	2958
d1:0014_naming_the_missing_method.md	3	2959	4115
d1:0014_naming_the_missing_method.md	4	4115	5058
d1:0014_naming_the_missing_method.md	5	5058	6098
d1:0014_naming_the_missing_method.md	6	6099	7160
d1:0014_naming_the_missing_method.md	7	7161	7183
d1:0014_naming_the_missing_method_evidence.md	0	2	765
d1:0014_naming_the_missing_method_evidence.md	1	766	1537
d1:0014_naming_the_missing_method_evidence.md	2	1537	2375
d1:0014_naming_the_missing_method_evidence.md	3	2376	3249
d1:0014_naming_the_missing_method_evidence.md	4	3250	4228
d1:0014_naming_the_missing_method_evidence.md	5	4229	5366
d1:0014_naming_the_missing_method_evidence.md	6	5367	6487
d1:0014_naming_the_missing_method_evidence.md	7	6487	7570
d1:0014_naming_the_missing_method_evidence.md	8	7571	7862
d1:0015_the_third_port.md	0	2	1079
d1:0015_the_third_port.md	1	1080	2296
d1:0015_the_third_port.md	2	2297	3381
d1:0015_the_third_port.md	3	3381	4498
d1:0015_the_third_port.md	4	4499	5358
d1:0015_the_third_port.md	5	5359	6244
d1:0015_the_third_port.md	6	6246	7304
d1:0015_the_third_port.md	7	7305	8240
d1:0015_the_third_port.md	8	8240	9188
d1:0016_a_childs_bytes.md	0	2	1041
d1:0016_a_childs_bytes.md	1	1042	2115
d1:0016_a_childs_bytes.md	2	2115	3266
d1:0016_a_childs_bytes.md	3	3267	4364
d1:0016_a_childs_bytes.md	4	4365	5504
d1:0016_a_childs_bytes.md	5	5505	6582
d1:0016_a_childs_bytes.md	6	6583	7091
d1:0016_a_childs_bytes_evidence.md	0	2	839
d1:0016_a_childs_bytes_evidence.md	1	840	1828
d1:0016_a_childs_bytes_evidence.md	2	1829	2785
d1:0016_a_childs_bytes_evidence.md	3	2786	3750
d1:0016_a_childs_bytes_evidence.md	4	3751	4894
d1:0016_a_childs_bytes_evidence.md	5	4895	6026
d1:0016_a_childs_bytes_evidence.md	6	6027	7117
d1:0016_a_childs_bytes_evidence.md	7	7117	7229
d1:0017_the_fourth_port.md	0	2	1046
d1:0017_the_fourth_port.md	1	1046	2136
d1:0017_the_fourth_port.md	2	2137	3311
d1:0017_the_fourth_port.md	3	3312	4311
d1:0017_the_fourth_port.md	4	4312	5383
d1:0017_the_fourth_port.md	5	5383	6400
d1:0017_the_fourth_port.md	6	6401	7476
d1:0017_the_fourth_port.md	7	7477	7755
d1:0018_a_failure_is_a_failure_from_either_entry_point.md	0	2	972
d1:0018_a_failure_is_a_failure_from_either_entry_point.md	1	973	1913
d1:0018_a_failure_is_a_failure_from_either_entry_point.md	2	1914	3025
d1:0018_a_failure_is_a_failure_from_either_entry_point.md	3	3026	3773
d1:0018_a_failure_is_a_failure_from_either_entry_point.md	4	3773	4826
d1:0018_a_failure_is_a_failure_from_either_entry_point.md	5	4826	5895
d1:0018_a_failure_is_a_failure_from_either_entry_point.md	6	5896	6850
d1:0018_a_failure_is_a_failure_from_either_entry_point.md	7	6851	7870
d1:0018_a_failure_is_a_failure_from_either_entry_point.md	8	7871	8961
d1:0018_a_failure_is_a_failure_from_either_entry_point.md	9	8962	9525
d1:0019_a_value_for_a_human_and_json_when_asked.md	0	2	1064
d1:0019_a_value_for_a_human_and_json_when_asked.md	1	1065	1806
d1:0019_a_value_for_a_human_and_json_when_asked.md	2	1807	2695
d1:0019_a_value_for_a_human_and_json_when_asked.md	3	2696	3625
d1:0019_a_value_for_a_human_and_json_when_asked.md	4	3626	4472
d1:0019_a_value_for_a_human_and_json_when_asked.md	5	4473	5408
d1:0019_a_value_for_a_human_and_json_when_asked.md	6	5409	6357
d1:0019_a_value_for_a_human_and_json_when_asked.md	7	6358	7390
d1:0019_a_value_for_a_human_and_json_when_asked.md	8	7391	8391
d1:0019_a_value_for_a_human_and_json_when_asked.md	9	8393	9479
d1:0019_a_value_for_a_human_and_json_when_asked.md	10	9480	10323
d1:0019_a_value_for_a_human_and_json_when_asked.md	11	10323	11261
d1:0019_a_value_for_a_human_and_json_when_asked.md	12	11261	12285
d1:0019_a_value_for_a_human_and_json_when_asked.md	13	12285	13256
d1:0019_a_value_for_a_human_and_json_when_asked.md	14	13257	14340
d1:0019_a_value_for_a_human_and_json_when_asked.md	15	14341	15521
d1:0019_a_value_for_a_human_and_json_when_asked.md	16	15522	16590
d1:0019_a_value_for_a_human_and_json_when_asked.md	17	16592	17648
d1:0019_a_value_for_a_human_and_json_when_asked.md	18	17649	18687
d1:0019_a_value_for_a_human_and_json_when_asked.md	19	18688	19769
d1:0019_a_value_for_a_human_and_json_when_asked.md	20	19770	20847
d1:0019_a_value_for_a_human_and_json_when_asked.md	21	20851	22023
d1:0019_a_value_for_a_human_and_json_when_asked.md	22	22024	23011
d1:0019_a_value_for_a_human_and_json_when_asked.md	23	23012	24131
d1:0019_a_value_for_a_human_and_json_when_asked.md	24	24132	25266
d1:0019_a_value_for_a_human_and_json_when_asked.md	25	25267	26346
d1:0019_a_value_for_a_human_and_json_when_asked.md	26	26346	27373
d1:0019_a_value_for_a_human_and_json_when_asked.md	27	27374	28481
d1:0019_a_value_for_a_human_and_json_when_asked.md	28	28482	28853
d1:0019_upstream_defect_recursive_drop.md	0	2	792
d1:0019_upstream_defect_recursive_drop.md	1	793	1786
d1:0019_upstream_defect_recursive_drop.md	2	1786	2744
d1:0019_upstream_defect_recursive_drop.md	3	2744	3432
d1:0019_upstream_defect_recursive_drop.md	4	3433	4198
d1:0019_upstream_defect_recursive_drop.md	5	4199	5012
d1:0019_upstream_enhancement_rtti_field_names.md	0	2	805
d1:0019_upstream_enhancement_rtti_field_names.md	1	806	1622
d1:0019_upstream_enhancement_rtti_field_names.md	2	1623	2293
d1:0019_upstream_enhancement_rtti_field_names.md	3	2293	2953
d1:0019_upstream_enhancement_rtti_field_names.md	4	2954	3804
d1:0019_upstream_enhancement_rtti_field_names.md	5	3805	4784
d1:0019_upstream_enhancement_rtti_field_names.md	6	4785	4812
d1:0020_waiting_for_a_child_without_sleeping_through_it.md	0	2	826
d1:0020_waiting_for_a_child_without_sleeping_through_it.md	1	826	1790
d1:0020_waiting_for_a_child_without_sleeping_through_it.md	2	1790	2805
d1:0020_waiting_for_a_child_without_sleeping_through_it.md	3	2806	3841
d1:0020_waiting_for_a_child_without_sleeping_through_it.md	4	3842	5009
d1:0020_waiting_for_a_child_without_sleeping_through_it.md	5	5010	5884
d1:0020_waiting_for_a_child_without_sleeping_through_it.md	6	5885	6859
d1:0020_waiting_for_a_child_without_sleeping_through_it.md	7	6860	7931
d1:0020_waiting_for_a_child_without_sleeping_through_it.md	8	7932	8951
d1:0020_waiting_for_a_child_without_sleeping_through_it.md	9	8951	9899
d1:0020_waiting_for_a_child_without_sleeping_through_it.md	10	9900	11062
d1:0020_waiting_for_a_child_without_sleeping_through_it.md	11	11063	12158
d1:0020_waiting_for_a_child_without_sleeping_through_it.md	12	12159	12762
d1:0021_a_budget_the_operator_chooses.md	0	2	997
d1:0021_a_budget_the_operator_chooses.md	1	997	2071
d1:0021_a_budget_the_operator_chooses.md	2	2072	3073
d1:0021_a_budget_the_operator_chooses.md	3	3074	4089
d1:0021_a_budget_the_operator_chooses.md	4	4089	5185
d1:0021_a_budget_the_operator_chooses.md	5	5186	6271
d1:0021_a_budget_the_operator_chooses.md	6	6272	7262
d1:0021_a_budget_the_operator_chooses.md	7	7262	8291
d1:0021_a_budget_the_operator_chooses.md	8	8292	9389
d1:0021_a_budget_the_operator_chooses.md	9	9390	9878
d1:0022_a_child_that_is_told_what_to_do.md	0	2	915
d1:0022_a_child_that_is_told_what_to_do.md	1	915	1806
d1:0022_a_child_that_is_told_what_to_do.md	2	1806	2849
d1:0022_a_child_that_is_told_what_to_do.md	3	2850	3993
d1:0022_a_child_that_is_told_what_to_do.md	4	3994	5182
d1:0022_a_child_that_is_told_what_to_do.md	5	5182	6362
d1:0022_a_child_that_is_told_what_to_do.md	6	6363	7477
d1:0022_a_child_that_is_told_what_to_do.md	7	7478	8551
d1:0022_a_child_that_is_told_what_to_do.md	8	8552	9632
d1:0022_a_child_that_is_told_what_to_do.md	9	9633	10713
d1:0022_a_child_that_is_told_what_to_do.md	10	10713	11781
d1:0022_a_child_that_is_told_what_to_do.md	11	11782	12939
d1:0022_a_child_that_is_told_what_to_do.md	12	12940	14110
d1:0022_a_child_that_is_told_what_to_do.md	13	14111	15289
d1:0022_a_child_that_is_told_what_to_do.md	14	15290	16450
d1:0022_a_child_that_is_told_what_to_do.md	15	16451	17602
d1:0022_a_child_that_is_told_what_to_do.md	16	17603	18719
d1:0022_a_child_that_is_told_what_to_do.md	17	18720	19839
d1:0022_a_child_that_is_told_what_to_do.md	18	19840	20968
d1:0022_a_child_that_is_told_what_to_do.md	19	20969	21696
d1:0023_a_capture_that_ends_when_the_call_does.md	0	2	1005
d1:0023_a_capture_that_ends_when_the_call_does.md	1	1006	2087
d1:0023_a_capture_that_ends_when_the_call_does.md	2	2088	3203
d1:0023_a_capture_that_ends_when_the_call_does.md	3	3204	4305
d1:0023_a_capture_that_ends_when_the_call_does.md	4	4306	5494
d1:0023_a_capture_that_ends_when_the_call_does.md	5	5495	6565
d1:0023_a_capture_that_ends_when_the_call_does.md	6	6566	7737
d1:0023_a_capture_that_ends_when_the_call_does.md	7	7738	8662
d1:0023_a_capture_that_ends_when_the_call_does.md	8	8662	9674
d1:0023_a_capture_that_ends_when_the_call_does.md	9	9675	10650
d1:0023_a_capture_that_ends_when_the_call_does.md	10	10651	11782
d1:0023_a_capture_that_ends_when_the_call_does.md	11	11782	12930
d1:0023_a_capture_that_ends_when_the_call_does.md	12	12935	14021
d1:0023_a_capture_that_ends_when_the_call_does.md	13	14022	15133
d1:0023_a_capture_that_ends_when_the_call_does.md	14	15134	16283
d1:0023_a_capture_that_ends_when_the_call_does.md	15	16288	17350
d1:0023_a_capture_that_ends_when_the_call_does.md	16	17350	18089
d1:0024_the_default_command_is_a_session.md	0	2	928
d1:0024_the_default_command_is_a_session.md	1	929	1901
d1:0024_the_default_command_is_a_session.md	2	1902	2897
d1:0024_the_default_command_is_a_session.md	3	2897	3800
d1:0024_the_default_command_is_a_session.md	4	3800	4677
d1:0025_the_same_contracts_on_windows.md	0	2	1155
d1:0025_the_same_contracts_on_windows.md	1	1156	1899
d1:0025_the_same_contracts_on_windows.md	2	1900	2857
d1:0025_the_same_contracts_on_windows.md	3	2858	3872
d1:0025_the_same_contracts_on_windows.md	4	3872	4930
d1:0025_the_same_contracts_on_windows.md	5	4930	5922
d1:0025_the_same_contracts_on_windows.md	6	5923	7082
d1:0025_the_same_contracts_on_windows.md	7	7083	8159
d1:0025_the_same_contracts_on_windows.md	8	8160	9278
d1:0025_the_same_contracts_on_windows.md	9	9279	10431
d1:0025_the_same_contracts_on_windows.md	10	10431	11556
d1:0025_the_same_contracts_on_windows.md	11	11557	12749
d1:0025_the_same_contracts_on_windows.md	12	12750	13799
d1:0025_the_same_contracts_on_windows.md	13	13800	14965
d1:0025_the_same_contracts_on_windows.md	14	14966	16076
d1:0025_the_same_contracts_on_windows.md	15	16076	17087
d1:0025_the_same_contracts_on_windows.md	16	17087	18256
d1:0025_the_same_contracts_on_windows.md	17	18256	19173
d1:0025_the_same_contracts_on_windows.md	18	19173	20140
d1:0025_the_same_contracts_on_windows.md	19	20140	21031
d1:0025_the_same_contracts_on_windows.md	20	21032	22027
d1:0025_the_same_contracts_on_windows.md	21	22028	22947
d1:0025_the_same_contracts_on_windows.md	22	22948	23963
d1:0025_the_same_contracts_on_windows.md	23	23963	24907
d1:0025_the_same_contracts_on_windows.md	24	24907	25866
d1:0025_the_same_contracts_on_windows.md	25	25866	26859
d1:0025_the_same_contracts_on_windows.md	26	26859	28001
d1:0025_the_same_contracts_on_windows.md	27	28002	29254
d1:0025_the_same_contracts_on_windows.md	28	29255	30408
d1:0025_the_same_contracts_on_windows.md	29	30409	31337
d1:0025_the_same_contracts_on_windows.md	30	31337	32345
d1:0025_the_same_contracts_on_windows.md	31	32346	33246
d1:0025_the_same_contracts_on_windows.md	32	33247	34292
d1:0025_the_same_contracts_on_windows.md	33	34293	35436
d1:0025_the_same_contracts_on_windows.md	34	35437	36526
d1:0025_the_same_contracts_on_windows.md	35	36527	37464
d1:0025_the_same_contracts_on_windows.md	36	37465	38744
d1:0025_the_same_contracts_on_windows.md	37	38745	39849
d1:0025_the_same_contracts_on_windows.md	38	39850	40965
d1:0025_the_same_contracts_on_windows.md	39	40965	42045
d1:0025_the_same_contracts_on_windows.md	40	42046	43167
d1:0025_the_same_contracts_on_windows.md	41	43168	44338
d1:0025_the_same_contracts_on_windows.md	42	44338	45484
d1:0025_the_same_contracts_on_windows.md	43	45485	46538
d1:0025_the_same_contracts_on_windows.md	44	46539	47604
d1:0025_the_same_contracts_on_windows.md	45	47605	48758
d1:0025_the_same_contracts_on_windows.md	46	48759	49846
d1:0025_the_same_contracts_on_windows.md	47	49846	49967
d1:0025_the_same_contracts_on_windows_evidence.md	0	2	996
d1:0025_the_same_contracts_on_windows_evidence.md	1	997	2039
d1:0025_the_same_contracts_on_windows_evidence.md	2	2040	3105
d1:0025_the_same_contracts_on_windows_evidence.md	3	3106	4201
d1:0025_the_same_contracts_on_windows_evidence.md	4	4202	5240
d1:0025_the_same_contracts_on_windows_evidence.md	5	5241	6147
d1:0025_the_same_contracts_on_windows_evidence.md	6	6147	7050
d1:0025_the_same_contracts_on_windows_evidence.md	7	7051	8013
d1:0025_the_same_contracts_on_windows_evidence.md	8	8014	8978
d1:0025_the_same_contracts_on_windows_evidence.md	9	8979	9918
d1:0025_the_same_contracts_on_windows_evidence.md	10	9919	10846
d1:0025_the_same_contracts_on_windows_evidence.md	11	10847	11783
d1:0025_the_same_contracts_on_windows_evidence.md	12	11784	12806
d1:0025_the_same_contracts_on_windows_evidence.md	13	12807	13642
d1:0025_the_same_contracts_on_windows_evidence.md	14	13643	14557
d1:0025_the_same_contracts_on_windows_evidence.md	15	14558	15560
d1:0025_the_same_contracts_on_windows_evidence.md	16	15563	16415
d1:0025_the_same_contracts_on_windows_evidence.md	17	16416	17409
d1:0025_the_same_contracts_on_windows_evidence.md	18	17410	18368
d1:0025_the_same_contracts_on_windows_evidence.md	19	18368	19332
d1:0025_the_same_contracts_on_windows_evidence.md	20	19333	20221
d1:0025_the_same_contracts_on_windows_evidence.md	21	20222	21207
d1:0025_the_same_contracts_on_windows_evidence.md	22	21208	22151
d1:0025_the_same_contracts_on_windows_evidence.md	23	22152	22924
d1:0025_the_same_contracts_on_windows_evidence.md	24	22925	23912
d1:0025_the_same_contracts_on_windows_evidence.md	25	23913	25113
d1:0025_the_same_contracts_on_windows_evidence.md	26	25113	26158
d1:0025_the_same_contracts_on_windows_evidence.md	27	26159	27079
d1:0025_the_same_contracts_on_windows_evidence.md	28	27080	28047
d1:0025_the_same_contracts_on_windows_evidence.md	29	28048	29094
d1:0025_the_same_contracts_on_windows_evidence.md	30	29095	30114
d1:0025_the_same_contracts_on_windows_evidence.md	31	30114	31122
d1:0025_the_same_contracts_on_windows_evidence.md	32	31122	32154
d1:0025_the_same_contracts_on_windows_evidence.md	33	32155	33274
d1:0025_the_same_contracts_on_windows_evidence.md	34	33275	34402
d1:0025_the_same_contracts_on_windows_evidence.md	35	34403	35241
d1:0025_the_same_contracts_on_windows_evidence.md	36	35242	36342
d1:0025_the_same_contracts_on_windows_evidence.md	37	36343	37402
d1:0025_the_same_contracts_on_windows_evidence.md	38	37403	38310
d1:0025_the_same_contracts_on_windows_evidence.md	39	38310	39370
d1:0025_the_same_contracts_on_windows_evidence.md	40	39371	40548
d1:0025_the_same_contracts_on_windows_evidence.md	41	40548	41466
d1:0025_the_same_contracts_on_windows_evidence.md	42	41466	42295
d1:0025_the_same_contracts_on_windows_evidence.md	43	42296	43335
d1:0025_the_same_contracts_on_windows_evidence.md	44	43335	44417
d1:0025_the_same_contracts_on_windows_evidence.md	45	44418	45256
d1:0025_the_same_contracts_on_windows_evidence.md	46	45257	46381
d1:0025_the_same_contracts_on_windows_evidence.md	47	46381	47534
d1:0025_the_same_contracts_on_windows_evidence.md	48	47535	48465
d1:0025_the_same_contracts_on_windows_evidence.md	49	48466	49424
d1:0025_the_same_contracts_on_windows_evidence.md	50	49425	50477
d1:0025_the_same_contracts_on_windows_evidence.md	51	50478	51408
d1:0025_the_same_contracts_on_windows_evidence.md	52	51409	52481
d1:0025_the_same_contracts_on_windows_evidence.md	53	52482	53517
d1:0025_the_same_contracts_on_windows_evidence.md	54	53518	54587
d1:0025_the_same_contracts_on_windows_evidence.md	55	54588	55586
d1:0025_the_same_contracts_on_windows_evidence.md	56	55587	56615
d1:0025_the_same_contracts_on_windows_evidence.md	57	56616	57581
d1:0025_the_same_contracts_on_windows_evidence.md	58	57582	58701
d1:0025_the_same_contracts_on_windows_evidence.md	59	58702	59712
d1:0025_the_same_contracts_on_windows_evidence.md	60	59713	60715
d1:0025_the_same_contracts_on_windows_evidence.md	61	60716	61492
d1:0025_the_same_contracts_on_windows_evidence.md	62	61492	62204
d1:0025_the_same_contracts_on_windows_evidence.md	63	62204	62986
d1:0025_the_same_contracts_on_windows_evidence.md	64	62987	63762
d1:0025_the_same_contracts_on_windows_evidence.md	65	63762	64672
d1:0025_the_same_contracts_on_windows_evidence.md	66	64672	65222
d1:0025_the_same_contracts_on_windows_evidence.md	67	65223	66112
d1:0025_the_same_contracts_on_windows_evidence.md	68	66112	66971
d1:0025_the_same_contracts_on_windows_evidence.md	69	66972	67642
d1:0025_the_same_contracts_on_windows_evidence.md	70	67643	68264
d1:0025_the_same_contracts_on_windows_evidence.md	71	68264	69082
d1:0025_the_same_contracts_on_windows_evidence.md	72	69083	70086
d1:0025_the_same_contracts_on_windows_evidence.md	73	70088	71086
d1:0025_the_same_contracts_on_windows_evidence.md	74	71086	71903
d1:0025_the_same_contracts_on_windows_evidence.md	75	71903	72739
d1:0025_the_same_contracts_on_windows_evidence.md	76	72740	73741
d1:0025_the_same_contracts_on_windows_evidence.md	77	73741	74598
d1:0025_the_same_contracts_on_windows_evidence.md	78	74599	75339
d1:0025_the_same_contracts_on_windows_evidence.md	79	75340	76448
d1:0025_the_same_contracts_on_windows_evidence.md	80	76449	77190
d1:0025_the_same_contracts_on_windows_evidence.md	81	77191	78091
d1:0025_the_same_contracts_on_windows_evidence.md	82	78091	79008
d1:0025_the_same_contracts_on_windows_evidence.md	83	79009	80052
d1:0025_the_same_contracts_on_windows_evidence.md	84	80053	81093
d1:0025_the_same_contracts_on_windows_evidence.md	85	81094	82151
d1:0025_the_same_contracts_on_windows_evidence.md	86	82151	83072
d1:0025_the_same_contracts_on_windows_evidence.md	87	83073	84085
d1:0025_the_same_contracts_on_windows_evidence.md	88	84085	85152
d1:0025_the_same_contracts_on_windows_evidence.md	89	85153	86268
d1:0025_the_same_contracts_on_windows_evidence.md	90	86268	87332
d1:0025_the_same_contracts_on_windows_evidence.md	91	87332	88403
d1:0025_the_same_contracts_on_windows_evidence.md	92	88404	89471
d1:0025_the_same_contracts_on_windows_evidence.md	93	89472	90387
d1:0025_the_same_contracts_on_windows_evidence.md	94	90387	91329
d1:0025_the_same_contracts_on_windows_evidence.md	95	91329	92406
d1:0025_the_same_contracts_on_windows_evidence.md	96	92407	93498
d1:0025_the_same_contracts_on_windows_evidence.md	97	93498	94534
d1:0025_the_same_contracts_on_windows_evidence.md	98	94535	95638
d1:0025_the_same_contracts_on_windows_evidence.md	99	95639	96540
d1:0025_the_same_contracts_on_windows_evidence.md	100	96541	97594
d1:0025_the_same_contracts_on_windows_evidence.md	101	97594	98512
d1:0025_the_same_contracts_on_windows_evidence.md	102	98513	99678
d1:0025_the_same_contracts_on_windows_evidence.md	103	99679	100580
d1:0025_the_same_contracts_on_windows_evidence.md	104	100581	101647
d1:0025_the_same_contracts_on_windows_evidence.md	105	101648	102704
d1:0025_the_same_contracts_on_windows_evidence.md	106	102705	102775
d1:0026_the_manifest_a_release_needs.md	0	2	1027
d1:0026_the_manifest_a_release_needs.md	1	1028	2083
d1:0026_the_manifest_a_release_needs.md	2	2083	3061
d1:0026_the_manifest_a_release_needs.md	3	3062	4047
d1:0026_the_manifest_a_release_needs.md	4	4047	5163
d1:0026_the_manifest_a_release_needs.md	5	5164	6297
d1:0026_the_manifest_a_release_needs.md	6	6298	7406
d1:0026_the_manifest_a_release_needs.md	7	7407	8279
d1:0026_the_manifest_a_release_needs.md	8	8279	9410
d1:0026_the_manifest_a_release_needs.md	9	9414	10370
d1:0026_the_manifest_a_release_needs.md	10	10371	11430
d1:0026_the_manifest_a_release_needs.md	11	11430	12593
d1:0026_the_manifest_a_release_needs.md	12	12594	12974
d1:0027_the_latest_released_rune.md	0	2	1069
d1:0027_the_latest_released_rune.md	1	1070	2158
d1:0027_the_latest_released_rune.md	2	2159	2968
d1:0027_the_latest_released_rune_evidence.md	0	2	910
d1:0027_the_latest_released_rune_evidence.md	1	911	1775
d1:0027_the_latest_released_rune_evidence.md	2	1776	2496
d1:0027_the_latest_released_rune_evidence.md	3	2496	3474
d1:0027_the_latest_released_rune_evidence.md	4	3474	4377
d1:0027_the_latest_released_rune_evidence.md	5	4377	5386
d1:0027_the_latest_released_rune_evidence.md	6	5386	5883
d1:0028_where_rnx_came_from.md	0	2	1192
d1:0028_where_rnx_came_from.md	1	1192	2216
d1:0028_where_rnx_came_from.md	2	2217	3099
d1:0028_where_rnx_came_from.md	3	3099	4124
d1:0028_where_rnx_came_from.md	4	4125	5106
d1:0028_where_rnx_came_from.md	5	5106	6156
d1:0028_where_rnx_came_from.md	6	6157	7175
d1:0028_where_rnx_came_from.md	7	7176	8325
d1:0028_where_rnx_came_from.md	8	8327	9339
d1:0028_where_rnx_came_from.md	9	9340	10403
d1:0028_where_rnx_came_from.md	10	10404	11519
d1:0028_where_rnx_came_from.md	11	11519	12669
d1:0028_where_rnx_came_from.md	12	12670	12987
d1:0028_where_rnx_came_from_evidence.md	0	2	929
d1:0028_where_rnx_came_from_evidence.md	1	930	1847
d1:0028_where_rnx_came_from_evidence.md	2	1847	2318
d1:0028_where_rnx_came_from_evidence.md	3	2319	3093
d1:0028_where_rnx_came_from_evidence.md	4	3093	3875
d1:0028_where_rnx_came_from_evidence.md	5	3875	4633
d1:0028_where_rnx_came_from_evidence.md	6	4634	5368
d1:0028_where_rnx_came_from_evidence.md	7	5370	6118
d1:0028_where_rnx_came_from_evidence.md	8	6118	7211
d1:0028_where_rnx_came_from_evidence.md	9	7212	8278
d1:0029_the_notices_a_binary_must_carry.md	0	2	1155
d1:0029_the_notices_a_binary_must_carry.md	1	1155	2107
d1:0029_the_notices_a_binary_must_carry.md	2	2108	3251
d1:0029_the_notices_a_binary_must_carry.md	3	3252	4386
d1:0029_the_notices_a_binary_must_carry.md	4	4386	5448
d1:0029_the_notices_a_binary_must_carry.md	5	5448	6582
d1:0029_the_notices_a_binary_must_carry.md	6	6583	7740
d1:0029_the_notices_a_binary_must_carry.md	7	7741	8840
d1:0029_the_notices_a_binary_must_carry.md	8	8841	9966
d1:0029_the_notices_a_binary_must_carry.md	9	9967	11160
d1:0029_the_notices_a_binary_must_carry.md	10	11161	12222
d1:0029_the_notices_a_binary_must_carry.md	11	12223	13298
d1:0029_the_notices_a_binary_must_carry.md	12	13299	14456
d1:0029_the_notices_a_binary_must_carry.md	13	14457	15537
d1:0029_the_notices_a_binary_must_carry.md	14	15538	16790
d1:0029_the_notices_a_binary_must_carry.md	15	16791	17937
d1:0029_the_notices_a_binary_must_carry.md	16	17938	18475
d1:0030_answering_before_building_the_context.md	0	2	843
d1:0030_answering_before_building_the_context.md	1	844	1728
d1:0030_answering_before_building_the_context.md	2	1729	2730
d1:0030_answering_before_building_the_context.md	3	2730	3802
d1:0030_answering_before_building_the_context.md	4	3803	4773
d1:0030_answering_before_building_the_context.md	5	4774	5231
d1:0030_answering_before_building_the_context_evidence.md	0	2	829
d1:0030_answering_before_building_the_context_evidence.md	1	829	1410
d1:0030_answering_before_building_the_context_evidence.md	2	1410	2153
d1:0030_answering_before_building_the_context_evidence.md	3	2153	3101
d1:0030_answering_before_building_the_context_evidence.md	4	3102	3368
d1:0030_upstream_enhancement_registration_cost.md	0	2	925
d1:0030_upstream_enhancement_registration_cost.md	1	926	1798
d1:0030_upstream_enhancement_registration_cost.md	2	1800	2679
d1:0030_upstream_enhancement_registration_cost.md	3	2680	3622
d1:0030_upstream_enhancement_registration_cost.md	4	3623	4572
d1:0031_the_batteries_rnx_ships.md	0	2	1129
d1:0031_the_batteries_rnx_ships.md	1	1129	2107
d1:0031_the_batteries_rnx_ships.md	2	2108	3030
d1:0031_the_batteries_rnx_ships.md	3	3030	4424
d1:0031_the_batteries_rnx_ships.md	4	4425	5438
d1:0031_the_batteries_rnx_ships.md	5	5439	6508
d1:0031_the_batteries_rnx_ships.md	6	6508	7662
d1:0031_the_batteries_rnx_ships.md	7	7663	8964
d1:0031_the_batteries_rnx_ships.md	8	8965	10223
d1:0031_the_batteries_rnx_ships.md	9	10224	11432
d1:0031_the_batteries_rnx_ships.md	10	11432	12660
d1:0031_the_batteries_rnx_ships.md	11	12664	13873
d1:0031_the_batteries_rnx_ships.md	12	13874	13961
d1:0031_the_batteries_rnx_ships_evidence.md	0	2	887
d1:0031_the_batteries_rnx_ships_evidence.md	1	887	1858
d1:0031_the_batteries_rnx_ships_evidence.md	2	1859	2971
d1:0031_the_batteries_rnx_ships_evidence.md	3	2971	3896
d1:0031_the_batteries_rnx_ships_evidence.md	4	3896	4633
d1:0031_the_batteries_rnx_ships_evidence.md	5	4634	5508
d1:0031_the_batteries_rnx_ships_evidence.md	6	5508	6672
d1:0031_the_batteries_rnx_ships_evidence.md	7	6673	7581
d1:0031_the_batteries_rnx_ships_evidence.md	8	7582	8470
d1:0031_the_batteries_rnx_ships_evidence.md	9	8470	9438
d1:0031_the_batteries_rnx_ships_evidence.md	10	9439	10185
d1:0032_one_way_to_run_a_script.md	0	2	1076
d1:0032_one_way_to_run_a_script.md	1	1077	2065
d1:0032_one_way_to_run_a_script.md	2	2065	3103
d1:0032_one_way_to_run_a_script.md	3	3104	4201
d1:0032_one_way_to_run_a_script.md	4	4202	5273
d1:0032_one_way_to_run_a_script.md	5	5274	6369
d1:0032_one_way_to_run_a_script.md	6	6370	7471
d1:0032_one_way_to_run_a_script.md	7	7472	8635
d1:0032_one_way_to_run_a_script.md	8	8636	9711
d1:0032_one_way_to_run_a_script.md	9	9712	10672
d1:0032_one_way_to_run_a_script.md	10	10673	11731
d1:0032_one_way_to_run_a_script.md	11	11732	12882
d1:0032_one_way_to_run_a_script.md	12	12883	13880
d1:0032_one_way_to_run_a_script.md	13	13881	14922
d1:0032_one_way_to_run_a_script.md	14	14922	15964
d1:0032_one_way_to_run_a_script.md	15	15965	16976
d1:0032_one_way_to_run_a_script.md	16	16976	17980
d1:0032_one_way_to_run_a_script.md	17	17981	18542
d1:0032_one_way_to_run_a_script_evidence.md	0	2	827
d1:0032_one_way_to_run_a_script_evidence.md	1	828	1719
d1:0032_one_way_to_run_a_script_evidence.md	2	1720	2693
d1:0032_one_way_to_run_a_script_evidence.md	3	2694	3655
d1:0032_one_way_to_run_a_script_evidence.md	4	3655	4682
d1:0032_one_way_to_run_a_script_evidence.md	5	4683	5371
d1:0032_one_way_to_run_a_script_evidence.md	6	5372	6456
d1:0032_one_way_to_run_a_script_evidence.md	7	6457	7359
d1:0032_one_way_to_run_a_script_evidence.md	8	7359	8374
d1:0032_one_way_to_run_a_script_evidence.md	9	8374	9366
d1:0032_one_way_to_run_a_script_evidence.md	10	9367	10170
d1:0032_one_way_to_run_a_script_evidence.md	11	10171	10746
d1:0032_one_way_to_run_a_script_evidence.md	12	10746	11668
d1:0032_one_way_to_run_a_script_evidence.md	13	11668	12244
d1:0032_upstream_defect_nested_budget_halt.md	0	2	903
d1:0032_upstream_defect_nested_budget_halt.md	1	904	1754
d1:0032_upstream_defect_nested_budget_halt.md	2	1754	2626
d1:0032_upstream_defect_nested_budget_halt.md	3	2627	3074
d1:0032_upstream_enhancement_halt_visibility.md	0	2	867
d1:0032_upstream_enhancement_halt_visibility.md	1	868	1836
d1:0032_upstream_enhancement_halt_visibility.md	2	1837	2813
d1:0032_upstream_enhancement_halt_visibility.md	3	2814	2968
d1:0032_upstream_enhancement_interrupt_hook.md	0	2	916
d1:0032_upstream_enhancement_interrupt_hook.md	1	917	1977
d1:0032_upstream_enhancement_interrupt_hook.md	2	1978	3108
d1:0033_the_contract_json_parse_never_had.md	0	2	856
d1:0033_the_contract_json_parse_never_had.md	1	858	1365
d1:0033_the_contract_json_parse_never_had.md	2	1365	2005
d1:0033_the_contract_json_parse_never_had.md	3	2006	2727
d1:0033_the_contract_json_parse_never_had.md	4	2728	3654
d1:0033_the_contract_json_parse_never_had.md	5	3655	4534
d1:0033_the_contract_json_parse_never_had.md	6	4535	5589
d1:0033_the_contract_json_parse_never_had.md	7	5589	6637
d1:0033_the_contract_json_parse_never_had.md	8	6638	7611
d1:0033_the_contract_json_parse_never_had.md	9	7612	8496
d1:0033_the_contract_json_parse_never_had.md	10	8497	9484
d1:0033_the_contract_json_parse_never_had.md	11	9486	10481
d1:0033_the_contract_json_parse_never_had.md	12	10482	10495
d1:0033_the_contract_json_parse_never_had_evidence.md	0	2	887
d1:0033_the_contract_json_parse_never_had_evidence.md	1	888	1983
d1:0033_the_contract_json_parse_never_had_evidence.md	2	1984	2878
d1:0033_the_contract_json_parse_never_had_evidence.md	3	2878	3583
d1:0033_the_contract_json_parse_never_had_evidence.md	4	3583	4434
d1:0033_the_contract_json_parse_never_had_evidence.md	5	4435	4769
d1:0033_upstream_defect_unsigned_deserialize.md	0	2	802
d1:0033_upstream_defect_unsigned_deserialize.md	1	802	1345
d1:0033_upstream_defect_unsigned_deserialize.md	2	1345	2075
d1:0033_upstream_defect_unsigned_deserialize.md	3	2075	2241
d1:0034_a_bounded_request_with_no_second_json.md	0	2	1193
d1:0034_a_bounded_request_with_no_second_json.md	1	1194	2163
d1:0034_a_bounded_request_with_no_second_json.md	2	2163	3021
d1:0034_a_bounded_request_with_no_second_json.md	3	3022	3968
d1:0034_a_bounded_request_with_no_second_json.md	4	3969	4733
d1:0034_a_bounded_request_with_no_second_json.md	5	4733	5622
d1:0034_a_bounded_request_with_no_second_json.md	6	5623	6557
d1:0034_a_bounded_request_with_no_second_json.md	7	6557	7549
d1:0034_a_bounded_request_with_no_second_json.md	8	7550	8613
d1:0034_a_bounded_request_with_no_second_json.md	9	8614	9665
d1:0034_a_bounded_request_with_no_second_json.md	10	9666	10690
d1:0034_a_bounded_request_with_no_second_json.md	11	10690	11821
d1:0034_a_bounded_request_with_no_second_json.md	12	11822	12929
d1:0034_a_bounded_request_with_no_second_json.md	13	12930	13915
d1:0034_a_bounded_request_with_no_second_json.md	14	13916	14956
d1:0034_a_bounded_request_with_no_second_json.md	15	14957	16027
d1:0034_a_bounded_request_with_no_second_json.md	16	16027	16935
d1:0034_a_bounded_request_with_no_second_json.md	17	16935	17824
d1:0034_a_bounded_request_with_no_second_json.md	18	17825	18819
d1:0034_a_bounded_request_with_no_second_json.md	19	18820	19802
d1:0034_a_bounded_request_with_no_second_json.md	20	19803	20827
d1:0034_a_bounded_request_with_no_second_json.md	21	20827	21649
d1:0034_a_bounded_request_with_no_second_json.md	22	21649	22734
d1:0034_a_bounded_request_with_no_second_json.md	23	22735	23876
d1:0034_a_bounded_request_with_no_second_json.md	24	23877	24960
d1:0034_a_bounded_request_with_no_second_json.md	25	24961	26019
d1:0034_a_bounded_request_with_no_second_json.md	26	26019	27155
d1:0034_a_bounded_request_with_no_second_json.md	27	27156	28230
d1:0034_a_bounded_request_with_no_second_json.md	28	28231	29325
d1:0034_a_bounded_request_with_no_second_json.md	29	29325	30437
d1:0034_a_bounded_request_with_no_second_json.md	30	30438	31416
d1:0034_a_bounded_request_with_no_second_json.md	31	31417	31622
d1:0034_a_bounded_request_with_no_second_json_evidence.md	0	2	850
d1:0034_a_bounded_request_with_no_second_json_evidence.md	1	851	1856
d1:0034_a_bounded_request_with_no_second_json_evidence.md	2	1857	2919
d1:0034_a_bounded_request_with_no_second_json_evidence.md	3	2920	3981
d1:0034_a_bounded_request_with_no_second_json_evidence.md	4	3984	5116
d1:0034_a_bounded_request_with_no_second_json_evidence.md	5	5117	6320
d1:0034_a_bounded_request_with_no_second_json_evidence.md	6	6321	7040
d1:0034_a_bounded_request_with_no_second_json_evidence.md	7	7040	7739
d1:0034_a_bounded_request_with_no_second_json_evidence.md	8	7739	8833
d1:0034_a_bounded_request_with_no_second_json_evidence.md	9	8833	9502
d1:0035_a_file_is_a_value_and_every_refusal_names_its_path.md	0	2	975
d1:0035_a_file_is_a_value_and_every_refusal_names_its_path.md	1	976	1975
d1:0035_a_file_is_a_value_and_every_refusal_names_its_path.md	2	1975	2957
d1:0035_a_file_is_a_value_and_every_refusal_names_its_path.md	3	2958	3730
d1:0035_a_file_is_a_value_and_every_refusal_names_its_path.md	4	3730	4649
d1:0035_a_file_is_a_value_and_every_refusal_names_its_path.md	5	4649	5371
d1:0035_a_file_is_a_value_and_every_refusal_names_its_path.md	6	5371	6194
d1:0035_a_file_is_a_value_and_every_refusal_names_its_path.md	7	6194	7121
d1:0035_a_file_is_a_value_and_every_refusal_names_its_path.md	8	7122	8268
d1:0035_a_file_is_a_value_and_every_refusal_names_its_path.md	9	8269	9157
d1:0035_a_file_is_a_value_and_every_refusal_names_its_path.md	10	9158	10203
d1:0035_a_file_is_a_value_and_every_refusal_names_its_path.md	11	10204	11320
d1:0035_a_file_is_a_value_and_every_refusal_names_its_path.md	12	11321	12431
d1:0035_a_file_is_a_value_and_every_refusal_names_its_path.md	13	12432	13396
d1:0035_a_file_is_a_value_and_every_refusal_names_its_path.md	14	13397	14468
d1:0035_a_file_is_a_value_and_every_refusal_names_its_path.md	15	14469	15485
d1:0035_a_file_is_a_value_and_every_refusal_names_its_path.md	16	15486	16467
d1:0035_a_file_is_a_value_and_every_refusal_names_its_path.md	17	16467	17463
d1:0035_a_file_is_a_value_and_every_refusal_names_its_path.md	18	17463	18598
d1:0035_a_file_is_a_value_and_every_refusal_names_its_path.md	19	18599	19662
d1:0035_a_file_is_a_value_and_every_refusal_names_its_path.md	20	19663	20681
d1:0035_a_file_is_a_value_and_every_refusal_names_its_path.md	21	20682	21749
d1:0035_a_file_is_a_value_and_every_refusal_names_its_path.md	22	21749	22519
d1:0035_a_file_is_a_value_and_every_refusal_names_its_path_evidence.md	0	2	1035
d1:0035_a_file_is_a_value_and_every_refusal_names_its_path_evidence.md	1	1036	2184
d1:0035_a_file_is_a_value_and_every_refusal_names_its_path_evidence.md	2	2185	3331
d1:0035_a_file_is_a_value_and_every_refusal_names_its_path_evidence.md	3	3332	4340
d1:0035_a_file_is_a_value_and_every_refusal_names_its_path_evidence.md	4	4341	5152
d1:0035_a_file_is_a_value_and_every_refusal_names_its_path_evidence.md	5	5152	5716
d1:0035_a_file_is_a_value_and_every_refusal_names_its_path_evidence.md	6	5716	6658
d1:0035_a_file_is_a_value_and_every_refusal_names_its_path_evidence.md	7	6659	6704
d1:0036_what_the_process_was_given.md	0	2	1024
d1:0036_what_the_process_was_given.md	1	1024	1863
d1:0036_what_the_process_was_given.md	2	1864	2745
d1:0036_what_the_process_was_given.md	3	2746	3732
d1:0036_what_the_process_was_given.md	4	3732	4702
d1:0036_what_the_process_was_given.md	5	4703	5658
d1:0036_what_the_process_was_given.md	6	5659	6612
d1:0036_what_the_process_was_given.md	7	6612	7622
d1:0036_what_the_process_was_given.md	8	7623	8603
d1:0036_what_the_process_was_given.md	9	8604	9572
d1:0036_what_the_process_was_given.md	10	9573	10589
d1:0036_what_the_process_was_given.md	11	10590	11390
d1:0036_what_the_process_was_given.md	12	11391	12265
d1:0036_what_the_process_was_given.md	13	12265	12889
d1:0036_what_the_process_was_given.md	14	12889	13660
d1:0036_what_the_process_was_given.md	15	13660	14587
d1:0036_what_the_process_was_given.md	16	14588	15610
d1:0036_what_the_process_was_given.md	17	15611	15752
d1:0036_what_the_process_was_given_evidence.md	0	2	1008
d1:0036_what_the_process_was_given_evidence.md	1	1009	2184
d1:0036_what_the_process_was_given_evidence.md	2	2184	3335
d1:0036_what_the_process_was_given_evidence.md	3	3336	4347
d1:0036_what_the_process_was_given_evidence.md	4	4348	5397
d1:0036_what_the_process_was_given_evidence.md	5	5398	6066
d1:0036_what_the_process_was_given_evidence.md	6	6066	6760
d1:0037_paths_are_strings_until_a_script_needs_them_not_to_be.md	0	2	1033
d1:0037_paths_are_strings_until_a_script_needs_them_not_to_be.md	1	1034	2019
d1:0037_paths_are_strings_until_a_script_needs_them_not_to_be.md	2	2019	2499
d1:0037_paths_are_strings_until_a_script_needs_them_not_to_be.md	3	2499	3136
d1:0037_paths_are_strings_until_a_script_needs_them_not_to_be.md	4	3137	4202
d1:0037_paths_are_strings_until_a_script_needs_them_not_to_be.md	5	4202	5253
d1:0037_paths_are_strings_until_a_script_needs_them_not_to_be.md	6	5254	6130
d1:0037_paths_are_strings_until_a_script_needs_them_not_to_be.md	7	6131	7008
d1:0037_paths_are_strings_until_a_script_needs_them_not_to_be.md	8	7009	7853
d1:0037_paths_are_strings_until_a_script_needs_them_not_to_be.md	9	7854	8761
d1:0037_paths_are_strings_until_a_script_needs_them_not_to_be.md	10	8762	9699
d1:0037_paths_are_strings_until_a_script_needs_them_not_to_be.md	11	9699	10324
d1:0037_paths_are_strings_until_a_script_needs_them_not_to_be.md	12	10325	11358
d1:0037_paths_are_strings_until_a_script_needs_them_not_to_be.md	13	11359	12248
d1:0037_paths_are_strings_until_a_script_needs_them_not_to_be.md	14	12249	12642
d1:0037_paths_are_strings_until_a_script_needs_them_not_to_be_evidence.md	0	2	984
d1:0037_paths_are_strings_until_a_script_needs_them_not_to_be_evidence.md	1	985	2119
d1:0037_paths_are_strings_until_a_script_needs_them_not_to_be_evidence.md	2	2120	3140
d1:0037_paths_are_strings_until_a_script_needs_them_not_to_be_evidence.md	3	3140	4015
d1:0037_paths_are_strings_until_a_script_needs_them_not_to_be_evidence.md	4	4016	4778
d1:0038_a_moment_is_a_number_and_a_clock_is_named.md	0	2	975
d1:0038_a_moment_is_a_number_and_a_clock_is_named.md	1	975	1879
d1:0038_a_moment_is_a_number_and_a_clock_is_named.md	2	1880	2621
d1:0038_a_moment_is_a_number_and_a_clock_is_named.md	3	2621	3548
d1:0038_a_moment_is_a_number_and_a_clock_is_named.md	4	3548	4563
d1:0038_a_moment_is_a_number_and_a_clock_is_named.md	5	4564	5490
d1:0038_a_moment_is_a_number_and_a_clock_is_named.md	6	5491	6521
d1:0038_a_moment_is_a_number_and_a_clock_is_named.md	7	6522	7355
d1:0038_a_moment_is_a_number_and_a_clock_is_named.md	8	7356	8249
d1:0038_a_moment_is_a_number_and_a_clock_is_named.md	9	8249	9087
d1:0038_a_moment_is_a_number_and_a_clock_is_named.md	10	9087	9970
d1:0038_a_moment_is_a_number_and_a_clock_is_named.md	11	9971	10912
d1:0038_a_moment_is_a_number_and_a_clock_is_named.md	12	10913	11858
d1:0038_a_moment_is_a_number_and_a_clock_is_named.md	13	11859	12787
d1:0038_a_moment_is_a_number_and_a_clock_is_named.md	14	12788	13770
d1:0038_a_moment_is_a_number_and_a_clock_is_named.md	15	13771	14722
d1:0038_a_moment_is_a_number_and_a_clock_is_named.md	16	14723	15636
d1:0038_a_moment_is_a_number_and_a_clock_is_named.md	17	15636	16711
d1:0038_a_moment_is_a_number_and_a_clock_is_named.md	18	16715	17530
d1:0038_a_moment_is_a_number_and_a_clock_is_named.md	19	17530	18415
d1:0038_a_moment_is_a_number_and_a_clock_is_named.md	20	18415	19271
d1:0038_a_moment_is_a_number_and_a_clock_is_named.md	21	19272	20302
d1:0038_a_moment_is_a_number_and_a_clock_is_named.md	22	20303	21314
d1:0038_a_moment_is_a_number_and_a_clock_is_named.md	23	21314	21852
d1:0038_a_moment_is_a_number_and_a_clock_is_named_evidence.md	0	2	902
d1:0038_a_moment_is_a_number_and_a_clock_is_named_evidence.md	1	903	2048
d1:0038_a_moment_is_a_number_and_a_clock_is_named_evidence.md	2	2049	3201
d1:0038_a_moment_is_a_number_and_a_clock_is_named_evidence.md	3	3202	4315
d1:0038_a_moment_is_a_number_and_a_clock_is_named_evidence.md	4	4315	5466
d1:0038_a_moment_is_a_number_and_a_clock_is_named_evidence.md	5	5466	6470
d1:0038_a_moment_is_a_number_and_a_clock_is_named_evidence.md	6	6470	7615
d1:0038_a_moment_is_a_number_and_a_clock_is_named_evidence.md	7	7615	8399
d1:0038_a_moment_is_a_number_and_a_clock_is_named_evidence.md	8	8400	9081
d1:0039_colour_belongs_to_the_presentation.md	0	2	1108
d1:0039_colour_belongs_to_the_presentation.md	1	1109	2070
d1:0039_colour_belongs_to_the_presentation.md	2	2071	3094
d1:0039_colour_belongs_to_the_presentation.md	3	3094	4289
d1:0039_colour_belongs_to_the_presentation.md	4	4290	5148
d1:0039_colour_belongs_to_the_presentation.md	5	5148	6232
d1:0039_colour_belongs_to_the_presentation.md	6	6233	7339
d1:0039_colour_belongs_to_the_presentation.md	7	7340	8407
d1:0039_colour_belongs_to_the_presentation.md	8	8408	9394
d1:0039_colour_belongs_to_the_presentation.md	9	9395	10526
d1:0039_colour_belongs_to_the_presentation.md	10	10527	11597
d1:0039_colour_belongs_to_the_presentation.md	11	11598	12734
d1:0039_colour_belongs_to_the_presentation.md	12	12735	13865
d1:0039_colour_belongs_to_the_presentation.md	13	13866	14898
d1:0039_colour_belongs_to_the_presentation.md	14	14899	15906
d1:0039_colour_belongs_to_the_presentation.md	15	15906	17064
d1:0039_colour_belongs_to_the_presentation.md	16	17065	18087
d1:0039_colour_belongs_to_the_presentation.md	17	18088	19171
d1:0039_colour_belongs_to_the_presentation.md	18	19171	19701
d1:0039_colour_belongs_to_the_presentation_evidence.md	0	2	777
d1:0039_colour_belongs_to_the_presentation_evidence.md	1	777	1945
d1:0039_colour_belongs_to_the_presentation_evidence.md	2	1945	3093
d1:0039_colour_belongs_to_the_presentation_evidence.md	3	3094	3959
d1:0039_colour_belongs_to_the_presentation_evidence.md	4	3960	4984
d1:0039_colour_belongs_to_the_presentation_evidence.md	5	4985	6066
d1:0039_colour_belongs_to_the_presentation_evidence.md	6	6066	6348
d1:0040_a_number_on_the_prompt_that_can_start_over.md	0	2	1103
d1:0040_a_number_on_the_prompt_that_can_start_over.md	1	1104	2185
d1:0040_a_number_on_the_prompt_that_can_start_over.md	2	2185	3175
d1:0040_a_number_on_the_prompt_that_can_start_over.md	3	3176	4268
d1:0040_a_number_on_the_prompt_that_can_start_over.md	4	4269	5369
d1:0040_a_number_on_the_prompt_that_can_start_over.md	5	5369	6382
d1:0040_a_number_on_the_prompt_that_can_start_over.md	6	6382	7348
d1:0040_a_number_on_the_prompt_that_can_start_over.md	7	7349	8391
d1:0040_a_number_on_the_prompt_that_can_start_over.md	8	8392	9350
d1:0040_a_number_on_the_prompt_that_can_start_over.md	9	9351	10347
d1:0040_a_number_on_the_prompt_that_can_start_over.md	10	10348	11394
d1:0040_a_number_on_the_prompt_that_can_start_over.md	11	11394	12470
d1:0040_a_number_on_the_prompt_that_can_start_over.md	12	12471	13606
d1:0040_a_number_on_the_prompt_that_can_start_over.md	13	13606	14038
d1:0040_a_number_on_the_prompt_that_can_start_over_evidence.md	0	2	1132
d1:0040_a_number_on_the_prompt_that_can_start_over_evidence.md	1	1133	2364
d1:0040_a_number_on_the_prompt_that_can_start_over_evidence.md	2	2365	3295
d1:0040_a_number_on_the_prompt_that_can_start_over_evidence.md	3	3295	3926
d1:0041_the_same_name_wherever_the_method_went_missing.md	0	2	840
d1:0041_the_same_name_wherever_the_method_went_missing.md	1	840	1713
d1:0041_the_same_name_wherever_the_method_went_missing.md	2	1714	2782
d1:0041_the_same_name_wherever_the_method_went_missing.md	3	2783	3828
d1:0041_the_same_name_wherever_the_method_went_missing.md	4	3829	4923
d1:0041_the_same_name_wherever_the_method_went_missing.md	5	4924	5891
d1:0041_the_same_name_wherever_the_method_went_missing.md	6	5892	6886
d1:0041_the_same_name_wherever_the_method_went_missing.md	7	6886	8014
d1:0041_the_same_name_wherever_the_method_went_missing.md	8	8014	8545
d1:0041_the_same_name_wherever_the_method_went_missing_evidence.md	0	2	1168
d1:0041_the_same_name_wherever_the_method_went_missing_evidence.md	1	1169	2306
d1:0041_the_same_name_wherever_the_method_went_missing_evidence.md	2	2306	3011
d1:0041_the_same_name_wherever_the_method_went_missing_evidence.md	3	3011	3325
d1:0042_the_prompt_a_person_lives_at.md	0	2	1003
d1:0042_the_prompt_a_person_lives_at.md	1	1004	1921
d1:0042_the_prompt_a_person_lives_at.md	2	1922	2961
d1:0042_the_prompt_a_person_lives_at.md	3	2962	3915
d1:0042_the_prompt_a_person_lives_at.md	4	3915	4826
d1:0042_the_prompt_a_person_lives_at.md	5	4827	5716
d1:0042_the_prompt_a_person_lives_at.md	6	5716	6675
d1:0042_the_prompt_a_person_lives_at.md	7	6675	7590
d1:0042_the_prompt_a_person_lives_at.md	8	7591	8513
d1:0042_the_prompt_a_person_lives_at.md	9	8514	9403
d1:0042_the_prompt_a_person_lives_at.md	10	9404	10526
d1:0042_the_prompt_a_person_lives_at.md	11	10527	10868
d1:0042_the_prompt_a_person_lives_at_evidence.md	0	2	1075
d1:0042_the_prompt_a_person_lives_at_evidence.md	1	1075	1831
d1:0042_the_prompt_a_person_lives_at_evidence.md	2	1832	1930
d1:0043_colours_a_person_can_choose_in_a_rune_file.md	0	2	1153
d1:0043_colours_a_person_can_choose_in_a_rune_file.md	1	1154	2181
d1:0043_colours_a_person_can_choose_in_a_rune_file.md	2	2181	3061
d1:0043_colours_a_person_can_choose_in_a_rune_file.md	3	3062	4047
d1:0043_colours_a_person_can_choose_in_a_rune_file.md	4	4048	4995
d1:0043_colours_a_person_can_choose_in_a_rune_file.md	5	4996	6057
d1:0043_colours_a_person_can_choose_in_a_rune_file.md	6	6058	6927
d1:0043_colours_a_person_can_choose_in_a_rune_file.md	7	6928	7793
d1:0043_colours_a_person_can_choose_in_a_rune_file.md	8	7796	8837
d1:0043_colours_a_person_can_choose_in_a_rune_file.md	9	8838	9844
d1:0043_colours_a_person_can_choose_in_a_rune_file.md	10	9845	10863
d1:0043_colours_a_person_can_choose_in_a_rune_file.md	11	10864	11783
d1:0043_colours_a_person_can_choose_in_a_rune_file.md	12	11783	12832
d1:0043_colours_a_person_can_choose_in_a_rune_file.md	13	12833	13712
d1:0043_colours_a_person_can_choose_in_a_rune_file.md	14	13713	14646
d1:0043_colours_a_person_can_choose_in_a_rune_file.md	15	14647	15502
d1:0043_colours_a_person_can_choose_in_a_rune_file.md	16	15503	16595
d1:0043_colours_a_person_can_choose_in_a_rune_file.md	17	16596	17591
d1:0043_colours_a_person_can_choose_in_a_rune_file.md	18	17592	17659
d1:0043_colours_a_person_can_choose_in_a_rune_file_evidence.md	0	2	1084
d1:0043_colours_a_person_can_choose_in_a_rune_file_evidence.md	1	1085	2165
d1:0043_colours_a_person_can_choose_in_a_rune_file_evidence.md	2	2169	3147
d1:0043_colours_a_person_can_choose_in_a_rune_file_evidence.md	3	3147	3790
d1:0043_colours_a_person_can_choose_in_a_rune_file_evidence.md	4	3790	4609
d1:0044_a_child_with_its_own_directory_and_environment.md	0	2	1111
d1:0044_a_child_with_its_own_directory_and_environment.md	1	1111	2131
d1:0044_a_child_with_its_own_directory_and_environment.md	2	2132	3167
d1:0044_a_child_with_its_own_directory_and_environment.md	3	3168	4122
d1:0044_a_child_with_its_own_directory_and_environment.md	4	4123	5307
d1:0044_a_child_with_its_own_directory_and_environment.md	5	5307	6430
d1:0044_a_child_with_its_own_directory_and_environment.md	6	6431	7477
d1:0044_a_child_with_its_own_directory_and_environment.md	7	7477	8577
d1:0044_a_child_with_its_own_directory_and_environment.md	8	8578	9851
d1:0044_a_child_with_its_own_directory_and_environment.md	9	9852	10978
d1:0044_a_child_with_its_own_directory_and_environment.md	10	10979	12200
d1:0044_a_child_with_its_own_directory_and_environment.md	11	12201	13474
d1:0044_a_child_with_its_own_directory_and_environment.md	12	13475	14736
d1:0044_a_child_with_its_own_directory_and_environment.md	13	14737	15440
d1:0044_a_child_with_its_own_directory_and_environment_evidence.md	0	2	941
d1:0044_a_child_with_its_own_directory_and_environment_evidence.md	1	942	2146
d1:0044_a_child_with_its_own_directory_and_environment_evidence.md	2	2146	3193
d1:0044_a_child_with_its_own_directory_and_environment_evidence.md	3	3194	4321
d1:0044_a_child_with_its_own_directory_and_environment_evidence.md	4	4321	5460
d1:0044_a_child_with_its_own_directory_and_environment_evidence.md	5	5460	6391
d1:0044_a_child_with_its_own_directory_and_environment_evidence.md	6	6391	7326
d1:0045_the_number_carries_the_colour.md	0	2	1111
d1:0045_the_number_carries_the_colour.md	1	1111	2338
d1:0045_the_number_carries_the_colour.md	2	2339	3465
d1:0045_the_number_carries_the_colour.md	3	3466	4708
d1:0045_the_number_carries_the_colour.md	4	4709	5351
d1:0045_the_number_carries_the_colour_evidence.md	0	2	985
d1:0045_the_number_carries_the_colour_evidence.md	1	986	2119
d1:0045_the_number_carries_the_colour_evidence.md	2	2120	3190
d1:0045_the_number_carries_the_colour_evidence.md	3	3191	4014
d1:0046_a_worker_whose_output_has_a_boundary.md	0	2	1001
d1:0046_a_worker_whose_output_has_a_boundary.md	1	1002	2158
d1:0046_a_worker_whose_output_has_a_boundary.md	2	2159	3424
d1:0046_a_worker_whose_output_has_a_boundary.md	3	3425	4507
d1:0046_a_worker_whose_output_has_a_boundary.md	4	4508	5218
d1:0046_a_worker_whose_output_has_a_boundary.md	5	5219	6502
d1:0046_a_worker_whose_output_has_a_boundary.md	6	6503	7750
d1:0046_a_worker_whose_output_has_a_boundary.md	7	7751	9025
d1:0046_a_worker_whose_output_has_a_boundary.md	8	9026	10197
d1:0046_a_worker_whose_output_has_a_boundary.md	9	10197	11302
d1:0046_a_worker_whose_output_has_a_boundary.md	10	11303	12458
d1:0046_a_worker_whose_output_has_a_boundary.md	11	12459	13729
d1:0046_a_worker_whose_output_has_a_boundary.md	12	13730	14987
d1:0046_a_worker_whose_output_has_a_boundary.md	13	14988	16271
d1:0046_a_worker_whose_output_has_a_boundary.md	14	16272	17432
d1:0046_a_worker_whose_output_has_a_boundary.md	15	17432	18723
d1:0046_a_worker_whose_output_has_a_boundary.md	16	18724	19977
d1:0046_a_worker_whose_output_has_a_boundary.md	17	19977	20326
d1:0046_a_worker_whose_output_has_a_boundary_evidence.md	0	2	928
d1:0046_a_worker_whose_output_has_a_boundary_evidence.md	1	928	1986
d1:0046_a_worker_whose_output_has_a_boundary_evidence.md	2	1986	3244
d1:0046_a_worker_whose_output_has_a_boundary_evidence.md	3	3244	4486
d1:0046_a_worker_whose_output_has_a_boundary_evidence.md	4	4486	5578
d1:0046_a_worker_whose_output_has_a_boundary_evidence.md	5	5578	6393
d1:0046_a_worker_whose_output_has_a_boundary_evidence.md	6	6393	7064
d1:0047_a_notebook_cell_over_the_worker.md	0	2	1261
d1:0047_a_notebook_cell_over_the_worker.md	1	1261	2276
d1:0047_a_notebook_cell_over_the_worker.md	2	2277	3367
d1:0047_a_notebook_cell_over_the_worker.md	3	3368	4452
d1:0047_a_notebook_cell_over_the_worker.md	4	4453	5729
d1:0047_a_notebook_cell_over_the_worker.md	5	5729	6769
d1:0047_a_notebook_cell_over_the_worker.md	6	6770	7870
d1:0047_a_notebook_cell_over_the_worker.md	7	7871	9031
d1:0047_a_notebook_cell_over_the_worker.md	8	9031	10319
d1:0047_a_notebook_cell_over_the_worker.md	9	10319	11592
d1:0047_a_notebook_cell_over_the_worker.md	10	11592	12728
d1:0047_a_notebook_cell_over_the_worker.md	11	12729	13910
d1:0047_a_notebook_cell_over_the_worker.md	12	13911	15170
d1:0047_a_notebook_cell_over_the_worker.md	13	15171	16370
d1:0047_a_notebook_cell_over_the_worker.md	14	16371	17619
d1:0047_a_notebook_cell_over_the_worker.md	15	17620	18818
d1:0047_a_notebook_cell_over_the_worker.md	16	18819	19731
d1:0047_a_notebook_cell_over_the_worker.md	17	19731	21008
d1:0047_a_notebook_cell_over_the_worker.md	18	21009	22271
d1:0047_a_notebook_cell_over_the_worker.md	19	22273	23453
d1:0047_a_notebook_cell_over_the_worker.md	20	23453	24658
d1:0047_a_notebook_cell_over_the_worker.md	21	24659	25897
d1:0047_a_notebook_cell_over_the_worker.md	22	25897	27211
d1:0047_a_notebook_cell_over_the_worker.md	23	27212	27579
d1:0047_a_notebook_cell_over_the_worker_evidence.md	0	2	1030
d1:0047_a_notebook_cell_over_the_worker_evidence.md	1	1031	2195
d1:0047_a_notebook_cell_over_the_worker_evidence.md	2	2196	3326
d1:0047_a_notebook_cell_over_the_worker_evidence.md	3	3326	4511
d1:0047_a_notebook_cell_over_the_worker_evidence.md	4	4512	5558
d1:0047_a_notebook_cell_over_the_worker_evidence.md	5	5559	6691
d1:0047_a_notebook_cell_over_the_worker_evidence.md	6	6692	7989
d1:0047_a_notebook_cell_over_the_worker_evidence.md	7	7990	9066
d1:0047_a_notebook_cell_over_the_worker_evidence.md	8	9067	10400
d1:0047_a_notebook_cell_over_the_worker_evidence.md	9	10401	11587
d1:0047_a_notebook_cell_over_the_worker_evidence.md	10	11587	12703
d1:0047_a_notebook_cell_over_the_worker_evidence.md	11	12704	14042
d1:0047_a_notebook_cell_over_the_worker_evidence.md	12	14042	15266
d1:0047_a_notebook_cell_over_the_worker_evidence.md	13	15267	16441
d1:0047_a_notebook_cell_over_the_worker_evidence.md	14	16442	17485
d1:0047_a_notebook_cell_over_the_worker_evidence.md	15	17485	18755
d1:0047_a_notebook_cell_over_the_worker_evidence.md	16	18756	19881
d1:0047_a_notebook_cell_over_the_worker_evidence.md	17	19882	21041
d1:0047_a_notebook_cell_over_the_worker_evidence.md	18	21042	21765
d1:0048_a_bounded_transport_before_a_notebook.md	0	2	1221
d1:0048_a_bounded_transport_before_a_notebook.md	1	1221	2295
d1:0048_a_bounded_transport_before_a_notebook.md	2	2296	3592
d1:0048_a_bounded_transport_before_a_notebook.md	3	3593	4711
d1:0048_a_bounded_transport_before_a_notebook.md	4	4712	5657
d1:0048_a_bounded_transport_before_a_notebook.md	5	5658	6863
d1:0048_a_bounded_transport_before_a_notebook.md	6	6864	8042
d1:0048_a_bounded_transport_before_a_notebook.md	7	8043	9409
d1:0048_a_bounded_transport_before_a_notebook.md	8	9410	10594
d1:0048_a_bounded_transport_before_a_notebook.md	9	10595	11857
d1:0048_a_bounded_transport_before_a_notebook.md	10	11857	13179
d1:0048_a_bounded_transport_before_a_notebook.md	11	13180	14611
d1:0048_a_bounded_transport_before_a_notebook.md	12	14612	15846
d1:0048_a_bounded_transport_before_a_notebook.md	13	15846	17080
d1:0048_a_bounded_transport_before_a_notebook.md	14	17081	18371
d1:0048_a_bounded_transport_before_a_notebook.md	15	18371	18372
d1:0048_a_bounded_transport_before_a_notebook_evidence.md	0	2	867
d1:0048_a_bounded_transport_before_a_notebook_evidence.md	1	868	2039
d1:0048_a_bounded_transport_before_a_notebook_evidence.md	2	2039	3363
d1:0048_a_bounded_transport_before_a_notebook_evidence.md	3	3363	4411
d1:0048_a_bounded_transport_before_a_notebook_evidence.md	4	4411	5680
d1:0048_a_bounded_transport_before_a_notebook_evidence.md	5	5681	6975
d1:0048_a_bounded_transport_before_a_notebook_evidence.md	6	6976	7279
d1:0049_the_names_no_longer_begin_with_host.md	0	2	997
d1:0049_the_names_no_longer_begin_with_host.md	1	998	2167
d1:0049_the_names_no_longer_begin_with_host.md	2	2168	2736
d1:0049_the_names_no_longer_begin_with_host.md	3	2736	3783
d1:0049_the_names_no_longer_begin_with_host.md	4	3783	4885
d1:0049_the_names_no_longer_begin_with_host.md	5	4885	6026
d1:0049_the_names_no_longer_begin_with_host.md	6	6027	7167
d1:0049_the_names_no_longer_begin_with_host.md	7	7168	8425
d1:0049_the_names_no_longer_begin_with_host.md	8	8429	9478
d1:0049_the_names_no_longer_begin_with_host.md	9	9479	10774
d1:0049_the_names_no_longer_begin_with_host.md	10	10774	12044
d1:0049_the_names_no_longer_begin_with_host.md	11	12045	12855
d1:0049_the_names_no_longer_begin_with_host_evidence.md	0	2	860
d1:0049_the_names_no_longer_begin_with_host_evidence.md	1	861	2054
d1:0049_the_names_no_longer_begin_with_host_evidence.md	2	2055	3265
d1:0049_the_names_no_longer_begin_with_host_evidence.md	3	3266	4435
d1:0049_the_names_no_longer_begin_with_host_evidence.md	4	4436	5595
d1:0049_the_names_no_longer_begin_with_host_evidence.md	5	5596	6799
d1:0049_the_names_no_longer_begin_with_host_evidence.md	6	6800	7946
d1:0049_the_names_no_longer_begin_with_host_evidence.md	7	7947	8626
d1:0050_a_program_is_more_than_one_file.md	0	2	959
d1:0050_a_program_is_more_than_one_file.md	1	959	1996
d1:0050_a_program_is_more_than_one_file.md	2	1996	2815
d1:0050_a_program_is_more_than_one_file.md	3	2815	3628
d1:0050_a_program_is_more_than_one_file.md	4	3628	4715
d1:0050_a_program_is_more_than_one_file.md	5	4716	5715
d1:0050_a_program_is_more_than_one_file.md	6	5716	6823
d1:0050_a_program_is_more_than_one_file.md	7	6824	7920
d1:0050_a_program_is_more_than_one_file.md	8	7921	8951
d1:0050_a_program_is_more_than_one_file.md	9	8952	10144
d1:0050_a_program_is_more_than_one_file.md	10	10144	11234
d1:0050_a_program_is_more_than_one_file.md	11	11235	12470
d1:0050_a_program_is_more_than_one_file.md	12	12471	13624
d1:0050_a_program_is_more_than_one_file.md	13	13625	14699
d1:0050_a_program_is_more_than_one_file.md	14	14700	14922
d1:0050_a_program_is_more_than_one_file_evidence.md	0	2	1070
d1:0050_a_program_is_more_than_one_file_evidence.md	1	1071	2184
d1:0050_a_program_is_more_than_one_file_evidence.md	2	2184	3330
d1:0050_a_program_is_more_than_one_file_evidence.md	3	3331	4479
d1:0050_a_program_is_more_than_one_file_evidence.md	4	4480	5569
d1:0050_a_program_is_more_than_one_file_evidence.md	5	5570	6021
d1:0051_an_executable_assembled_from_its_extensions.md	0	2	1029
d1:0051_an_executable_assembled_from_its_extensions.md	1	1030	2153
d1:0051_an_executable_assembled_from_its_extensions.md	2	2154	3211
d1:0051_an_executable_assembled_from_its_extensions.md	3	3211	4106
d1:0051_an_executable_assembled_from_its_extensions.md	4	4106	5030
d1:0051_an_executable_assembled_from_its_extensions.md	5	5031	6090
d1:0051_an_executable_assembled_from_its_extensions.md	6	6091	7052
d1:0051_an_executable_assembled_from_its_extensions.md	7	7053	8171
d1:0051_an_executable_assembled_from_its_extensions.md	8	8172	9245
d1:0051_an_executable_assembled_from_its_extensions.md	9	9246	10173
d1:0051_an_executable_assembled_from_its_extensions.md	10	10174	11223
d1:0051_an_executable_assembled_from_its_extensions.md	11	11223	12160
d1:0051_an_executable_assembled_from_its_extensions.md	12	12164	13169
d1:0051_an_executable_assembled_from_its_extensions.md	13	13170	14259
d1:0051_an_executable_assembled_from_its_extensions.md	14	14260	15295
d1:0051_an_executable_assembled_from_its_extensions.md	15	15296	16511
d1:0051_an_executable_assembled_from_its_extensions.md	16	16514	17084
d1:0051_an_executable_assembled_from_its_extensions_evidence.md	0	2	912
d1:0051_an_executable_assembled_from_its_extensions_evidence.md	1	913	2008
d1:0051_an_executable_assembled_from_its_extensions_evidence.md	2	2012	3194
d1:0051_an_executable_assembled_from_its_extensions_evidence.md	3	3195	4277
d1:0051_an_executable_assembled_from_its_extensions_evidence.md	4	4277	5342
d1:0051_an_executable_assembled_from_its_extensions_evidence.md	5	5346	6341
d1:0051_an_executable_assembled_from_its_extensions_evidence.md	6	6342	7144
d1:0051_an_executable_assembled_from_its_extensions_evidence.md	7	7145	7752
d1:0051_an_executable_assembled_from_its_extensions_evidence.md	8	7753	8480
d1:0052_one_query_through_the_extension_interface.md	0	2	1208
d1:0052_one_query_through_the_extension_interface.md	1	1209	2322
d1:0052_one_query_through_the_extension_interface.md	2	2323	3363
d1:0052_one_query_through_the_extension_interface.md	3	3363	4238
d1:0052_one_query_through_the_extension_interface.md	4	4238	5057
d1:0052_one_query_through_the_extension_interface.md	5	5058	6076
d1:0052_one_query_through_the_extension_interface.md	6	6077	7210
d1:0052_one_query_through_the_extension_interface.md	7	7211	8300
d1:0052_one_query_through_the_extension_interface.md	8	8301	9490
d1:0052_one_query_through_the_extension_interface.md	9	9491	10445
d1:0052_one_query_through_the_extension_interface.md	10	10446	11244
d1:0052_one_query_through_the_extension_interface.md	11	11244	12194
d1:0052_one_query_through_the_extension_interface.md	12	12195	13264
d1:0052_one_query_through_the_extension_interface.md	13	13265	14220
d1:0052_one_query_through_the_extension_interface.md	14	14220	15228
d1:0052_one_query_through_the_extension_interface.md	15	15229	16081
d1:0052_one_query_through_the_extension_interface.md	16	16082	17100
d1:0052_one_query_through_the_extension_interface.md	17	17101	18112
d1:0052_one_query_through_the_extension_interface.md	18	18113	19297
d1:0052_one_query_through_the_extension_interface.md	19	19297	20417
d1:0052_one_query_through_the_extension_interface.md	20	20418	21486
d1:0052_one_query_through_the_extension_interface.md	21	21486	22625
d1:0052_one_query_through_the_extension_interface.md	22	22625	23696
d1:0052_one_query_through_the_extension_interface.md	23	23697	23847
d1:0052_one_query_through_the_extension_interface_evidence.md	0	2	979
d1:0052_one_query_through_the_extension_interface_evidence.md	1	979	2154
d1:0052_one_query_through_the_extension_interface_evidence.md	2	2155	3345
d1:0052_one_query_through_the_extension_interface_evidence.md	3	3346	4333
d1:0052_one_query_through_the_extension_interface_evidence.md	4	4334	5684
d1:0052_one_query_through_the_extension_interface_evidence.md	5	5685	6925
d1:0052_one_query_through_the_extension_interface_evidence.md	6	6926	7164
d1:0052_one_query_through_the_extension_interface_implementation_evidence.md	0	2	959
d1:0052_one_query_through_the_extension_interface_implementation_evidence.md	1	959	2076
d1:0052_one_query_through_the_extension_interface_implementation_evidence.md	2	2077	3164
d1:0052_one_query_through_the_extension_interface_implementation_evidence.md	3	3164	4211
d1:0052_one_query_through_the_extension_interface_implementation_evidence.md	4	4211	5325
d1:0052_one_query_through_the_extension_interface_implementation_evidence.md	5	5326	6571
d1:0052_one_query_through_the_extension_interface_implementation_evidence.md	6	6571	7843
d1:0052_one_query_through_the_extension_interface_implementation_evidence.md	7	7844	8997
d1:0052_one_query_through_the_extension_interface_implementation_evidence.md	8	8998	9720
d1:0052_one_query_through_the_extension_interface_implementation_evidence.md	9	9721	10784
d1:0052_one_query_through_the_extension_interface_implementation_evidence.md	10	10785	11759
d1:0052_one_query_through_the_extension_interface_implementation_evidence.md	11	11759	12029
d1:0053_cancellation_reaches_the_operation_not_just_the_binding.md	0	2	1183
d1:0053_cancellation_reaches_the_operation_not_just_the_binding.md	1	1183	2508
d1:0053_cancellation_reaches_the_operation_not_just_the_binding.md	2	2509	3853
d1:0053_cancellation_reaches_the_operation_not_just_the_binding.md	3	3854	5231
d1:0053_cancellation_reaches_the_operation_not_just_the_binding.md	4	5231	6291
d1:0053_cancellation_reaches_the_operation_not_just_the_binding.md	5	6292	7617
d1:0053_cancellation_reaches_the_operation_not_just_the_binding.md	6	7617	8965
d1:0053_cancellation_reaches_the_operation_not_just_the_binding.md	7	8966	10248
d1:0053_cancellation_reaches_the_operation_not_just_the_binding.md	8	10249	11537
d1:0053_cancellation_reaches_the_operation_not_just_the_binding.md	9	11538	12870
d1:0053_cancellation_reaches_the_operation_not_just_the_binding_evidence.md	0	2	1006
d1:0053_cancellation_reaches_the_operation_not_just_the_binding_evidence.md	1	1007	2361
d1:0053_cancellation_reaches_the_operation_not_just_the_binding_evidence.md	2	2362	3663
d1:0053_cancellation_reaches_the_operation_not_just_the_binding_evidence.md	3	3664	4931
d1:0053_cancellation_reaches_the_operation_not_just_the_binding_evidence.md	4	4931	6101
d1:0053_cancellation_reaches_the_operation_not_just_the_binding_evidence.md	5	6102	7274
d1:0053_cancellation_reaches_the_operation_not_just_the_binding_evidence.md	6	7275	8459
d1:0053_cancellation_reaches_the_operation_not_just_the_binding_evidence.md	7	8460	9191
d1:0053_cancellation_reaches_the_operation_not_just_the_binding_evidence.md	8	9191	9551
d1:0054_a_server_owns_more_than_a_handler.md	0	2	1034
d1:0054_a_server_owns_more_than_a_handler.md	1	1035	1815
d1:0054_a_server_owns_more_than_a_handler.md	2	1816	2970
d1:0054_a_server_owns_more_than_a_handler.md	3	2970	4084
d1:0054_a_server_owns_more_than_a_handler.md	4	4085	5041
d1:0054_a_server_owns_more_than_a_handler.md	5	5042	6153
d1:0054_a_server_owns_more_than_a_handler.md	6	6154	7366
d1:0054_a_server_owns_more_than_a_handler.md	7	7366	8530
d1:0054_a_server_owns_more_than_a_handler.md	8	8531	9774
d1:0054_a_server_owns_more_than_a_handler.md	9	9775	11057
d1:0054_a_server_owns_more_than_a_handler.md	10	11058	12413
d1:0054_a_server_owns_more_than_a_handler.md	11	12414	13649
d1:0054_a_server_owns_more_than_a_handler.md	12	13650	14965
d1:0054_a_server_owns_more_than_a_handler.md	13	14965	16278
d1:0054_a_server_owns_more_than_a_handler.md	14	16279	17456
d1:0054_a_server_owns_more_than_a_handler.md	15	17457	18742
d1:0054_a_server_owns_more_than_a_handler.md	16	18743	19984
d1:0054_a_server_owns_more_than_a_handler.md	17	19985	21062
d1:0054_a_server_owns_more_than_a_handler.md	18	21063	22202
d1:0054_a_server_owns_more_than_a_handler.md	19	22203	23528
d1:0054_a_server_owns_more_than_a_handler.md	20	23528	24690
d1:0054_a_server_owns_more_than_a_handler.md	21	24690	25864
d1:0054_a_server_owns_more_than_a_handler.md	22	25865	27131
d1:0054_a_server_owns_more_than_a_handler.md	23	27132	28378
d1:0054_a_server_owns_more_than_a_handler.md	24	28378	29469
d1:0054_a_server_owns_more_than_a_handler.md	25	29470	30422
d1:0054_a_server_owns_more_than_a_handler.md	26	30423	31720
d1:0054_a_server_owns_more_than_a_handler.md	27	31721	33074
d1:0054_a_server_owns_more_than_a_handler.md	28	33078	34360
d1:0054_a_server_owns_more_than_a_handler.md	29	34361	35106
d1:0054_a_server_owns_more_than_a_handler_assembly_evidence.md	0	2	1060
d1:0054_a_server_owns_more_than_a_handler_assembly_evidence.md	1	1061	2182
d1:0054_a_server_owns_more_than_a_handler_assembly_evidence.md	2	2183	3433
d1:0054_a_server_owns_more_than_a_handler_assembly_evidence.md	3	3433	4355
d1:0054_a_server_owns_more_than_a_handler_assembly_evidence.md	4	4356	5522
d1:0054_a_server_owns_more_than_a_handler_assembly_evidence.md	5	5523	6739
d1:0054_a_server_owns_more_than_a_handler_assembly_evidence.md	6	6740	7940
d1:0054_a_server_owns_more_than_a_handler_assembly_evidence.md	7	7940	8936
d1:0054_a_server_owns_more_than_a_handler_http_evidence.md	0	2	1058
d1:0054_a_server_owns_more_than_a_handler_http_evidence.md	1	1058	2030
d1:0054_a_server_owns_more_than_a_handler_http_evidence.md	2	2031	3259
d1:0054_a_server_owns_more_than_a_handler_http_evidence.md	3	3260	4426
d1:0054_a_server_owns_more_than_a_handler_http_evidence.md	4	4427	5647
d1:0054_a_server_owns_more_than_a_handler_http_evidence.md	5	5647	6619
d1:0054_a_server_owns_more_than_a_handler_http_evidence.md	6	6620	7805
d1:0054_a_server_owns_more_than_a_handler_http_evidence.md	7	7806	8894
d1:0054_a_server_owns_more_than_a_handler_http_evidence.md	8	8894	10083
d1:0054_a_server_owns_more_than_a_handler_http_evidence.md	9	10084	11280
d1:0054_a_server_owns_more_than_a_handler_http_evidence.md	10	11281	11304
d1:0054_a_server_owns_more_than_a_handler_scheduling_evidence.md	0	2	793
d1:0054_a_server_owns_more_than_a_handler_scheduling_evidence.md	1	794	2060
d1:0054_a_server_owns_more_than_a_handler_scheduling_evidence.md	2	2061	2955
d1:0054_a_server_owns_more_than_a_handler_scheduling_evidence.md	3	2955	4102
d1:0054_a_server_owns_more_than_a_handler_scheduling_evidence.md	4	4102	5353
d1:0054_a_server_owns_more_than_a_handler_scheduling_evidence.md	5	5354	5366
d1:0054_a_server_owns_more_than_a_handler_shutdown_evidence.md	0	2	987
d1:0054_a_server_owns_more_than_a_handler_shutdown_evidence.md	1	988	1981
d1:0054_a_server_owns_more_than_a_handler_shutdown_evidence.md	2	1982	3300
d1:0054_a_server_owns_more_than_a_handler_shutdown_evidence.md	3	3300	4188
d1:0054_a_server_owns_more_than_a_handler_shutdown_evidence.md	4	4189	5245
d1:0054_a_server_owns_more_than_a_handler_shutdown_evidence.md	5	5246	6572
d1:0054_a_server_owns_more_than_a_handler_shutdown_evidence.md	6	6573	7814
d1:0054_a_server_owns_more_than_a_handler_shutdown_evidence.md	7	7815	9025
d1:0054_a_server_owns_more_than_a_handler_shutdown_evidence.md	8	9026	9218
d1:0054_a_server_owns_more_than_a_handler_transactions_evidence.md	0	2	840
d1:0054_a_server_owns_more_than_a_handler_transactions_evidence.md	1	841	2035
d1:0054_a_server_owns_more_than_a_handler_transactions_evidence.md	2	2035	3340
d1:0054_a_server_owns_more_than_a_handler_transactions_evidence.md	3	3341	4625
d1:0054_a_server_owns_more_than_a_handler_transactions_evidence.md	4	4626	5654
d1:0054_a_server_owns_more_than_a_handler_transactions_evidence.md	5	5655	6815
d1:0054_a_server_owns_more_than_a_handler_transactions_evidence.md	6	6816	8130
d1:0054_a_server_owns_more_than_a_handler_transactions_evidence.md	7	8131	9037
d1:0055_http_cancellation_belongs_to_its_execution.md	0	2	1054
d1:0055_http_cancellation_belongs_to_its_execution.md	1	1055	2238
d1:0055_http_cancellation_belongs_to_its_execution.md	2	2239	3378
d1:0055_http_cancellation_belongs_to_its_execution.md	3	3379	4604
d1:0055_http_cancellation_belongs_to_its_execution.md	4	4605	5793
d1:0055_http_cancellation_belongs_to_its_execution.md	5	5794	7107
d1:0055_http_cancellation_belongs_to_its_execution.md	6	7108	8376
d1:0055_http_cancellation_belongs_to_its_execution.md	7	8377	9630
d1:0055_http_cancellation_belongs_to_its_execution.md	8	9631	10864
d1:0055_http_cancellation_belongs_to_its_execution.md	9	10864	12079
d1:0055_http_cancellation_belongs_to_its_execution.md	10	12080	13285
d1:0055_http_cancellation_belongs_to_its_execution.md	11	13286	14487
d1:0055_http_cancellation_belongs_to_its_execution.md	12	14488	15713
d1:0055_http_cancellation_belongs_to_its_execution.md	13	15714	16540
d1:0055_http_cancellation_belongs_to_its_execution_evidence.md	0	2	1029
d1:0055_http_cancellation_belongs_to_its_execution_evidence.md	1	1029	2272
d1:0055_http_cancellation_belongs_to_its_execution_evidence.md	2	2273	3574
d1:0055_http_cancellation_belongs_to_its_execution_evidence.md	3	3575	4851
d1:0055_http_cancellation_belongs_to_its_execution_evidence.md	4	4852	6070
d1:0055_http_cancellation_belongs_to_its_execution_evidence.md	5	6071	7353
d1:0055_http_cancellation_belongs_to_its_execution_evidence.md	6	7354	8170
d1:0055_http_cancellation_belongs_to_its_execution_evidence.md	7	8171	8984
d1:0055_http_cancellation_belongs_to_its_execution_evidence.md	8	8985	9947
d1:0055_http_cancellation_belongs_to_its_execution_evidence.md	9	9948	10918
d1:0056_a_server_entry_without_ownership_by_accident.md	0	2	769
d1:0056_a_server_entry_without_ownership_by_accident.md	1	770	1977
d1:0056_a_server_entry_without_ownership_by_accident.md	2	1978	3096
d1:0056_a_server_entry_without_ownership_by_accident.md	3	3097	4331
d1:0056_a_server_entry_without_ownership_by_accident.md	4	4331	5424
d1:0056_a_server_entry_without_ownership_by_accident.md	5	5425	6709
d1:0056_a_server_entry_without_ownership_by_accident.md	6	6710	8022
d1:0056_a_server_entry_without_ownership_by_accident.md	7	8023	9282
d1:0056_a_server_entry_without_ownership_by_accident.md	8	9283	10518
d1:0056_a_server_entry_without_ownership_by_accident.md	9	10519	11806
d1:0056_a_server_entry_without_ownership_by_accident.md	10	11807	13048
d1:0056_a_server_entry_without_ownership_by_accident.md	11	13049	14343
d1:0056_a_server_entry_without_ownership_by_accident.md	12	14344	15606
d1:0056_a_server_entry_without_ownership_by_accident.md	13	15607	16825
d1:0056_a_server_entry_without_ownership_by_accident.md	14	16826	18120
d1:0056_a_server_entry_without_ownership_by_accident.md	15	18120	18364
d1:0056_a_server_entry_without_ownership_by_accident_acceptance_evidence.md	0	2	931
d1:0056_a_server_entry_without_ownership_by_accident_acceptance_evidence.md	1	931	1827
d1:0056_a_server_entry_without_ownership_by_accident_acceptance_evidence.md	2	1828	2848
d1:0056_a_server_entry_without_ownership_by_accident_acceptance_evidence.md	3	2849	4000
d1:0056_a_server_entry_without_ownership_by_accident_acceptance_evidence.md	4	4000	4976
d1:0056_a_server_entry_without_ownership_by_accident_acceptance_evidence.md	5	4976	5720
d1:0056_a_server_entry_without_ownership_by_accident_acceptance_evidence.md	6	5721	6753
d1:0056_a_server_entry_without_ownership_by_accident_acceptance_evidence.md	7	6753	7221
d1:0056_a_server_entry_without_ownership_by_accident_acceptance_evidence.md	8	7222	8111
d1:0056_a_server_entry_without_ownership_by_accident_acceptance_evidence.md	9	8112	9260
d1:0056_a_server_entry_without_ownership_by_accident_acceptance_evidence.md	10	9261	9492
d1:0056_a_server_entry_without_ownership_by_accident_commit_evidence.md	0	2	993
d1:0056_a_server_entry_without_ownership_by_accident_commit_evidence.md	1	993	2134
d1:0056_a_server_entry_without_ownership_by_accident_commit_evidence.md	2	2135	3401
d1:0056_a_server_entry_without_ownership_by_accident_commit_evidence.md	3	3402	4515
d1:0056_a_server_entry_without_ownership_by_accident_commit_evidence.md	4	4516	5709
d1:0056_a_server_entry_without_ownership_by_accident_evidence.md	0	2	994
d1:0056_a_server_entry_without_ownership_by_accident_evidence.md	1	995	2255
d1:0056_a_server_entry_without_ownership_by_accident_evidence.md	2	2255	3488
d1:0056_a_server_entry_without_ownership_by_accident_evidence.md	3	3489	4761
d1:0056_a_server_entry_without_ownership_by_accident_evidence.md	4	4762	6024
d1:0056_a_server_entry_without_ownership_by_accident_evidence.md	5	6024	6556
d1:0056_a_server_entry_without_ownership_by_accident_extraction_evidence.md	0	2	1029
d1:0056_a_server_entry_without_ownership_by_accident_extraction_evidence.md	1	1030	2202
d1:0056_a_server_entry_without_ownership_by_accident_extraction_evidence.md	2	2203	3060
d1:0056_a_server_entry_without_ownership_by_accident_extraction_evidence.md	3	3060	3906
d1:0056_a_server_entry_without_ownership_by_accident_extraction_evidence.md	4	3907	5015
d1:0056_a_server_entry_without_ownership_by_accident_extraction_evidence.md	5	5016	6180
d1:0056_a_server_entry_without_ownership_by_accident_extraction_evidence.md	6	6181	7273
d1:0056_a_server_entry_without_ownership_by_accident_extraction_evidence.md	7	7274	8437
d1:0056_a_server_entry_without_ownership_by_accident_extraction_evidence.md	8	8438	9569
d1:0056_a_server_entry_without_ownership_by_accident_host_evidence.md	0	2	957
d1:0056_a_server_entry_without_ownership_by_accident_host_evidence.md	1	958	2134
d1:0056_a_server_entry_without_ownership_by_accident_host_evidence.md	2	2135	3383
d1:0056_a_server_entry_without_ownership_by_accident_host_evidence.md	3	3384	4584
d1:0057_a_project_declares_what_its_executable_contains.md	0	2	924
d1:0057_a_project_declares_what_its_executable_contains.md	1	925	2095
d1:0057_a_project_declares_what_its_executable_contains.md	2	2096	3254
d1:0057_a_project_declares_what_its_executable_contains.md	3	3255	4417
d1:0057_a_project_declares_what_its_executable_contains.md	4	4418	5329
d1:0057_a_project_declares_what_its_executable_contains.md	5	5330	6370
d1:0057_a_project_declares_what_its_executable_contains.md	6	6371	7547
d1:0057_a_project_declares_what_its_executable_contains.md	7	7548	8697
d1:0057_a_project_declares_what_its_executable_contains.md	8	8699	9892
d1:0057_a_project_declares_what_its_executable_contains.md	9	9892	11075
d1:0057_a_project_declares_what_its_executable_contains.md	10	11076	12074
d1:0057_a_project_declares_what_its_executable_contains.md	11	12075	13334
d1:0057_a_project_declares_what_its_executable_contains.md	12	13335	14629
d1:0057_a_project_declares_what_its_executable_contains.md	13	14630	15832
d1:0057_a_project_declares_what_its_executable_contains.md	14	15833	16971
d1:0057_a_project_declares_what_its_executable_contains.md	15	16972	18263
d1:0057_a_project_declares_what_its_executable_contains.md	16	18263	19523
d1:0057_a_project_declares_what_its_executable_contains.md	17	19524	20665
d1:0057_a_project_declares_what_its_executable_contains_assembly_evidence.md	0	2	1156
d1:0057_a_project_declares_what_its_executable_contains_assembly_evidence.md	1	1157	2349
d1:0057_a_project_declares_what_its_executable_contains_assembly_evidence.md	2	2350	3708
d1:0057_a_project_declares_what_its_executable_contains_assembly_evidence.md	3	3709	4820
d1:0057_a_project_declares_what_its_executable_contains_fingerprint_evidence.md	0	2	1167
d1:0057_a_project_declares_what_its_executable_contains_fingerprint_evidence.md	1	1168	2422
d1:0057_a_project_declares_what_its_executable_contains_fingerprint_evidence.md	2	2423	3423
d1:0057_a_project_declares_what_its_executable_contains_fingerprint_evidence.md	3	3423	4552
d1:0057_a_project_declares_what_its_executable_contains_fingerprint_evidence.md	4	4553	4943
d1:0057_a_project_declares_what_its_executable_contains_inputs_evidence.md	0	2	1089
d1:0057_a_project_declares_what_its_executable_contains_inputs_evidence.md	1	1090	2261
d1:0057_a_project_declares_what_its_executable_contains_inputs_evidence.md	2	2262	3491
d1:0057_a_project_declares_what_its_executable_contains_inputs_evidence.md	3	3491	4678
d1:0057_a_project_declares_what_its_executable_contains_inputs_evidence.md	4	4679	5801
d1:0057_a_project_declares_what_its_executable_contains_inputs_evidence.md	5	5801	6980
d1:0057_a_project_declares_what_its_executable_contains_inputs_evidence.md	6	6981	7609
d1:0057_a_project_declares_what_its_executable_contains_loader_evidence.md	0	2	1029
d1:0057_a_project_declares_what_its_executable_contains_loader_evidence.md	1	1030	2280
d1:0057_a_project_declares_what_its_executable_contains_loader_evidence.md	2	2281	3532
d1:0057_a_project_declares_what_its_executable_contains_loader_evidence.md	3	3532	4647
d1:0057_a_project_declares_what_its_executable_contains_loader_evidence.md	4	4648	5150
d1:0057_a_project_declares_what_its_executable_contains_regression_evidence.md	0	2	1109
d1:0057_a_project_declares_what_its_executable_contains_regression_evidence.md	1	1110	2246
d1:0057_a_project_declares_what_its_executable_contains_regression_evidence.md	2	2246	3302
d1:0057_a_project_declares_what_its_executable_contains_regression_evidence.md	3	3303	4144
d1:0057_a_project_declares_what_its_executable_contains_regression_evidence.md	4	4144	5236
d1:0057_a_project_declares_what_its_executable_contains_regression_evidence.md	5	5236	6363
d1:0057_a_project_declares_what_its_executable_contains_regression_evidence.md	6	6364	6490
d1:0057_a_project_declares_what_its_executable_contains_workflow_evidence.md	0	2	1124
d1:0057_a_project_declares_what_its_executable_contains_workflow_evidence.md	1	1125	2346
d1:0057_a_project_declares_what_its_executable_contains_workflow_evidence.md	2	2347	3543
d1:0057_a_project_declares_what_its_executable_contains_workflow_evidence.md	3	3544	4674
d1:0057_a_project_declares_what_its_executable_contains_workflow_evidence.md	4	4675	5861
d1:0057_a_project_declares_what_its_executable_contains_workflow_evidence.md	5	5862	7122
d1:0057_a_project_declares_what_its_executable_contains_workflow_evidence.md	6	7123	7421
d1:0058_a_small_dataframe_pipeline_through_the_same_engine.md	0	2	1117
d1:0058_a_small_dataframe_pipeline_through_the_same_engine.md	1	1117	2345
d1:0058_a_small_dataframe_pipeline_through_the_same_engine.md	2	2346	3464
d1:0058_a_small_dataframe_pipeline_through_the_same_engine.md	3	3464	4668
d1:0058_a_small_dataframe_pipeline_through_the_same_engine.md	4	4669	5574
d1:0058_a_small_dataframe_pipeline_through_the_same_engine.md	5	5574	6490
d1:0058_a_small_dataframe_pipeline_through_the_same_engine.md	6	6491	7685
d1:0058_a_small_dataframe_pipeline_through_the_same_engine.md	7	7686	8794
d1:0058_a_small_dataframe_pipeline_through_the_same_engine.md	8	8795	10035
d1:0058_a_small_dataframe_pipeline_through_the_same_engine.md	9	10036	11191
d1:0058_a_small_dataframe_pipeline_through_the_same_engine.md	10	11191	12256
d1:0058_a_small_dataframe_pipeline_through_the_same_engine.md	11	12257	13462
d1:0058_a_small_dataframe_pipeline_through_the_same_engine.md	12	13463	14603
d1:0058_a_small_dataframe_pipeline_through_the_same_engine.md	13	14603	15763
d1:0058_a_small_dataframe_pipeline_through_the_same_engine.md	14	15764	16939
d1:0058_a_small_dataframe_pipeline_through_the_same_engine.md	15	16940	18252
d1:0058_a_small_dataframe_pipeline_through_the_same_engine.md	16	18252	19423
d1:0058_a_small_dataframe_pipeline_through_the_same_engine.md	17	19424	20619
d1:0058_a_small_dataframe_pipeline_through_the_same_engine.md	18	20620	21862
d1:0058_a_small_dataframe_pipeline_through_the_same_engine.md	19	21863	22682
d1:0058_a_small_dataframe_pipeline_through_the_same_engine.md	20	22682	22924
d1:0058_a_small_dataframe_pipeline_through_the_same_engine_assembly_evidence.md	0	2	1066
d1:0058_a_small_dataframe_pipeline_through_the_same_engine_assembly_evidence.md	1	1067	2055
d1:0058_a_small_dataframe_pipeline_through_the_same_engine_assembly_evidence.md	2	2056	3253
d1:0058_a_small_dataframe_pipeline_through_the_same_engine_assembly_evidence.md	3	3254	4422
d1:0058_a_small_dataframe_pipeline_through_the_same_engine_assembly_evidence.md	4	4423	5455
d1:0058_a_small_dataframe_pipeline_through_the_same_engine_assembly_evidence.md	5	5455	5696
d1:0058_a_small_dataframe_pipeline_through_the_same_engine_boundary_evidence.md	0	2	901
d1:0058_a_small_dataframe_pipeline_through_the_same_engine_boundary_evidence.md	1	902	2055
d1:0058_a_small_dataframe_pipeline_through_the_same_engine_boundary_evidence.md	2	2055	3014
d1:0058_a_small_dataframe_pipeline_through_the_same_engine_boundary_evidence.md	3	3015	4123
d1:0058_a_small_dataframe_pipeline_through_the_same_engine_boundary_evidence.md	4	4123	5055
d1:0058_a_small_dataframe_pipeline_through_the_same_engine_boundary_evidence.md	5	5056	6124
d1:0058_a_small_dataframe_pipeline_through_the_same_engine_boundary_evidence.md	6	6125	6660
d1:0058_a_small_dataframe_pipeline_through_the_same_engine_cost_evidence.md	0	2	802
d1:0058_a_small_dataframe_pipeline_through_the_same_engine_cost_evidence.md	1	803	1969
d1:0058_a_small_dataframe_pipeline_through_the_same_engine_cost_evidence.md	2	1970	3064
d1:0058_a_small_dataframe_pipeline_through_the_same_engine_cost_evidence.md	3	3065	4266
d1:0058_a_small_dataframe_pipeline_through_the_same_engine_cost_evidence.md	4	4267	5370
d1:0058_a_small_dataframe_pipeline_through_the_same_engine_cost_evidence.md	5	5371	6522
d1:0058_a_small_dataframe_pipeline_through_the_same_engine_cost_evidence.md	6	6522	7521
d1:0058_a_small_dataframe_pipeline_through_the_same_engine_cost_evidence.md	7	7522	7731
d1:0058_a_small_dataframe_pipeline_through_the_same_engine_engine_thread_evidence.md	0	2	1176
d1:0058_a_small_dataframe_pipeline_through_the_same_engine_engine_thread_evidence.md	1	1177	2192
d1:0058_a_small_dataframe_pipeline_through_the_same_engine_engine_thread_evidence.md	2	2194	3357
d1:0058_a_small_dataframe_pipeline_through_the_same_engine_engine_thread_evidence.md	3	3358	4462
d1:0058_a_small_dataframe_pipeline_through_the_same_engine_engine_thread_evidence.md	4	4463	5617
d1:0058_a_small_dataframe_pipeline_through_the_same_engine_engine_thread_evidence.md	5	5618	6036
d1:0058_a_small_dataframe_pipeline_through_the_same_engine_files_evidence.md	0	2	1129
d1:0058_a_small_dataframe_pipeline_through_the_same_engine_files_evidence.md	1	1130	2105
d1:0058_a_small_dataframe_pipeline_through_the_same_engine_files_evidence.md	2	2106	3220
d1:0058_a_small_dataframe_pipeline_through_the_same_engine_files_evidence.md	3	3221	4418
d1:0058_a_small_dataframe_pipeline_through_the_same_engine_files_evidence.md	4	4419	5541
d1:0058_a_small_dataframe_pipeline_through_the_same_engine_files_evidence.md	5	5541	5912
d1:0058_a_small_dataframe_pipeline_through_the_same_engine_preview_evidence.md	0	2	1100
d1:0058_a_small_dataframe_pipeline_through_the_same_engine_preview_evidence.md	1	1101	2292
d1:0058_a_small_dataframe_pipeline_through_the_same_engine_preview_evidence.md	2	2292	3416
d1:0058_a_small_dataframe_pipeline_through_the_same_engine_preview_evidence.md	3	3417	4454
d1:0058_a_small_dataframe_pipeline_through_the_same_engine_preview_evidence.md	4	4455	4518
d1:0058_a_small_dataframe_pipeline_through_the_same_engine_regression_evidence.md	0	2	1012
d1:0058_a_small_dataframe_pipeline_through_the_same_engine_regression_evidence.md	1	1012	2134
d1:0058_a_small_dataframe_pipeline_through_the_same_engine_regression_evidence.md	2	2135	3180
d1:0058_a_small_dataframe_pipeline_through_the_same_engine_regression_evidence.md	3	3180	4336
d1:0058_a_small_dataframe_pipeline_through_the_same_engine_regression_evidence.md	4	4337	4547
d1:0059_a_project_run_is_an_everyday_launch.md	0	2	1001
d1:0059_a_project_run_is_an_everyday_launch.md	1	1001	2206
d1:0059_a_project_run_is_an_everyday_launch.md	2	2206	3415
d1:0059_a_project_run_is_an_everyday_launch.md	3	3416	4600
d1:0059_a_project_run_is_an_everyday_launch.md	4	4600	5821
d1:0059_a_project_run_is_an_everyday_launch.md	5	5822	6936
d1:0059_a_project_run_is_an_everyday_launch.md	6	6936	8149
d1:0059_a_project_run_is_an_everyday_launch.md	7	8150	9467
d1:0059_a_project_run_is_an_everyday_launch.md	8	9468	10653
d1:0059_a_project_run_is_an_everyday_launch.md	9	10654	11893
d1:0059_a_project_run_is_an_everyday_launch.md	10	11894	13104
d1:0059_a_project_run_is_an_everyday_launch.md	11	13105	14317
d1:0059_a_project_run_is_an_everyday_launch.md	12	14317	15646
d1:0059_a_project_run_is_an_everyday_launch.md	13	15647	16170
d1:0059_a_project_run_is_an_everyday_launch_default_evidence.md	0	2	946
d1:0059_a_project_run_is_an_everyday_launch_default_evidence.md	1	947	2017
d1:0059_a_project_run_is_an_everyday_launch_default_evidence.md	2	2018	3295
d1:0059_a_project_run_is_an_everyday_launch_default_evidence.md	3	3296	4499
d1:0059_a_project_run_is_an_everyday_launch_default_evidence.md	4	4500	5781
d1:0059_a_project_run_is_an_everyday_launch_default_evidence.md	5	5781	6871
d1:0059_a_project_run_is_an_everyday_launch_default_evidence.md	6	6872	7973
d1:0059_a_project_run_is_an_everyday_launch_default_evidence.md	7	7974	8225
d1:0059_a_project_run_is_an_everyday_launch_stage_one_evidence.md	0	2	1036
d1:0059_a_project_run_is_an_everyday_launch_stage_one_evidence.md	1	1037	2214
d1:0059_a_project_run_is_an_everyday_launch_stage_one_evidence.md	2	2214	3410
d1:0059_a_project_run_is_an_everyday_launch_stage_one_evidence.md	3	3411	4634
d1:0059_a_project_run_is_an_everyday_launch_stage_one_evidence.md	4	4635	5016
d1:0060_a_project_opens_at_its_own_prompt.md	0	2	1224
d1:0060_a_project_opens_at_its_own_prompt.md	1	1225	2202
d1:0060_a_project_opens_at_its_own_prompt.md	2	2203	3384
d1:0060_a_project_opens_at_its_own_prompt.md	3	3385	4672
d1:0060_a_project_opens_at_its_own_prompt.md	4	4673	5911
d1:0060_a_project_opens_at_its_own_prompt.md	5	5912	7151
d1:0060_a_project_opens_at_its_own_prompt.md	6	7152	8447
d1:0060_a_project_opens_at_its_own_prompt.md	7	8448	9763
d1:0060_a_project_opens_at_its_own_prompt.md	8	9764	10660
d1:0060_a_project_opens_at_its_own_prompt_evidence.md	0	2	1098
d1:0060_a_project_opens_at_its_own_prompt_evidence.md	1	1099	2315
d1:0060_a_project_opens_at_its_own_prompt_evidence.md	2	2316	3573
d1:0060_a_project_opens_at_its_own_prompt_evidence.md	3	3574	4709
d1:0060_a_project_opens_at_its_own_prompt_evidence.md	4	4710	5747
d1:0060_a_project_opens_at_its_own_prompt_evidence.md	5	5748	6470
d1:0061_projects_share_an_assembled_executable.md	0	2	771
d1:0061_projects_share_an_assembled_executable.md	1	772	2101
d1:0061_projects_share_an_assembled_executable.md	2	2102	3272
d1:0061_projects_share_an_assembled_executable.md	3	3273	4446
d1:0061_projects_share_an_assembled_executable.md	4	4446	5649
d1:0061_projects_share_an_assembled_executable.md	5	5650	7009
d1:0061_projects_share_an_assembled_executable.md	6	7010	8264
d1:0061_projects_share_an_assembled_executable.md	7	8265	9644
d1:0061_projects_share_an_assembled_executable.md	8	9645	10821
d1:0061_projects_share_an_assembled_executable.md	9	10821	12129
d1:0061_projects_share_an_assembled_executable.md	10	12130	13397
d1:0061_projects_share_an_assembled_executable.md	11	13398	14692
d1:0061_projects_share_an_assembled_executable.md	12	14693	16010
d1:0061_projects_share_an_assembled_executable.md	13	16011	17293
d1:0061_projects_share_an_assembled_executable.md	14	17294	18526
d1:0061_projects_share_an_assembled_executable.md	15	18527	18551
d1:0061_projects_share_an_assembled_executable_commands_evidence.md	0	2	1104
d1:0061_projects_share_an_assembled_executable_commands_evidence.md	1	1104	2320
d1:0061_projects_share_an_assembled_executable_commands_evidence.md	2	2321	3346
d1:0061_projects_share_an_assembled_executable_commands_evidence.md	3	3346	4517
d1:0061_projects_share_an_assembled_executable_commands_evidence.md	4	4518	5778
d1:0061_projects_share_an_assembled_executable_commands_evidence.md	5	5779	7022
d1:0061_projects_share_an_assembled_executable_commands_evidence.md	6	7022	7809
d1:0061_projects_share_an_assembled_executable_context_evidence.md	0	2	1199
d1:0061_projects_share_an_assembled_executable_context_evidence.md	1	1200	2560
d1:0061_projects_share_an_assembled_executable_context_evidence.md	2	2561	3844
d1:0061_projects_share_an_assembled_executable_context_evidence.md	3	3845	5130
d1:0061_projects_share_an_assembled_executable_context_evidence.md	4	5131	5141
d1:0061_projects_share_an_assembled_executable_identity_evidence.md	0	2	1246
d1:0061_projects_share_an_assembled_executable_identity_evidence.md	1	1246	2553
d1:0061_projects_share_an_assembled_executable_identity_evidence.md	2	2554	3823
d1:0061_projects_share_an_assembled_executable_identity_evidence.md	3	3824	5181
d1:0061_projects_share_an_assembled_executable_identity_evidence.md	4	5182	5863
d1:0061_projects_share_an_assembled_executable_polars_evidence.md	0	2	870
d1:0061_projects_share_an_assembled_executable_polars_evidence.md	1	871	1985
d1:0061_projects_share_an_assembled_executable_polars_evidence.md	2	1986	3184
d1:0061_projects_share_an_assembled_executable_polars_evidence.md	3	3185	4406
d1:0061_projects_share_an_assembled_executable_polars_evidence.md	4	4407	5420
d1:0061_projects_share_an_assembled_executable_polars_evidence.md	5	5421	6513
d1:0061_projects_share_an_assembled_executable_polars_evidence.md	6	6514	7293
d1:0061_projects_share_an_assembled_executable_polars_evidence.md	7	7294	8049
d1:0061_projects_share_an_assembled_executable_publication_evidence.md	0	2	1118
d1:0061_projects_share_an_assembled_executable_publication_evidence.md	1	1119	2369
d1:0061_projects_share_an_assembled_executable_publication_evidence.md	2	2370	3556
d1:0061_projects_share_an_assembled_executable_publication_evidence.md	3	3556	4664
d1:0061_projects_share_an_assembled_executable_publication_evidence.md	4	4664	5882
d1:0061_projects_share_an_assembled_executable_publication_evidence.md	5	5883	7027
d1:0061_projects_share_an_assembled_executable_publication_evidence.md	6	7028	7309
d1:0061_projects_share_an_assembled_executable_regression_evidence.md	0	2	975
d1:0061_projects_share_an_assembled_executable_regression_evidence.md	1	975	2126
d1:0061_projects_share_an_assembled_executable_regression_evidence.md	2	2127	3316
d1:0061_projects_share_an_assembled_executable_regression_evidence.md	3	3317	4405
d1:0061_projects_share_an_assembled_executable_regression_evidence.md	4	4405	5674
d1:0061_projects_share_an_assembled_executable_regression_evidence.md	5	5674	6980
d1:0061_projects_share_an_assembled_executable_regression_evidence.md	6	6980	7470
d1:0062_an_adapter_name_becomes_a_declaration.md	0	2	1132
d1:0062_an_adapter_name_becomes_a_declaration.md	1	1133	2211
d1:0062_an_adapter_name_becomes_a_declaration.md	2	2212	3363
d1:0062_an_adapter_name_becomes_a_declaration.md	3	3364	4620
d1:0062_an_adapter_name_becomes_a_declaration.md	4	4621	5712
d1:0062_an_adapter_name_becomes_a_declaration.md	5	5713	7007
d1:0062_an_adapter_name_becomes_a_declaration.md	6	7008	8285
d1:0062_an_adapter_name_becomes_a_declaration.md	7	8286	9408
d1:0062_an_adapter_name_becomes_a_declaration.md	8	9409	10685
d1:0062_an_adapter_name_becomes_a_declaration.md	9	10686	11997
d1:0062_an_adapter_name_becomes_a_declaration.md	10	11997	13349
d1:0062_an_adapter_name_becomes_a_declaration.md	11	13349	13350
d1:0062_an_adapter_name_becomes_a_declaration_authoring_evidence.md	0	2	1150
d1:0062_an_adapter_name_becomes_a_declaration_authoring_evidence.md	1	1151	2372
d1:0062_an_adapter_name_becomes_a_declaration_authoring_evidence.md	2	2373	3521
d1:0062_an_adapter_name_becomes_a_declaration_authoring_evidence.md	3	3522	4795
d1:0062_an_adapter_name_becomes_a_declaration_authoring_evidence.md	4	4796	6115
d1:0062_an_adapter_name_becomes_a_declaration_authoring_evidence.md	5	6116	6476
d1:0062_an_adapter_name_becomes_a_declaration_implementation_evidence.md	0	2	1122
d1:0062_an_adapter_name_becomes_a_declaration_implementation_evidence.md	1	1123	1964
d1:0062_an_adapter_name_becomes_a_declaration_implementation_evidence.md	2	1965	3067
d1:0062_an_adapter_name_becomes_a_declaration_implementation_evidence.md	3	3068	4226
d1:0062_an_adapter_name_becomes_a_declaration_implementation_evidence.md	4	4226	5460
d1:0062_an_adapter_name_becomes_a_declaration_implementation_evidence.md	5	5461	6727
d1:0062_an_adapter_name_becomes_a_declaration_implementation_evidence.md	6	6727	7818
d1:0062_an_adapter_name_becomes_a_declaration_implementation_evidence.md	7	7818	8839
d1:0062_an_adapter_name_becomes_a_declaration_implementation_evidence.md	8	8840	10041
d1:0062_an_adapter_name_becomes_a_declaration_implementation_evidence.md	9	10041	10985
d1:0062_an_adapter_name_becomes_a_declaration_implementation_evidence.md	10	10986	11687
d1:0063_a_session_can_request_its_next_executable.md	0	2	1008
d1:0063_a_session_can_request_its_next_executable.md	1	1009	2174
d1:0063_a_session_can_request_its_next_executable.md	2	2175	3428
d1:0063_a_session_can_request_its_next_executable.md	3	3429	4606
d1:0063_a_session_can_request_its_next_executable.md	4	4607	5870
d1:0063_a_session_can_request_its_next_executable.md	5	5871	7021
d1:0063_a_session_can_request_its_next_executable.md	6	7022	8211
d1:0063_a_session_can_request_its_next_executable.md	7	8212	9535
d1:0063_a_session_can_request_its_next_executable.md	8	9536	10788
d1:0063_a_session_can_request_its_next_executable.md	9	10789	12039
d1:0063_a_session_can_request_its_next_executable.md	10	12040	13335
d1:0063_a_session_can_request_its_next_executable.md	11	13336	14550
d1:0063_a_session_can_request_its_next_executable.md	12	14551	15864
d1:0063_a_session_can_request_its_next_executable.md	13	15864	17226
d1:0063_a_session_can_request_its_next_executable.md	14	17227	18519
d1:0063_a_session_can_request_its_next_executable.md	15	18520	19843
d1:0063_a_session_can_request_its_next_executable.md	16	19844	20671
d1:0063_a_session_can_request_its_next_executable_acceptance_evidence.md	0	2	1226
d1:0063_a_session_can_request_its_next_executable_acceptance_evidence.md	1	1227	2350
d1:0063_a_session_can_request_its_next_executable_acceptance_evidence.md	2	2352	3515
d1:0063_a_session_can_request_its_next_executable_acceptance_evidence.md	3	3516	4268
d1:0063_a_session_can_request_its_next_executable_acceptance_evidence.md	4	4269	5313
d1:0063_a_session_can_request_its_next_executable_acceptance_evidence.md	5	5313	6522
d1:0063_a_session_can_request_its_next_executable_acceptance_evidence.md	6	6522	7755
d1:0063_a_session_can_request_its_next_executable_acceptance_evidence.md	7	7756	7769
d1:0063_a_session_can_request_its_next_executable_commit_evidence.md	0	2	1102
d1:0063_a_session_can_request_its_next_executable_commit_evidence.md	1	1103	2362
d1:0063_a_session_can_request_its_next_executable_commit_evidence.md	2	2363	3608
d1:0063_a_session_can_request_its_next_executable_commit_evidence.md	3	3608	4265
d1:0063_a_session_can_request_its_next_executable_dogfood_evidence.md	0	2	1023
d1:0063_a_session_can_request_its_next_executable_dogfood_evidence.md	1	1024	2191
d1:0063_a_session_can_request_its_next_executable_dogfood_evidence.md	2	2192	3358
d1:0063_a_session_can_request_its_next_executable_dogfood_evidence.md	3	3359	4432
d1:0063_a_session_can_request_its_next_executable_dogfood_evidence.md	4	4433	5611
d1:0063_a_session_can_request_its_next_executable_dogfood_evidence.md	5	5612	5881
d1:0063_a_session_can_request_its_next_executable_ownership_evidence.md	0	2	1204
d1:0063_a_session_can_request_its_next_executable_ownership_evidence.md	1	1205	2423
d1:0063_a_session_can_request_its_next_executable_ownership_evidence.md	2	2424	3690
d1:0063_a_session_can_request_its_next_executable_ownership_evidence.md	3	3691	4930
d1:0063_a_session_can_request_its_next_executable_ownership_evidence.md	4	4931	6182
d1:0063_a_session_can_request_its_next_executable_ownership_evidence.md	5	6182	7417
d1:0063_a_session_can_request_its_next_executable_ownership_evidence.md	6	7418	8700
d1:0063_a_session_can_request_its_next_executable_ownership_evidence.md	7	8701	9285
d1:0063_a_session_can_request_its_next_executable_preparation_evidence.md	0	2	1244
d1:0063_a_session_can_request_its_next_executable_preparation_evidence.md	1	1245	2507
d1:0063_a_session_can_request_its_next_executable_preparation_evidence.md	2	2507	3695
d1:0063_a_session_can_request_its_next_executable_preparation_evidence.md	3	3696	4941
d1:0063_a_session_can_request_its_next_executable_preparation_evidence.md	4	4941	6176
d1:0063_a_session_can_request_its_next_executable_preparation_evidence.md	5	6177	7400
d1:0063_a_session_can_request_its_next_executable_preparation_evidence.md	6	7401	8240
d1:0063_a_session_can_request_its_next_executable_startup_evidence.md	0	2	1024
d1:0063_a_session_can_request_its_next_executable_startup_evidence.md	1	1025	2256
d1:0063_a_session_can_request_its_next_executable_startup_evidence.md	2	2257	3380
d1:0063_a_session_can_request_its_next_executable_startup_evidence.md	3	3380	4610
d1:0063_a_session_can_request_its_next_executable_startup_evidence.md	4	4611	5831
d1:0063_a_session_can_request_its_next_executable_startup_evidence.md	5	5831	7075
d1:0063_a_session_can_request_its_next_executable_startup_evidence.md	6	7076	7464
d1:0064_a_runtime_installation_outlives_its_checkout.md	0	2	942
d1:0064_a_runtime_installation_outlives_its_checkout.md	1	942	1972
d1:0064_a_runtime_installation_outlives_its_checkout.md	2	1973	3158
d1:0064_a_runtime_installation_outlives_its_checkout.md	3	3159	4311
d1:0064_a_runtime_installation_outlives_its_checkout.md	4	4312	5509
d1:0064_a_runtime_installation_outlives_its_checkout.md	5	5510	6831
d1:0064_a_runtime_installation_outlives_its_checkout.md	6	6831	7900
d1:0064_a_runtime_installation_outlives_its_checkout.md	7	7901	9083
d1:0064_a_runtime_installation_outlives_its_checkout.md	8	9084	10307
d1:0064_a_runtime_installation_outlives_its_checkout.md	9	10307	11546
d1:0064_a_runtime_installation_outlives_its_checkout.md	10	11547	12835
d1:0064_a_runtime_installation_outlives_its_checkout.md	11	12836	13984
d1:0064_a_runtime_installation_outlives_its_checkout.md	12	13985	15287
d1:0064_a_runtime_installation_outlives_its_checkout.md	13	15287	16560
d1:0064_a_runtime_installation_outlives_its_checkout.md	14	16561	17830
d1:0064_a_runtime_installation_outlives_its_checkout.md	15	17830	19088
d1:0064_a_runtime_installation_outlives_its_checkout.md	16	19092	20376
d1:0064_a_runtime_installation_outlives_its_checkout.md	17	20377	21592
d1:0064_a_runtime_installation_outlives_its_checkout.md	18	21593	22376
d1:0064_a_runtime_installation_outlives_its_checkout_cost_evidence.md	0	2	990
d1:0064_a_runtime_installation_outlives_its_checkout_cost_evidence.md	1	991	1957
d1:0064_a_runtime_installation_outlives_its_checkout_cost_evidence.md	2	1958	2917
d1:0064_a_runtime_installation_outlives_its_checkout_cost_evidence.md	3	2918	4079
d1:0064_a_runtime_installation_outlives_its_checkout_cost_evidence.md	4	4080	5007
d1:0064_a_runtime_installation_outlives_its_checkout_cost_evidence.md	5	5008	5711
d1:0064_a_runtime_installation_outlives_its_checkout_cost_evidence.md	6	5711	6906
d1:0064_a_runtime_installation_outlives_its_checkout_cost_evidence.md	7	6907	7651
d1:0064_a_runtime_installation_outlives_its_checkout_discovery_evidence.md	0	2	1122
d1:0064_a_runtime_installation_outlives_its_checkout_discovery_evidence.md	1	1122	2409
d1:0064_a_runtime_installation_outlives_its_checkout_discovery_evidence.md	2	2410	3702
d1:0064_a_runtime_installation_outlives_its_checkout_discovery_evidence.md	3	3703	4920
d1:0064_a_runtime_installation_outlives_its_checkout_discovery_evidence.md	4	4921	5801
d1:0064_a_runtime_installation_outlives_its_checkout_index_evidence.md	0	2	1048
d1:0064_a_runtime_installation_outlives_its_checkout_index_evidence.md	1	1048	2229
d1:0064_a_runtime_installation_outlives_its_checkout_index_evidence.md	2	2230	3241
d1:0064_a_runtime_installation_outlives_its_checkout_index_evidence.md	3	3242	4394
d1:0064_a_runtime_installation_outlives_its_checkout_index_evidence.md	4	4394	5482
d1:0064_a_runtime_installation_outlives_its_checkout_index_evidence.md	5	5483	6643
d1:0064_a_runtime_installation_outlives_its_checkout_index_evidence.md	6	6644	7541
d1:0064_a_runtime_installation_outlives_its_checkout_index_evidence.md	7	7542	8874
d1:0064_a_runtime_installation_outlives_its_checkout_index_evidence.md	8	8876	9506
d1:0064_a_runtime_installation_outlives_its_checkout_journey_evidence.md	0	2	1106
d1:0064_a_runtime_installation_outlives_its_checkout_journey_evidence.md	1	1107	2412
d1:0064_a_runtime_installation_outlives_its_checkout_journey_evidence.md	2	2413	3510
d1:0064_a_runtime_installation_outlives_its_checkout_journey_evidence.md	3	3511	4652
d1:0064_a_runtime_installation_outlives_its_checkout_journey_evidence.md	4	4653	5921
d1:0064_a_runtime_installation_outlives_its_checkout_journey_evidence.md	5	5921	6459
d1:0064_a_runtime_installation_outlives_its_checkout_publication_evidence.md	0	2	1077
d1:0064_a_runtime_installation_outlives_its_checkout_publication_evidence.md	1	1078	2306
d1:0064_a_runtime_installation_outlives_its_checkout_publication_evidence.md	2	2307	3511
d1:0064_a_runtime_installation_outlives_its_checkout_publication_evidence.md	3	3512	4738
d1:0064_a_runtime_installation_outlives_its_checkout_publication_evidence.md	4	4738	5914
d1:0064_a_runtime_installation_outlives_its_checkout_publication_evidence.md	5	5915	7036
d1:0064_a_runtime_installation_outlives_its_checkout_publication_evidence.md	6	7037	8067
d1:0064_a_runtime_installation_outlives_its_checkout_publication_evidence.md	7	8068	9324
d1:0064_a_runtime_installation_outlives_its_checkout_publication_evidence.md	8	9324	9578
d1:0064_a_runtime_installation_outlives_its_checkout_regression_evidence.md	0	2	912
d1:0064_a_runtime_installation_outlives_its_checkout_regression_evidence.md	1	913	1931
d1:0064_a_runtime_installation_outlives_its_checkout_regression_evidence.md	2	1931	3140
d1:0064_a_runtime_installation_outlives_its_checkout_regression_evidence.md	3	3141	4291
d1:0064_a_runtime_installation_outlives_its_checkout_regression_evidence.md	4	4292	5631
d1:0064_a_runtime_installation_outlives_its_checkout_regression_evidence.md	5	5632	6687
d1:0064_a_runtime_installation_outlives_its_checkout_regression_evidence.md	6	6688	7747
d1:0065_a_launch_checks_each_native_file_once.md	0	2	955
d1:0065_a_launch_checks_each_native_file_once.md	1	955	1844
d1:0065_a_launch_checks_each_native_file_once.md	2	1844	2928
d1:0065_a_launch_checks_each_native_file_once.md	3	2929	3973
d1:0065_a_launch_checks_each_native_file_once.md	4	3974	5026
d1:0065_a_launch_checks_each_native_file_once.md	5	5027	6108
d1:0065_a_launch_checks_each_native_file_once.md	6	6109	7106
d1:0065_a_launch_checks_each_native_file_once.md	7	7106	8117
d1:0065_a_launch_checks_each_native_file_once.md	8	8118	9323
d1:0065_a_launch_checks_each_native_file_once.md	9	9324	10470
d1:0065_a_launch_checks_each_native_file_once.md	10	10471	11696
d1:0065_a_launch_checks_each_native_file_once.md	11	11697	12923
d1:0065_a_launch_checks_each_native_file_once.md	12	12924	14138
d1:0065_a_launch_checks_each_native_file_once.md	13	14139	15362
d1:0065_a_launch_checks_each_native_file_once.md	14	15362	16657
d1:0065_a_launch_checks_each_native_file_once.md	15	16658	17898
d1:0065_a_launch_checks_each_native_file_once.md	16	17899	19122
d1:0065_a_launch_checks_each_native_file_once.md	17	19123	20369
d1:0065_a_launch_checks_each_native_file_once.md	18	20370	21576
d1:0065_a_launch_checks_each_native_file_once.md	19	21576	22875
d1:0065_a_launch_checks_each_native_file_once.md	20	22875	23850
d1:0065_a_launch_checks_each_native_file_once_directory_evidence.md	0	2	1199
d1:0065_a_launch_checks_each_native_file_once_directory_evidence.md	1	1200	2394
d1:0065_a_launch_checks_each_native_file_once_directory_evidence.md	2	2394	3173
d1:0065_a_launch_checks_each_native_file_once_directory_evidence.md	3	3173	4157
d1:0065_a_launch_checks_each_native_file_once_directory_evidence.md	4	4158	5197
d1:0065_a_launch_checks_each_native_file_once_directory_evidence.md	5	5198	6406
d1:0065_a_launch_checks_each_native_file_once_directory_evidence.md	6	6407	6430
d1:0065_a_launch_checks_each_native_file_once_encoding_evidence.md	0	2	1052
d1:0065_a_launch_checks_each_native_file_once_encoding_evidence.md	1	1053	2262
d1:0065_a_launch_checks_each_native_file_once_encoding_evidence.md	2	2263	3419
d1:0065_a_launch_checks_each_native_file_once_encoding_evidence.md	3	3420	4593
d1:0065_a_launch_checks_each_native_file_once_encoding_evidence.md	4	4594	5642
d1:0065_a_launch_checks_each_native_file_once_migration_evidence.md	0	2	1285
d1:0065_a_launch_checks_each_native_file_once_migration_evidence.md	1	1286	2451
d1:0065_a_launch_checks_each_native_file_once_migration_evidence.md	2	2451	3635
d1:0065_a_launch_checks_each_native_file_once_migration_evidence.md	3	3636	4850
d1:0065_a_launch_checks_each_native_file_once_migration_evidence.md	4	4851	6087
d1:0065_a_launch_checks_each_native_file_once_migration_evidence.md	5	6088	7341
d1:0065_a_launch_checks_each_native_file_once_migration_evidence.md	6	7342	8402
d1:0065_a_launch_checks_each_native_file_once_nested_evidence.md	0	2	1207
d1:0065_a_launch_checks_each_native_file_once_nested_evidence.md	1	1208	2344
d1:0065_a_launch_checks_each_native_file_once_nested_evidence.md	2	2345	3569
d1:0065_a_launch_checks_each_native_file_once_nested_evidence.md	3	3569	4457
d1:0065_a_launch_checks_each_native_file_once_nested_evidence.md	4	4458	5745
d1:0065_a_launch_checks_each_native_file_once_nested_evidence.md	5	5746	6905
d1:0065_a_launch_checks_each_native_file_once_nested_evidence.md	6	6906	7888
d1:0065_a_launch_checks_each_native_file_once_position_evidence.md	0	2	1058
d1:0065_a_launch_checks_each_native_file_once_position_evidence.md	1	1059	2282
d1:0065_a_launch_checks_each_native_file_once_position_evidence.md	2	2283	3401
d1:0065_a_launch_checks_each_native_file_once_position_evidence.md	3	3402	4220
d1:0065_a_launch_checks_each_native_file_once_position_evidence.md	4	4220	5025
d1:0065_a_launch_checks_each_native_file_once_position_evidence.md	5	5027	6028
d1:0065_a_launch_checks_each_native_file_once_position_evidence.md	6	6029	6607
d1:0065_a_launch_checks_each_native_file_once_position_evidence.md	7	6608	7657
d1:0065_a_launch_checks_each_native_file_once_position_evidence.md	8	7658	8715
d1:0065_a_launch_checks_each_native_file_once_product_evidence.md	0	2	1285
d1:0065_a_launch_checks_each_native_file_once_product_evidence.md	1	1286	2507
d1:0065_a_launch_checks_each_native_file_once_product_evidence.md	2	2507	3540
d1:0065_a_launch_checks_each_native_file_once_product_evidence.md	3	3540	4371
d1:0065_a_launch_checks_each_native_file_once_product_evidence.md	4	4372	5433
d1:0065_a_launch_checks_each_native_file_once_product_evidence.md	5	5433	6689
d1:0065_a_launch_checks_each_native_file_once_product_evidence.md	6	6690	7189
d1:0065_a_launch_checks_each_native_file_once_regression_evidence.md	0	2	1041
d1:0065_a_launch_checks_each_native_file_once_regression_evidence.md	1	1042	1920
d1:0065_a_launch_checks_each_native_file_once_regression_evidence.md	2	1921	2620
d1:0065_a_launch_checks_each_native_file_once_regression_evidence.md	3	2621	3375
d1:0065_a_launch_checks_each_native_file_once_regression_evidence.md	4	3376	4481
d1:0065_a_launch_checks_each_native_file_once_regression_evidence.md	5	4482	5392
d1:0065_a_launch_checks_each_native_file_once_regression_evidence.md	6	5393	6584
d1:0065_a_launch_checks_each_native_file_once_regression_evidence.md	7	6584	7580
d1:0065_a_launch_checks_each_native_file_once_regression_evidence.md	8	7581	8875
d1:0065_a_launch_checks_each_native_file_once_regression_evidence.md	9	8875	10041
d1:0065_a_launch_checks_each_native_file_once_scoped_evidence.md	0	2	1080
d1:0065_a_launch_checks_each_native_file_once_scoped_evidence.md	1	1081	2275
d1:0065_a_launch_checks_each_native_file_once_scoped_evidence.md	2	2275	3487
d1:0065_a_launch_checks_each_native_file_once_scoped_evidence.md	3	3488	4710
d1:0065_a_launch_checks_each_native_file_once_scoped_evidence.md	4	4711	5456
d1:0065_a_launch_checks_each_native_file_once_scoped_evidence.md	5	5457	6414
d1:0065_a_launch_checks_each_native_file_once_scoped_evidence.md	6	6415	7369
d1:0065_a_launch_checks_each_native_file_once_scoped_evidence.md	7	7370	7985
d1:0065_a_launch_checks_each_native_file_once_scoped_evidence.md	8	7986	9101
d1:0065_a_launch_checks_each_native_file_once_scoped_evidence.md	9	9102	10233
d1:0065_a_launch_checks_each_native_file_once_scoped_evidence.md	10	10234	10403
d1:0065_a_launch_checks_each_native_file_once_workflow_evidence.md	0	2	1179
d1:0065_a_launch_checks_each_native_file_once_workflow_evidence.md	1	1180	2377
d1:0065_a_launch_checks_each_native_file_once_workflow_evidence.md	2	2378	3607
d1:0065_a_launch_checks_each_native_file_once_workflow_evidence.md	3	3607	4707
d1:0065_a_launch_checks_each_native_file_once_workflow_evidence.md	4	4708	5421
d1:0065_a_launch_checks_each_native_file_once_workflow_evidence.md	5	5422	6363
d1:0065_a_launch_checks_each_native_file_once_workflow_evidence.md	6	6364	7589
d1:0065_a_launch_checks_each_native_file_once_workflow_evidence.md	7	7590	8787
d1:0065_a_launch_checks_each_native_file_once_workflow_evidence.md	8	8788	9239
d1:0066_removal_is_an_explicit_ownership_decision.md	0	2	1011
d1:0066_removal_is_an_explicit_ownership_decision.md	1	1011	2238
d1:0066_removal_is_an_explicit_ownership_decision.md	2	2239	3071
d1:0066_removal_is_an_explicit_ownership_decision.md	3	3071	4299
d1:0066_removal_is_an_explicit_ownership_decision.md	4	4300	5378
d1:0066_removal_is_an_explicit_ownership_decision.md	5	5378	6585
d1:0066_removal_is_an_explicit_ownership_decision.md	6	6586	7788
d1:0066_removal_is_an_explicit_ownership_decision.md	7	7789	8947
d1:0066_removal_is_an_explicit_ownership_decision.md	8	8948	10147
d1:0066_removal_is_an_explicit_ownership_decision.md	9	10148	11294
d1:0066_removal_is_an_explicit_ownership_decision.md	10	11294	12534
d1:0066_removal_is_an_explicit_ownership_decision.md	11	12535	13677
d1:0066_removal_is_an_explicit_ownership_decision.md	12	13678	14885
d1:0066_removal_is_an_explicit_ownership_decision.md	13	14886	16143
d1:0066_removal_is_an_explicit_ownership_decision.md	14	16143	17418
d1:0066_removal_is_an_explicit_ownership_decision.md	15	17419	18595
d1:0066_removal_is_an_explicit_ownership_decision.md	16	18595	19792
d1:0066_removal_is_an_explicit_ownership_decision.md	17	19792	21044
d1:0066_removal_is_an_explicit_ownership_decision.md	18	21045	22297
d1:0066_removal_is_an_explicit_ownership_decision.md	19	22301	23461
d1:0066_removal_is_an_explicit_ownership_decision_closing_evidence.md	0	2	1097
d1:0066_removal_is_an_explicit_ownership_decision_closing_evidence.md	1	1097	1854
d1:0066_removal_is_an_explicit_ownership_decision_closing_evidence.md	2	1854	2739
d1:0066_removal_is_an_explicit_ownership_decision_closing_evidence.md	3	2740	3754
d1:0066_removal_is_an_explicit_ownership_decision_closing_evidence.md	4	3755	4503
d1:0066_removal_is_an_explicit_ownership_decision_closing_evidence.md	5	4504	5663
d1:0066_removal_is_an_explicit_ownership_decision_closing_evidence.md	6	5664	6965
d1:0066_removal_is_an_explicit_ownership_decision_closing_evidence.md	7	6966	7906
d1:0066_removal_is_an_explicit_ownership_decision_commands_evidence.md	0	2	1048
d1:0066_removal_is_an_explicit_ownership_decision_commands_evidence.md	1	1049	2224
d1:0066_removal_is_an_explicit_ownership_decision_commands_evidence.md	2	2225	3068
d1:0066_removal_is_an_explicit_ownership_decision_commands_evidence.md	3	3069	4272
d1:0066_removal_is_an_explicit_ownership_decision_commands_evidence.md	4	4273	5196
d1:0066_removal_is_an_explicit_ownership_decision_commands_evidence.md	5	5196	6214
d1:0066_removal_is_an_explicit_ownership_decision_commands_evidence.md	6	6215	6828
d1:0066_removal_is_an_explicit_ownership_decision_mount_evidence.md	0	2	994
d1:0066_removal_is_an_explicit_ownership_decision_mount_evidence.md	1	995	2141
d1:0066_removal_is_an_explicit_ownership_decision_mount_evidence.md	2	2142	2280
d1:0066_removal_is_an_explicit_ownership_decision_ownership_evidence.md	0	2	958
d1:0066_removal_is_an_explicit_ownership_decision_ownership_evidence.md	1	959	2017
d1:0066_removal_is_an_explicit_ownership_decision_ownership_evidence.md	2	2018	3201
d1:0066_removal_is_an_explicit_ownership_decision_ownership_evidence.md	3	3202	4306
d1:0066_removal_is_an_explicit_ownership_decision_ownership_evidence.md	4	4306	5443
d1:0066_removal_is_an_explicit_ownership_decision_ownership_evidence.md	5	5444	6674
d1:0066_removal_is_an_explicit_ownership_decision_ownership_evidence.md	6	6675	7822
d1:0066_removal_is_an_explicit_ownership_decision_ownership_evidence.md	7	7823	8701
d1:0066_removal_is_an_explicit_ownership_decision_storage_evidence.md	0	2	1070
d1:0066_removal_is_an_explicit_ownership_decision_storage_evidence.md	1	1071	2345
d1:0066_removal_is_an_explicit_ownership_decision_storage_evidence.md	2	2345	3630
d1:0066_removal_is_an_explicit_ownership_decision_storage_evidence.md	3	3632	4859
d1:0066_removal_is_an_explicit_ownership_decision_storage_evidence.md	4	4860	5516
d1:0067_cargo_target_config_evidence.md	0	2	1090
d1:0067_cargo_target_config_evidence.md	1	1091	2251
d1:0067_cargo_target_config_evidence.md	2	2251	3127
d1:0067_command_boundary_and_coordinates_evidence.md	0	2	851
d1:0067_command_boundary_and_coordinates_evidence.md	1	852	2142
d1:0067_command_boundary_and_coordinates_evidence.md	2	2143	3428
d1:0067_command_boundary_and_coordinates_evidence.md	3	3429	4563
d1:0067_command_boundary_and_coordinates_evidence.md	4	4564	5847
d1:0067_command_boundary_and_coordinates_evidence.md	5	5848	6265
d1:0067_costs_and_regression_evidence.md	0	2	861
d1:0067_costs_and_regression_evidence.md	1	862	1742
d1:0067_costs_and_regression_evidence.md	2	1743	2820
d1:0067_costs_and_regression_evidence.md	3	2821	3610
d1:0067_costs_and_regression_evidence.md	4	3611	4734
d1:0067_costs_and_regression_evidence.md	5	4735	5927
d1:0067_costs_and_regression_evidence.md	6	5928	7133
d1:0067_costs_and_regression_evidence.md	7	7133	7240
d1:0067_git_source_workflow_evidence.md	0	2	1241
d1:0067_git_source_workflow_evidence.md	1	1242	2364
d1:0067_git_source_workflow_evidence.md	2	2365	3476
d1:0067_git_source_workflow_evidence.md	3	3476	4694
d1:0067_git_source_workflow_evidence.md	4	4695	5979
d1:0067_git_source_workflow_evidence.md	5	5980	7135
d1:0067_git_source_workflow_evidence.md	6	7135	7755
d1:0067_management_and_session_protocol_evidence.md	0	2	1185
d1:0067_management_and_session_protocol_evidence.md	1	1186	2479
d1:0067_management_and_session_protocol_evidence.md	2	2480	3561
d1:0067_management_and_session_protocol_evidence.md	3	3562	4750
d1:0067_management_and_session_protocol_evidence.md	4	4750	5975
d1:0067_management_and_session_protocol_evidence.md	5	5976	7133
d1:0067_management_and_session_protocol_evidence.md	6	7134	8386
d1:0067_management_and_session_protocol_evidence.md	7	8387	8419
d1:0067_one_install_journey_evidence.md	0	2	964
d1:0067_one_install_journey_evidence.md	1	965	2125
d1:0067_one_install_journey_evidence.md	2	2126	3338
d1:0067_one_install_journey_evidence.md	3	3338	4356
d1:0067_one_install_journey_evidence.md	4	4357	5084
d1:0067_one_install_provides_the_dependency_workflow.md	0	2	897
d1:0067_one_install_provides_the_dependency_workflow.md	1	898	1958
d1:0067_one_install_provides_the_dependency_workflow.md	2	1959	2995
d1:0067_one_install_provides_the_dependency_workflow.md	3	2996	4322
d1:0067_one_install_provides_the_dependency_workflow.md	4	4323	5369
d1:0067_one_install_provides_the_dependency_workflow.md	5	5370	6598
d1:0067_one_install_provides_the_dependency_workflow.md	6	6599	7878
d1:0067_one_install_provides_the_dependency_workflow.md	7	7878	9060
d1:0067_one_install_provides_the_dependency_workflow.md	8	9060	10257
d1:0067_one_install_provides_the_dependency_workflow.md	9	10257	11190
d1:0067_one_install_provides_the_dependency_workflow.md	10	11190	12517
d1:0067_one_install_provides_the_dependency_workflow.md	11	12517	13814
d1:0067_one_install_provides_the_dependency_workflow.md	12	13815	15031
d1:0067_one_install_provides_the_dependency_workflow.md	13	15032	16220
d1:0067_one_install_provides_the_dependency_workflow.md	14	16220	17418
d1:0067_one_install_provides_the_dependency_workflow.md	15	17419	18608
d1:0067_one_install_provides_the_dependency_workflow.md	16	18609	19842
d1:0067_one_install_provides_the_dependency_workflow.md	17	19843	21260
d1:0067_one_install_provides_the_dependency_workflow.md	18	21261	22451
d1:0067_one_install_provides_the_dependency_workflow.md	19	22452	23636
d1:0067_one_install_provides_the_dependency_workflow.md	20	23640	24855
d1:0067_one_install_provides_the_dependency_workflow.md	21	24856	25495
d1:0068_costs_and_regression_evidence.md	0	2	851
d1:0068_costs_and_regression_evidence.md	1	851	1505
d1:0068_costs_and_regression_evidence.md	2	1505	2175
d1:0068_costs_and_regression_evidence.md	3	2176	3070
d1:0068_costs_and_regression_evidence.md	4	3070	4004
d1:0068_costs_and_regression_evidence.md	5	4005	4985
d1:0068_costs_and_regression_evidence.md	6	4987	5400
d1:0068_interactive_frames_show_a_bounded_preview.md	0	2	1057
d1:0068_interactive_frames_show_a_bounded_preview.md	1	1057	1991
d1:0068_interactive_frames_show_a_bounded_preview.md	2	1992	3163
d1:0068_interactive_frames_show_a_bounded_preview.md	3	3164	4362
d1:0068_interactive_frames_show_a_bounded_preview.md	4	4363	5535
d1:0068_interactive_frames_show_a_bounded_preview.md	5	5536	6753
d1:0068_interactive_frames_show_a_bounded_preview.md	6	6754	8078
d1:0068_interactive_frames_show_a_bounded_preview.md	7	8078	9378
d1:0068_interactive_frames_show_a_bounded_preview.md	8	9379	10595
d1:0068_interactive_frames_show_a_bounded_preview.md	9	10597	11896
d1:0068_interactive_frames_show_a_bounded_preview.md	10	11897	13083
d1:0068_interactive_frames_show_a_bounded_preview.md	11	13084	14174
d1:0068_interactive_journey_evidence.md	0	2	915
d1:0068_interactive_journey_evidence.md	1	916	1687
d1:0068_interactive_journey_evidence.md	2	1688	2420
d1:0068_interactive_journey_evidence.md	3	2421	3276
d1:0068_interactive_journey_evidence.md	4	3277	4188
d1:0068_interactive_journey_evidence.md	5	4189	4379
d1:0068_presentation_seam_evidence.md	0	2	932
d1:0068_presentation_seam_evidence.md	1	932	1984
d1:0068_presentation_seam_evidence.md	2	1985	3026
d1:0068_presentation_seam_evidence.md	3	3027	4042
d1:0068_presentation_seam_evidence.md	4	4043	5028
d1:0068_presentation_seam_evidence.md	5	5028	6070
d1:0068_presentation_seam_evidence.md	6	6071	7093
d1:0068_presentation_seam_evidence.md	7	7094	8218
d1:0068_presentation_seam_evidence.md	8	8219	9224
d1:0068_presentation_seam_evidence.md	9	9225	10059
d1:0068_presentation_seam_evidence.md	10	10060	11149
d1:0068_presentation_seam_evidence.md	11	11150	12223
d1:0068_presentation_seam_evidence.md	12	12224	12973
d1:0068_product_port_evidence.md	0	2	916
d1:0068_product_port_evidence.md	1	917	1823
d1:0068_product_port_evidence.md	2	1823	2653
d1:0068_product_port_evidence.md	3	2654	3435
d1:0068_product_port_evidence.md	4	3436	4355
d1:0068_product_port_evidence.md	5	4355	5131
d1:0068_product_port_evidence.md	6	5132	6065
d1:0068_product_port_evidence.md	7	6065	6747
d1:0068_registration_stop_evidence.md	0	2	1145
d1:0068_registration_stop_evidence.md	1	1145	2379
d1:0068_registration_stop_evidence.md	2	2380	3431
d1:0069_assemblies_share_compilation.md	0	2	1025
d1:0069_assemblies_share_compilation.md	1	1025	2174
d1:0069_assemblies_share_compilation.md	2	2175	3233
d1:0069_assemblies_share_compilation.md	3	3234	4187
d1:0069_assemblies_share_compilation.md	4	4187	5155
d1:0069_assemblies_share_compilation.md	5	5156	6234
d1:0069_assemblies_share_compilation.md	6	6235	7317
d1:0069_assemblies_share_compilation.md	7	7318	8397
d1:0069_assemblies_share_compilation.md	8	8398	9553
d1:0069_assemblies_share_compilation.md	9	9553	10722
d1:0069_assemblies_share_compilation.md	10	10723	11835
d1:0069_assemblies_share_compilation.md	11	11835	12954
d1:0069_assemblies_share_compilation.md	12	12955	14162
d1:0069_assemblies_share_compilation.md	13	14163	15331
d1:0069_assemblies_share_compilation.md	14	15332	16491
d1:0069_assemblies_share_compilation.md	15	16492	17595
d1:0069_assemblies_share_compilation.md	16	17596	18038
d1:0069_costs_and_regression_evidence.md	0	2	918
d1:0069_costs_and_regression_evidence.md	1	919	1614
d1:0069_costs_and_regression_evidence.md	2	1614	2575
d1:0069_costs_and_regression_evidence.md	3	2575	3267
d1:0069_costs_and_regression_evidence.md	4	3268	4290
d1:0069_costs_and_regression_evidence.md	5	4291	4893
d1:0069_lifetime_evidence.md	0	2	913
d1:0069_lifetime_evidence.md	1	913	1870
d1:0069_lifetime_evidence.md	2	1871	2645
d1:0069_lifetime_evidence.md	3	2646	3623
d1:0069_lifetime_evidence.md	4	3623	4703
d1:0069_lifetime_evidence.md	5	4704	5721
d1:0069_lifetime_evidence.md	6	5722	6090
d1:0069_shared_compilation_probe_evidence.md	0	2	995
d1:0069_shared_compilation_probe_evidence.md	1	995	1867
d1:0069_shared_compilation_probe_evidence.md	2	1868	2698
d1:0069_shared_compilation_probe_evidence.md	3	2699	3567
d1:0069_shared_compilation_probe_evidence.md	4	3567	4414
d1:0069_shared_compilation_probe_evidence.md	5	4414	5398
d1:0069_shared_compilation_probe_evidence.md	6	5398	6242
d1:0069_shared_compilation_probe_evidence.md	7	6243	7359
d1:0069_shared_compilation_probe_evidence.md	8	7359	7804
d1:0069_shared_directory_evidence.md	0	2	915
d1:0069_shared_directory_evidence.md	1	916	2032
d1:0069_shared_directory_evidence.md	2	2033	2960
d1:0069_shared_directory_evidence.md	3	2961	3678
d1:0069_shared_directory_evidence.md	4	3679	4677
d1:0069_shared_directory_evidence.md	5	4677	5715
d1:0069_shared_directory_evidence.md	6	5716	6665
d1:0069_shared_directory_evidence.md	7	6666	7720
d1:0069_shared_directory_evidence.md	8	7721	7910
d1:0069_wrapper_identity_evidence.md	0	2	937
d1:0069_wrapper_identity_evidence.md	1	938	1884
d1:0069_wrapper_identity_evidence.md	2	1885	2872
d1:0069_wrapper_identity_evidence.md	3	2872	3828
d1:0069_wrapper_identity_evidence.md	4	3829	4808
d1:0069_wrapper_identity_evidence.md	5	4808	5843
d1:0069_wrapper_identity_evidence.md	6	5843	6853
d1:0069_wrapper_identity_evidence.md	7	6854	7632
d1:0070_costs_and_regression_evidence.md	0	2	830
d1:0070_costs_and_regression_evidence.md	1	831	1620
d1:0070_costs_and_regression_evidence.md	2	1621	2551
d1:0070_costs_and_regression_evidence.md	3	2551	3391
d1:0070_costs_and_regression_evidence.md	4	3391	4330
d1:0070_costs_and_regression_evidence.md	5	4331	5346
d1:0070_costs_and_regression_evidence.md	6	5347	5849
d1:0070_dep_is_quiet_by_default.md	0	2	997
d1:0070_dep_is_quiet_by_default.md	1	998	1999
d1:0070_dep_is_quiet_by_default.md	2	1999	2971
d1:0070_dep_is_quiet_by_default.md	3	2972	3982
d1:0070_dep_is_quiet_by_default.md	4	3983	5068
d1:0070_dep_is_quiet_by_default.md	5	5069	6150
d1:0070_dep_is_quiet_by_default.md	6	6151	7334
d1:0070_dep_is_quiet_by_default.md	7	7335	8486
d1:0070_dep_is_quiet_by_default.md	8	8487	9534
d1:0070_dep_is_quiet_by_default.md	9	9534	10492
d1:0070_dep_is_quiet_by_default.md	10	10493	10618
d1:0070_prompt_evidence.md	0	2	884
d1:0070_prompt_evidence.md	1	884	1782
d1:0070_prompt_evidence.md	2	1783	2813
d1:0070_prompt_evidence.md	3	2814	3210
d1:0070_quiet_transition_evidence.md	0	2	996
d1:0070_quiet_transition_evidence.md	1	997	2143
d1:0070_quiet_transition_evidence.md	2	2144	3161
d1:0070_quiet_transition_evidence.md	3	3161	4078
d1:0070_quiet_transition_evidence.md	4	4079	4951
d1:0070_quiet_transition_evidence.md	5	4951	5885
d1:0070_quiet_transition_evidence.md	6	5885	7007
d1:0070_quiet_transition_evidence.md	7	7008	7548
d1:0071_polars_version.md	0	2	1027
d1:0071_polars_version.md	1	1028	1141
d1:0072_binding_surface_evidence.md	0	2	965
d1:0072_binding_surface_evidence.md	1	965	1973
d1:0072_binding_surface_evidence.md	2	1974	3073
d1:0072_binding_surface_evidence.md	3	3074	3887
d1:0072_binding_surface_evidence.md	4	3887	4845
d1:0072_binding_surface_evidence.md	5	4846	5814
d1:0072_binding_surface_evidence.md	6	5815	6714
d1:0072_binding_surface_evidence.md	7	6714	7517
d1:0072_binding_surface_evidence.md	8	7517	7963
d1:0072_binding_surface_evidence.md	9	7964	8564
d1:0072_binding_surface_evidence.md	10	8565	9285
d1:0072_binding_surface_evidence.md	11	9285	9761
d1:0072_binding_surface_evidence.md	12	9762	10251
d1:0072_binding_surface_evidence.md	13	10251	11026
d1:0072_binding_surface_evidence.md	14	11027	12155
d1:0072_binding_surface_evidence.md	15	12156	12980
d1:0072_binding_surface_evidence.md	16	12980	13855
d1:0072_binding_surface_evidence.md	17	13855	14707
d1:0072_binding_surface_evidence.md	18	14707	15409
d1:0072_binding_surface_evidence.md	19	15410	16310
d1:0072_binding_surface_evidence.md	20	16311	17083
d1:0072_binding_surface_evidence.md	21	17084	17851
d1:0072_binding_surface_evidence.md	22	17851	18743
d1:0072_binding_surface_evidence.md	23	18744	19558
d1:0072_binding_surface_evidence.md	24	19559	20376
d1:0072_binding_surface_evidence.md	25	20377	21163
d1:0072_binding_surface_evidence.md	26	21164	21945
d1:0072_binding_surface_evidence.md	27	21945	22715
d1:0072_binding_surface_evidence.md	28	22716	23508
d1:0072_binding_surface_evidence.md	29	23509	24178
d1:0072_binding_surface_evidence.md	30	24178	25006
d1:0072_binding_surface_evidence.md	31	25007	25846
d1:0072_binding_surface_evidence.md	32	25846	26681
d1:0072_binding_surface_evidence.md	33	26682	27518
d1:0072_binding_surface_evidence.md	34	27518	28304
d1:0072_binding_surface_evidence.md	35	28304	28865
d1:0072_binding_surface_probe.md	0	2	1126
d1:0072_binding_surface_probe.md	1	1127	2089
d1:0072_binding_surface_probe.md	2	2090	3261
d1:0072_binding_surface_probe.md	3	3262	4344
d1:0072_binding_surface_probe.md	4	4345	5224
d1:0072_binding_surface_probe.md	5	5224	6358
d1:0072_binding_surface_probe.md	6	6358	7436
d1:0072_binding_surface_probe.md	7	7437	7958
d1:0073_polars_generator.md	0	2	1132
d1:0073_polars_generator.md	1	1133	2081
d1:0073_polars_generator.md	2	2082	3128
d1:0073_polars_generator.md	3	3129	3895
d1:0073_polars_generator.md	4	3896	4941
d1:0073_polars_generator.md	5	4942	6005
d1:0073_polars_generator.md	6	6006	7095
d1:0073_polars_generator.md	7	7096	7569
d1:0073_polars_generator_evidence.md	0	2	744
d1:0073_polars_generator_evidence.md	1	745	1759
d1:0073_polars_generator_evidence.md	2	1760	2705
d1:0073_polars_generator_evidence.md	3	2706	3608
d1:0073_polars_generator_evidence.md	4	3609	4590
d1:0073_polars_generator_evidence.md	5	4591	5525
d1:0073_polars_generator_evidence.md	6	5525	6550
d1:0073_polars_generator_evidence.md	7	6551	7631
d1:0073_polars_generator_evidence.md	8	7632	8681
d1:0073_polars_generator_evidence.md	9	8681	9818
d1:0073_polars_generator_evidence.md	10	9819	10873
d1:0073_polars_generator_evidence.md	11	10873	11874
d1:0073_polars_generator_evidence.md	12	11875	12728
d1:0073_polars_generator_evidence.md	13	12729	13517
d1:0073_polars_generator_evidence.md	14	13517	14670
d1:0073_polars_generator_evidence.md	15	14670	15464
d1:0074_polars_rc2_forward_probe.md	0	2	818
d1:0074_polars_rc2_forward_probe.md	1	818	1592
d1:0074_polars_rc2_forward_probe.md	2	1592	2648
d1:0074_polars_rc2_forward_probe.md	3	2649	3769
d1:0074_polars_rc2_forward_probe.md	4	3769	4512
d1:0074_polars_rc2_forward_probe_evidence.md	0	2	925
d1:0074_polars_rc2_forward_probe_evidence.md	1	926	2041
d1:0074_polars_rc2_forward_probe_evidence.md	2	2041	2707
d1:0074_polars_rc2_forward_probe_evidence.md	3	2708	3609
d1:0074_polars_rc2_forward_probe_evidence.md	4	3610	4447
d1:0074_polars_rc2_forward_probe_evidence.md	5	4448	5069
d1:0074_polars_rc2_forward_probe_evidence.md	6	5069	5641
d1:0074_polars_rc2_forward_probe_evidence.md	7	5641	6173
d1:0074_polars_rc2_forward_probe_evidence.md	8	6173	6742
d1:0074_polars_rc2_forward_probe_evidence.md	9	6742	7303
d1:0074_polars_rc2_forward_probe_evidence.md	10	7303	7892
d1:0074_polars_rc2_forward_probe_evidence.md	11	7892	8423
d1:0074_polars_rc2_forward_probe_evidence.md	12	8423	8988
d1:0074_polars_rc2_forward_probe_evidence.md	13	8988	9495
d1:0074_polars_rc2_forward_probe_evidence.md	14	9495	10044
d1:0074_polars_rc2_forward_probe_evidence.md	15	10044	10612
d1:0074_polars_rc2_forward_probe_evidence.md	16	10612	11162
d1:0074_polars_rc2_forward_probe_evidence.md	17	11162	11727
d1:0074_polars_rc2_forward_probe_evidence.md	18	11727	12299
d1:0074_polars_rc2_forward_probe_evidence.md	19	12299	12861
d1:0074_polars_rc2_forward_probe_evidence.md	20	12861	13434
d1:0074_polars_rc2_forward_probe_evidence.md	21	13434	14012
d1:0074_polars_rc2_forward_probe_evidence.md	22	14012	14611
d1:0074_polars_rc2_forward_probe_evidence.md	23	14611	15166
d1:0074_polars_rc2_forward_probe_evidence.md	24	15166	15715
d1:0074_polars_rc2_forward_probe_evidence.md	25	15715	16249
d1:0074_polars_rc2_forward_probe_evidence.md	26	16249	16728
d1:0074_polars_rc2_forward_probe_evidence.md	27	16728	17284
d1:0074_polars_rc2_forward_probe_evidence.md	28	17284	17823
d1:0074_polars_rc2_forward_probe_evidence.md	29	17824	18526
d1:0074_polars_rc2_forward_probe_evidence.md	30	18527	19211
d1:0074_polars_rc2_forward_probe_evidence.md	31	19211	19872
d1:0074_polars_rc2_forward_probe_evidence.md	32	19873	20463
d1:0074_polars_rc2_forward_probe_evidence.md	33	20464	21321
d1:0074_polars_rc2_forward_probe_evidence.md	34	21322	22194
d1:0074_polars_rc2_forward_probe_evidence.md	35	22194	23076
d1:0074_polars_rc2_forward_probe_evidence.md	36	23077	24098
d1:0074_polars_rc2_forward_probe_evidence.md	37	24099	24967
d1:0074_polars_rc2_forward_probe_evidence.md	38	24967	25982
d1:0074_polars_rc2_forward_probe_evidence.md	39	25983	27104
d1:0074_polars_rc2_forward_probe_evidence.md	40	27105	28046
d1:0075_polars_coverage_two.md	0	2	1045
d1:0075_polars_coverage_two.md	1	1045	2101
d1:0075_polars_coverage_two.md	2	2102	3171
d1:0075_polars_coverage_two.md	3	3172	4292
d1:0075_polars_coverage_two.md	4	4292	5445
d1:0075_polars_coverage_two.md	5	5446	6415
d1:0075_polars_coverage_two.md	6	6416	7477
d1:0075_polars_coverage_two.md	7	7478	8510
d1:0075_polars_coverage_two.md	8	8511	9028
d1:0075_polars_coverage_two_evidence.md	0	2	803
d1:0075_polars_coverage_two_evidence.md	1	804	1733
d1:0075_polars_coverage_two_evidence.md	2	1734	2573
d1:0075_polars_coverage_two_evidence.md	3	2574	3497
d1:0075_polars_coverage_two_evidence.md	4	3498	4550
d1:0075_polars_coverage_two_evidence.md	5	4551	5584
d1:0075_polars_coverage_two_evidence.md	6	5585	6498
d1:0075_polars_coverage_two_evidence.md	7	6499	7320
d1:0075_polars_coverage_two_evidence.md	8	7321	8189
d1:0075_polars_coverage_two_evidence.md	9	8190	9017
d1:0075_polars_coverage_two_evidence.md	10	9017	9792
d1:0075_polars_coverage_two_evidence.md	11	9792	10753
d1:0075_polars_coverage_two_evidence.md	12	10753	11613
d1:0075_polars_coverage_two_evidence.md	13	11614	12412
d1:0075_polars_coverage_two_evidence.md	14	12413	13324
d1:0075_polars_coverage_two_evidence.md	15	13325	14205
d1:0075_polars_coverage_two_evidence.md	16	14206	15063
d1:0075_polars_coverage_two_evidence.md	17	15063	15882
d1:0075_polars_coverage_two_evidence.md	18	15883	16923
d1:0075_polars_coverage_two_evidence.md	19	16923	17955
d1:0075_polars_coverage_two_evidence.md	20	17956	18994
d1:0075_polars_coverage_two_evidence.md	21	18994	19966
d1:0075_polars_coverage_two_evidence.md	22	19967	20957
d1:0075_polars_coverage_two_evidence.md	23	20958	21957
d1:0075_polars_coverage_two_evidence.md	24	21958	22221
d1:0076_polars_coverage_three.md	0	2	957
d1:0076_polars_coverage_three.md	1	958	1979
d1:0076_polars_coverage_three.md	2	1979	2862
d1:0076_polars_coverage_three.md	3	2862	3802
d1:0076_polars_coverage_three.md	4	3803	4809
d1:0076_polars_coverage_three.md	5	4810	5803
d1:0076_polars_coverage_three.md	6	5804	6774
d1:0076_polars_coverage_three.md	7	6775	7811
d1:0076_polars_coverage_three.md	8	7812	8838
d1:0076_polars_coverage_three.md	9	8839	9823
d1:0076_polars_coverage_three.md	10	9824	10824
d1:0076_polars_coverage_three.md	11	10825	11810
d1:0076_polars_coverage_three.md	12	11811	12962
d1:0076_polars_coverage_three.md	13	12962	14029
d1:0076_polars_coverage_three.md	14	14030	15158
d1:0076_polars_coverage_three.md	15	15159	16228
d1:0076_polars_coverage_three.md	16	16229	16538
d1:0076_polars_coverage_three_evidence.md	0	2	938
d1:0076_polars_coverage_three_evidence.md	1	939	1992
d1:0076_polars_coverage_three_evidence.md	2	1993	2815
d1:0076_polars_coverage_three_evidence.md	3	2816	3657
d1:0076_polars_coverage_three_evidence.md	4	3658	4591
d1:0076_polars_coverage_three_evidence.md	5	4591	5503
d1:0076_polars_coverage_three_evidence.md	6	5504	6373
d1:0076_polars_coverage_three_evidence.md	7	6374	7153
d1:0076_polars_coverage_three_evidence.md	8	7153	8084
d1:0076_polars_coverage_three_evidence.md	9	8085	9076
d1:0076_polars_coverage_three_evidence.md	10	9077	10010
d1:0076_polars_coverage_three_evidence.md	11	10011	10763
d1:0076_polars_coverage_three_evidence.md	12	10763	11697
d1:0076_polars_coverage_three_evidence.md	13	11698	12536
d1:0076_polars_coverage_three_evidence.md	14	12537	13382
d1:0076_polars_coverage_three_evidence.md	15	13383	14289
d1:0076_polars_coverage_three_evidence.md	16	14289	15244
d1:0076_polars_coverage_three_evidence.md	17	15245	15989
d1:0076_polars_coverage_three_evidence.md	18	15990	16728
d1:0076_polars_coverage_three_evidence.md	19	16729	17463
d1:0076_polars_coverage_three_evidence.md	20	17464	18440
d1:0076_polars_coverage_three_evidence.md	21	18441	19325
d1:0076_polars_coverage_three_evidence.md	22	19326	20274
d1:0076_polars_coverage_three_evidence.md	23	20275	21264
d1:0076_polars_coverage_three_evidence.md	24	21265	22139
d1:0076_polars_coverage_three_evidence.md	25	22140	22998
d1:0077_polars_iterator_returns.md	0	2	830
d1:0077_polars_iterator_returns.md	1	830	1489
d1:0077_polars_iterator_returns.md	2	1490	2326
d1:0077_polars_iterator_returns.md	3	2327	3222
d1:0077_polars_iterator_returns.md	4	3222	4239
d1:0077_polars_iterator_returns.md	5	4240	5287
d1:0077_polars_iterator_returns.md	6	5288	6387
d1:0077_polars_iterator_returns.md	7	6388	7328
d1:0077_polars_iterator_returns.md	8	7328	8365
d1:0077_polars_iterator_returns.md	9	8369	9392
d1:0077_polars_iterator_returns.md	10	9392	10400
d1:0077_polars_iterator_returns.md	11	10401	10854
d1:0077_polars_iterator_returns_evidence.md	0	2	822
d1:0077_polars_iterator_returns_evidence.md	1	822	1569
d1:0077_polars_iterator_returns_evidence.md	2	1569	2510
d1:0077_polars_iterator_returns_evidence.md	3	2511	3492
d1:0077_polars_iterator_returns_evidence.md	4	3492	4491
d1:0077_polars_iterator_returns_evidence.md	5	4491	5347
d1:0077_polars_iterator_returns_evidence.md	6	5347	6197
d1:0077_polars_iterator_returns_evidence.md	7	6197	6955
d1:0077_polars_iterator_returns_evidence.md	8	6956	7724
d1:0077_polars_iterator_returns_evidence.md	9	7724	8799
d1:0077_polars_iterator_returns_evidence.md	10	8800	8836
d1:0078_polars_constructors_operators.md	0	2	833
d1:0078_polars_constructors_operators.md	1	833	1592
d1:0078_polars_constructors_operators.md	2	1592	2473
d1:0078_polars_constructors_operators.md	3	2473	3284
d1:0078_polars_constructors_operators.md	4	3284	4236
d1:0078_polars_constructors_operators.md	5	4236	5241
d1:0078_polars_constructors_operators.md	6	5241	6123
d1:0078_polars_constructors_operators.md	7	6123	7243
d1:0078_polars_constructors_operators.md	8	7244	8310
d1:0078_polars_constructors_operators.md	9	8311	9324
d1:0078_polars_constructors_operators.md	10	9325	9714
d1:0078_polars_constructors_operators_evidence.md	0	2	914
d1:0078_polars_constructors_operators_evidence.md	1	914	1775
d1:0078_polars_constructors_operators_evidence.md	2	1776	2742
d1:0078_polars_constructors_operators_evidence.md	3	2742	3507
d1:0078_polars_constructors_operators_evidence.md	4	3508	4372
d1:0078_polars_constructors_operators_evidence.md	5	4372	5162
d1:0078_polars_constructors_operators_evidence.md	6	5163	6024
d1:0078_polars_constructors_operators_evidence.md	7	6024	6856
d1:0078_polars_constructors_operators_evidence.md	8	6857	7580
d1:0078_polars_constructors_operators_evidence.md	9	7581	8315
d1:0078_polars_constructors_operators_evidence.md	10	8315	9156
d1:0078_polars_constructors_operators_evidence.md	11	9157	9950
d1:0078_polars_constructors_operators_evidence.md	12	9951	10817
d1:0078_polars_constructors_operators_evidence.md	13	10817	11892
d1:0078_polars_constructors_operators_evidence.md	14	11893	12402
d1:0079_polars_callbacks.md	0	2	1087
d1:0079_polars_callbacks.md	1	1088	1953
d1:0079_polars_callbacks.md	2	1954	2903
d1:0079_polars_callbacks.md	3	2903	3810
d1:0079_polars_callbacks.md	4	3810	4585
d1:0079_polars_callbacks.md	5	4585	5343
d1:0079_polars_callbacks.md	6	5344	6408
d1:0079_polars_callbacks.md	7	6408	7029
d1:0079_polars_callbacks.md	8	7029	7816
d1:0079_polars_callbacks.md	9	7816	8593
d1:0079_polars_callbacks.md	10	8594	9700
d1:0079_polars_callbacks.md	11	9701	10728
d1:0079_polars_callbacks.md	12	10728	11630
d1:0079_polars_callbacks.md	13	11631	12612
d1:0079_polars_callbacks.md	14	12612	13627
d1:0079_polars_callbacks.md	15	13627	14692
d1:0079_polars_callbacks.md	16	14694	15751
d1:0079_polars_callbacks.md	17	15752	16897
d1:0079_polars_callbacks.md	18	16898	17971
d1:0079_polars_callbacks.md	19	17972	19101
d1:0079_polars_callbacks.md	20	19102	20023
d1:0079_polars_callbacks.md	21	20023	21144
d1:0079_polars_callbacks.md	22	21145	22043
d1:0079_polars_callbacks.md	23	22047	23163
d1:0079_polars_callbacks.md	24	23164	24336
d1:0079_polars_callbacks.md	25	24337	25557
d1:0079_polars_callbacks.md	26	25557	26651
d1:0079_polars_callbacks.md	27	26651	27424
d1:0079_polars_callbacks.md	28	27424	28372
d1:0079_polars_callbacks.md	29	28373	29413
d1:0079_polars_callbacks.md	30	29414	30336
d1:0079_polars_callbacks.md	31	30336	31459
d1:0079_polars_callbacks.md	32	31459	31897
d1:0079_polars_callbacks_evidence.md	0	2	943
d1:0079_polars_callbacks_evidence.md	1	944	1871
d1:0079_polars_callbacks_evidence.md	2	1872	2736
d1:0079_polars_callbacks_evidence.md	3	2736	3511
d1:0079_polars_callbacks_evidence.md	4	3511	4170
d1:0079_polars_callbacks_evidence.md	5	4170	4962
d1:0079_polars_callbacks_evidence.md	6	4962	5684
d1:0079_polars_callbacks_evidence.md	7	5685	6566
d1:0079_polars_callbacks_evidence.md	8	6566	7560
d1:0079_polars_callbacks_evidence.md	9	7561	8475
d1:0079_polars_callbacks_evidence.md	10	8475	9387
d1:0079_polars_callbacks_evidence.md	11	9387	10304
d1:0079_polars_callbacks_evidence.md	12	10305	11067
d1:0079_polars_callbacks_evidence.md	13	11068	11745
d1:0079_polars_callbacks_evidence.md	14	11745	12793
d1:0079_polars_callbacks_evidence.md	15	12794	13781
d1:0079_polars_callbacks_evidence.md	16	13781	14718
d1:0079_polars_callbacks_evidence.md	17	14718	15825
d1:0079_polars_callbacks_evidence.md	18	15825	16914
d1:0079_polars_callbacks_evidence.md	19	16914	17993
d1:0079_polars_callbacks_evidence.md	20	17993	18949
d1:0079_polars_callbacks_evidence.md	21	18950	20024
d1:0079_polars_callbacks_evidence.md	22	20025	21170
d1:0079_polars_callbacks_evidence.md	23	21171	21867
d1:0080_polars_callback_bindings.md	0	2	1036
d1:0080_polars_callback_bindings.md	1	1036	1940
d1:0080_polars_callback_bindings.md	2	1940	2584
d1:0080_polars_callback_bindings.md	3	2585	3475
d1:0080_polars_callback_bindings.md	4	3476	4370
d1:0080_polars_callback_bindings.md	5	4371	5272
d1:0080_polars_callback_bindings.md	6	5272	6283
d1:0080_polars_callback_bindings.md	7	6284	7237
d1:0080_polars_callback_bindings.md	8	7238	8222
d1:0080_polars_callback_bindings.md	9	8223	9036
d1:0080_polars_callback_bindings.md	10	9036	10119
d1:0080_polars_callback_bindings.md	11	10120	11032
d1:0080_polars_callback_bindings.md	12	11033	12030
d1:0080_polars_callback_bindings.md	13	12030	13016
d1:0080_polars_callback_bindings.md	14	13017	13672
d1:0080_polars_callback_bindings.md	15	13673	14783
d1:0080_polars_callback_bindings.md	16	14783	15828
d1:0080_polars_callback_bindings.md	17	15829	16894
d1:0080_polars_callback_bindings.md	18	16894	18087
d1:0080_polars_callback_bindings.md	19	18088	19112
d1:0080_polars_callback_bindings.md	20	19113	19357
d1:0080_polars_callback_bindings_evidence.md	0	2	831
d1:0080_polars_callback_bindings_evidence.md	1	832	1830
d1:0080_polars_callback_bindings_evidence.md	2	1830	2811
d1:0080_polars_callback_bindings_evidence.md	3	2812	3901
d1:0080_polars_callback_bindings_evidence.md	4	3902	4905
d1:0080_polars_callback_bindings_evidence.md	5	4906	5609
d1:0080_polars_callback_bindings_evidence.md	6	5609	5974
d1:0081_polars_narrow_integer_dtypes.md	0	2	1088
d1:0081_polars_narrow_integer_dtypes.md	1	1089	2017
d1:0081_polars_narrow_integer_dtypes.md	2	2017	3203
d1:0081_polars_narrow_integer_dtypes.md	3	3204	4357
d1:0081_polars_narrow_integer_dtypes.md	4	4357	5416
d1:0081_polars_narrow_integer_dtypes.md	5	5417	6350
d1:0081_polars_narrow_integer_dtypes_evidence.md	0	2	771
d1:0081_polars_narrow_integer_dtypes_evidence.md	1	771	1779
d1:0081_polars_narrow_integer_dtypes_evidence.md	2	1780	2519
d1:0081_polars_narrow_integer_dtypes_evidence.md	3	2520	3407
d1:0081_polars_narrow_integer_dtypes_evidence.md	4	3408	4196
d1:0081_polars_narrow_integer_dtypes_evidence.md	5	4196	4905
d1:0081_polars_narrow_integer_dtypes_evidence.md	6	4906	5641
d1:0081_polars_narrow_integer_dtypes_evidence.md	7	5641	5669
d1:0082_polars_borrowed_slice_bindings.md	0	2	945
d1:0082_polars_borrowed_slice_bindings.md	1	946	1980
d1:0082_polars_borrowed_slice_bindings.md	2	1981	3181
d1:0082_polars_borrowed_slice_bindings.md	3	3182	4332
d1:0082_polars_borrowed_slice_bindings.md	4	4333	5306
d1:0082_polars_borrowed_slice_bindings.md	5	5307	6429
d1:0082_polars_borrowed_slice_bindings.md	6	6429	6998
d1:0082_polars_borrowed_slice_bindings_evidence.md	0	2	846
d1:0082_polars_borrowed_slice_bindings_evidence.md	1	846	1604
d1:0082_polars_borrowed_slice_bindings_evidence.md	2	1605	2525
d1:0082_polars_borrowed_slice_bindings_evidence.md	3	2526	3466
d1:0082_polars_borrowed_slice_bindings_evidence.md	4	3466	4153
d1:0082_polars_borrowed_slice_bindings_evidence.md	5	4154	5036
d1:0082_polars_borrowed_slice_bindings_evidence.md	6	5036	5923
d1:0082_polars_borrowed_slice_bindings_evidence.md	7	5924	6684
d1:0082_polars_borrowed_slice_bindings_evidence.md	8	6684	7207
d1:0082_polars_borrowed_slice_bindings_evidence.md	9	7207	7718
d1:0083_polars_function_generics_census.md	0	2	1044
d1:0083_polars_function_generics_census.md	1	1045	2071
d1:0083_polars_function_generics_census.md	2	2072	3097
d1:0083_polars_function_generics_census.md	3	3097	4275
d1:0083_polars_function_generics_census.md	4	4276	5054
d1:0083_polars_function_generics_census_evidence.md	0	2	900
d1:0083_polars_function_generics_census_evidence.md	1	901	1914
d1:0083_polars_function_generics_census_evidence.md	2	1915	2873
d1:0083_polars_function_generics_census_evidence.md	3	2873	3754
d1:0083_polars_function_generics_census_evidence.md	4	3755	4475
d1:0083_polars_function_generics_census_evidence.md	5	4475	5182
d1:0083_polars_function_generics_census_evidence.md	6	5183	5929
d1:0083_polars_function_generics_census_evidence.md	7	5929	6689
d1:0083_polars_function_generics_census_evidence.md	8	6690	7393
d1:0083_polars_function_generics_census_evidence.md	9	7393	8369
d1:0083_polars_function_generics_census_evidence.md	10	8369	8928
d1:0084_polars_function_generic_inputs.md	0	2	1013
d1:0084_polars_function_generic_inputs.md	1	1014	1838
d1:0084_polars_function_generic_inputs.md	2	1839	2571
d1:0084_polars_function_generic_inputs.md	3	2571	3439
d1:0084_polars_function_generic_inputs.md	4	3440	4386
d1:0084_polars_function_generic_inputs.md	5	4387	5437
d1:0084_polars_function_generic_inputs.md	6	5438	6464
d1:0084_polars_function_generic_inputs.md	7	6465	7543
d1:0084_polars_function_generic_inputs.md	8	7544	7935
d1:0084_polars_function_generic_inputs_evidence.md	0	2	922
d1:0084_polars_function_generic_inputs_evidence.md	1	922	1760
d1:0084_polars_function_generic_inputs_evidence.md	2	1760	2664
d1:0084_polars_function_generic_inputs_evidence.md	3	2664	3391
d1:0084_polars_function_generic_inputs_evidence.md	4	3392	4321
d1:0084_polars_function_generic_inputs_evidence.md	5	4321	5082
d1:0084_polars_function_generic_inputs_evidence.md	6	5082	6004
d1:0084_polars_function_generic_inputs_evidence.md	7	6005	6836
d1:0084_polars_function_generic_inputs_evidence.md	8	6837	7490
d1:0084_polars_function_generic_inputs_evidence.md	9	7490	8085
d1:0084_polars_function_generic_inputs_evidence.md	10	8086	8449
d1:0085_polars_validity_bitmap_snapshots.md	0	2	955
d1:0085_polars_validity_bitmap_snapshots.md	1	955	1730
d1:0085_polars_validity_bitmap_snapshots.md	2	1731	2755
d1:0085_polars_validity_bitmap_snapshots.md	3	2756	3774
d1:0085_polars_validity_bitmap_snapshots.md	4	3775	4919
d1:0085_polars_validity_bitmap_snapshots.md	5	4919	5906
d1:0085_polars_validity_bitmap_snapshots_evidence.md	0	2	806
d1:0085_polars_validity_bitmap_snapshots_evidence.md	1	807	1659
d1:0085_polars_validity_bitmap_snapshots_evidence.md	2	1659	2559
d1:0085_polars_validity_bitmap_snapshots_evidence.md	3	2559	3463
d1:0085_polars_validity_bitmap_snapshots_evidence.md	4	3463	4378
d1:0085_polars_validity_bitmap_snapshots_evidence.md	5	4379	4961
d1:0085_polars_validity_bitmap_snapshots_evidence.md	6	4962	5441
d1:0086_polars_validated_bitmap_inputs.md	0	2	877
d1:0086_polars_validated_bitmap_inputs.md	1	877	1650
d1:0086_polars_validated_bitmap_inputs.md	2	1651	2626
d1:0086_polars_validated_bitmap_inputs.md	3	2627	3685
d1:0086_polars_validated_bitmap_inputs.md	4	3686	4714
d1:0086_polars_validated_bitmap_inputs.md	5	4715	5739
d1:0086_polars_validated_bitmap_inputs.md	6	5740	6832
d1:0086_polars_validated_bitmap_inputs.md	7	6832	6951
d1:0086_polars_validated_bitmap_inputs_evidence.md	0	2	842
d1:0086_polars_validated_bitmap_inputs_evidence.md	1	843	1537
d1:0086_polars_validated_bitmap_inputs_evidence.md	2	1538	2434
d1:0086_polars_validated_bitmap_inputs_evidence.md	3	2434	3306
d1:0086_polars_validated_bitmap_inputs_evidence.md	4	3307	4242
d1:0086_polars_validated_bitmap_inputs_evidence.md	5	4242	5162
d1:0086_polars_validated_bitmap_inputs_evidence.md	6	5162	5915
d1:0086_polars_validated_bitmap_inputs_evidence.md	7	5917	6530
d1:0086_polars_validated_bitmap_inputs_evidence.md	8	6531	6996
d1:0087_polars_chunk_length_snapshots.md	0	2	930
d1:0087_polars_chunk_length_snapshots.md	1	930	1857
d1:0087_polars_chunk_length_snapshots.md	2	1858	2884
d1:0087_polars_chunk_length_snapshots.md	3	2884	4036
d1:0087_polars_chunk_length_snapshots.md	4	4037	5128
d1:0087_polars_chunk_length_snapshots.md	5	5128	5198
d1:0087_polars_chunk_length_snapshots_evidence.md	0	2	782
d1:0087_polars_chunk_length_snapshots_evidence.md	1	782	1648
d1:0087_polars_chunk_length_snapshots_evidence.md	2	1648	2603
d1:0087_polars_chunk_length_snapshots_evidence.md	3	2604	3402
d1:0087_polars_chunk_length_snapshots_evidence.md	4	3403	4167
d1:0087_polars_chunk_length_snapshots_evidence.md	5	4167	4687
d1:0087_polars_chunk_length_snapshots_evidence.md	6	4687	4986
d1:0088_polars_owned_cow_chunked_returns.md	0	2	885
d1:0088_polars_owned_cow_chunked_returns.md	1	885	1788
d1:0088_polars_owned_cow_chunked_returns.md	2	1788	2887
d1:0088_polars_owned_cow_chunked_returns.md	3	2887	3930
d1:0088_polars_owned_cow_chunked_returns.md	4	3931	5064
d1:0088_polars_owned_cow_chunked_returns.md	5	5065	6091
d1:0088_polars_owned_cow_chunked_returns_evidence.md	0	2	827
d1:0088_polars_owned_cow_chunked_returns_evidence.md	1	827	1724
d1:0088_polars_owned_cow_chunked_returns_evidence.md	2	1726	2611
d1:0088_polars_owned_cow_chunked_returns_evidence.md	3	2611	3436
d1:0088_polars_owned_cow_chunked_returns_evidence.md	4	3437	4297
d1:0088_polars_owned_cow_chunked_returns_evidence.md	5	4298	5083
d1:0088_polars_owned_cow_chunked_returns_evidence.md	6	5084	5611
d1:0089_polars_integer_generic_arg_extrema.md	0	2	853
d1:0089_polars_integer_generic_arg_extrema.md	1	854	1624
d1:0089_polars_integer_generic_arg_extrema.md	2	1625	2698
d1:0089_polars_integer_generic_arg_extrema.md	3	2699	3752
d1:0089_polars_integer_generic_arg_extrema.md	4	3753	4907
d1:0089_polars_integer_generic_arg_extrema.md	5	4907	5946
d1:0089_polars_integer_generic_arg_extrema.md	6	5947	6257
d1:0089_polars_integer_generic_arg_extrema_evidence.md	0	2	823
d1:0089_polars_integer_generic_arg_extrema_evidence.md	1	823	1586
d1:0089_polars_integer_generic_arg_extrema_evidence.md	2	1586	2458
d1:0089_polars_integer_generic_arg_extrema_evidence.md	3	2458	3327
d1:0089_polars_integer_generic_arg_extrema_evidence.md	4	3327	4267
d1:0089_polars_integer_generic_arg_extrema_evidence.md	5	4268	5097
d1:0089_polars_integer_generic_arg_extrema_evidence.md	6	5097	5944
d1:0089_polars_integer_generic_arg_extrema_evidence.md	7	5945	6555
d1:0089_polars_integer_generic_arg_extrema_evidence.md	8	6555	7138
d1:0090_polars_numeric_peak_boundaries.md	0	2	826
d1:0090_polars_numeric_peak_boundaries.md	1	826	1799
d1:0090_polars_numeric_peak_boundaries.md	2	1799	2912
d1:0090_polars_numeric_peak_boundaries.md	3	2912	3975
d1:0090_polars_numeric_peak_boundaries.md	4	3976	5132
d1:0090_polars_numeric_peak_boundaries.md	5	5133	5531
d1:0090_polars_numeric_peak_boundaries_evidence.md	0	2	813
d1:0090_polars_numeric_peak_boundaries_evidence.md	1	813	1642
d1:0090_polars_numeric_peak_boundaries_evidence.md	2	1642	2518
d1:0090_polars_numeric_peak_boundaries_evidence.md	3	2519	3372
d1:0090_polars_numeric_peak_boundaries_evidence.md	4	3372	4258
d1:0090_polars_numeric_peak_boundaries_evidence.md	5	4258	4972
d1:0090_polars_numeric_peak_boundaries_evidence.md	6	4973	5590
d1:0090_polars_numeric_peak_boundaries_evidence.md	7	5591	5702
d1:0091_polars_bounded_integer_indices.md	0	2	772
d1:0091_polars_bounded_integer_indices.md	1	772	1657
d1:0091_polars_bounded_integer_indices.md	2	1658	2669
d1:0091_polars_bounded_integer_indices.md	3	2670	3668
d1:0091_polars_bounded_integer_indices.md	4	3669	4748
d1:0091_polars_bounded_integer_indices.md	5	4749	5488
d1:0091_polars_bounded_integer_indices_evidence.md	0	2	846
d1:0091_polars_bounded_integer_indices_evidence.md	1	846	1575
d1:0091_polars_bounded_integer_indices_evidence.md	2	1576	2371
d1:0091_polars_bounded_integer_indices_evidence.md	3	2371	3331
d1:0091_polars_bounded_integer_indices_evidence.md	4	3332	4231
d1:0091_polars_bounded_integer_indices_evidence.md	5	4232	4979
d1:0091_polars_bounded_integer_indices_evidence.md	6	4980	5762
d1:0091_polars_bounded_integer_indices_evidence.md	7	5763	6372
d1:0091_polars_bounded_integer_indices_evidence.md	8	6372	6764
d1:0092_polars_typed_left_subtraction.md	0	2	866
d1:0092_polars_typed_left_subtraction.md	1	867	1670
d1:0092_polars_typed_left_subtraction.md	2	1670	2720
d1:0092_polars_typed_left_subtraction.md	3	2720	3767
d1:0092_polars_typed_left_subtraction.md	4	3768	4857
d1:0092_polars_typed_left_subtraction.md	5	4858	5323
d1:0092_polars_typed_left_subtraction_evidence.md	0	2	869
d1:0092_polars_typed_left_subtraction_evidence.md	1	870	1592
d1:0092_polars_typed_left_subtraction_evidence.md	2	1592	2583
d1:0092_polars_typed_left_subtraction_evidence.md	3	2583	3303
d1:0092_polars_typed_left_subtraction_evidence.md	4	3304	4124
d1:0092_polars_typed_left_subtraction_evidence.md	5	4125	4879
d1:0092_polars_typed_left_subtraction_evidence.md	6	4879	5620
d1:0092_polars_typed_left_subtraction_evidence.md	7	5621	6417
d1:0092_polars_typed_left_subtraction_evidence.md	8	6417	6926
d1:0092_polars_typed_left_subtraction_evidence.md	9	6926	7350
d1:0093_polars_checked_integer_readback.md	0	2	854
d1:0093_polars_checked_integer_readback.md	1	854	1877
d1:0093_polars_checked_integer_readback.md	2	1878	2886
d1:0093_polars_checked_integer_readback.md	3	2886	4015
d1:0093_polars_checked_integer_readback.md	4	4016	5034
d1:0093_polars_checked_integer_readback.md	5	5035	6189
d1:0093_polars_checked_integer_readback.md	6	6189	7036
d1:0093_polars_checked_integer_readback_evidence.md	0	2	872
d1:0093_polars_checked_integer_readback_evidence.md	1	872	1609
d1:0093_polars_checked_integer_readback_evidence.md	2	1610	2396
d1:0093_polars_checked_integer_readback_evidence.md	3	2396	3197
d1:0093_polars_checked_integer_readback_evidence.md	4	3197	3869
d1:0093_polars_checked_integer_readback_evidence.md	5	3869	4546
d1:0093_polars_checked_integer_readback_evidence.md	6	4546	5543
d1:0093_polars_checked_integer_readback_evidence.md	7	5543	6321
d1:0093_polars_checked_integer_readback_evidence.md	8	6321	7197
d1:0093_polars_checked_integer_readback_evidence.md	9	7198	8017
d1:0093_polars_checked_integer_readback_evidence.md	10	8017	8688
d1:0093_polars_checked_integer_readback_evidence.md	11	8689	9547
d1:0093_polars_checked_integer_readback_evidence.md	12	9548	10134
d1:0093_polars_checked_integer_readback_evidence.md	13	10135	10621
d1:0094_polars_categorical_hash_tokens.md	0	2	878
d1:0094_polars_categorical_hash_tokens.md	1	878	1624
d1:0094_polars_categorical_hash_tokens.md	2	1625	2639
d1:0094_polars_categorical_hash_tokens.md	3	2640	3586
d1:0094_polars_categorical_hash_tokens.md	4	3586	4636
d1:0094_polars_categorical_hash_tokens.md	5	4637	5689
d1:0094_polars_categorical_hash_tokens.md	6	5690	6855
d1:0094_polars_categorical_hash_tokens.md	7	6856	6863
d1:0094_polars_categorical_hash_tokens_evidence.md	0	2	878
d1:0094_polars_categorical_hash_tokens_evidence.md	1	878	1519
d1:0094_polars_categorical_hash_tokens_evidence.md	2	1519	2301
d1:0094_polars_categorical_hash_tokens_evidence.md	3	2302	3050
d1:0094_polars_categorical_hash_tokens_evidence.md	4	3050	3627
d1:0094_polars_categorical_hash_tokens_evidence.md	5	3627	4471
d1:0094_polars_categorical_hash_tokens_evidence.md	6	4472	5372
d1:0094_polars_categorical_hash_tokens_evidence.md	7	5372	6075
d1:0094_polars_categorical_hash_tokens_evidence.md	8	6076	6638
d1:0094_polars_categorical_hash_tokens_evidence.md	9	6639	7417
d1:0094_polars_categorical_hash_tokens_evidence.md	10	7418	8241
d1:0094_polars_categorical_hash_tokens_evidence.md	11	8242	8942
d1:0094_polars_categorical_hash_tokens_evidence.md	12	8943	9674
d1:0094_polars_categorical_hash_tokens_evidence.md	13	9675	9701
d1:0095_polars_typed_left_division_and_remainder.md	0	2	873
d1:0095_polars_typed_left_division_and_remainder.md	1	874	1775
d1:0095_polars_typed_left_division_and_remainder.md	2	1775	2690
d1:0095_polars_typed_left_division_and_remainder.md	3	2690	3740
d1:0095_polars_typed_left_division_and_remainder.md	4	3741	4705
d1:0095_polars_typed_left_division_and_remainder.md	5	4705	5829
d1:0095_polars_typed_left_division_and_remainder.md	6	5830	6018
d1:0095_polars_typed_left_division_and_remainder_evidence.md	0	2	769
d1:0095_polars_typed_left_division_and_remainder_evidence.md	1	769	1477
d1:0095_polars_typed_left_division_and_remainder_evidence.md	2	1478	2198
d1:0095_polars_typed_left_division_and_remainder_evidence.md	3	2198	2962
d1:0095_polars_typed_left_division_and_remainder_evidence.md	4	2963	3566
d1:0095_polars_typed_left_division_and_remainder_evidence.md	5	3566	4297
d1:0095_polars_typed_left_division_and_remainder_evidence.md	6	4298	4985
d1:0095_polars_typed_left_division_and_remainder_evidence.md	7	4985	5762
d1:0095_polars_typed_left_division_and_remainder_evidence.md	8	5763	6377
d1:0095_polars_typed_left_division_and_remainder_evidence.md	9	6378	7134
d1:0095_polars_typed_left_division_and_remainder_evidence.md	10	7135	7837
d1:0095_polars_typed_left_division_and_remainder_evidence.md	11	7837	8335
d1:0096_polars_null_aware_numeric_vectors.md	0	2	822
d1:0096_polars_null_aware_numeric_vectors.md	1	822	1757
d1:0096_polars_null_aware_numeric_vectors.md	2	1758	2779
d1:0096_polars_null_aware_numeric_vectors.md	3	2780	3811
d1:0096_polars_null_aware_numeric_vectors.md	4	3812	4893
d1:0096_polars_null_aware_numeric_vectors.md	5	4894	5908
d1:0096_polars_null_aware_numeric_vectors_evidence.md	0	2	749
d1:0096_polars_null_aware_numeric_vectors_evidence.md	1	749	1568
d1:0096_polars_null_aware_numeric_vectors_evidence.md	2	1569	2284
d1:0096_polars_null_aware_numeric_vectors_evidence.md	3	2284	3101
d1:0096_polars_null_aware_numeric_vectors_evidence.md	4	3101	3988
d1:0096_polars_null_aware_numeric_vectors_evidence.md	5	3988	4902
d1:0096_polars_null_aware_numeric_vectors_evidence.md	6	4902	5792
d1:0096_polars_null_aware_numeric_vectors_evidence.md	7	5794	6570
d1:0096_polars_null_aware_numeric_vectors_evidence.md	8	6570	7120
d1:0096_polars_null_aware_numeric_vectors_evidence.md	9	7121	7809
d1:0096_polars_null_aware_numeric_vectors_evidence.md	10	7810	8570
d1:0096_polars_null_aware_numeric_vectors_evidence.md	11	8571	9316
d1:0096_polars_null_aware_numeric_vectors_evidence.md	12	9316	9760
d1:0097_polars_sized_self_slices.md	0	2	918
d1:0097_polars_sized_self_slices.md	1	919	1752
d1:0097_polars_sized_self_slices.md	2	1752	2781
d1:0097_polars_sized_self_slices.md	3	2781	3814
d1:0097_polars_sized_self_slices.md	4	3814	4965
d1:0097_polars_sized_self_slices.md	5	4966	5999
d1:0097_polars_sized_self_slices_evidence.md	0	2	952
d1:0097_polars_sized_self_slices_evidence.md	1	952	1535
d1:0097_polars_sized_self_slices_evidence.md	2	1535	2316
d1:0097_polars_sized_self_slices_evidence.md	3	2316	3210
d1:0097_polars_sized_self_slices_evidence.md	4	3210	4150
d1:0097_polars_sized_self_slices_evidence.md	5	4150	4973
d1:0097_polars_sized_self_slices_evidence.md	6	4973	5679
d1:0097_polars_sized_self_slices_evidence.md	7	5680	6427
d1:0097_polars_sized_self_slices_evidence.md	8	6428	7202
d1:0097_polars_sized_self_slices_evidence.md	9	7202	7789
d1:0097_polars_sized_self_slices_evidence.md	10	7789	7931
d1:0098_polars_float_trait_bounds.md	0	2	735
d1:0098_polars_float_trait_bounds.md	1	735	1560
d1:0098_polars_float_trait_bounds.md	2	1560	2529
d1:0098_polars_float_trait_bounds.md	3	2530	3520
d1:0098_polars_float_trait_bounds.md	4	3521	4536
d1:0098_polars_float_trait_bounds.md	5	4537	5665
d1:0098_polars_float_trait_bounds.md	6	5666	5784
d1:0098_polars_float_trait_bounds_evidence.md	0	2	916
d1:0098_polars_float_trait_bounds_evidence.md	1	916	1572
d1:0098_polars_float_trait_bounds_evidence.md	2	1573	2197
d1:0098_polars_float_trait_bounds_evidence.md	3	2197	3197
d1:0098_polars_float_trait_bounds_evidence.md	4	3198	4127
d1:0098_polars_float_trait_bounds_evidence.md	5	4127	4874
d1:0098_polars_float_trait_bounds_evidence.md	6	4874	5708
d1:0098_polars_float_trait_bounds_evidence.md	7	5709	6428
d1:0098_polars_float_trait_bounds_evidence.md	8	6428	7219
d1:0098_polars_float_trait_bounds_evidence.md	9	7220	7882
d1:0098_polars_float_trait_bounds_evidence.md	10	7882	8194
d1:0099_polars_numeric_chunk_snapshots.md	0	2	835
d1:0099_polars_numeric_chunk_snapshots.md	1	835	1753
d1:0099_polars_numeric_chunk_snapshots.md	2	1754	2790
d1:0099_polars_numeric_chunk_snapshots.md	3	2791	3820
d1:0099_polars_numeric_chunk_snapshots.md	4	3821	4894
d1:0099_polars_numeric_chunk_snapshots.md	5	4895	6065
d1:0099_polars_numeric_chunk_snapshots.md	6	6065	6172
d1:0099_polars_numeric_chunk_snapshots_evidence.md	0	2	779
d1:0099_polars_numeric_chunk_snapshots_evidence.md	1	780	1455
d1:0099_polars_numeric_chunk_snapshots_evidence.md	2	1456	2198
d1:0099_polars_numeric_chunk_snapshots_evidence.md	3	2198	3009
d1:0099_polars_numeric_chunk_snapshots_evidence.md	4	3010	3893
d1:0099_polars_numeric_chunk_snapshots_evidence.md	5	3894	4729
d1:0099_polars_numeric_chunk_snapshots_evidence.md	6	4730	5485
d1:0099_polars_numeric_chunk_snapshots_evidence.md	7	5486	6097
d1:0099_polars_numeric_chunk_snapshots_evidence.md	8	6098	6988
d1:0099_polars_numeric_chunk_snapshots_evidence.md	9	6988	7700
d1:0099_polars_numeric_chunk_snapshots_evidence.md	10	7700	8312
d1:0099_polars_numeric_chunk_snapshots_evidence.md	11	8313	8983
d1:0100_polars_scalar_chunk_snapshots.md	0	2	890
d1:0100_polars_scalar_chunk_snapshots.md	1	891	1658
d1:0100_polars_scalar_chunk_snapshots.md	2	1659	2773
d1:0100_polars_scalar_chunk_snapshots.md	3	2774	3807
d1:0100_polars_scalar_chunk_snapshots.md	4	3807	4923
d1:0100_polars_scalar_chunk_snapshots.md	5	4924	5745
d1:0100_polars_scalar_chunk_snapshots_evidence.md	0	2	841
d1:0100_polars_scalar_chunk_snapshots_evidence.md	1	842	1564
d1:0100_polars_scalar_chunk_snapshots_evidence.md	2	1564	2216
d1:0100_polars_scalar_chunk_snapshots_evidence.md	3	2216	3266
d1:0100_polars_scalar_chunk_snapshots_evidence.md	4	3266	4120
d1:0100_polars_scalar_chunk_snapshots_evidence.md	5	4121	5021
d1:0100_polars_scalar_chunk_snapshots_evidence.md	6	5022	5713
d1:0100_polars_scalar_chunk_snapshots_evidence.md	7	5714	6548
d1:0100_polars_scalar_chunk_snapshots_evidence.md	8	6549	7312
d1:0100_polars_scalar_chunk_snapshots_evidence.md	9	7313	8033
d1:0100_polars_scalar_chunk_snapshots_evidence.md	10	8034	8918
d1:0100_polars_scalar_chunk_snapshots_evidence.md	11	8918	9383
d1:0101_polars_indexed_chunk_snapshots.md	0	2	809
d1:0101_polars_indexed_chunk_snapshots.md	1	810	1754
d1:0101_polars_indexed_chunk_snapshots.md	2	1755	2856
d1:0101_polars_indexed_chunk_snapshots.md	3	2857	3867
d1:0101_polars_indexed_chunk_snapshots.md	4	3868	4847
d1:0101_polars_indexed_chunk_snapshots.md	5	4848	5979
d1:0101_polars_indexed_chunk_snapshots.md	6	5980	6049
d1:0101_polars_indexed_chunk_snapshots_evidence.md	0	2	804
d1:0101_polars_indexed_chunk_snapshots_evidence.md	1	804	1576
d1:0101_polars_indexed_chunk_snapshots_evidence.md	2	1577	2261
d1:0101_polars_indexed_chunk_snapshots_evidence.md	3	2262	3036
d1:0101_polars_indexed_chunk_snapshots_evidence.md	4	3036	3963
d1:0101_polars_indexed_chunk_snapshots_evidence.md	5	3963	4802
d1:0101_polars_indexed_chunk_snapshots_evidence.md	6	4803	5671
d1:0101_polars_indexed_chunk_snapshots_evidence.md	7	5672	6266
d1:0101_polars_indexed_chunk_snapshots_evidence.md	8	6267	7030
d1:0101_polars_indexed_chunk_snapshots_evidence.md	9	7030	7856
d1:0101_polars_indexed_chunk_snapshots_evidence.md	10	7857	8624
d1:0101_polars_indexed_chunk_snapshots_evidence.md	11	8624	9267
d1:0101_polars_indexed_chunk_snapshots_evidence.md	12	9268	9568
d1:0102_polars_single_chunk_array_snapshots.md	0	2	929
d1:0102_polars_single_chunk_array_snapshots.md	1	929	1901
d1:0102_polars_single_chunk_array_snapshots.md	2	1901	3011
d1:0102_polars_single_chunk_array_snapshots.md	3	3012	4058
d1:0102_polars_single_chunk_array_snapshots.md	4	4059	5162
d1:0102_polars_single_chunk_array_snapshots.md	5	5163	6281
d1:0102_polars_single_chunk_array_snapshots_evidence.md	0	2	831
d1:0102_polars_single_chunk_array_snapshots_evidence.md	1	831	1689
d1:0102_polars_single_chunk_array_snapshots_evidence.md	2	1689	2475
d1:0102_polars_single_chunk_array_snapshots_evidence.md	3	2476	3376
d1:0102_polars_single_chunk_array_snapshots_evidence.md	4	3376	4239
d1:0102_polars_single_chunk_array_snapshots_evidence.md	5	4239	5101
d1:0102_polars_single_chunk_array_snapshots_evidence.md	6	5101	5694
d1:0102_polars_single_chunk_array_snapshots_evidence.md	7	5695	6427
d1:0102_polars_single_chunk_array_snapshots_evidence.md	8	6427	7194
d1:0102_polars_single_chunk_array_snapshots_evidence.md	9	7195	7907
d1:0102_polars_single_chunk_array_snapshots_evidence.md	10	7908	8325
d1:0103_polars_typed_chunk_iterator_snapshots.md	0	2	917
d1:0103_polars_typed_chunk_iterator_snapshots.md	1	917	1845
d1:0103_polars_typed_chunk_iterator_snapshots.md	2	1845	2960
d1:0103_polars_typed_chunk_iterator_snapshots.md	3	2961	4029
d1:0103_polars_typed_chunk_iterator_snapshots.md	4	4030	5061
d1:0103_polars_typed_chunk_iterator_snapshots.md	5	5062	6268
d1:0103_polars_typed_chunk_iterator_snapshots.md	6	6269	6634
d1:0103_polars_typed_chunk_iterator_snapshots_evidence.md	0	2	821
d1:0103_polars_typed_chunk_iterator_snapshots_evidence.md	1	822	1604
d1:0103_polars_typed_chunk_iterator_snapshots_evidence.md	2	1604	2379
d1:0103_polars_typed_chunk_iterator_snapshots_evidence.md	3	2380	3245
d1:0103_polars_typed_chunk_iterator_snapshots_evidence.md	4	3245	4238
d1:0103_polars_typed_chunk_iterator_snapshots_evidence.md	5	4239	5071
d1:0103_polars_typed_chunk_iterator_snapshots_evidence.md	6	5072	6025
d1:0103_polars_typed_chunk_iterator_snapshots_evidence.md	7	6026	6851
d1:0103_polars_typed_chunk_iterator_snapshots_evidence.md	8	6851	7484
d1:0103_polars_typed_chunk_iterator_snapshots_evidence.md	9	7484	8200
d1:0103_polars_typed_chunk_iterator_snapshots_evidence.md	10	8201	8969
d1:0103_polars_typed_chunk_iterator_snapshots_evidence.md	11	8969	9771
d1:0103_polars_typed_chunk_iterator_snapshots_evidence.md	12	9771	10468
d1:0104_polars_indexed_chunk_view_snapshots.md	0	2	882
d1:0104_polars_indexed_chunk_view_snapshots.md	1	882	1858
d1:0104_polars_indexed_chunk_view_snapshots.md	2	1859	2943
d1:0104_polars_indexed_chunk_view_snapshots.md	3	2944	4020
d1:0104_polars_indexed_chunk_view_snapshots.md	4	4021	5015
d1:0104_polars_indexed_chunk_view_snapshots.md	5	5016	6209
d1:0104_polars_indexed_chunk_view_snapshots.md	6	6209	6365
d1:0104_polars_indexed_chunk_view_snapshots_evidence.md	0	2	831
d1:0104_polars_indexed_chunk_view_snapshots_evidence.md	1	831	1506
d1:0104_polars_indexed_chunk_view_snapshots_evidence.md	2	1506	2240
d1:0104_polars_indexed_chunk_view_snapshots_evidence.md	3	2240	3017
d1:0104_polars_indexed_chunk_view_snapshots_evidence.md	4	3017	3939
d1:0104_polars_indexed_chunk_view_snapshots_evidence.md	5	3940	4815
d1:0104_polars_indexed_chunk_view_snapshots_evidence.md	6	4815	5712
d1:0104_polars_indexed_chunk_view_snapshots_evidence.md	7	5713	6473
d1:0104_polars_indexed_chunk_view_snapshots_evidence.md	8	6473	7189
d1:0104_polars_indexed_chunk_view_snapshots_evidence.md	9	7190	7911
d1:0104_polars_indexed_chunk_view_snapshots_evidence.md	10	7911	8331
d1:0105_polars_consuming_chunk_iterator_snapshots.md	0	2	868
d1:0105_polars_consuming_chunk_iterator_snapshots.md	1	868	1789
d1:0105_polars_consuming_chunk_iterator_snapshots.md	2	1790	3006
d1:0105_polars_consuming_chunk_iterator_snapshots.md	3	3007	4062
d1:0105_polars_consuming_chunk_iterator_snapshots.md	4	4063	5105
d1:0105_polars_consuming_chunk_iterator_snapshots.md	5	5105	6304
d1:0105_polars_consuming_chunk_iterator_snapshots.md	6	6305	6820
d1:0105_polars_consuming_chunk_iterator_snapshots_evidence.md	0	2	901
d1:0105_polars_consuming_chunk_iterator_snapshots_evidence.md	1	901	1803
d1:0105_polars_consuming_chunk_iterator_snapshots_evidence.md	2	1803	2573
d1:0105_polars_consuming_chunk_iterator_snapshots_evidence.md	3	2573	3426
d1:0105_polars_consuming_chunk_iterator_snapshots_evidence.md	4	3427	4340
d1:0105_polars_consuming_chunk_iterator_snapshots_evidence.md	5	4340	5190
d1:0105_polars_consuming_chunk_iterator_snapshots_evidence.md	6	5190	6096
d1:0105_polars_consuming_chunk_iterator_snapshots_evidence.md	7	6096	6867
d1:0105_polars_consuming_chunk_iterator_snapshots_evidence.md	8	6867	7611
d1:0105_polars_consuming_chunk_iterator_snapshots_evidence.md	9	7612	8361
d1:0105_polars_consuming_chunk_iterator_snapshots_evidence.md	10	8362	8863
d1:0106_polars_chunk_layout_snapshots.md	0	2	878
d1:0106_polars_chunk_layout_snapshots.md	1	878	1739
d1:0106_polars_chunk_layout_snapshots.md	2	1740	2905
d1:0106_polars_chunk_layout_snapshots.md	3	2906	3880
d1:0106_polars_chunk_layout_snapshots.md	4	3881	4849
d1:0106_polars_chunk_layout_snapshots.md	5	4850	5934
d1:0106_polars_chunk_layout_snapshots.md	6	5935	6965
d1:0106_polars_chunk_layout_snapshots_evidence.md	0	2	878
d1:0106_polars_chunk_layout_snapshots_evidence.md	1	878	1547
d1:0106_polars_chunk_layout_snapshots_evidence.md	2	1547	2246
d1:0106_polars_chunk_layout_snapshots_evidence.md	3	2246	3009
d1:0106_polars_chunk_layout_snapshots_evidence.md	4	3009	3762
d1:0106_polars_chunk_layout_snapshots_evidence.md	5	3763	4777
d1:0106_polars_chunk_layout_snapshots_evidence.md	6	4777	5563
d1:0106_polars_chunk_layout_snapshots_evidence.md	7	5564	6402
d1:0106_polars_chunk_layout_snapshots_evidence.md	8	6402	7123
d1:0106_polars_chunk_layout_snapshots_evidence.md	9	7123	7765
d1:0106_polars_chunk_layout_snapshots_evidence.md	10	7765	8563
d1:0106_polars_chunk_layout_snapshots_evidence.md	11	8563	9307
d1:0106_polars_chunk_layout_snapshots_evidence.md	12	9308	9985
d1:0106_polars_chunk_layout_snapshots_evidence.md	13	9985	10051
d1:0107_caller_owned_source_programs.md	0	2	934
d1:0107_caller_owned_source_programs.md	1	934	1972
d1:0107_caller_owned_source_programs.md	2	1973	2954
d1:0107_caller_owned_source_programs.md	3	2955	3090
d1:0107_caller_owned_source_programs_evidence.md	0	2	789
d1:0107_caller_owned_source_programs_evidence.md	1	789	1566
d1:0108_polars_v2_rust_api_baseline.md	0	2	922
d1:0108_polars_v2_rust_api_baseline.md	1	923	1883
d1:0108_polars_v2_rust_api_baseline.md	2	1884	3003
d1:0108_polars_v2_rust_api_baseline.md	3	3004	4079
d1:0108_polars_v2_rust_api_baseline.md	4	4080	5188
d1:0108_polars_v2_rust_api_baseline.md	5	5189	6343
d1:0108_polars_v2_rust_api_baseline.md	6	6344	7149
d1:0108_polars_v2_rust_api_baseline_evidence.md	0	2	697
d1:0108_polars_v2_rust_api_baseline_evidence.md	1	697	1476
d1:0108_polars_v2_rust_api_baseline_evidence.md	2	1477	2172
d1:0108_polars_v2_rust_api_baseline_evidence.md	3	2172	2996
d1:0108_polars_v2_rust_api_baseline_evidence.md	4	2997	3858
d1:0108_polars_v2_rust_api_baseline_evidence.md	5	3858	4683
d1:0108_polars_v2_rust_api_baseline_evidence.md	6	4683	5501
d1:0108_polars_v2_rust_api_baseline_evidence.md	7	5502	6318
d1:0108_polars_v2_rust_api_baseline_evidence.md	8	6318	7094
d1:0108_polars_v2_rust_api_baseline_evidence.md	9	7094	7995
d1:0108_polars_v2_rust_api_baseline_evidence.md	10	7996	8896
d1:0108_polars_v2_rust_api_baseline_evidence.md	11	8897	9814
d1:0108_polars_v2_rust_api_baseline_evidence.md	12	9815	10470
d1:0109_polars_move_semantics.md	0	2	768
d1:0109_polars_move_semantics.md	1	768	1640
d1:0109_polars_move_semantics.md	2	1641	2595
d1:0109_polars_move_semantics.md	3	2595	3462
d1:0109_polars_move_semantics.md	4	3463	3743
d1:0109_polars_move_semantics_evidence.md	0	2	744
d1:0109_polars_move_semantics_evidence.md	1	744	1554
d1:0109_polars_move_semantics_evidence.md	2	1554	2281
d1:0109_polars_move_semantics_evidence.md	3	2281	3160
d1:0109_polars_move_semantics_evidence.md	4	3160	3870
d1:0109_polars_move_semantics_evidence.md	5	3871	4715
d1:0109_polars_move_semantics_evidence.md	6	4715	5461
d1:0109_polars_move_semantics_evidence.md	7	5462	5530
d1:0110_polars_trait_implementor_dispatch.md	0	2	837
d1:0110_polars_trait_implementor_dispatch.md	1	838	1768
d1:0110_polars_trait_implementor_dispatch.md	2	1769	2918
d1:0110_polars_trait_implementor_dispatch.md	3	2919	4063
d1:0110_polars_trait_implementor_dispatch.md	4	4063	5167
d1:0110_polars_trait_implementor_dispatch.md	5	5167	6335
d1:0110_polars_trait_implementor_dispatch.md	6	6335	6496
d1:0110_polars_trait_implementor_dispatch_evidence.md	0	2	894
d1:0110_polars_trait_implementor_dispatch_evidence.md	1	895	1765
d1:0110_polars_trait_implementor_dispatch_evidence.md	2	1766	2772
d1:0110_polars_trait_implementor_dispatch_evidence.md	3	2772	3531
d1:0110_polars_trait_implementor_dispatch_evidence.md	4	3532	4280
d1:0110_polars_trait_implementor_dispatch_evidence.md	5	4281	5078
d1:0110_polars_trait_implementor_dispatch_evidence.md	6	5079	5800
d1:0110_polars_trait_implementor_dispatch_evidence.md	7	5800	6637
d1:0110_polars_trait_implementor_dispatch_evidence.md	8	6638	7379
d1:0110_polars_trait_implementor_dispatch_evidence.md	9	7380	8400
d1:0110_polars_trait_implementor_dispatch_evidence.md	10	8401	9245
d1:0111_polars_rust_protocols.md	0	2	792
d1:0111_polars_rust_protocols.md	1	793	1893
d1:0111_polars_rust_protocols.md	2	1894	2925
d1:0111_polars_rust_protocols.md	3	2926	3870
d1:0111_polars_rust_protocols.md	4	3871	4853
d1:0111_polars_rust_protocols.md	5	4854	5968
d1:0111_polars_rust_protocols.md	6	5968	7125
d1:0111_polars_rust_protocols.md	7	7126	7718
d1:0111_polars_rust_protocols_evidence.md	0	2	820
d1:0111_polars_rust_protocols_evidence.md	1	820	1541
d1:0111_polars_rust_protocols_evidence.md	2	1541	2286
d1:0111_polars_rust_protocols_evidence.md	3	2286	3032
d1:0111_polars_rust_protocols_evidence.md	4	3033	3717
d1:0111_polars_rust_protocols_evidence.md	5	3717	4478
d1:0111_polars_rust_protocols_evidence.md	6	4478	5268
d1:0111_polars_rust_protocols_evidence.md	7	5268	6070
d1:0111_polars_rust_protocols_evidence.md	8	6070	6865
d1:0111_polars_rust_protocols_evidence.md	9	6866	7500
d1:0111_polars_rust_protocols_evidence.md	10	7500	8237
d1:0111_polars_rust_protocols_evidence.md	11	8238	8877
d1:0112_polars_generic_trait_impls.md	0	2	764
d1:0112_polars_generic_trait_impls.md	1	765	1806
d1:0112_polars_generic_trait_impls.md	2	1806	2931
d1:0112_polars_generic_trait_impls.md	3	2931	3943
d1:0112_polars_generic_trait_impls.md	4	3944	5045
d1:0112_polars_generic_trait_impls.md	5	5046	6116
d1:0112_polars_generic_trait_impls.md	6	6116	7282
d1:0112_polars_generic_trait_impls.md	7	7282	8398
d1:0112_polars_generic_trait_impls.md	8	8398	9093
d1:0112_polars_generic_trait_impls_evidence.md	0	2	827
d1:0112_polars_generic_trait_impls_evidence.md	1	828	1595
d1:0112_polars_generic_trait_impls_evidence.md	2	1595	2441
d1:0112_polars_generic_trait_impls_evidence.md	3	2442	3408
d1:0112_polars_generic_trait_impls_evidence.md	4	3408	4181
d1:0112_polars_generic_trait_impls_evidence.md	5	4181	4925
d1:0112_polars_generic_trait_impls_evidence.md	6	4926	5562
d1:0112_polars_generic_trait_impls_evidence.md	7	5562	6308
d1:0112_polars_generic_trait_impls_evidence.md	8	6308	7017
d1:0112_polars_generic_trait_impls_evidence.md	9	7017	7879
d1:0112_polars_generic_trait_impls_evidence.md	10	7879	8796
d1:0112_polars_generic_trait_impls_evidence.md	11	8797	9636
d1:0112_polars_generic_trait_impls_evidence.md	12	9636	10402
d1:0112_polars_generic_trait_impls_evidence.md	13	10403	11104
d1:0112_polars_generic_trait_impls_evidence.md	14	11105	11897
d1:0112_polars_generic_trait_impls_evidence.md	15	11898	12803
d1:0112_polars_generic_trait_impls_evidence.md	16	12803	12910
d1:0113_polars_nonserde_generic_trait_impls.md	0	2	723
d1:0113_polars_nonserde_generic_trait_impls.md	1	723	1700
d1:0113_polars_nonserde_generic_trait_impls.md	2	1701	2596
d1:0113_polars_nonserde_generic_trait_impls.md	3	2597	3788
d1:0113_polars_nonserde_generic_trait_impls.md	4	3788	4848
d1:0113_polars_nonserde_generic_trait_impls.md	5	4849	5858
d1:0113_polars_nonserde_generic_trait_impls.md	6	5859	6860
d1:0113_polars_nonserde_generic_trait_impls.md	7	6861	7942
d1:0113_polars_nonserde_generic_trait_impls.md	8	7943	9083
d1:0113_polars_nonserde_generic_trait_impls.md	9	9084	10323
d1:0113_polars_nonserde_generic_trait_impls.md	10	10324	11309
d1:0113_polars_nonserde_generic_trait_impls_evidence.md	0	2	686
d1:0113_polars_nonserde_generic_trait_impls_evidence.md	1	687	1621
d1:0113_polars_nonserde_generic_trait_impls_evidence.md	2	1621	2493
d1:0113_polars_nonserde_generic_trait_impls_evidence.md	3	2494	3310
d1:0113_polars_nonserde_generic_trait_impls_evidence.md	4	3310	4060
d1:0113_polars_nonserde_generic_trait_impls_evidence.md	5	4060	4897
d1:0113_polars_nonserde_generic_trait_impls_evidence.md	6	4897	5885
d1:0113_polars_nonserde_generic_trait_impls_evidence.md	7	5886	6609
d1:0113_polars_nonserde_generic_trait_impls_evidence.md	8	6610	7329
d1:0113_polars_nonserde_generic_trait_impls_evidence.md	9	7330	7955
d1:0113_polars_nonserde_generic_trait_impls_evidence.md	10	7955	8757
d1:0113_polars_nonserde_generic_trait_impls_evidence.md	11	8758	9660
d1:0113_polars_nonserde_generic_trait_impls_evidence.md	12	9661	9872
d1:0114_polars_gen_module_split.md	0	2	857
d1:0114_polars_gen_module_split.md	1	857	1652
d1:0114_polars_gen_module_split.md	2	1653	2550
d1:0114_polars_gen_module_split.md	3	2550	3262
d1:0114_polars_gen_module_split.md	4	3263	3953
d1:0114_polars_gen_module_split.md	5	3954	4690
d1:0114_polars_gen_module_split.md	6	4691	5551
d1:0114_polars_gen_module_split.md	7	5551	6518
d1:0114_polars_gen_module_split.md	8	6519	7437
d1:0114_polars_gen_module_split.md	9	7437	8294
d1:0114_polars_gen_module_split.md	10	8294	9214
d1:0114_polars_gen_module_split.md	11	9215	10217
d1:0114_polars_gen_module_split.md	12	10218	11148
d1:0114_polars_gen_module_split_evidence.md	0	2	794
d1:0114_polars_gen_module_split_evidence.md	1	794	1614
d1:0114_polars_gen_module_split_evidence.md	2	1615	2457
d1:0114_polars_gen_module_split_evidence.md	3	2458	3325
d1:0114_polars_gen_module_split_evidence.md	4	3325	4200
d1:0114_polars_gen_module_split_evidence.md	5	4200	5074
d1:0114_polars_gen_module_split_evidence.md	6	5075	5910
d1:0114_polars_gen_module_split_evidence.md	7	5910	6651
d1:0114_polars_gen_module_split_evidence.md	8	6652	7233
d1:0114_polars_gen_module_split_evidence.md	9	7234	7851
d1:0114_polars_gen_module_split_evidence.md	10	7851	8619
d1:0114_polars_gen_module_split_evidence.md	11	8620	9226
d1:0115_polars_gen_family_registry.md	0	2	978
d1:0115_polars_gen_family_registry.md	1	979	1844
d1:0115_polars_gen_family_registry.md	2	1845	2610
d1:0115_polars_gen_family_registry.md	3	2611	3558
d1:0115_polars_gen_family_registry.md	4	3558	4482
d1:0115_polars_gen_family_registry.md	5	4482	5303
d1:0115_polars_gen_family_registry.md	6	5304	6254
d1:0115_polars_gen_family_registry.md	7	6255	7276
d1:0115_polars_gen_family_registry.md	8	7276	8309
d1:0115_polars_gen_family_registry.md	9	8310	9372
d1:0115_polars_gen_family_registry.md	10	9373	9842
d1:0115_polars_gen_family_registry_evidence.md	0	2	914
d1:0115_polars_gen_family_registry_evidence.md	1	915	1674
d1:0115_polars_gen_family_registry_evidence.md	2	1675	2439
d1:0115_polars_gen_family_registry_evidence.md	3	2440	3307
d1:0115_polars_gen_family_registry_evidence.md	4	3307	4082
d1:0115_polars_gen_family_registry_evidence.md	5	4082	4913
d1:0115_polars_gen_family_registry_evidence.md	6	4914	5809
d1:0115_polars_gen_family_registry_evidence.md	7	5810	6802
d1:0115_polars_gen_family_registry_evidence.md	8	6803	7638
d1:0115_polars_gen_family_registry_evidence.md	9	7638	8488
d1:0115_polars_gen_family_registry_evidence.md	10	8489	9304
d1:0115_polars_gen_family_registry_evidence.md	11	9304	10165
d1:0115_polars_gen_family_registry_evidence.md	12	10166	11036
d1:0115_polars_gen_family_registry_evidence.md	13	11037	11737
d1:0115_polars_gen_family_registry_evidence.md	14	11738	12640
d1:0115_polars_gen_family_registry_evidence.md	15	12640	13508
d1:0115_polars_gen_family_registry_evidence.md	16	13509	14374
d1:0115_polars_gen_family_registry_evidence.md	17	14374	15303
d1:0115_polars_gen_family_registry_evidence.md	18	15303	16178
d1:0115_polars_gen_family_registry_evidence.md	19	16179	16680
d1:0116_polars_generic_methods.md	0	2	935
d1:0116_polars_generic_methods.md	1	935	1689
d1:0116_polars_generic_methods.md	2	1689	2375
d1:0116_polars_generic_methods.md	3	2375	3152
d1:0116_polars_generic_methods.md	4	3152	4075
d1:0116_polars_generic_methods.md	5	4076	5166
d1:0116_polars_generic_methods.md	6	5167	5997
d1:0116_polars_generic_methods.md	7	5997	6924
d1:0116_polars_generic_methods.md	8	6925	7932
d1:0116_polars_generic_methods.md	9	7932	8916
d1:0116_polars_generic_methods.md	10	8916	9879
d1:0116_polars_generic_methods.md	11	9881	10836
d1:0116_polars_generic_methods.md	12	10837	11884
d1:0116_polars_generic_methods.md	13	11884	12027
d1:0116_polars_generic_methods_evidence.md	0	2	658
d1:0116_polars_generic_methods_evidence.md	1	658	1403
d1:0116_polars_generic_methods_evidence.md	2	1404	2239
d1:0116_polars_generic_methods_evidence.md	3	2239	3107
d1:0116_polars_generic_methods_evidence.md	4	3107	3975
d1:0116_polars_generic_methods_evidence.md	5	3976	4948
d1:0116_polars_generic_methods_evidence.md	6	4949	5740
d1:0116_polars_generic_methods_evidence.md	7	5741	6701
d1:0116_polars_generic_methods_evidence.md	8	6702	7604
d1:0116_polars_generic_methods_evidence.md	9	7604	8403
d1:0116_polars_generic_methods_evidence.md	10	8404	9178
d1:0116_polars_generic_methods_evidence.md	11	9178	9954
d1:0116_polars_generic_methods_evidence.md	12	9954	10764
d1:0116_polars_generic_methods_evidence.md	13	10765	11648
d1:0116_polars_generic_methods_evidence.md	14	11649	12034
d1:0117_polars_trait_arguments.md	0	2	888
d1:0117_polars_trait_arguments.md	1	888	1648
d1:0117_polars_trait_arguments.md	2	1648	2493
d1:0117_polars_trait_arguments.md	3	2493	3344
d1:0117_polars_trait_arguments.md	4	3345	4393
d1:0117_polars_trait_arguments.md	5	4394	5375
d1:0117_polars_trait_arguments.md	6	5376	6385
d1:0117_polars_trait_arguments.md	7	6386	7396
d1:0117_polars_trait_arguments.md	8	7397	8288
d1:0117_polars_trait_arguments.md	9	8289	9216
d1:0117_polars_trait_arguments.md	10	9217	10166
d1:0117_polars_trait_arguments.md	11	10167	11228
d1:0117_polars_trait_arguments.md	12	11228	11260
d1:0117_polars_trait_arguments_evidence.md	0	2	725
d1:0117_polars_trait_arguments_evidence.md	1	726	1458
d1:0117_polars_trait_arguments_evidence.md	2	1459	2385
d1:0117_polars_trait_arguments_evidence.md	3	2385	3371
d1:0117_polars_trait_arguments_evidence.md	4	3372	4301
d1:0117_polars_trait_arguments_evidence.md	5	4302	5325
d1:0117_polars_trait_arguments_evidence.md	6	5326	6351
d1:0117_polars_trait_arguments_evidence.md	7	6351	7369
d1:0117_polars_trait_arguments_evidence.md	8	7369	8260
d1:0117_polars_trait_arguments_evidence.md	9	8261	8989
d1:0117_polars_trait_arguments_evidence.md	10	8990	9750
d1:0117_polars_trait_arguments_evidence.md	11	9750	10647
d1:0117_polars_trait_arguments_evidence.md	12	10647	11331
d1:0117_polars_trait_arguments_evidence.md	13	11332	12138
d1:0117_polars_trait_arguments_evidence.md	14	12138	12358
d1:0118_polars_in_memory_io.md	0	2	827
d1:0118_polars_in_memory_io.md	1	827	1673
d1:0118_polars_in_memory_io.md	2	1673	2682
d1:0118_polars_in_memory_io.md	3	2683	3655
d1:0118_polars_in_memory_io.md	4	3656	4657
d1:0118_polars_in_memory_io.md	5	4658	5705
d1:0118_polars_in_memory_io.md	6	5706	6407
d1:0118_polars_in_memory_io.md	7	6407	7190
d1:0118_polars_in_memory_io.md	8	7190	7939
d1:0118_polars_in_memory_io.md	9	7939	8843
d1:0118_polars_in_memory_io.md	10	8844	9759
d1:0118_polars_in_memory_io.md	11	9760	10776
d1:0118_polars_in_memory_io.md	12	10776	10943
d1:0118_polars_in_memory_io_evidence.md	0	2	709
d1:0118_polars_in_memory_io_evidence.md	1	709	1481
d1:0118_polars_in_memory_io_evidence.md	2	1481	2236
d1:0118_polars_in_memory_io_evidence.md	3	2236	3010
d1:0118_polars_in_memory_io_evidence.md	4	3011	3970
d1:0118_polars_in_memory_io_evidence.md	5	3971	4977
d1:0118_polars_in_memory_io_evidence.md	6	4977	5630
d1:0118_polars_in_memory_io_evidence.md	7	5630	6343
d1:0118_polars_in_memory_io_evidence.md	8	6343	7173
d1:0118_polars_in_memory_io_evidence.md	9	7173	7964
d1:0118_polars_in_memory_io_evidence.md	10	7965	8766
d1:0118_polars_in_memory_io_evidence.md	11	8766	9579
d1:0118_polars_in_memory_io_evidence.md	12	9580	10353
d1:0118_polars_in_memory_io_evidence.md	13	10353	11015
d1:0118_polars_in_memory_io_evidence.md	14	11016	11781
d1:0118_polars_in_memory_io_evidence.md	15	11781	12520
d1:0118_polars_in_memory_io_evidence.md	16	12520	13145
d1:0119_polars_arrow_value_layer.md	0	2	888
d1:0119_polars_arrow_value_layer.md	1	889	1781
d1:0119_polars_arrow_value_layer.md	2	1781	2799
d1:0119_polars_arrow_value_layer.md	3	2799	3671
d1:0119_polars_arrow_value_layer.md	4	3672	4574
d1:0119_polars_arrow_value_layer.md	5	4574	5442
d1:0119_polars_arrow_value_layer.md	6	5443	6365
d1:0119_polars_arrow_value_layer.md	7	6365	7291
d1:0119_polars_arrow_value_layer.md	8	7291	8307
d1:0119_polars_arrow_value_layer.md	9	8308	8513
d1:0119_polars_arrow_value_layer_evidence.md	0	2	811
d1:0119_polars_arrow_value_layer_evidence.md	1	811	1541
d1:0119_polars_arrow_value_layer_evidence.md	2	1542	2454
d1:0119_polars_arrow_value_layer_evidence.md	3	2454	3417
d1:0119_polars_arrow_value_layer_evidence.md	4	3417	4320
d1:0119_polars_arrow_value_layer_evidence.md	5	4321	5062
d1:0119_polars_arrow_value_layer_evidence.md	6	5063	5954
d1:0119_polars_arrow_value_layer_evidence.md	7	5954	6761
d1:0119_polars_arrow_value_layer_evidence.md	8	6762	7733
d1:0119_polars_arrow_value_layer_evidence.md	9	7734	8463
d1:0119_polars_arrow_value_layer_evidence.md	10	8464	9285
d1:0119_polars_arrow_value_layer_evidence.md	11	9286	10214
d1:0119_polars_arrow_value_layer_evidence.md	12	10214	10899
d1:0119_polars_arrow_value_layer_evidence.md	13	10899	11662
d1:0119_polars_arrow_value_layer_evidence.md	14	11663	12414
d1:0119_polars_arrow_value_layer_evidence.md	15	12415	12952
d1:0120_polars_arrow_concrete_arrays.md	0	2	855
d1:0120_polars_arrow_concrete_arrays.md	1	855	1554
d1:0120_polars_arrow_concrete_arrays.md	2	1554	2221
d1:0120_polars_arrow_concrete_arrays.md	3	2222	3080
d1:0120_polars_arrow_concrete_arrays.md	4	3081	3847
d1:0120_polars_arrow_concrete_arrays.md	5	3847	4727
d1:0120_polars_arrow_concrete_arrays.md	6	4727	5688
d1:0120_polars_arrow_concrete_arrays.md	7	5689	6381
d1:0120_polars_arrow_concrete_arrays.md	8	6382	7276
d1:0120_polars_arrow_concrete_arrays.md	9	7277	8060
d1:0120_polars_arrow_concrete_arrays.md	10	8061	9110
d1:0120_polars_arrow_concrete_arrays.md	11	9110	9968
d1:0120_polars_arrow_concrete_arrays_evidence.md	0	2	980
d1:0120_polars_arrow_concrete_arrays_evidence.md	1	981	1604
d1:0120_polars_arrow_concrete_arrays_evidence.md	2	1605	2537
d1:0120_polars_arrow_concrete_arrays_evidence.md	3	2538	3173
d1:0120_polars_arrow_concrete_arrays_evidence.md	4	3173	4050
d1:0120_polars_arrow_concrete_arrays_evidence.md	5	4050	4951
d1:0120_polars_arrow_concrete_arrays_evidence.md	6	4951	5736
d1:0120_polars_arrow_concrete_arrays_evidence.md	7	5736	6489
d1:0120_polars_arrow_concrete_arrays_evidence.md	8	6489	7352
d1:0120_polars_arrow_concrete_arrays_evidence.md	9	7352	8023
d1:0120_polars_arrow_concrete_arrays_evidence.md	10	8024	8751
d1:0120_polars_arrow_concrete_arrays_evidence.md	11	8752	9542
d1:0120_polars_arrow_concrete_arrays_evidence.md	12	9543	10385
d1:0120_polars_arrow_concrete_arrays_evidence.md	13	10386	11225
d1:0120_polars_arrow_concrete_arrays_evidence.md	14	11226	12079
d1:0120_polars_arrow_concrete_arrays_evidence.md	15	12080	12935
d1:0120_polars_arrow_concrete_arrays_evidence.md	16	12936	13760
d1:0120_polars_arrow_concrete_arrays_evidence.md	17	13760	14606
d1:0120_polars_arrow_concrete_arrays_evidence.md	18	14606	15508
d1:0120_polars_arrow_concrete_arrays_evidence.md	19	15509	16301
d1:0120_polars_arrow_concrete_arrays_evidence.md	20	16301	17103
d1:0120_polars_arrow_concrete_arrays_evidence.md	21	17103	17573
d1:0121_polars_oracle_fixtures.md	0	2	780
d1:0121_polars_oracle_fixtures.md	1	781	1498
d1:0121_polars_oracle_fixtures.md	2	1498	2468
d1:0121_polars_oracle_fixtures.md	3	2468	3499
d1:0121_polars_oracle_fixtures.md	4	3500	3816
d1:0121_polars_oracle_fixtures_evidence.md	0	2	723
d1:0121_polars_oracle_fixtures_evidence.md	1	723	1491
d1:0121_polars_oracle_fixtures_evidence.md	2	1492	2236
d1:0121_polars_oracle_fixtures_evidence.md	3	2237	3129
d1:0121_polars_oracle_fixtures_evidence.md	4	3129	3931
d1:0121_polars_oracle_fixtures_evidence.md	5	3932	4914
d1:0121_polars_oracle_fixtures_evidence.md	6	4915	5648
d1:0121_polars_oracle_fixtures_evidence.md	7	5648	6452
d1:0121_polars_oracle_fixtures_evidence.md	8	6453	7293
d1:0121_polars_oracle_fixtures_evidence.md	9	7294	8089
d1:0121_polars_oracle_fixtures_evidence.md	10	8089	8922
d1:0121_polars_oracle_fixtures_evidence.md	11	8923	9801
d1:0121_polars_oracle_fixtures_evidence.md	12	9802	10192
d1:0122_workflow_probe.md	0	2	939
d1:0122_workflow_probe.md	1	940	1779
d1:0122_workflow_probe.md	2	1780	2760
d1:0122_workflow_probe.md	3	2761	3760
d1:0122_workflow_probe.md	4	3760	4802
d1:0122_workflow_probe.md	5	4803	5411
d1:0122_workflow_probe_evidence.md	0	2	916
d1:0122_workflow_probe_evidence.md	1	917	1731
d1:0122_workflow_probe_evidence.md	2	1731	2567
d1:0122_workflow_probe_evidence.md	3	2567	3415
d1:0122_workflow_probe_evidence.md	4	3416	4403
d1:0122_workflow_probe_evidence.md	5	4403	5053
d1:0122_workflow_probe_evidence.md	6	5054	5870
d1:0122_workflow_probe_evidence.md	7	5871	6844
d1:0122_workflow_probe_evidence.md	8	6845	7720
d1:0122_workflow_probe_evidence.md	9	7720	8556
d1:0122_workflow_probe_evidence.md	10	8556	9407
d1:0122_workflow_probe_evidence.md	11	9408	10184
d1:0123_schema_display_and_cast.md	0	2	859
d1:0123_schema_display_and_cast.md	1	859	1601
d1:0123_schema_display_and_cast.md	2	1602	2306
d1:0123_schema_display_and_cast.md	3	2307	3242
d1:0123_schema_display_and_cast.md	4	3242	4099
d1:0123_schema_display_and_cast.md	5	4100	5034
d1:0123_schema_display_and_cast.md	6	5034	6003
d1:0123_schema_display_and_cast.md	7	6003	6696
d1:0123_schema_display_and_cast_evidence.md	0	2	812
d1:0123_schema_display_and_cast_evidence.md	1	812	1519
d1:0123_schema_display_and_cast_evidence.md	2	1520	2382
d1:0123_schema_display_and_cast_evidence.md	3	2382	3310
d1:0123_schema_display_and_cast_evidence.md	4	3310	4018
d1:0123_schema_display_and_cast_evidence.md	5	4019	4924
d1:0123_schema_display_and_cast_evidence.md	6	4925	5731
d1:0123_schema_display_and_cast_evidence.md	7	5731	6493
d1:0123_schema_display_and_cast_evidence.md	8	6494	7313
d1:0123_schema_display_and_cast_evidence.md	9	7314	8100
d1:0123_schema_display_and_cast_evidence.md	10	8101	8953
d1:0123_schema_display_and_cast_evidence.md	11	8954	9717
d1:0123_schema_display_and_cast_evidence.md	12	9718	10662
d1:0123_schema_display_and_cast_evidence.md	13	10663	11510
d1:0123_schema_display_and_cast_evidence.md	14	11511	12165
d1:0123_schema_display_and_cast_evidence.md	15	12165	12867
d1:0124_preview_dtypes_and_columns.md	0	2	896
d1:0124_preview_dtypes_and_columns.md	1	896	1749
d1:0124_preview_dtypes_and_columns.md	2	1750	2603
d1:0124_preview_dtypes_and_columns.md	3	2604	3513
d1:0124_preview_dtypes_and_columns.md	4	3513	4439
d1:0124_preview_dtypes_and_columns.md	5	4440	5378
d1:0124_preview_dtypes_and_columns.md	6	5378	6407
d1:0124_preview_dtypes_and_columns.md	7	6408	7352
d1:0124_preview_dtypes_and_columns.md	8	7353	8303
d1:0124_preview_dtypes_and_columns_evidence.md	0	2	735
d1:0124_preview_dtypes_and_columns_evidence.md	1	736	1578
d1:0124_preview_dtypes_and_columns_evidence.md	2	1578	2387
d1:0124_preview_dtypes_and_columns_evidence.md	3	2387	3299
d1:0124_preview_dtypes_and_columns_evidence.md	4	3299	4181
d1:0124_preview_dtypes_and_columns_evidence.md	5	4182	4868
d1:0124_preview_dtypes_and_columns_evidence.md	6	4868	5632
d1:0124_preview_dtypes_and_columns_evidence.md	7	5633	6435
d1:0124_preview_dtypes_and_columns_evidence.md	8	6436	7005
d1:0124_preview_dtypes_and_columns_evidence.md	9	7005	7691
d1:0124_preview_dtypes_and_columns_evidence.md	10	7692	8460
d1:0124_preview_dtypes_and_columns_evidence.md	11	8460	9303
d1:0124_preview_dtypes_and_columns_evidence.md	12	9303	10105
d1:0124_preview_dtypes_and_columns_evidence.md	13	10105	10879
d1:0124_preview_dtypes_and_columns_evidence.md	14	10880	11605
d1:0124_preview_dtypes_and_columns_evidence.md	15	11606	12559
d1:0124_preview_dtypes_and_columns_evidence.md	16	12560	13241
d1:0124_preview_dtypes_and_columns_evidence.md	17	13241	14164
d1:0124_preview_dtypes_and_columns_evidence.md	18	14164	15053
d1:0124_preview_dtypes_and_columns_evidence.md	19	15053	15813
d1:0124_preview_dtypes_and_columns_evidence.md	20	15813	16721
d1:0124_preview_dtypes_and_columns_evidence.md	21	16722	17449
d1:0125_loading.md	0	2	875
d1:0125_loading.md	1	876	1563
d1:0125_loading.md	2	1564	2472
d1:0125_loading.md	3	2472	3365
d1:0125_loading.md	4	3365	4228
d1:0125_loading.md	5	4229	5158
d1:0125_loading.md	6	5158	5982
d1:0125_loading.md	7	5983	6747
d1:0125_loading.md	8	6748	7586
d1:0125_loading.md	9	7587	8457
d1:0125_loading.md	10	8458	9136
d1:0125_loading.md	11	9137	9867
d1:0125_loading.md	12	9867	10698
d1:0125_loading.md	13	10699	11578
d1:0125_loading.md	14	11579	11674
d1:0125_loading_evidence.md	0	2	765
d1:0125_loading_evidence.md	1	765	1551
d1:0125_loading_evidence.md	2	1551	2377
d1:0125_loading_evidence.md	3	2378	3166
d1:0125_loading_evidence.md	4	3167	3946
d1:0125_loading_evidence.md	5	3946	4729
d1:0125_loading_evidence.md	6	4730	5713
d1:0125_loading_evidence.md	7	5714	6591
d1:0125_loading_evidence.md	8	6592	7265
d1:0125_loading_evidence.md	9	7265	7977
d1:0125_loading_evidence.md	10	7977	8715
d1:0125_loading_evidence.md	11	8715	9472
d1:0125_loading_evidence.md	12	9472	10286
d1:0125_loading_evidence.md	13	10288	10897
d1:0125_loading_evidence.md	14	10897	11564
d1:0125_loading_evidence.md	15	11564	12311
d1:0125_loading_evidence.md	16	12312	12835
d1:0125_loading_evidence.md	17	12835	13545
d1:0125_loading_evidence.md	18	13546	14318
d1:0125_loading_evidence.md	19	14318	15244
d1:0125_loading_evidence.md	20	15245	16074
d1:0125_loading_evidence.md	21	16074	16945
d1:0125_loading_evidence.md	22	16945	17691
d1:0125_loading_evidence.md	23	17691	18077
d1:0126_eager_group_by.md	0	2	824
d1:0126_eager_group_by.md	1	825	1581
d1:0126_eager_group_by.md	2	1582	2396
d1:0126_eager_group_by.md	3	2397	3348
d1:0126_eager_group_by.md	4	3349	4066
d1:0126_eager_group_by.md	5	4066	4841
d1:0126_eager_group_by.md	6	4841	5673
d1:0126_eager_group_by.md	7	5673	6585
d1:0126_eager_group_by.md	8	6585	7365
d1:0126_eager_group_by.md	9	7366	8164
d1:0126_eager_group_by.md	10	8164	9030
d1:0126_eager_group_by.md	11	9030	9915
d1:0126_eager_group_by.md	12	9916	10170
d1:0126_eager_group_by_evidence.md	0	2	760
d1:0126_eager_group_by_evidence.md	1	761	1464
d1:0126_eager_group_by_evidence.md	2	1464	2217
d1:0126_eager_group_by_evidence.md	3	2218	3078
d1:0126_eager_group_by_evidence.md	4	3079	3779
d1:0126_eager_group_by_evidence.md	5	3779	4614
d1:0126_eager_group_by_evidence.md	6	4615	5253
d1:0126_eager_group_by_evidence.md	7	5254	6103
d1:0126_eager_group_by_evidence.md	8	6103	6780
d1:0126_eager_group_by_evidence.md	9	6781	7516
d1:0126_eager_group_by_evidence.md	10	7517	8459
d1:0126_eager_group_by_evidence.md	11	8460	9037
d1:0126_eager_group_by_evidence.md	12	9038	9826
d1:0126_eager_group_by_evidence.md	13	9826	10768
d1:0126_eager_group_by_evidence.md	14	10769	10850
d1:0127_pivot.md	0	2	827
d1:0127_pivot.md	1	828	1597
d1:0127_pivot.md	2	1598	2445
d1:0127_pivot.md	3	2445	3265
d1:0127_pivot.md	4	3266	4082
d1:0127_pivot.md	5	4082	4848
d1:0127_pivot.md	6	4849	5778
d1:0127_pivot.md	7	5779	6754
d1:0127_pivot.md	8	6754	7602
d1:0127_pivot.md	9	7602	8412
d1:0127_pivot.md	10	8413	9265
d1:0127_pivot.md	11	9265	9962
d1:0127_pivot_evidence.md	0	2	782
d1:0127_pivot_evidence.md	1	782	1539
d1:0127_pivot_evidence.md	2	1539	2285
d1:0127_pivot_evidence.md	3	2285	3072
d1:0127_pivot_evidence.md	4	3072	3892
d1:0127_pivot_evidence.md	5	3893	4674
d1:0127_pivot_evidence.md	6	4675	5497
d1:0127_pivot_evidence.md	7	5498	6276
d1:0127_pivot_evidence.md	8	6277	7136
d1:0127_pivot_evidence.md	9	7137	7936
d1:0127_pivot_evidence.md	10	7937	8656
d1:0127_pivot_evidence.md	11	8656	9391
d1:0127_pivot_evidence.md	12	9391	9632
d1:0128_polars_shipping_decision.md	0	2	837
d1:0128_polars_shipping_decision.md	1	837	1610
d1:0128_polars_shipping_decision.md	2	1611	2577
d1:0128_polars_shipping_decision.md	3	2578	3318
d1:0128_polars_shipping_decision.md	4	3318	4083
d1:0128_polars_shipping_decision.md	5	4083	4854
d1:0128_polars_shipping_decision.md	6	4854	5676
d1:0128_polars_shipping_decision.md	7	5677	6431
d1:0128_polars_shipping_decision.md	8	6431	6491
d1:0129_candle_workflow.md	0	2	887
d1:0129_candle_workflow.md	1	887	1649
d1:0129_candle_workflow.md	2	1649	2515
d1:0129_candle_workflow.md	3	2516	3243
d1:0129_candle_workflow.md	4	3244	4138
d1:0129_candle_workflow.md	5	4139	5005
d1:0129_candle_workflow.md	6	5005	5881
d1:0129_candle_workflow.md	7	5881	6694
d1:0129_candle_workflow.md	8	6695	7585
d1:0129_candle_workflow.md	9	7585	8270
d1:0129_candle_workflow.md	10	8270	9111
d1:0129_candle_workflow.md	11	9111	10051
d1:0129_candle_workflow.md	12	10051	10989
d1:0129_candle_workflow.md	13	10990	11676
d1:0129_candle_workflow.md	14	11676	12606
d1:0129_candle_workflow.md	15	12607	13498
d1:0129_candle_workflow.md	16	13499	13614
d1:0129_candle_workflow_evidence.md	0	2	861
d1:0129_candle_workflow_evidence.md	1	861	1608
d1:0129_candle_workflow_evidence.md	2	1609	2484
d1:0129_candle_workflow_evidence.md	3	2485	3235
d1:0129_candle_workflow_evidence.md	4	3236	4096
d1:0129_candle_workflow_evidence.md	5	4096	4975
d1:0129_candle_workflow_evidence.md	6	4976	5678
d1:0129_candle_workflow_evidence.md	7	5678	6476
d1:0129_candle_workflow_evidence.md	8	6477	7327
d1:0129_candle_workflow_evidence.md	9	7327	8165
d1:0129_candle_workflow_evidence.md	10	8166	8843
d1:0129_candle_workflow_evidence.md	11	8844	9597
d1:0129_candle_workflow_evidence.md	12	9598	10317
d1:0129_candle_workflow_evidence.md	13	10317	11162
d1:0129_candle_workflow_evidence.md	14	11162	11723
d1:0129_candle_workflow_evidence.md	15	11724	12524
d1:0129_candle_workflow_evidence.md	16	12524	13362
d1:0129_candle_workflow_evidence.md	17	13363	14066
d1:0129_candle_workflow_evidence.md	18	14066	14577
d1:0130_polars_test_limit_isolation.md	0	2	804
d1:0130_polars_test_limit_isolation.md	1	804	1669
d1:0130_polars_test_limit_isolation.md	2	1669	2553
d1:0130_polars_test_limit_isolation.md	3	2554	2873
d1:0130_polars_test_limit_isolation_evidence.md	0	2	884
d1:0130_polars_test_limit_isolation_evidence.md	1	884	1725
d1:0130_polars_test_limit_isolation_evidence.md	2	1726	2568
d1:0130_polars_test_limit_isolation_evidence.md	3	2568	2900
d1:0131_text_embeddings.md	0	2	822
d1:0131_text_embeddings.md	1	822	1569
d1:0131_text_embeddings.md	2	1570	2303
d1:0131_text_embeddings.md	3	2303	3127
d1:0131_text_embeddings.md	4	3128	3999
d1:0131_text_embeddings.md	5	4000	4806
d1:0131_text_embeddings.md	6	4806	5507
d1:0131_text_embeddings.md	7	5508	6363
d1:0131_text_embeddings.md	8	6363	7190
d1:0131_text_embeddings.md	9	7191	7952
d1:0131_text_embeddings.md	10	7953	8821
d1:0131_text_embeddings.md	11	8822	9711
d1:0131_text_embeddings.md	12	9711	10571
d1:0131_text_embeddings.md	13	10572	11467
d1:0131_text_embeddings.md	14	11467	12291
d1:0131_text_embeddings.md	15	12291	13196
d1:0131_text_embeddings.md	16	13197	14092
d1:0131_text_embeddings.md	17	14093	15059
d1:0131_text_embeddings.md	18	15060	15923
d1:0131_text_embeddings_evidence.md	0	2	770
d1:0131_text_embeddings_evidence.md	1	770	1469
d1:0131_text_embeddings_evidence.md	2	1470	2131
d1:0131_text_embeddings_evidence.md	3	2131	2931
d1:0131_text_embeddings_evidence.md	4	2932	3628
d1:0131_text_embeddings_evidence.md	5	3629	4474
d1:0131_text_embeddings_evidence.md	6	4474	5258
d1:0131_text_embeddings_evidence.md	7	5258	6119
d1:0131_text_embeddings_evidence.md	8	6120	7013
d1:0131_text_embeddings_evidence.md	9	7014	7984
d1:0131_text_embeddings_evidence.md	10	7984	8790
d1:0131_text_embeddings_evidence.md	11	8791	9680
d1:0131_text_embeddings_evidence.md	12	9681	10506
d1:0131_text_embeddings_evidence.md	13	10506	11194
d1:0131_text_embeddings_evidence.md	14	11195	11860
d1:0131_text_embeddings_evidence.md	15	11861	12631
d1:0131_text_embeddings_evidence.md	16	12631	13380
d1:0131_text_embeddings_evidence.md	17	13380	14074
d1:0131_text_embeddings_evidence.md	18	14075	14977
d1:0131_text_embeddings_evidence.md	19	14978	15739
d1:0131_text_embeddings_evidence.md	20	15739	16436
d1:0131_text_embeddings_evidence.md	21	16437	17303
d1:0131_text_embeddings_evidence.md	22	17304	18155
d1:0131_text_embeddings_evidence.md	23	18155	18371
d1:0132_concurrent_embed.md	0	2	911
d1:0132_concurrent_embed.md	1	912	1759
d1:0132_concurrent_embed.md	2	1759	2672
d1:0132_concurrent_embed.md	3	2673	3565
d1:0132_concurrent_embed.md	4	3566	4473
d1:0132_concurrent_embed.md	5	4474	5446
d1:0132_concurrent_embed.md	6	5447	6444
d1:0132_concurrent_embed.md	7	6445	7369
d1:0132_concurrent_embed.md	8	7370	8425
d1:0132_concurrent_embed.md	9	8426	9267
d1:0132_concurrent_embed.md	10	9268	10217
d1:0132_concurrent_embed.md	11	10218	10534
d1:0132_concurrent_embed_evidence.md	0	2	785
d1:0132_concurrent_embed_evidence.md	1	786	1675
d1:0132_concurrent_embed_evidence.md	2	1676	2670
d1:0132_concurrent_embed_evidence.md	3	2670	3591
d1:0132_concurrent_embed_evidence.md	4	3592	4359
d1:0132_concurrent_embed_evidence.md	5	4360	5161
d1:0132_concurrent_embed_evidence.md	6	5162	5744
d1:0132_concurrent_embed_evidence.md	7	5744	6437
d1:0132_concurrent_embed_evidence.md	8	6438	7229
d1:0132_concurrent_embed_evidence.md	9	7230	8183
d1:0132_concurrent_embed_evidence.md	10	8184	9108
d1:0132_concurrent_embed_evidence.md	11	9108	9893
d1:0132_concurrent_embed_evidence.md	12	9893	10671
d1:0132_concurrent_embed_evidence.md	13	10671	11107
d1:polars-parity-map.md	0	2	921
d1:polars-parity-map.md	1	922	1906
d1:polars-parity-map.md	2	1907	2788
d1:polars-parity-map.md	3	2788	3573
d1:polars-parity-map.md	4	3573	4406
d1:polars-parity-map.md	5	4407	5453
d1:polars-parity-map.md	6	5454	6486
d1:polars-parity-map.md	7	6487	7522
d1:polars-parity-map.md	8	7523	8205
d2:#2	0	0	902
d2:#5	0	0	313
d2:#6	0	0	867
d2:#6	1	867	1230
d2:#7	0	0	376
d2:#8	0	0	191
d2:#9	0	0	289
d2:#10	0	0	845
d2:#10	1	846	1446
d2:#13	0	0	302
d2:#15	0	0	395
d2:#19	0	0	163
d2:#21	0	0	633
d2:#21	1	633	830
d2:#23	0	0	850
d2:#25	0	0	948
d2:#25	1	949	961
d2:#26	0	0	364
d2:#27	0	0	970
d2:#27	1	971	1263
d2:#33	0	0	605
d2:#37	0	0	104
d2:#38	0	0	318
d2:#39	0	0	701
d2:#42	0	0	92
d2:#43	0	0	581
d2:#44	0	0	742
d2:#45	0	0	88
d2:#46	0	0	295
d2:#58	0	0	308
d2:#70	0	0	770
d2:#70	1	771	822
d2:#73	0	0	942
d2:#73	1	942	960
d2:#79	0	0	434
d2:#91	0	0	911
d2:#91	1	912	1914
d2:#91	2	1915	2255
d2:#96	0	0	896
d2:#96	1	897	1084
d2:#150	0	0	418
d2:#154	0	0	865
d2:#158	0	0	810
d2:#158	1	811	1208
d2:#160	0	0	475
d2:#162	0	0	877
d2:#162	1	878	908
d2:#165	0	0	165
d2:#166	0	0	453
d2:#179	0	0	158
d2:#182	0	0	896
d2:#182	1	897	1719
d2:#182	2	1719	1842
d2:#200	0	0	684
d2:#200	1	684	1280
d2:#200	2	1280	1807
d2:#200	3	1807	2427
d2:#200	4	2428	2937
d2:#207	0	0	607
d2:#212	0	0	729
d2:#212	1	729	1484
d2:#212	2	1485	1750
d2:#224	0	0	225
d2:#225	0	0	494
d2:#226	0	0	240
d2:#236	0	0	209
d2:#237	0	0	1005
d2:#237	1	1005	2058
d2:#237	2	2059	3102
d2:#238	0	0	713
d2:#238	1	714	1334
d2:#244	0	0	123
d2:#251	0	0	615
d2:#252	0	0	184
d2:#256	0	0	865
d2:#256	1	866	1762
d2:#256	2	1763	1777
d2:#257	0	0	160
d2:#261	0	0	430
d2:#262	0	0	518
d2:#263	0	0	959
d2:#263	1	960	1807
d2:#263	2	1808	2018
d2:#264	0	0	893
d2:#264	1	893	1297
d2:#266	0	0	320
d2:#270	0	0	476
d2:#273	0	0	882
d2:#273	1	883	1595
d2:#273	2	1595	2412
d2:#273	3	2413	2972
d2:#279	0	0	624
d2:#283	0	0	679
d2:#284	0	0	394
d2:#286	0	0	350
d2:#288	0	0	568
d2:#289	0	0	338
d2:#290	0	0	914
d2:#290	1	915	1519
d2:#292	0	0	825
d2:#292	1	827	1460
d2:#293	0	0	398
d2:#294	0	0	1019
d2:#294	1	1020	1391
d2:#299	0	0	241
d2:#300	0	0	411
d2:#302	0	0	1117
d2:#302	1	1117	1398
d2:#316	0	0	659
d2:#324	0	0	727
d2:#324	1	727	766
d2:#325	0	0	533
d2:#326	0	0	825
d2:#326	1	826	1730
d2:#326	2	1730	2542
d2:#326	3	2542	2696
d2:#344	0	0	771
d2:#344	1	772	1568
d2:#344	2	1569	2476
d2:#344	3	2476	2625
d2:#348	0	0	770
d2:#355	0	0	544
d2:#368	0	0	268
d2:#372	0	0	402
d2:#374	0	0	468
d2:#377	0	0	582
d2:#378	0	0	216
d2:#381	0	0	866
d2:#386	0	0	868
d2:#386	1	869	1879
d2:#386	2	1880	2073
d2:#387	0	1	251
d2:#390	0	0	478
d2:#399	0	0	791
d2:#399	1	791	962
d2:#400	0	0	852
d2:#400	1	852	1654
d2:#400	2	1655	2743
d2:#400	3	2744	3537
d2:#400	4	3538	3587
d2:#402	0	0	914
d2:#402	1	915	1459
d2:#407	0	0	410
d2:#409	0	0	361
d2:#413	0	0	386
d2:#422	0	0	719
d2:#424	0	0	745
d2:#424	1	745	1367
d2:#424	2	1368	2070
d2:#424	3	2071	2712
d2:#424	4	2712	3294
d2:#424	5	3294	3869
d2:#424	6	3869	4511
d2:#424	7	4511	5096
d2:#424	8	5096	5615
d2:#424	9	5615	6126
d2:#424	10	6127	6636
d2:#424	11	6636	7185
d2:#424	12	7185	7709
d2:#424	13	7710	8216
d2:#424	14	8216	8656
d2:#424	15	8656	9176
d2:#424	16	9176	9872
d2:#424	17	9872	10556
d2:#424	18	10556	11254
d2:#424	19	11255	11935
d2:#424	20	11936	12613
d2:#424	21	12613	13267
d2:#424	22	13267	13954
d2:#424	23	13954	14610
d2:#424	24	14610	15262
d2:#424	25	15263	15900
d2:#424	26	15901	16558
d2:#424	27	16559	17213
d2:#424	28	17214	17893
d2:#424	29	17893	18578
d2:#424	30	18578	19262
d2:#424	31	19262	19972
d2:#424	32	19972	20670
d2:#424	33	20670	21323
d2:#424	34	21323	21968
d2:#424	35	21969	22595
d2:#424	36	22596	23257
d2:#424	37	23257	23915
d2:#424	38	23916	24567
d2:#424	39	24568	25229
d2:#424	40	25229	25887
d2:#424	41	25888	26549
d2:#424	42	26549	27177
d2:#424	43	27178	27838
d2:#424	44	27839	28490
d2:#424	45	28490	29148
d2:#424	46	29148	29803
d2:#424	47	29803	30450
d2:#424	48	30451	31102
d2:#424	49	31102	31766
d2:#424	50	31766	32414
d2:#424	51	32414	33052
d2:#424	52	33052	33511
d2:#424	53	33511	33976
d2:#424	54	33976	34441
d2:#424	55	34441	34834
d2:#424	56	34834	35283
d2:#424	57	35283	35478
d2:#426	0	0	569
d2:#426	1	569	1132
d2:#426	2	1132	1486
d2:#428	0	0	249
d2:#429	0	0	376
d2:#430	0	0	815
d2:#430	1	816	954
d2:#433	0	0	609
d2:#434	0	0	861
d2:#435	0	0	652
d2:#436	0	0	645
d2:#437	0	0	356
d2:#438	0	0	284
d2:#443	0	0	806
d2:#443	1	806	1009
d2:#444	0	0	627
d2:#450	0	0	303
d2:#451	0	0	319
d2:#452	0	0	893
d2:#452	1	893	1045
d2:#453	0	0	309
d2:#454	0	0	374
d2:#456	0	0	862
d2:#460	0	0	463
d2:#463	0	0	427
d2:#465	0	0	650
d2:#465	1	650	1320
d2:#465	2	1321	1938
d2:#465	3	1938	2280
d2:#468	0	0	251
d2:#469	0	0	830
d2:#469	1	830	921
d2:#486	0	0	635
d2:#487	0	0	646
d2:#521	0	0	479
d2:#525	0	0	786
d2:#525	1	787	1114
d2:#527	0	0	153
d2:#529	0	0	863
d2:#529	1	863	1222
d2:#530	0	0	397
d2:#533	0	0	268
d2:#534	0	0	219
d2:#535	0	0	379
d2:#536	0	0	772
d2:#536	1	772	1077
d2:#537	0	0	178
d2:#538	0	0	388
d2:#540	0	0	135
d2:#541	0	0	246
d2:#547	0	0	733
d2:#547	1	733	952
d2:#559	0	0	49
d2:#560	0	0	709
d2:#560	1	710	1054
d2:#566	0	0	935
d2:#566	1	936	1060
d2:#568	0	0	130
d2:#569	0	0	579
d2:#580	0	0	114
d2:#581	0	0	119
d2:#582	0	0	434
d2:#583	0	0	736
d2:#583	1	736	955
d2:#588	0	0	769
d2:#588	1	769	1687
d2:#588	2	1688	2536
d2:#588	3	2536	2618
d2:#590	0	0	870
d2:#595	0	0	675
d2:#595	1	676	851
d2:#597	0	0	713
d2:#598	0	0	268
d2:#629	0	0	85
d2:#633	0	0	301
d2:#634	0	0	234
d2:#636	0	0	974
d2:#636	1	974	1956
d2:#636	2	1957	2142
d2:#640	0	0	348
d2:#644	0	0	245
d2:#645	0	0	767
d2:#648	0	0	770
d2:#648	1	770	1354
d2:#648	2	1354	1466
d2:#650	0	0	351
d2:#653	0	0	408
d2:#656	0	0	576
d2:#658	0	0	331
d2:#659	0	0	812
d2:#659	1	813	1568
d2:#659	2	1568	1765
d2:#662	0	0	81
d2:#671	0	0	848
d2:#671	1	848	1718
d2:#673	0	0	179
d2:#674	0	0	859
d2:#679	0	0	600
d2:#681	0	0	634
d2:#683	0	0	786
d2:#684	0	0	633
d2:#690	0	0	230
d2:#692	0	0	833
d2:#692	1	834	1151
d2:#693	0	0	661
d2:#693	1	661	1369
d2:#693	2	1370	1466
d2:#696	0	0	292
d2:#700	0	0	912
d2:#703	0	0	240
d2:#719	0	0	741
d2:#719	1	753	1447
d2:#724	0	0	687
d2:#724	1	687	1290
d2:#724	2	1290	2027
d2:#724	3	2027	2585
d2:#724	4	2585	3126
d2:#724	5	3126	3521
d2:#730	0	0	584
d2:#731	0	0	1079
d2:#731	1	1080	2006
d2:#732	0	0	768
d2:#732	1	769	1494
d2:#734	0	0	760
d2:#740	0	0	745
d2:#740	1	746	1524
d2:#742	0	0	369
d2:#743	0	0	478
d2:#745	0	0	789
d2:#745	1	790	1629
d2:#745	2	1630	2421
d2:#745	3	2422	3056
d2:#746	0	0	505
d2:#747	0	0	764
d2:#747	1	764	1549
d2:#747	2	1550	2341
d2:#747	3	2341	2948
d2:#747	4	2948	3450
d2:#747	5	3450	4046
d2:#747	6	4046	4656
d2:#747	7	4656	5225
d2:#747	8	5225	5780
d2:#747	9	5780	6322
d2:#747	10	6322	6893
d2:#747	11	6893	7455
d2:#747	12	7455	8081
d2:#747	13	8081	8602
d2:#747	14	8602	9153
d2:#747	15	9153	9770
d2:#747	16	9770	10348
d2:#747	17	10348	10663
d2:#750	0	0	668
d2:#751	0	0	684
d2:#752	0	0	763
d2:#752	1	764	1475
d2:#752	2	1476	1777
d2:#753	0	0	538
d2:#754	0	0	568
d2:#755	0	0	682
d2:#755	1	682	1251
d2:#755	2	1251	1909
d2:#757	0	0	432
d2:#768	0	0	800
d2:#771	0	0	1037
d2:#771	1	1038	1606
d2:#775	0	0	648
d2:#775	1	648	1209
d2:#775	2	1209	1539
d2:#782	0	0	871
d2:#782	1	871	1420
d2:#782	2	1420	1963
d2:#782	3	1963	2358
d2:#783	0	0	833
d2:#783	1	833	1367
d2:#800	0	0	720
d2:#801	0	0	582
d2:#801	1	582	1223
d2:#801	2	1223	1584
d2:#802	0	0	717
d2:#810	0	0	873
d2:#810	1	878	1777
d2:#810	2	1777	2321
d2:#810	3	2321	2961
d2:#811	0	0	615
d2:#821	0	0	382
d2:#822	0	0	442
d2:#825	0	0	284
d2:#829	0	0	590
d2:#830	0	0	657
d2:#835	0	0	755
d2:#835	1	756	1596
d2:#835	2	1596	2108
d2:#838	0	0	233
d2:#844	0	0	771
d2:#844	1	772	922
d2:#858	0	0	331
d2:#891	0	0	767
d2:#891	1	767	1337
d2:#892	0	0	651
d2:#892	1	651	1130
d2:#893	0	0	775
d2:#893	1	775	1273
d2:#897	0	0	642
d2:#900	0	0	944
d2:#901	0	0	599
d2:#905	0	0	735
d2:#905	1	735	1745
d2:#905	2	1746	2536
d2:#909	0	0	556
d2:#910	0	0	867
d2:#911	0	0	540
d2:#912	0	0	612
d2:#912	1	612	1325
d2:#912	2	1325	1762
d2:#913	0	0	769
d2:#924	0	0	846
d2:#924	1	847	1111
d2:#930	0	0	618
d2:#952	0	0	834
d2:#952	1	835	1122
d2:#956	0	0	497
d2:#958	0	0	261
d2:#960	0	0	503
d2:#961	0	0	457
d2:#962	0	0	206
d2:#964	0	0	628
d2:#975	0	0	810
d2:#976	0	0	251
d2:#978	0	0	883
d2:#978	1	883	912
d2:#984	0	0	657
d2:#984	1	657	891
d2:#986	0	0	274
d2:#987	0	0	590
d2:#987	1	590	1251
d2:#987	2	1251	1420
d2:#990	0	0	209
d2:#993	0	0	39
d2:#1011	0	0	517
d2:#1016	0	0	869
d2:#1016	1	870	1795
d2:#1016	2	1795	2141
d2:#1021	0	0	253
d2:#1030	0	0	820
d2:#1030	1	820	1499
d2:#1030	2	1500	1791
d2:#1039	0	0	816
d2:#1039	1	816	1302
d2:#1040	0	0	807
d2:#1040	1	808	1316
d2:#1047	0	0	810
d2:#1047	1	810	1495
d2:#1047	2	1496	2032
d2:#1051	0	0	310
