source	index	start	end
d1:0001_the_first_release.md	0	2	1095
d1:0001_the_first_release.md	1	959	2106
d1:0001_the_first_release.md	2	1940	3145
d1:0001_the_first_release.md	3	2985	4014
d1:0001_the_first_release.md	4	3889	4959
d1:0001_the_first_release.md	5	4826	5995
d1:0001_the_first_release.md	6	5822	7031
d1:0001_the_first_release.md	7	6864	8125
d1:0001_the_first_release.md	8	7981	9147
d1:0001_the_first_release.md	9	9012	10223
d1:0001_the_first_release.md	10	10074	11234
d1:0001_the_first_release.md	11	11076	12293
d1:0001_the_first_release.md	12	12120	13315
d1:0001_the_first_release.md	13	13180	14296
d1:0001_the_first_release.md	14	14163	14691
d1:0002_the_interactive_session.md	0	2	1103
d1:0002_the_interactive_session.md	1	944	2141
d1:0002_the_interactive_session.md	2	2014	3188
d1:0002_the_interactive_session.md	3	3024	4174
d1:0002_the_interactive_session.md	4	4028	5204
d1:0002_the_interactive_session.md	5	5043	6202
d1:0002_the_interactive_session.md	6	6054	7306
d1:0002_the_interactive_session.md	7	7175	8285
d1:0002_the_interactive_session.md	8	8159	9308
d1:0002_the_interactive_session.md	9	9174	10426
d1:0002_the_interactive_session.md	10	10243	11395
d1:0002_the_interactive_session.md	11	11252	12368
d1:0002_the_interactive_session.md	12	12250	12431
d1:0002_the_interactive_session_evidence.md	0	2	1105
d1:0002_the_interactive_session_evidence.md	1	963	2033
d1:0002_the_interactive_session_evidence.md	2	1950	2912
d1:0002_the_interactive_session_evidence.md	3	2754	3775
d1:0002_the_interactive_session_evidence.md	4	3647	4588
d1:0002_the_interactive_session_evidence.md	5	4442	5352
d1:0002_the_interactive_session_evidence.md	6	5230	6305
d1:0002_the_interactive_session_evidence.md	7	6216	7093
d1:0002_the_interactive_session_evidence.md	8	6956	7888
d1:0002_the_interactive_session_evidence.md	9	7765	8208
d1:0003_completion.md	0	2	1117
d1:0003_completion.md	1	1005	2029
d1:0003_completion.md	2	1941	3010
d1:0003_completion.md	3	2860	3926
d1:0003_completion.md	4	3785	4846
d1:0003_completion.md	5	4747	5565
d1:0003_completion.md	6	5480	6404
d1:0003_completion.md	7	6277	7426
d1:0003_completion.md	8	7289	7816
d1:0003_completion_evidence.md	0	2	924
d1:0003_completion_evidence.md	1	788	1790
d1:0003_completion_evidence.md	2	1668	2657
d1:0003_completion_evidence.md	3	2543	3287
d1:0003_completion_evidence.md	4	3227	4072
d1:0003_completion_evidence.md	5	3933	4914
d1:0003_completion_evidence.md	6	4797	5122
d1:0004_vars_and_help.md	0	2	1154
d1:0004_vars_and_help.md	1	1012	2126
d1:0004_vars_and_help.md	2	1981	3103
d1:0004_vars_and_help.md	3	2946	4162
d1:0004_vars_and_help.md	4	4046	5158
d1:0004_vars_and_help.md	5	5069	6082
d1:0004_vars_and_help.md	6	5904	7107
d1:0004_vars_and_help.md	7	6938	8074
d1:0004_vars_and_help.md	8	7916	8953
d1:0004_vars_and_help_evidence.md	0	2	1046
d1:0004_vars_and_help_evidence.md	1	931	1937
d1:0004_vars_and_help_evidence.md	2	1835	2708
d1:0004_vars_and_help_evidence.md	3	2610	3594
d1:0004_vars_and_help_evidence.md	4	3490	4469
d1:0004_vars_and_help_evidence.md	5	4334	5294
d1:0004_vars_and_help_evidence.md	6	5208	6136
d1:0004_vars_and_help_evidence.md	7	5999	6335
d1:0005_the_allocation_ceiling.md	0	2	1099
d1:0005_the_allocation_ceiling.md	1	968	2170
d1:0005_the_allocation_ceiling.md	2	2044	3207
d1:0005_the_allocation_ceiling.md	3	3080	4250
d1:0005_the_allocation_ceiling.md	4	4069	5326
d1:0005_the_allocation_ceiling.md	5	5192	6392
d1:0005_the_allocation_ceiling.md	6	6256	7455
d1:0005_the_allocation_ceiling.md	7	7305	8528
d1:0005_the_allocation_ceiling.md	8	8372	9646
d1:0005_the_allocation_ceiling.md	9	9495	10629
d1:0005_the_allocation_ceiling.md	10	10504	11560
d1:0005_the_allocation_ceiling.md	11	11439	12548
d1:0005_the_allocation_ceiling.md	12	12415	12620
d1:0005_the_allocation_ceiling_evidence.md	0	2	968
d1:0005_the_allocation_ceiling_evidence.md	1	840	1874
d1:0005_the_allocation_ceiling_evidence.md	2	1779	2714
d1:0005_the_allocation_ceiling_evidence.md	3	2629	3569
d1:0005_the_allocation_ceiling_evidence.md	4	3440	4457
d1:0005_the_allocation_ceiling_evidence.md	5	4321	5375
d1:0005_the_allocation_ceiling_evidence.md	6	5227	6255
d1:0005_the_allocation_ceiling_evidence.md	7	6091	7180
d1:0005_the_allocation_ceiling_evidence.md	8	7034	8264
d1:0005_the_allocation_ceiling_evidence.md	9	8116	8528
d1:0006_upstream_issue.md	0	2	874
d1:0006_upstream_issue.md	1	792	1438
d1:0006_upstream_issue.md	2	1353	2270
d1:0006_upstream_issue.md	3	2183	2964
d1:0006_upstream_issue.md	4	2889	3552
d1:0006_upstream_issue.md	5	3473	4297
d1:0006_upstream_issue.md	6	4167	4549
d1:0006_what_a_retained_value_pins.md	0	2	1086
d1:0006_what_a_retained_value_pins.md	1	933	2037
d1:0006_what_a_retained_value_pins.md	2	1888	3014
d1:0006_what_a_retained_value_pins.md	3	2855	4034
d1:0006_what_a_retained_value_pins.md	4	3883	5096
d1:0006_what_a_retained_value_pins.md	5	4924	6125
d1:0006_what_a_retained_value_pins.md	6	5986	7169
d1:0006_what_a_retained_value_pins.md	7	7033	8216
d1:0006_what_a_retained_value_pins.md	8	8048	9285
d1:0006_what_a_retained_value_pins.md	9	9119	9955
d1:0006_what_a_retained_value_pins_evidence.md	0	2	1050
d1:0006_what_a_retained_value_pins_evidence.md	1	901	1920
d1:0006_what_a_retained_value_pins_evidence.md	2	1797	2896
d1:0006_what_a_retained_value_pins_evidence.md	3	2742	3908
d1:0006_what_a_retained_value_pins_evidence.md	4	3732	4865
d1:0006_what_a_retained_value_pins_evidence.md	5	4727	5766
d1:0006_what_a_retained_value_pins_evidence.md	6	5618	6702
d1:0006_what_a_retained_value_pins_evidence.md	7	6587	7705
d1:0006_what_a_retained_value_pins_evidence.md	8	7562	7915
d1:0007_the_binding_prelude.md	0	2	1025
d1:0007_the_binding_prelude.md	1	961	1835
d1:0007_the_binding_prelude.md	2	1663	2842
d1:0007_the_binding_prelude.md	3	2694	3832
d1:0007_the_binding_prelude.md	4	3671	4943
d1:0007_the_binding_prelude.md	5	4782	5862
d1:0007_the_binding_prelude.md	6	5726	6808
d1:0007_the_binding_prelude.md	7	6660	7796
d1:0007_the_binding_prelude.md	8	7655	8783
d1:0007_the_binding_prelude.md	9	8679	9795
d1:0007_the_binding_prelude.md	10	9635	10607
d1:0007_the_binding_prelude_evidence.md	0	2	1034
d1:0007_the_binding_prelude_evidence.md	1	898	1883
d1:0007_the_binding_prelude_evidence.md	2	1758	2856
d1:0007_the_binding_prelude_evidence.md	3	2731	3722
d1:0007_the_binding_prelude_evidence.md	4	3588	4519
d1:0007_the_binding_prelude_evidence.md	5	4374	5324
d1:0007_the_binding_prelude_evidence.md	6	5221	6320
d1:0007_the_binding_prelude_evidence.md	7	6167	7351
d1:0007_the_binding_prelude_evidence.md	8	7194	7393
d1:0008_the_first_port.md	0	2	1060
d1:0008_the_first_port.md	1	955	2029
d1:0008_the_first_port.md	2	1909	2893
d1:0008_the_first_port.md	3	2750	3678
d1:0008_the_first_port.md	4	3586	4451
d1:0008_the_first_port.md	5	4349	5386
d1:0008_the_first_port.md	6	5246	6288
d1:0008_the_first_port.md	7	6136	7193
d1:0008_the_first_port.md	8	7081	7892
d1:0009_diagnostics_for_the_file_runner.md	0	2	1109
d1:0009_diagnostics_for_the_file_runner.md	1	981	2078
d1:0009_diagnostics_for_the_file_runner.md	2	1952	3029
d1:0009_diagnostics_for_the_file_runner.md	3	2942	3996
d1:0009_diagnostics_for_the_file_runner.md	4	3871	4988
d1:0009_diagnostics_for_the_file_runner.md	5	4839	5927
d1:0009_diagnostics_for_the_file_runner.md	6	5791	6961
d1:0009_diagnostics_for_the_file_runner.md	7	6831	7927
d1:0009_diagnostics_for_the_file_runner.md	8	7788	8682
d1:0009_diagnostics_for_the_file_runner_evidence.md	0	2	1068
d1:0009_diagnostics_for_the_file_runner_evidence.md	1	913	1790
d1:0009_diagnostics_for_the_file_runner_evidence.md	2	1678	2635
d1:0009_diagnostics_for_the_file_runner_evidence.md	3	2500	3416
d1:0009_diagnostics_for_the_file_runner_evidence.md	4	3291	4229
d1:0009_diagnostics_for_the_file_runner_evidence.md	5	4091	4968
d1:0009_diagnostics_for_the_file_runner_evidence.md	6	4809	5890
d1:0010_the_text_helpers.md	0	2	1018
d1:0010_the_text_helpers.md	1	944	1743
d1:0010_the_text_helpers.md	2	1659	2518
d1:0010_the_text_helpers.md	3	2391	3520
d1:0010_the_text_helpers.md	4	3347	4438
d1:0010_the_text_helpers.md	5	4291	5462
d1:0010_the_text_helpers.md	6	5343	6397
d1:0010_the_text_helpers.md	7	6262	7347
d1:0010_the_text_helpers.md	8	7231	8333
d1:0010_the_text_helpers.md	9	8198	9139
d1:0010_the_text_helpers_evidence.md	0	2	896
d1:0010_the_text_helpers_evidence.md	1	809	1753
d1:0010_the_text_helpers_evidence.md	2	1588	2535
d1:0010_the_text_helpers_evidence.md	3	2436	3274
d1:0010_the_text_helpers_evidence.md	4	3176	4091
d1:0010_the_text_helpers_evidence.md	5	4001	4934
d1:0010_the_text_helpers_evidence.md	6	4793	5529
d1:0011_the_second_port.md	0	2	1141
d1:0011_the_second_port.md	1	1001	2146
d1:0011_the_second_port.md	2	1987	3272
d1:0011_the_second_port.md	3	3124	4364
d1:0011_the_second_port.md	4	4233	5377
d1:0011_the_second_port.md	5	5242	6187
d1:0011_the_second_port.md	6	6059	7077
d1:0011_the_second_port.md	7	6949	7917
d1:0011_the_second_port.md	8	7782	8882
d1:0011_the_second_port.md	9	8740	9736
d1:0011_the_second_port.md	10	9603	10431
d1:0012_standard_input.md	0	2	1104
d1:0012_standard_input.md	1	1001	2052
d1:0012_standard_input.md	2	1905	3022
d1:0012_standard_input.md	3	2865	3947
d1:0012_standard_input.md	4	3822	4925
d1:0012_standard_input.md	5	4797	5870
d1:0012_standard_input.md	6	5720	6853
d1:0012_standard_input.md	7	6689	6887
d1:0012_standard_input_evidence.md	0	2	926
d1:0012_standard_input_evidence.md	1	839	1620
d1:0012_standard_input_evidence.md	2	1506	2423
d1:0012_standard_input_evidence.md	3	2299	3199
d1:0012_standard_input_evidence.md	4	3073	4044
d1:0012_standard_input_evidence.md	5	3942	4963
d1:0012_standard_input_evidence.md	6	4823	5907
d1:0012_standard_input_evidence.md	7	5738	6840
d1:0012_standard_input_evidence.md	8	6692	7628
d1:0013_the_exit_status_and_standard_error.md	0	2	1126
d1:0013_the_exit_status_and_standard_error.md	1	983	2047
d1:0013_the_exit_status_and_standard_error.md	2	1899	2957
d1:0013_the_exit_status_and_standard_error.md	3	2838	3887
d1:0013_the_exit_status_and_standard_error.md	4	3755	4829
d1:0013_the_exit_status_and_standard_error.md	5	4725	5787
d1:0013_the_exit_status_and_standard_error.md	6	5623	6660
d1:0013_the_exit_status_and_standard_error.md	7	6529	7635
d1:0013_the_exit_status_and_standard_error.md	8	7508	8376
d1:0013_the_exit_status_and_standard_error_evidence.md	0	2	791
d1:0013_the_exit_status_and_standard_error_evidence.md	1	690	1627
d1:0013_the_exit_status_and_standard_error_evidence.md	2	1485	2445
d1:0013_the_exit_status_and_standard_error_evidence.md	3	2353	3161
d1:0013_the_exit_status_and_standard_error_evidence.md	4	3047	4034
d1:0013_the_exit_status_and_standard_error_evidence.md	5	3948	4937
d1:0013_the_exit_status_and_standard_error_evidence.md	6	4762	5990
d1:0013_the_exit_status_and_standard_error_evidence.md	7	5837	6946
d1:0013_the_exit_status_and_standard_error_evidence.md	8	6802	7856
d1:0013_the_exit_status_and_standard_error_evidence.md	9	7697	8845
d1:0013_the_exit_status_and_standard_error_evidence.md	10	8734	9083
d1:0014_naming_the_missing_method.md	0	2	938
d1:0014_naming_the_missing_method.md	1	810	1767
d1:0014_naming_the_missing_method.md	2	1617	2698
d1:0014_naming_the_missing_method.md	3	2591	3680
d1:0014_naming_the_missing_method.md	4	3527	4627
d1:0014_naming_the_missing_method.md	5	4498	5494
d1:0014_naming_the_missing_method.md	6	5362	6371
d1:0014_naming_the_missing_method.md	7	6223	7183
d1:0014_naming_the_missing_method_evidence.md	0	2	765
d1:0014_naming_the_missing_method_evidence.md	1	692	1427
d1:0014_naming_the_missing_method_evidence.md	2	1338	2183
d1:0014_naming_the_missing_method_evidence.md	3	2084	2902
d1:0014_naming_the_missing_method_evidence.md	4	2780	3743
d1:0014_naming_the_missing_method_evidence.md	5	3634	4619
d1:0014_naming_the_missing_method_evidence.md	6	4485	5646
d1:0014_naming_the_missing_method_evidence.md	7	5502	6603
d1:0014_naming_the_missing_method_evidence.md	8	6478	7560
d1:0014_naming_the_missing_method_evidence.md	9	7457	7862
d1:0015_the_third_port.md	0	2	1079
d1:0015_the_third_port.md	1	948	2139
d1:0015_the_third_port.md	2	1976	3106
d1:0015_the_third_port.md	3	2966	4112
d1:0015_the_third_port.md	4	3957	4808
d1:0015_the_third_port.md	5	4702	5778
d1:0015_the_third_port.md	6	5644	6509
d1:0015_the_third_port.md	7	6386	7426
d1:0015_the_third_port.md	8	7305	8240
d1:0015_the_third_port.md	9	8135	9188
d1:0016_a_childs_bytes.md	0	2	1041
d1:0016_a_childs_bytes.md	1	926	1963
d1:0016_a_childs_bytes.md	2	1816	3026
d1:0016_a_childs_bytes.md	3	2868	3958
d1:0016_a_childs_bytes.md	4	3823	4958
d1:0016_a_childs_bytes.md	5	4817	5876
d1:0016_a_childs_bytes.md	6	5727	6863
d1:0016_a_childs_bytes.md	7	6726	7091
d1:0016_a_childs_bytes_evidence.md	0	2	839
d1:0016_a_childs_bytes_evidence.md	1	750	1666
d1:0016_a_childs_bytes_evidence.md	2	1555	2557
d1:0016_a_childs_bytes_evidence.md	3	2439	3373
d1:0016_a_childs_bytes_evidence.md	4	3231	4316
d1:0016_a_childs_bytes_evidence.md	5	4149	5315
d1:0016_a_childs_bytes_evidence.md	6	5184	6301
d1:0016_a_childs_bytes_evidence.md	7	6193	7229
d1:0017_the_fourth_port.md	0	2	1046
d1:0017_the_fourth_port.md	1	912	1989
d1:0017_the_fourth_port.md	2	1855	3031
d1:0017_the_fourth_port.md	3	2862	3996
d1:0017_the_fourth_port.md	4	3891	4834
d1:0017_the_fourth_port.md	5	4702	5711
d1:0017_the_fourth_port.md	6	5613	6648
d1:0017_the_fourth_port.md	7	6538	7625
d1:0017_the_fourth_port.md	8	7465	7755
d1:0018_a_failure_is_a_failure_from_either_entry_point.md	0	2	972
d1:0018_a_failure_is_a_failure_from_either_entry_point.md	1	825	1802
d1:0018_a_failure_is_a_failure_from_either_entry_point.md	2	1657	2706
d1:0018_a_failure_is_a_failure_from_either_entry_point.md	3	2542	3436
d1:0018_a_failure_is_a_failure_from_either_entry_point.md	4	3372	4293
d1:0018_a_failure_is_a_failure_from_either_entry_point.md	5	4149	5195
d1:0018_a_failure_is_a_failure_from_either_entry_point.md	6	5050	6152
d1:0018_a_failure_is_a_failure_from_either_entry_point.md	7	6005	6953
d1:0018_a_failure_is_a_failure_from_either_entry_point.md	8	6851	7870
d1:0018_a_failure_is_a_failure_from_either_entry_point.md	9	7755	8824
d1:0018_a_failure_is_a_failure_from_either_entry_point.md	10	8717	9525
d1:0019_a_value_for_a_human_and_json_when_asked.md	0	2	1064
d1:0019_a_value_for_a_human_and_json_when_asked.md	1	942	1638
d1:0019_a_value_for_a_human_and_json_when_asked.md	2	1505	2455
d1:0019_a_value_for_a_human_and_json_when_asked.md	3	2364	3249
d1:0019_a_value_for_a_human_and_json_when_asked.md	4	3133	4022
d1:0019_a_value_for_a_human_and_json_when_asked.md	5	3907	4762
d1:0019_a_value_for_a_human_and_json_when_asked.md	6	4677	5647
d1:0019_a_value_for_a_human_and_json_when_asked.md	7	5528	6465
d1:0019_a_value_for_a_human_and_json_when_asked.md	8	6345	7381
d1:0019_a_value_for_a_human_and_json_when_asked.md	9	7244	8212
d1:0019_a_value_for_a_human_and_json_when_asked.md	10	8146	9213
d1:0019_a_value_for_a_human_and_json_when_asked.md	11	9065	10021
d1:0019_a_value_for_a_human_and_json_when_asked.md	12	9935	10729
d1:0019_a_value_for_a_human_and_json_when_asked.md	13	10619	11576
d1:0019_a_value_for_a_human_and_json_when_asked.md	14	11429	12496
d1:0019_a_value_for_a_human_and_json_when_asked.md	15	12389	13346
d1:0019_a_value_for_a_human_and_json_when_asked.md	16	13227	14313
d1:0019_a_value_for_a_human_and_json_when_asked.md	17	14182	15359
d1:0019_a_value_for_a_human_and_json_when_asked.md	18	15239	16340
d1:0019_a_value_for_a_human_and_json_when_asked.md	19	16236	17205
d1:0019_a_value_for_a_human_and_json_when_asked.md	20	17076	18178
d1:0019_a_value_for_a_human_and_json_when_asked.md	21	18044	19061
d1:0019_a_value_for_a_human_and_json_when_asked.md	22	18924	19974
d1:0019_a_value_for_a_human_and_json_when_asked.md	23	19855	20978
d1:0019_a_value_for_a_human_and_json_when_asked.md	24	20817	21995
d1:0019_a_value_for_a_human_and_json_when_asked.md	25	21847	22859
d1:0019_a_value_for_a_human_and_json_when_asked.md	26	22703	23800
d1:0019_a_value_for_a_human_and_json_when_asked.md	27	23619	24777
d1:0019_a_value_for_a_human_and_json_when_asked.md	28	24630	25749
d1:0019_a_value_for_a_human_and_json_when_asked.md	29	25623	26709
d1:0019_a_value_for_a_human_and_json_when_asked.md	30	26560	27599
d1:0019_a_value_for_a_human_and_json_when_asked.md	31	27454	28569
d1:0019_a_value_for_a_human_and_json_when_asked.md	32	28416	28853
d1:0019_upstream_defect_recursive_drop.md	0	2	792
d1:0019_upstream_defect_recursive_drop.md	1	657	1703
d1:0019_upstream_defect_recursive_drop.md	2	1571	2487
d1:0019_upstream_defect_recursive_drop.md	3	2333	3136
d1:0019_upstream_defect_recursive_drop.md	4	3053	3832
d1:0019_upstream_defect_recursive_drop.md	5	3762	4608
d1:0019_upstream_defect_recursive_drop.md	6	4466	5012
d1:0019_upstream_enhancement_rtti_field_names.md	0	2	805
d1:0019_upstream_enhancement_rtti_field_names.md	1	718	1521
d1:0019_upstream_enhancement_rtti_field_names.md	2	1397	2156
d1:0019_upstream_enhancement_rtti_field_names.md	3	2055	2683
d1:0019_upstream_enhancement_rtti_field_names.md	4	2588	3410
d1:0019_upstream_enhancement_rtti_field_names.md	5	3286	4128
d1:0019_upstream_enhancement_rtti_field_names.md	6	4033	4812
d1:0020_waiting_for_a_child_without_sleeping_through_it.md	0	2	826
d1:0020_waiting_for_a_child_without_sleeping_through_it.md	1	730	1648
d1:0020_waiting_for_a_child_without_sleeping_through_it.md	2	1488	2520
d1:0020_waiting_for_a_child_without_sleeping_through_it.md	3	2413	3431
d1:0020_waiting_for_a_child_without_sleeping_through_it.md	4	3325	4402
d1:0020_waiting_for_a_child_without_sleeping_through_it.md	5	4260	5363
d1:0020_waiting_for_a_child_without_sleeping_through_it.md	6	5276	6137
d1:0020_waiting_for_a_child_without_sleeping_through_it.md	7	5997	6975
d1:0020_waiting_for_a_child_without_sleeping_through_it.md	8	6857	7925
d1:0020_waiting_for_a_child_without_sleeping_through_it.md	9	7790	8848
d1:0020_waiting_for_a_child_without_sleeping_through_it.md	10	8751	9587
d1:0020_waiting_for_a_child_without_sleeping_through_it.md	11	9429	10625
d1:0020_waiting_for_a_child_without_sleeping_through_it.md	12	10477	11580
d1:0020_waiting_for_a_child_without_sleeping_through_it.md	13	11452	12607
d1:0020_waiting_for_a_child_without_sleeping_through_it.md	14	12429	12762
d1:0021_a_budget_the_operator_chooses.md	0	2	997
d1:0021_a_budget_the_operator_chooses.md	1	858	1914
d1:0021_a_budget_the_operator_chooses.md	2	1767	2815
d1:0021_a_budget_the_operator_chooses.md	3	2712	3687
d1:0021_a_budget_the_operator_chooses.md	4	3569	4570
d1:0021_a_budget_the_operator_chooses.md	5	4427	5605
d1:0021_a_budget_the_operator_chooses.md	6	5466	6543
d1:0021_a_budget_the_operator_chooses.md	7	6388	7389
d1:0021_a_budget_the_operator_chooses.md	8	7259	8287
d1:0021_a_budget_the_operator_chooses.md	9	8140	9242
d1:0021_a_budget_the_operator_chooses.md	10	9116	9878
d1:0022_a_child_that_is_told_what_to_do.md	0	2	915
d1:0022_a_child_that_is_told_what_to_do.md	1	808	1660
d1:0022_a_child_that_is_told_what_to_do.md	2	1528	2608
d1:0022_a_child_that_is_told_what_to_do.md	3	2490	3503
d1:0022_a_child_that_is_told_what_to_do.md	4	3398	4580
d1:0022_a_child_that_is_told_what_to_do.md	5	4454	5605
d1:0022_a_child_that_is_told_what_to_do.md	6	5474	6650
d1:0022_a_child_that_is_told_what_to_do.md	7	6521	7605
d1:0022_a_child_that_is_told_what_to_do.md	8	7475	8547
d1:0022_a_child_that_is_told_what_to_do.md	9	8427	9481
d1:0022_a_child_that_is_told_what_to_do.md	10	9333	10429
d1:0022_a_child_that_is_told_what_to_do.md	11	10304	11364
d1:0022_a_child_that_is_told_what_to_do.md	12	11222	12343
d1:0022_a_child_that_is_told_what_to_do.md	13	12219	13369
d1:0022_a_child_that_is_told_what_to_do.md	14	13220	14374
d1:0022_a_child_that_is_told_what_to_do.md	15	14242	15446
d1:0022_a_child_that_is_told_what_to_do.md	16	15274	16424
d1:0022_a_child_that_is_told_what_to_do.md	17	16279	17422
d1:0022_a_child_that_is_told_what_to_do.md	18	17297	18418
d1:0022_a_child_that_is_told_what_to_do.md	19	18293	19397
d1:0022_a_child_that_is_told_what_to_do.md	20	19268	20353
d1:0022_a_child_that_is_told_what_to_do.md	21	20227	21332
d1:0022_a_child_that_is_told_what_to_do.md	22	21202	21696
d1:0023_a_capture_that_ends_when_the_call_does.md	0	2	1005
d1:0023_a_capture_that_ends_when_the_call_does.md	1	870	1923
d1:0023_a_capture_that_ends_when_the_call_does.md	2	1782	2908
d1:0023_a_capture_that_ends_when_the_call_does.md	3	2739	3860
d1:0023_a_capture_that_ends_when_the_call_does.md	4	3713	4924
d1:0023_a_capture_that_ends_when_the_call_does.md	5	4769	5888
d1:0023_a_capture_that_ends_when_the_call_does.md	6	5771	6851
d1:0023_a_capture_that_ends_when_the_call_does.md	7	6713	7888
d1:0023_a_capture_that_ends_when_the_call_does.md	8	7734	8653
d1:0023_a_capture_that_ends_when_the_call_does.md	9	8569	9555
d1:0023_a_capture_that_ends_when_the_call_does.md	10	9447	10442
d1:0023_a_capture_that_ends_when_the_call_does.md	11	10347	11345
d1:0023_a_capture_that_ends_when_the_call_does.md	12	11208	12312
d1:0023_a_capture_that_ends_when_the_call_does.md	13	12163	13325
d1:0023_a_capture_that_ends_when_the_call_does.md	14	13180	14288
d1:0023_a_capture_that_ends_when_the_call_does.md	15	14158	15265
d1:0023_a_capture_that_ends_when_the_call_does.md	16	15130	16279
d1:0023_a_capture_that_ends_when_the_call_does.md	17	16150	17224
d1:0023_a_capture_that_ends_when_the_call_does.md	18	17089	18089
d1:0024_the_default_command_is_a_session.md	0	2	928
d1:0024_the_default_command_is_a_session.md	1	815	1781
d1:0024_the_default_command_is_a_session.md	2	1665	2612
d1:0024_the_default_command_is_a_session.md	3	2517	3463
d1:0024_the_default_command_is_a_session.md	4	3326	4333
d1:0024_the_default_command_is_a_session.md	5	4211	4677
d1:0025_the_same_contracts_on_windows.md	0	2	1155
d1:0025_the_same_contracts_on_windows.md	1	1009	1752
d1:0025_the_same_contracts_on_windows.md	2	1623	2615
d1:0025_the_same_contracts_on_windows.md	3	2509	3470
d1:0025_the_same_contracts_on_windows.md	4	3332	4383
d1:0025_the_same_contracts_on_windows.md	5	4253	5267
d1:0025_the_same_contracts_on_windows.md	6	5142	6186
d1:0025_the_same_contracts_on_windows.md	7	6059	7197
d1:0025_the_same_contracts_on_windows.md	8	7048	8136
d1:0025_the_same_contracts_on_windows.md	9	7995	9106
d1:0025_the_same_contracts_on_windows.md	10	8955	10116
d1:0025_the_same_contracts_on_windows.md	11	9966	11122
d1:0025_the_same_contracts_on_windows.md	12	10991	12100
d1:0025_the_same_contracts_on_windows.md	13	11958	13090
d1:0025_the_same_contracts_on_windows.md	14	12956	14057
d1:0025_the_same_contracts_on_windows.md	15	13903	15080
d1:0025_the_same_contracts_on_windows.md	16	14946	16068
d1:0025_the_same_contracts_on_windows.md	17	15942	16927
d1:0025_the_same_contracts_on_windows.md	18	16807	17933
d1:0025_the_same_contracts_on_windows.md	19	17774	18829
d1:0025_the_same_contracts_on_windows.md	20	18692	19683
d1:0025_the_same_contracts_on_windows.md	21	19544	20418
d1:0025_the_same_contracts_on_windows.md	22	20310	21273
d1:0025_the_same_contracts_on_windows.md	23	21134	22135
d1:0025_the_same_contracts_on_windows.md	24	22000	22915
d1:0025_the_same_contracts_on_windows.md	25	22773	23774
d1:0025_the_same_contracts_on_windows.md	26	23630	24673
d1:0025_the_same_contracts_on_windows.md	27	24549	25444
d1:0025_the_same_contracts_on_windows.md	28	25345	26305
d1:0025_the_same_contracts_on_windows.md	29	26212	27203
d1:0025_the_same_contracts_on_windows.md	30	27057	28265
d1:0025_the_same_contracts_on_windows.md	31	28098	29370
d1:0025_the_same_contracts_on_windows.md	32	29214	30368
d1:0025_the_same_contracts_on_windows.md	33	30239	31226
d1:0025_the_same_contracts_on_windows.md	34	31107	32008
d1:0025_the_same_contracts_on_windows.md	35	31882	32933
d1:0025_the_same_contracts_on_windows.md	36	32804	33723
d1:0025_the_same_contracts_on_windows.md	37	33597	34667
d1:0025_the_same_contracts_on_windows.md	38	34520	35701
d1:0025_the_same_contracts_on_windows.md	39	35552	36603
d1:0025_the_same_contracts_on_windows.md	40	36464	37413
d1:0025_the_same_contracts_on_windows.md	41	37307	38505
d1:0025_the_same_contracts_on_windows.md	42	38334	39534
d1:0025_the_same_contracts_on_windows.md	43	39397	40505
d1:0025_the_same_contracts_on_windows.md	44	40382	41520
d1:0025_the_same_contracts_on_windows.md	45	41369	42429
d1:0025_the_same_contracts_on_windows.md	46	42291	43401
d1:0025_the_same_contracts_on_windows.md	47	43270	44401
d1:0025_the_same_contracts_on_windows.md	48	44280	45432
d1:0025_the_same_contracts_on_windows.md	49	45274	46365
d1:0025_the_same_contracts_on_windows.md	50	46228	47275
d1:0025_the_same_contracts_on_windows.md	51	47170	48246
d1:0025_the_same_contracts_on_windows.md	52	48087	49196
d1:0025_the_same_contracts_on_windows.md	53	49071	49967
d1:0025_the_same_contracts_on_windows_evidence.md	0	2	996
d1:0025_the_same_contracts_on_windows_evidence.md	1	896	1913
d1:0025_the_same_contracts_on_windows_evidence.md	2	1772	2842
d1:0025_the_same_contracts_on_windows_evidence.md	3	2718	3821
d1:0025_the_same_contracts_on_windows_evidence.md	4	3716	4713
d1:0025_the_same_contracts_on_windows_evidence.md	5	4589	5612
d1:0025_the_same_contracts_on_windows_evidence.md	6	5474	6376
d1:0025_the_same_contracts_on_windows_evidence.md	7	6231	7196
d1:0025_the_same_contracts_on_windows_evidence.md	8	7051	8013
d1:0025_the_same_contracts_on_windows_evidence.md	9	7863	8851
d1:0025_the_same_contracts_on_windows_evidence.md	10	8793	9660
d1:0025_the_same_contracts_on_windows_evidence.md	11	9530	10505
d1:0025_the_same_contracts_on_windows_evidence.md	12	10394	11242
d1:0025_the_same_contracts_on_windows_evidence.md	13	11120	12156
d1:0025_the_same_contracts_on_windows_evidence.md	14	12063	13043
d1:0025_the_same_contracts_on_windows_evidence.md	15	12922	13717
d1:0025_the_same_contracts_on_windows_evidence.md	16	13633	14546
d1:0025_the_same_contracts_on_windows_evidence.md	17	14397	15470
d1:0025_the_same_contracts_on_windows_evidence.md	18	15376	16179
d1:0025_the_same_contracts_on_windows_evidence.md	19	16024	17058
d1:0025_the_same_contracts_on_windows_evidence.md	20	16939	17813
d1:0025_the_same_contracts_on_windows_evidence.md	21	17667	18746
d1:0025_the_same_contracts_on_windows_evidence.md	22	18655	19501
d1:0025_the_same_contracts_on_windows_evidence.md	23	19408	20355
d1:0025_the_same_contracts_on_windows_evidence.md	24	20211	21190
d1:0025_the_same_contracts_on_windows_evidence.md	25	21044	22032
d1:0025_the_same_contracts_on_windows_evidence.md	26	21929	22716
d1:0025_the_same_contracts_on_windows_evidence.md	27	22626	23581
d1:0025_the_same_contracts_on_windows_evidence.md	28	23438	24497
d1:0025_the_same_contracts_on_windows_evidence.md	29	24368	25502
d1:0025_the_same_contracts_on_windows_evidence.md	30	25389	26417
d1:0025_the_same_contracts_on_windows_evidence.md	31	26307	27171
d1:0025_the_same_contracts_on_windows_evidence.md	32	27067	28014
d1:0025_the_same_contracts_on_windows_evidence.md	33	27879	28895
d1:0025_the_same_contracts_on_windows_evidence.md	34	28733	29877
d1:0025_the_same_contracts_on_windows_evidence.md	35	29784	30729
d1:0025_the_same_contracts_on_windows_evidence.md	36	30571	31583
d1:0025_the_same_contracts_on_windows_evidence.md	37	31493	32531
d1:0025_the_same_contracts_on_windows_evidence.md	38	32394	33588
d1:0025_the_same_contracts_on_windows_evidence.md	39	33440	34476
d1:0025_the_same_contracts_on_windows_evidence.md	40	34371	35220
d1:0025_the_same_contracts_on_windows_evidence.md	41	35113	36174
d1:0025_the_same_contracts_on_windows_evidence.md	42	36006	37110
d1:0025_the_same_contracts_on_windows_evidence.md	43	36953	37944
d1:0025_the_same_contracts_on_windows_evidence.md	44	37838	38759
d1:0025_the_same_contracts_on_windows_evidence.md	45	38631	39771
d1:0025_the_same_contracts_on_windows_evidence.md	46	39629	40782
d1:0025_the_same_contracts_on_windows_evidence.md	47	40647	41544
d1:0025_the_same_contracts_on_windows_evidence.md	48	41456	42277
d1:0025_the_same_contracts_on_windows_evidence.md	49	42189	43138
d1:0025_the_same_contracts_on_windows_evidence.md	50	42990	44088
d1:0025_the_same_contracts_on_windows_evidence.md	51	43950	44933
d1:0025_the_same_contracts_on_windows_evidence.md	52	44826	45755
d1:0025_the_same_contracts_on_windows_evidence.md	53	45594	46780
d1:0025_the_same_contracts_on_windows_evidence.md	54	46613	47777
d1:0025_the_same_contracts_on_windows_evidence.md	55	47642	48521
d1:0025_the_same_contracts_on_windows_evidence.md	56	48439	49370
d1:0025_the_same_contracts_on_windows_evidence.md	57	49257	50298
d1:0025_the_same_contracts_on_windows_evidence.md	58	50184	51101
d1:0025_the_same_contracts_on_windows_evidence.md	59	51010	51988
d1:0025_the_same_contracts_on_windows_evidence.md	60	51818	52965
d1:0025_the_same_contracts_on_windows_evidence.md	61	52814	53859
d1:0025_the_same_contracts_on_windows_evidence.md	62	53736	54743
d1:0025_the_same_contracts_on_windows_evidence.md	63	54650	55662
d1:0025_the_same_contracts_on_windows_evidence.md	64	55523	56560
d1:0025_the_same_contracts_on_windows_evidence.md	65	56473	57395
d1:0025_the_same_contracts_on_windows_evidence.md	66	57286	58367
d1:0025_the_same_contracts_on_windows_evidence.md	67	58240	59294
d1:0025_the_same_contracts_on_windows_evidence.md	68	59178	60095
d1:0025_the_same_contracts_on_windows_evidence.md	69	60001	61025
d1:0025_the_same_contracts_on_windows_evidence.md	70	60930	61636
d1:0025_the_same_contracts_on_windows_evidence.md	71	61545	62252
d1:0025_the_same_contracts_on_windows_evidence.md	72	62162	62918
d1:0025_the_same_contracts_on_windows_evidence.md	73	62828	63651
d1:0025_the_same_contracts_on_windows_evidence.md	74	63575	64386
d1:0025_the_same_contracts_on_windows_evidence.md	75	64266	64971
d1:0025_the_same_contracts_on_windows_evidence.md	76	64913	65692
d1:0025_the_same_contracts_on_windows_evidence.md	77	65563	66385
d1:0025_the_same_contracts_on_windows_evidence.md	78	66272	67127
d1:0025_the_same_contracts_on_windows_evidence.md	79	67038	67708
d1:0025_the_same_contracts_on_windows_evidence.md	80	67624	68247
d1:0025_the_same_contracts_on_windows_evidence.md	81	68175	68951
d1:0025_the_same_contracts_on_windows_evidence.md	82	68837	69847
d1:0025_the_same_contracts_on_windows_evidence.md	83	69725	70672
d1:0025_the_same_contracts_on_windows_evidence.md	84	70537	71418
d1:0025_the_same_contracts_on_windows_evidence.md	85	71332	72180
d1:0025_the_same_contracts_on_windows_evidence.md	86	72024	72989
d1:0025_the_same_contracts_on_windows_evidence.md	87	72835	73802
d1:0025_the_same_contracts_on_windows_evidence.md	88	73725	74559
d1:0025_the_same_contracts_on_windows_evidence.md	89	74466	75243
d1:0025_the_same_contracts_on_windows_evidence.md	90	75109	76143
d1:0025_the_same_contracts_on_windows_evidence.md	91	75985	76822
d1:0025_the_same_contracts_on_windows_evidence.md	92	76762	77630
d1:0025_the_same_contracts_on_windows_evidence.md	93	77479	78305
d1:0025_the_same_contracts_on_windows_evidence.md	94	78226	79241
d1:0025_the_same_contracts_on_windows_evidence.md	95	79078	80131
d1:0025_the_same_contracts_on_windows_evidence.md	96	80015	81039
d1:0025_the_same_contracts_on_windows_evidence.md	97	80931	81966
d1:0025_the_same_contracts_on_windows_evidence.md	98	81854	82880
d1:0025_the_same_contracts_on_windows_evidence.md	99	82726	83657
d1:0025_the_same_contracts_on_windows_evidence.md	100	83517	84550
d1:0025_the_same_contracts_on_windows_evidence.md	101	84400	85469
d1:0025_the_same_contracts_on_windows_evidence.md	102	85356	86514
d1:0025_the_same_contracts_on_windows_evidence.md	103	86379	87429
d1:0025_the_same_contracts_on_windows_evidence.md	104	87295	88367
d1:0025_the_same_contracts_on_windows_evidence.md	105	88218	89293
d1:0025_the_same_contracts_on_windows_evidence.md	106	89161	90231
d1:0025_the_same_contracts_on_windows_evidence.md	107	90102	90898
d1:0025_the_same_contracts_on_windows_evidence.md	108	90753	91786
d1:0025_the_same_contracts_on_windows_evidence.md	109	91648	92744
d1:0025_the_same_contracts_on_windows_evidence.md	110	92632	93702
d1:0025_the_same_contracts_on_windows_evidence.md	111	93582	94623
d1:0025_the_same_contracts_on_windows_evidence.md	112	94477	95593
d1:0025_the_same_contracts_on_windows_evidence.md	113	95451	96361
d1:0025_the_same_contracts_on_windows_evidence.md	114	96212	97341
d1:0025_the_same_contracts_on_windows_evidence.md	115	97209	98126
d1:0025_the_same_contracts_on_windows_evidence.md	116	98026	99059
d1:0025_the_same_contracts_on_windows_evidence.md	117	98917	100046
d1:0025_the_same_contracts_on_windows_evidence.md	118	99920	100841
d1:0025_the_same_contracts_on_windows_evidence.md	119	100678	101744
d1:0025_the_same_contracts_on_windows_evidence.md	120	101600	102659
d1:0025_the_same_contracts_on_windows_evidence.md	121	102549	102775
d1:0026_the_manifest_a_release_needs.md	0	2	1027
d1:0026_the_manifest_a_release_needs.md	1	934	1962
d1:0026_the_manifest_a_release_needs.md	2	1813	2840
d1:0026_the_manifest_a_release_needs.md	3	2714	3680
d1:0026_the_manifest_a_release_needs.md	4	3549	4609
d1:0026_the_manifest_a_release_needs.md	5	4448	5534
d1:0026_the_manifest_a_release_needs.md	6	5419	6575
d1:0026_the_manifest_a_release_needs.md	7	6419	7511
d1:0026_the_manifest_a_release_needs.md	8	7400	8277
d1:0026_the_manifest_a_release_needs.md	9	8140	9275
d1:0026_the_manifest_a_release_needs.md	10	9164	10089
d1:0026_the_manifest_a_release_needs.md	11	9969	11035
d1:0026_the_manifest_a_release_needs.md	12	10898	11981
d1:0026_the_manifest_a_release_needs.md	13	11856	12974
d1:0027_the_latest_released_rune.md	0	2	1069
d1:0027_the_latest_released_rune.md	1	905	2047
d1:0027_the_latest_released_rune.md	2	1970	2968
d1:0027_the_latest_released_rune_evidence.md	0	2	910
d1:0027_the_latest_released_rune_evidence.md	1	788	1681
d1:0027_the_latest_released_rune_evidence.md	2	1583	2318
d1:0027_the_latest_released_rune_evidence.md	3	2234	3055
d1:0027_the_latest_released_rune_evidence.md	4	2913	3963
d1:0027_the_latest_released_rune_evidence.md	5	3834	4726
d1:0027_the_latest_released_rune_evidence.md	6	4625	5608
d1:0027_the_latest_released_rune_evidence.md	7	5456	5883
d1:0028_where_rnx_came_from.md	0	2	1192
d1:0028_where_rnx_came_from.md	1	1050	2080
d1:0028_where_rnx_came_from.md	2	1917	2907
d1:0028_where_rnx_came_from.md	3	2823	3817
d1:0028_where_rnx_came_from.md	4	3676	4618
d1:0028_where_rnx_came_from.md	5	4461	5437
d1:0028_where_rnx_came_from.md	6	5299	6392
d1:0028_where_rnx_came_from.md	7	6270	7326
d1:0028_where_rnx_came_from.md	8	7164	8323
d1:0028_where_rnx_came_from.md	9	8190	9204
d1:0028_where_rnx_came_from.md	10	9066	10082
d1:0028_where_rnx_came_from.md	11	9981	11070
d1:0028_where_rnx_came_from.md	12	10905	12007
d1:0028_where_rnx_came_from.md	13	11899	12987
d1:0028_where_rnx_came_from_evidence.md	0	2	929
d1:0028_where_rnx_came_from_evidence.md	1	814	1744
d1:0028_where_rnx_came_from_evidence.md	2	1606	2181
d1:0028_where_rnx_came_from_evidence.md	3	2129	2820
d1:0028_where_rnx_came_from_evidence.md	4	2732	3489
d1:0028_where_rnx_came_from_evidence.md	5	3381	4153
d1:0028_where_rnx_came_from_evidence.md	6	4064	4774
d1:0028_where_rnx_came_from_evidence.md	7	4704	5483
d1:0028_where_rnx_came_from_evidence.md	8	5367	6113
d1:0028_where_rnx_came_from_evidence.md	9	6023	7077
d1:0028_where_rnx_came_from_evidence.md	10	6919	8025
d1:0028_where_rnx_came_from_evidence.md	11	7886	8278
d1:0029_the_notices_a_binary_must_carry.md	0	2	1155
d1:0029_the_notices_a_binary_must_carry.md	1	1031	1972
d1:0029_the_notices_a_binary_must_carry.md	2	1839	2956
d1:0029_the_notices_a_binary_must_carry.md	3	2815	3991
d1:0029_the_notices_a_binary_must_carry.md	4	3828	4928
d1:0029_the_notices_a_binary_must_carry.md	5	4768	5841
d1:0029_the_notices_a_binary_must_carry.md	6	5684	6873
d1:0029_the_notices_a_binary_must_carry.md	7	6734	7857
d1:0029_the_notices_a_binary_must_carry.md	8	7741	8840
d1:0029_the_notices_a_binary_must_carry.md	9	8663	9811
d1:0029_the_notices_a_binary_must_carry.md	10	9687	10839
d1:0029_the_notices_a_binary_must_carry.md	11	10686	11843
d1:0029_the_notices_a_binary_must_carry.md	12	11717	12779
d1:0029_the_notices_a_binary_must_carry.md	13	12632	13725
d1:0029_the_notices_a_binary_must_carry.md	14	13607	14725
d1:0029_the_notices_a_binary_must_carry.md	15	14575	15681
d1:0029_the_notices_a_binary_must_carry.md	16	15538	16790
d1:0029_the_notices_a_binary_must_carry.md	17	16635	17783
d1:0029_the_notices_a_binary_must_carry.md	18	17652	18475
d1:0030_answering_before_building_the_context.md	0	2	843
d1:0030_answering_before_building_the_context.md	1	760	1612
d1:0030_answering_before_building_the_context.md	2	1473	2442
d1:0030_answering_before_building_the_context.md	3	2325	3415
d1:0030_answering_before_building_the_context.md	4	3281	4246
d1:0030_answering_before_building_the_context.md	5	4108	5151
d1:0030_answering_before_building_the_context.md	6	5037	5231
d1:0030_answering_before_building_the_context_evidence.md	0	2	829
d1:0030_answering_before_building_the_context_evidence.md	1	744	1350
d1:0030_answering_before_building_the_context_evidence.md	2	1288	1976
d1:0030_answering_before_building_the_context_evidence.md	3	1837	2727
d1:0030_answering_before_building_the_context_evidence.md	4	2587	3368
d1:0030_upstream_enhancement_registration_cost.md	0	2	925
d1:0030_upstream_enhancement_registration_cost.md	1	813	1673
d1:0030_upstream_enhancement_registration_cost.md	2	1552	2459
d1:0030_upstream_enhancement_registration_cost.md	3	2310	3261
d1:0030_upstream_enhancement_registration_cost.md	4	3122	4114
d1:0030_upstream_enhancement_registration_cost.md	5	3989	4572
d1:0031_the_batteries_rnx_ships.md	0	2	1129
d1:0031_the_batteries_rnx_ships.md	1	1019	1964
d1:0031_the_batteries_rnx_ships.md	2	1848	2799
d1:0031_the_batteries_rnx_ships.md	3	2713	3882
d1:0031_the_batteries_rnx_ships.md	4	3698	4946
d1:0031_the_batteries_rnx_ships.md	5	4831	5837
d1:0031_the_batteries_rnx_ships.md	6	5722	6837
d1:0031_the_batteries_rnx_ships.md	7	6682	7850
d1:0031_the_batteries_rnx_ships.md	8	7687	8984
d1:0031_the_batteries_rnx_ships.md	9	8826	10102
d1:0031_the_batteries_rnx_ships.md	10	9986	11126
d1:0031_the_batteries_rnx_ships.md	11	10957	12248
d1:0031_the_batteries_rnx_ships.md	12	12071	13229
d1:0031_the_batteries_rnx_ships.md	13	13102	13961
d1:0031_the_batteries_rnx_ships_evidence.md	0	2	887
d1:0031_the_batteries_rnx_ships_evidence.md	1	724	1740
d1:0031_the_batteries_rnx_ships_evidence.md	2	1595	2655
d1:0031_the_batteries_rnx_ships_evidence.md	3	2539	3575
d1:0031_the_batteries_rnx_ships_evidence.md	4	3493	4283
d1:0031_the_batteries_rnx_ships_evidence.md	5	4211	4999
d1:0031_the_batteries_rnx_ships_evidence.md	6	4852	5815
d1:0031_the_batteries_rnx_ships_evidence.md	7	5682	6845
d1:0031_the_batteries_rnx_ships_evidence.md	8	6708	7619
d1:0031_the_batteries_rnx_ships_evidence.md	9	7491	8369
d1:0031_the_batteries_rnx_ships_evidence.md	10	8208	9170
d1:0031_the_batteries_rnx_ships_evidence.md	11	9065	10185
d1:0032_one_way_to_run_a_script.md	0	2	1076
d1:0032_one_way_to_run_a_script.md	1	929	1946
d1:0032_one_way_to_run_a_script.md	2	1837	2834
d1:0032_one_way_to_run_a_script.md	3	2709	3773
d1:0032_one_way_to_run_a_script.md	4	3669	4710
d1:0032_one_way_to_run_a_script.md	5	4564	5724
d1:0032_one_way_to_run_a_script.md	6	5578	6624
d1:0032_one_way_to_run_a_script.md	7	6487	7583
d1:0032_one_way_to_run_a_script.md	8	7446	8613
d1:0032_one_way_to_run_a_script.md	9	8476	9517
d1:0032_one_way_to_run_a_script.md	10	9388	10482
d1:0032_one_way_to_run_a_script.md	11	10364	11311
d1:0032_one_way_to_run_a_script.md	12	11175	12294
d1:0032_one_way_to_run_a_script.md	13	12163	13195
d1:0032_one_way_to_run_a_script.md	14	13091	14167
d1:0032_one_way_to_run_a_script.md	15	14006	15020
d1:0032_one_way_to_run_a_script.md	16	14898	15932
d1:0032_one_way_to_run_a_script.md	17	15795	16804
d1:0032_one_way_to_run_a_script.md	18	16678	17696
d1:0032_one_way_to_run_a_script.md	19	17555	18542
d1:0032_one_way_to_run_a_script_evidence.md	0	2	827
d1:0032_one_way_to_run_a_script_evidence.md	1	743	1593
d1:0032_one_way_to_run_a_script_evidence.md	2	1471	2435
d1:0032_one_way_to_run_a_script_evidence.md	3	2303	3303
d1:0032_one_way_to_run_a_script_evidence.md	4	3152	4195
d1:0032_one_way_to_run_a_script_evidence.md	5	4099	4904
d1:0032_one_way_to_run_a_script_evidence.md	6	4841	5675
d1:0032_one_way_to_run_a_script_evidence.md	7	5523	6583
d1:0032_one_way_to_run_a_script_evidence.md	8	6466	7360
d1:0032_one_way_to_run_a_script_evidence.md	9	7241	8252
d1:0032_one_way_to_run_a_script_evidence.md	10	8120	9130
d1:0032_one_way_to_run_a_script_evidence.md	11	8998	9999
d1:0032_one_way_to_run_a_script_evidence.md	12	9910	10432
d1:0032_one_way_to_run_a_script_evidence.md	13	10367	11058
d1:0032_one_way_to_run_a_script_evidence.md	14	10959	11954
d1:0032_one_way_to_run_a_script_evidence.md	15	11818	12244
d1:0032_upstream_defect_nested_budget_halt.md	0	2	903
d1:0032_upstream_defect_nested_budget_halt.md	1	806	1626
d1:0032_upstream_defect_nested_budget_halt.md	2	1517	2327
d1:0032_upstream_defect_nested_budget_halt.md	3	2243	3074
d1:0032_upstream_enhancement_halt_visibility.md	0	2	867
d1:0032_upstream_enhancement_halt_visibility.md	1	803	1735
d1:0032_upstream_enhancement_halt_visibility.md	2	1651	2526
d1:0032_upstream_enhancement_halt_visibility.md	3	2412	2968
d1:0032_upstream_enhancement_interrupt_hook.md	0	2	916
d1:0032_upstream_enhancement_interrupt_hook.md	1	816	1821
d1:0032_upstream_enhancement_interrupt_hook.md	2	1669	2844
d1:0032_upstream_enhancement_interrupt_hook.md	3	2698	3108
d1:0033_the_contract_json_parse_never_had.md	0	2	856
d1:0033_the_contract_json_parse_never_had.md	1	780	1312
d1:0033_the_contract_json_parse_never_had.md	2	1277	1816
d1:0033_the_contract_json_parse_never_had.md	3	1751	2393
d1:0033_the_contract_json_parse_never_had.md	4	2339	3225
d1:0033_the_contract_json_parse_never_had.md	5	3120	4007
d1:0033_the_contract_json_parse_never_had.md	6	3977	4862
d1:0033_the_contract_json_parse_never_had.md	7	4739	5791
d1:0033_the_contract_json_parse_never_had.md	8	5668	6720
d1:0033_the_contract_json_parse_never_had.md	9	6572	7552
d1:0033_the_contract_json_parse_never_had.md	10	7452	8295
d1:0033_the_contract_json_parse_never_had.md	11	8203	9204
d1:0033_the_contract_json_parse_never_had.md	12	9076	10047
d1:0033_the_contract_json_parse_never_had.md	13	9904	10495
d1:0033_the_contract_json_parse_never_had_evidence.md	0	2	887
d1:0033_the_contract_json_parse_never_had_evidence.md	1	750	1875
d1:0033_the_contract_json_parse_never_had_evidence.md	2	1763	2747
d1:0033_the_contract_json_parse_never_had_evidence.md	3	2739	3394
d1:0033_the_contract_json_parse_never_had_evidence.md	4	3280	4000
d1:0033_the_contract_json_parse_never_had_evidence.md	5	3888	4769
d1:0033_upstream_defect_unsigned_deserialize.md	0	2	802
d1:0033_upstream_defect_unsigned_deserialize.md	1	719	1273
d1:0033_upstream_defect_unsigned_deserialize.md	2	1202	1877
d1:0033_upstream_defect_unsigned_deserialize.md	3	1824	2241
d1:0034_a_bounded_request_with_no_second_json.md	0	2	1193
d1:0034_a_bounded_request_with_no_second_json.md	1	1066	2075
d1:0034_a_bounded_request_with_no_second_json.md	2	2007	2755
d1:0034_a_bounded_request_with_no_second_json.md	3	2662	3601
d1:0034_a_bounded_request_with_no_second_json.md	4	3472	4351
d1:0034_a_bounded_request_with_no_second_json.md	5	4238	5025
d1:0034_a_bounded_request_with_no_second_json.md	6	4898	5875
d1:0034_a_bounded_request_with_no_second_json.md	7	5750	6638
d1:0034_a_bounded_request_with_no_second_json.md	8	6546	7535
d1:0034_a_bounded_request_with_no_second_json.md	9	7413	8463
d1:0034_a_bounded_request_with_no_second_json.md	10	8311	9367
d1:0034_a_bounded_request_with_no_second_json.md	11	9225	10332
d1:0034_a_bounded_request_with_no_second_json.md	12	10207	11272
d1:0034_a_bounded_request_with_no_second_json.md	13	11145	12230
d1:0034_a_bounded_request_with_no_second_json.md	14	12082	13195
d1:0034_a_bounded_request_with_no_second_json.md	15	13030	14038
d1:0034_a_bounded_request_with_no_second_json.md	16	13903	14946
d1:0034_a_bounded_request_with_no_second_json.md	17	14833	15884
d1:0034_a_bounded_request_with_no_second_json.md	18	15746	16701
d1:0034_a_bounded_request_with_no_second_json.md	19	16571	17445
d1:0034_a_bounded_request_with_no_second_json.md	20	17361	18292
d1:0034_a_bounded_request_with_no_second_json.md	21	18163	19157
d1:0034_a_bounded_request_with_no_second_json.md	22	19028	20011
d1:0034_a_bounded_request_with_no_second_json.md	23	19910	20937
d1:0034_a_bounded_request_with_no_second_json.md	24	20806	21637
d1:0034_a_bounded_request_with_no_second_json.md	25	21579	22596
d1:0034_a_bounded_request_with_no_second_json.md	26	22427	23642
d1:0034_a_bounded_request_with_no_second_json.md	27	23507	24550
d1:0034_a_bounded_request_with_no_second_json.md	28	24415	25498
d1:0034_a_bounded_request_with_no_second_json.md	29	25381	26482
d1:0034_a_bounded_request_with_no_second_json.md	30	26314	27449
d1:0034_a_bounded_request_with_no_second_json.md	31	27311	28397
d1:0034_a_bounded_request_with_no_second_json.md	32	28250	29342
d1:0034_a_bounded_request_with_no_second_json.md	33	29225	30288
d1:0034_a_bounded_request_with_no_second_json.md	34	30108	31157
d1:0034_a_bounded_request_with_no_second_json.md	35	31060	31622
d1:0034_a_bounded_request_with_no_second_json_evidence.md	0	2	850
d1:0034_a_bounded_request_with_no_second_json_evidence.md	1	741	1704
d1:0034_a_bounded_request_with_no_second_json_evidence.md	2	1527	2648
d1:0034_a_bounded_request_with_no_second_json_evidence.md	3	2531	3585
d1:0034_a_bounded_request_with_no_second_json_evidence.md	4	3416	4519
d1:0034_a_bounded_request_with_no_second_json_evidence.md	5	4392	5593
d1:0034_a_bounded_request_with_no_second_json_evidence.md	6	5441	6517
d1:0034_a_bounded_request_with_no_second_json_evidence.md	7	6363	7052
d1:0034_a_bounded_request_with_no_second_json_evidence.md	8	6957	7644
d1:0034_a_bounded_request_with_no_second_json_evidence.md	9	7538	8603
d1:0034_a_bounded_request_with_no_second_json_evidence.md	10	8435	9502
d1:0035_a_file_is_a_value_and_every_refusal_names_its_path.md	0	2	975
d1:0035_a_file_is_a_value_and_every_refusal_names_its_path.md	1	861	1853
d1:0035_a_file_is_a_value_and_every_refusal_names_its_path.md	2	1741	2666
d1:0035_a_file_is_a_value_and_every_refusal_names_its_path.md	3	2526	3458
d1:0035_a_file_is_a_value_and_every_refusal_names_its_path.md	4	3379	4142
d1:0035_a_file_is_a_value_and_every_refusal_names_its_path.md	5	4032	4928
d1:0035_a_file_is_a_value_and_every_refusal_names_its_path.md	6	4838	5564
d1:0035_a_file_is_a_value_and_every_refusal_names_its_path.md	7	5476	6314
d1:0035_a_file_is_a_value_and_every_refusal_names_its_path.md	8	6194	7121
d1:0035_a_file_is_a_value_and_every_refusal_names_its_path.md	9	6980	8142
d1:0035_a_file_is_a_value_and_every_refusal_names_its_path.md	10	8007	9009
d1:0035_a_file_is_a_value_and_every_refusal_names_its_path.md	11	8897	9762
d1:0035_a_file_is_a_value_and_every_refusal_names_its_path.md	12	9659	10739
d1:0035_a_file_is_a_value_and_every_refusal_names_its_path.md	13	10598	11701
d1:0035_a_file_is_a_value_and_every_refusal_names_its_path.md	14	11582	12649
d1:0035_a_file_is_a_value_and_every_refusal_names_its_path.md	15	12536	13538
d1:0035_a_file_is_a_value_and_every_refusal_names_its_path.md	16	13394	14465
d1:0035_a_file_is_a_value_and_every_refusal_names_its_path.md	17	14344	15372
d1:0035_a_file_is_a_value_and_every_refusal_names_its_path.md	18	15245	16226
d1:0035_a_file_is_a_value_and_every_refusal_names_its_path.md	19	16093	17105
d1:0035_a_file_is_a_value_and_every_refusal_names_its_path.md	20	16958	18014
d1:0035_a_file_is_a_value_and_every_refusal_names_its_path.md	21	17865	19072
d1:0035_a_file_is_a_value_and_every_refusal_names_its_path.md	22	18898	19885
d1:0035_a_file_is_a_value_and_every_refusal_names_its_path.md	23	19774	20800
d1:0035_a_file_is_a_value_and_every_refusal_names_its_path.md	24	20665	21733
d1:0035_a_file_is_a_value_and_every_refusal_names_its_path.md	25	21596	22519
d1:0035_a_file_is_a_value_and_every_refusal_names_its_path_evidence.md	0	2	1035
d1:0035_a_file_is_a_value_and_every_refusal_names_its_path_evidence.md	1	873	2024
d1:0035_a_file_is_a_value_and_every_refusal_names_its_path_evidence.md	2	1945	3021
d1:0035_a_file_is_a_value_and_every_refusal_names_its_path_evidence.md	3	2875	3895
d1:0035_a_file_is_a_value_and_every_refusal_names_its_path_evidence.md	4	3792	4742
d1:0035_a_file_is_a_value_and_every_refusal_names_its_path_evidence.md	5	4605	5336
d1:0035_a_file_is_a_value_and_every_refusal_names_its_path_evidence.md	6	5266	5926
d1:0035_a_file_is_a_value_and_every_refusal_names_its_path_evidence.md	7	5830	6704
d1:0036_what_the_process_was_given.md	0	2	1024
d1:0036_what_the_process_was_given.md	1	926	1726
d1:0036_what_the_process_was_given.md	2	1643	2469
d1:0036_what_the_process_was_given.md	3	2377	3408
d1:0036_what_the_process_was_given.md	4	3283	4214
d1:0036_what_the_process_was_given.md	5	4102	4992
d1:0036_what_the_process_was_given.md	6	4906	5901
d1:0036_what_the_process_was_given.md	7	5783	6728
d1:0036_what_the_process_was_given.md	8	6610	7610
d1:0036_what_the_process_was_given.md	9	7459	8480
d1:0036_what_the_process_was_given.md	10	8371	9373
d1:0036_what_the_process_was_given.md	11	9251	10218
d1:0036_what_the_process_was_given.md	12	10107	11025
d1:0036_what_the_process_was_given.md	13	10937	11759
d1:0036_what_the_process_was_given.md	14	11636	12384
d1:0036_what_the_process_was_given.md	15	12328	12942
d1:0036_what_the_process_was_given.md	16	12882	13635
d1:0036_what_the_process_was_given.md	17	13509	14472
d1:0036_what_the_process_was_given.md	18	14335	15347
d1:0036_what_the_process_was_given.md	19	15194	15752
d1:0036_what_the_process_was_given_evidence.md	0	2	1008
d1:0036_what_the_process_was_given_evidence.md	1	853	2070
d1:0036_what_the_process_was_given_evidence.md	2	1904	3009
d1:0036_what_the_process_was_given_evidence.md	3	2881	3939
d1:0036_what_the_process_was_given_evidence.md	4	3797	4851
d1:0036_what_the_process_was_given_evidence.md	5	4770	5648
d1:0036_what_the_process_was_given_evidence.md	6	5587	6149
d1:0036_what_the_process_was_given_evidence.md	7	6130	6760
d1:0037_paths_are_strings_until_a_script_needs_them_not_to_be.md	0	2	1033
d1:0037_paths_are_strings_until_a_script_needs_them_not_to_be.md	1	897	1962
d1:0037_paths_are_strings_until_a_script_needs_them_not_to_be.md	2	1862	2405
d1:0037_paths_are_strings_until_a_script_needs_them_not_to_be.md	3	2321	2818
d1:0037_paths_are_strings_until_a_script_needs_them_not_to_be.md	4	2741	3665
d1:0037_paths_are_strings_until_a_script_needs_them_not_to_be.md	5	3520	4605
d1:0037_paths_are_strings_until_a_script_needs_them_not_to_be.md	6	4473	5479
d1:0037_paths_are_strings_until_a_script_needs_them_not_to_be.md	7	5363	6221
d1:0037_paths_are_strings_until_a_script_needs_them_not_to_be.md	8	6128	6999
d1:0037_paths_are_strings_until_a_script_needs_them_not_to_be.md	9	6878	7728
d1:0037_paths_are_strings_until_a_script_needs_them_not_to_be.md	10	7595	8530
d1:0037_paths_are_strings_until_a_script_needs_them_not_to_be.md	11	8421	9332
d1:0037_paths_are_strings_until_a_script_needs_them_not_to_be.md	12	9203	9998
d1:0037_paths_are_strings_until_a_script_needs_them_not_to_be.md	13	9918	10714
d1:0037_paths_are_strings_until_a_script_needs_them_not_to_be.md	14	10565	11566
d1:0037_paths_are_strings_until_a_script_needs_them_not_to_be.md	15	11460	12365
d1:0037_paths_are_strings_until_a_script_needs_them_not_to_be.md	16	12245	12642
d1:0037_paths_are_strings_until_a_script_needs_them_not_to_be_evidence.md	0	2	984
d1:0037_paths_are_strings_until_a_script_needs_them_not_to_be_evidence.md	1	879	1963
d1:0037_paths_are_strings_until_a_script_needs_them_not_to_be_evidence.md	2	1885	2840
d1:0037_paths_are_strings_until_a_script_needs_them_not_to_be_evidence.md	3	2727	3820
d1:0037_paths_are_strings_until_a_script_needs_them_not_to_be_evidence.md	4	3675	4414
d1:0037_paths_are_strings_until_a_script_needs_them_not_to_be_evidence.md	5	4329	4778
d1:0038_a_moment_is_a_number_and_a_clock_is_named.md	0	2	975
d1:0038_a_moment_is_a_number_and_a_clock_is_named.md	1	852	1776
d1:0038_a_moment_is_a_number_and_a_clock_is_named.md	2	1662	2378
d1:0038_a_moment_is_a_number_and_a_clock_is_named.md	3	2320	3267
d1:0038_a_moment_is_a_number_and_a_clock_is_named.md	4	3152	4108
d1:0038_a_moment_is_a_number_and_a_clock_is_named.md	5	4007	4892
d1:0038_a_moment_is_a_number_and_a_clock_is_named.md	6	4828	5733
d1:0038_a_moment_is_a_number_and_a_clock_is_named.md	7	5602	6656
d1:0038_a_moment_is_a_number_and_a_clock_is_named.md	8	6538	7368
d1:0038_a_moment_is_a_number_and_a_clock_is_named.md	9	7286	8202
d1:0038_a_moment_is_a_number_and_a_clock_is_named.md	10	8107	8898
d1:0038_a_moment_is_a_number_and_a_clock_is_named.md	11	8769	9673
d1:0038_a_moment_is_a_number_and_a_clock_is_named.md	12	9590	10496
d1:0038_a_moment_is_a_number_and_a_clock_is_named.md	13	10350	11261
d1:0038_a_moment_is_a_number_and_a_clock_is_named.md	14	11161	12116
d1:0038_a_moment_is_a_number_and_a_clock_is_named.md	15	11980	12931
d1:0038_a_moment_is_a_number_and_a_clock_is_named.md	16	12803	13782
d1:0038_a_moment_is_a_number_and_a_clock_is_named.md	17	13635	14618
d1:0038_a_moment_is_a_number_and_a_clock_is_named.md	18	14494	15407
d1:0038_a_moment_is_a_number_and_a_clock_is_named.md	19	15271	16330
d1:0038_a_moment_is_a_number_and_a_clock_is_named.md	20	16214	17112
d1:0038_a_moment_is_a_number_and_a_clock_is_named.md	21	17019	17876
d1:0038_a_moment_is_a_number_and_a_clock_is_named.md	22	17780	18644
d1:0038_a_moment_is_a_number_and_a_clock_is_named.md	23	18522	19424
d1:0038_a_moment_is_a_number_and_a_clock_is_named.md	24	19309	20324
d1:0038_a_moment_is_a_number_and_a_clock_is_named.md	25	20209	21200
d1:0038_a_moment_is_a_number_and_a_clock_is_named.md	26	21099	21852
d1:0038_a_moment_is_a_number_and_a_clock_is_named_evidence.md	0	2	902
d1:0038_a_moment_is_a_number_and_a_clock_is_named_evidence.md	1	776	1877
d1:0038_a_moment_is_a_number_and_a_clock_is_named_evidence.md	2	1726	2943
d1:0038_a_moment_is_a_number_and_a_clock_is_named_evidence.md	3	2800	3875
d1:0038_a_moment_is_a_number_and_a_clock_is_named_evidence.md	4	3738	4904
d1:0038_a_moment_is_a_number_and_a_clock_is_named_evidence.md	5	4768	5866
d1:0038_a_moment_is_a_number_and_a_clock_is_named_evidence.md	6	5763	6732
d1:0038_a_moment_is_a_number_and_a_clock_is_named_evidence.md	7	6602	7691
d1:0038_a_moment_is_a_number_and_a_clock_is_named_evidence.md	8	7610	8385
d1:0038_a_moment_is_a_number_and_a_clock_is_named_evidence.md	9	8275	9081
d1:0039_colour_belongs_to_the_presentation.md	0	2	1108
d1:0039_colour_belongs_to_the_presentation.md	1	971	1999
d1:0039_colour_belongs_to_the_presentation.md	2	1882	2817
d1:0039_colour_belongs_to_the_presentation.md	3	2704	3845
d1:0039_colour_belongs_to_the_presentation.md	4	3688	4759
d1:0039_colour_belongs_to_the_presentation.md	5	4618	5558
d1:0039_colour_belongs_to_the_presentation.md	6	5402	6508
d1:0039_colour_belongs_to_the_presentation.md	7	6358	7498
d1:0039_colour_belongs_to_the_presentation.md	8	7337	8403
d1:0039_colour_belongs_to_the_presentation.md	9	8300	9258
d1:0039_colour_belongs_to_the_presentation.md	10	9099	10213
d1:0039_colour_belongs_to_the_presentation.md	11	10078	11172
d1:0039_colour_belongs_to_the_presentation.md	12	11036	12161
d1:0039_colour_belongs_to_the_presentation.md	13	11993	13173
d1:0039_colour_belongs_to_the_presentation.md	14	13028	14080
d1:0039_colour_belongs_to_the_presentation.md	15	13980	14991
d1:0039_colour_belongs_to_the_presentation.md	16	14883	15888
d1:0039_colour_belongs_to_the_presentation.md	17	15736	16888
d1:0039_colour_belongs_to_the_presentation.md	18	16724	17830
d1:0039_colour_belongs_to_the_presentation.md	19	17695	18724
d1:0039_colour_belongs_to_the_presentation.md	20	18581	19701
d1:0039_colour_belongs_to_the_presentation_evidence.md	0	2	777
d1:0039_colour_belongs_to_the_presentation_evidence.md	1	613	1820
d1:0039_colour_belongs_to_the_presentation_evidence.md	2	1689	2809
d1:0039_colour_belongs_to_the_presentation_evidence.md	3	2651	3724
d1:0039_colour_belongs_to_the_presentation_evidence.md	4	3597	4432
d1:0039_colour_belongs_to_the_presentation_evidence.md	5	4349	5380
d1:0039_colour_belongs_to_the_presentation_evidence.md	6	5260	6348
d1:0040_a_number_on_the_prompt_that_can_start_over.md	0	2	1103
d1:0040_a_number_on_the_prompt_that_can_start_over.md	1	974	2057
d1:0040_a_number_on_the_prompt_that_can_start_over.md	2	1883	2984
d1:0040_a_number_on_the_prompt_that_can_start_over.md	3	2868	3885
d1:0040_a_number_on_the_prompt_that_can_start_over.md	4	3752	4831
d1:0040_a_number_on_the_prompt_that_can_start_over.md	5	4677	5799
d1:0040_a_number_on_the_prompt_that_can_start_over.md	6	5661	6619
d1:0040_a_number_on_the_prompt_that_can_start_over.md	7	6504	7491
d1:0040_a_number_on_the_prompt_that_can_start_over.md	8	7359	8396
d1:0040_a_number_on_the_prompt_that_can_start_over.md	9	8282	9227
d1:0040_a_number_on_the_prompt_that_can_start_over.md	10	9139	10099
d1:0040_a_number_on_the_prompt_that_can_start_over.md	11	9963	11033
d1:0040_a_number_on_the_prompt_that_can_start_over.md	12	10848	11940
d1:0040_a_number_on_the_prompt_that_can_start_over.md	13	11786	12905
d1:0040_a_number_on_the_prompt_that_can_start_over.md	14	12763	13860
d1:0040_a_number_on_the_prompt_that_can_start_over.md	15	13736	14038
d1:0040_a_number_on_the_prompt_that_can_start_over_evidence.md	0	2	1132
d1:0040_a_number_on_the_prompt_that_can_start_over_evidence.md	1	994	2203
d1:0040_a_number_on_the_prompt_that_can_start_over_evidence.md	2	2035	3146
d1:0040_a_number_on_the_prompt_that_can_start_over_evidence.md	3	3000	3708
d1:0040_a_number_on_the_prompt_that_can_start_over_evidence.md	4	3640	3926
d1:0041_the_same_name_wherever_the_method_went_missing.md	0	2	840
d1:0041_the_same_name_wherever_the_method_went_missing.md	1	738	1559
d1:0041_the_same_name_wherever_the_method_went_missing.md	2	1402	2511
d1:0041_the_same_name_wherever_the_method_went_missing.md	3	2387	3449
d1:0041_the_same_name_wherever_the_method_went_missing.md	4	3318	4413
d1:0041_the_same_name_wherever_the_method_went_missing.md	5	4268	5246
d1:0041_the_same_name_wherever_the_method_went_missing.md	6	5159	6082
d1:0041_the_same_name_wherever_the_method_went_missing.md	7	5994	7008
d1:0041_the_same_name_wherever_the_method_went_missing.md	8	6888	8015
d1:0041_the_same_name_wherever_the_method_went_missing.md	9	7890	8545
d1:0041_the_same_name_wherever_the_method_went_missing_evidence.md	0	2	1168
d1:0041_the_same_name_wherever_the_method_went_missing_evidence.md	1	1005	2153
d1:0041_the_same_name_wherever_the_method_went_missing_evidence.md	2	2024	2794
d1:0041_the_same_name_wherever_the_method_went_missing_evidence.md	3	2735	3325
d1:0042_the_prompt_a_person_lives_at.md	0	2	1003
d1:0042_the_prompt_a_person_lives_at.md	1	874	1804
d1:0042_the_prompt_a_person_lives_at.md	2	1690	2638
d1:0042_the_prompt_a_person_lives_at.md	3	2498	3555
d1:0042_the_prompt_a_person_lives_at.md	4	3416	4410
d1:0042_the_prompt_a_person_lives_at.md	5	4295	5154
d1:0042_the_prompt_a_person_lives_at.md	6	5056	5920
d1:0042_the_prompt_a_person_lives_at.md	7	5820	6767
d1:0042_the_prompt_a_person_lives_at.md	8	6670	7583
d1:0042_the_prompt_a_person_lives_at.md	9	7481	8409
d1:0042_the_prompt_a_person_lives_at.md	10	8298	9168
d1:0042_the_prompt_a_person_lives_at.md	11	9097	10120
d1:0042_the_prompt_a_person_lives_at.md	12	9977	10868
d1:0042_the_prompt_a_person_lives_at_evidence.md	0	2	1075
d1:0042_the_prompt_a_person_lives_at_evidence.md	1	920	1761
d1:0042_the_prompt_a_person_lives_at_evidence.md	2	1704	1930
d1:0043_colours_a_person_can_choose_in_a_rune_file.md	0	2	1153
d1:0043_colours_a_person_can_choose_in_a_rune_file.md	1	1019	2057
d1:0043_colours_a_person_can_choose_in_a_rune_file.md	2	1931	2889
d1:0043_colours_a_person_can_choose_in_a_rune_file.md	3	2749	3633
d1:0043_colours_a_person_can_choose_in_a_rune_file.md	4	3496	4565
d1:0043_colours_a_person_can_choose_in_a_rune_file.md	5	4480	5417
d1:0043_colours_a_person_can_choose_in_a_rune_file.md	6	5272	6314
d1:0043_colours_a_person_can_choose_in_a_rune_file.md	7	6170	6997
d1:0043_colours_a_person_can_choose_in_a_rune_file.md	8	6931	7806
d1:0043_colours_a_person_can_choose_in_a_rune_file.md	9	7675	8724
d1:0043_colours_a_person_can_choose_in_a_rune_file.md	10	8575	9569
d1:0043_colours_a_person_can_choose_in_a_rune_file.md	11	9454	10556
d1:0043_colours_a_person_can_choose_in_a_rune_file.md	12	10441	11337
d1:0043_colours_a_person_can_choose_in_a_rune_file.md	13	11195	12190
d1:0043_colours_a_person_can_choose_in_a_rune_file.md	14	12073	13054
d1:0043_colours_a_person_can_choose_in_a_rune_file.md	15	12937	13802
d1:0043_colours_a_person_can_choose_in_a_rune_file.md	16	13711	14639
d1:0043_colours_a_person_can_choose_in_a_rune_file.md	17	14519	15384
d1:0043_colours_a_person_can_choose_in_a_rune_file.md	18	15303	16291
d1:0043_colours_a_person_can_choose_in_a_rune_file.md	19	16189	17190
d1:0043_colours_a_person_can_choose_in_a_rune_file.md	20	17079	17659
d1:0043_colours_a_person_can_choose_in_a_rune_file_evidence.md	0	2	1084
d1:0043_colours_a_person_can_choose_in_a_rune_file_evidence.md	1	952	2034
d1:0043_colours_a_person_can_choose_in_a_rune_file_evidence.md	2	1895	2942
d1:0043_colours_a_person_can_choose_in_a_rune_file_evidence.md	3	2831	3616
d1:0043_colours_a_person_can_choose_in_a_rune_file_evidence.md	4	3556	4197
d1:0043_colours_a_person_can_choose_in_a_rune_file_evidence.md	5	4055	4609
d1:0044_a_child_with_its_own_directory_and_environment.md	0	2	1111
d1:0044_a_child_with_its_own_directory_and_environment.md	1	979	2038
d1:0044_a_child_with_its_own_directory_and_environment.md	2	1931	2924
d1:0044_a_child_with_its_own_directory_and_environment.md	3	2848	3835
d1:0044_a_child_with_its_own_directory_and_environment.md	4	3745	4728
d1:0044_a_child_with_its_own_directory_and_environment.md	5	4601	5755
d1:0044_a_child_with_its_own_directory_and_environment.md	6	5620	6684
d1:0044_a_child_with_its_own_directory_and_environment.md	7	6528	7633
d1:0044_a_child_with_its_own_directory_and_environment.md	8	7474	8565
d1:0044_a_child_with_its_own_directory_and_environment.md	9	8449	9713
d1:0044_a_child_with_its_own_directory_and_environment.md	10	9549	10692
d1:0044_a_child_with_its_own_directory_and_environment.md	11	10533	11738
d1:0044_a_child_with_its_own_directory_and_environment.md	12	11603	12836
d1:0044_a_child_with_its_own_directory_and_environment.md	13	12690	13899
d1:0044_a_child_with_its_own_directory_and_environment.md	14	13739	15086
d1:0044_a_child_with_its_own_directory_and_environment.md	15	14893	15440
d1:0044_a_child_with_its_own_directory_and_environment_evidence.md	0	2	941
d1:0044_a_child_with_its_own_directory_and_environment_evidence.md	1	792	2000
d1:0044_a_child_with_its_own_directory_and_environment_evidence.md	2	1850	2894
d1:0044_a_child_with_its_own_directory_and_environment_evidence.md	3	2810	3812
d1:0044_a_child_with_its_own_directory_and_environment_evidence.md	4	3692	4934
d1:0044_a_child_with_its_own_directory_and_environment_evidence.md	5	4778	5847
d1:0044_a_child_with_its_own_directory_and_environment_evidence.md	6	5708	6580
d1:0044_a_child_with_its_own_directory_and_environment_evidence.md	7	6463	7326
d1:0045_the_number_carries_the_colour.md	0	2	1111
d1:0045_the_number_carries_the_colour.md	1	1023	2159
d1:0045_the_number_carries_the_colour.md	2	2016	3185
d1:0045_the_number_carries_the_colour.md	3	3063	4253
d1:0045_the_number_carries_the_colour.md	4	4098	5341
d1:0045_the_number_carries_the_colour.md	5	5156	5351
d1:0045_the_number_carries_the_colour_evidence.md	0	2	985
d1:0045_the_number_carries_the_colour_evidence.md	1	841	1980
d1:0045_the_number_carries_the_colour_evidence.md	2	1826	2943
d1:0045_the_number_carries_the_colour_evidence.md	3	2818	3968
d1:0045_the_number_carries_the_colour_evidence.md	4	3794	4014
d1:0046_a_worker_whose_output_has_a_boundary.md	0	2	1001
d1:0046_a_worker_whose_output_has_a_boundary.md	1	921	2021
d1:0046_a_worker_whose_output_has_a_boundary.md	2	1865	3068
d1:0046_a_worker_whose_output_has_a_boundary.md	3	2908	4134
d1:0046_a_worker_whose_output_has_a_boundary.md	4	3997	4861
d1:0046_a_worker_whose_output_has_a_boundary.md	5	4805	5693
d1:0046_a_worker_whose_output_has_a_boundary.md	6	5528	6805
d1:0046_a_worker_whose_output_has_a_boundary.md	7	6655	7899
d1:0046_a_worker_whose_output_has_a_boundary.md	8	7751	9025
d1:0046_a_worker_whose_output_has_a_boundary.md	9	8865	10097
d1:0046_a_worker_whose_output_has_a_boundary.md	10	9925	10998
d1:0046_a_worker_whose_output_has_a_boundary.md	11	10829	11979
d1:0046_a_worker_whose_output_has_a_boundary.md	12	11830	13135
d1:0046_a_worker_whose_output_has_a_boundary.md	13	12945	14162
d1:0046_a_worker_whose_output_has_a_boundary.md	14	13995	15302
d1:0046_a_worker_whose_output_has_a_boundary.md	15	15130	16415
d1:0046_a_worker_whose_output_has_a_boundary.md	16	16268	17426
d1:0046_a_worker_whose_output_has_a_boundary.md	17	17308	18542
d1:0046_a_worker_whose_output_has_a_boundary.md	18	18412	19660
d1:0046_a_worker_whose_output_has_a_boundary.md	19	19520	20326
d1:0046_a_worker_whose_output_has_a_boundary_evidence.md	0	2	928
d1:0046_a_worker_whose_output_has_a_boundary_evidence.md	1	806	1882
d1:0046_a_worker_whose_output_has_a_boundary_evidence.md	2	1751	2971
d1:0046_a_worker_whose_output_has_a_boundary_evidence.md	3	2817	4026
d1:0046_a_worker_whose_output_has_a_boundary_evidence.md	4	3865	5101
d1:0046_a_worker_whose_output_has_a_boundary_evidence.md	5	4939	5784
d1:0046_a_worker_whose_output_has_a_boundary_evidence.md	6	5699	6735
d1:0046_a_worker_whose_output_has_a_boundary_evidence.md	7	6546	7064
d1:0047_a_notebook_cell_over_the_worker.md	0	2	1261
d1:0047_a_notebook_cell_over_the_worker.md	1	1092	2139
d1:0047_a_notebook_cell_over_the_worker.md	2	2023	3027
d1:0047_a_notebook_cell_over_the_worker.md	3	2886	4122
d1:0047_a_notebook_cell_over_the_worker.md	4	3978	5025
d1:0047_a_notebook_cell_over_the_worker.md	5	4890	6101
d1:0047_a_notebook_cell_over_the_worker.md	6	5924	7016
d1:0047_a_notebook_cell_over_the_worker.md	7	6891	7988
d1:0047_a_notebook_cell_over_the_worker.md	8	7858	9017
d1:0047_a_notebook_cell_over_the_worker.md	9	8868	10165
d1:0047_a_notebook_cell_over_the_worker.md	10	10025	11235
d1:0047_a_notebook_cell_over_the_worker.md	11	11089	12338
d1:0047_a_notebook_cell_over_the_worker.md	12	12181	13303
d1:0047_a_notebook_cell_over_the_worker.md	13	13151	14346
d1:0047_a_notebook_cell_over_the_worker.md	14	14174	15449
d1:0047_a_notebook_cell_over_the_worker.md	15	15281	16478
d1:0047_a_notebook_cell_over_the_worker.md	16	16352	17594
d1:0047_a_notebook_cell_over_the_worker.md	17	17407	18617
d1:0047_a_notebook_cell_over_the_worker.md	18	18471	19437
d1:0047_a_notebook_cell_over_the_worker.md	19	19350	20461
d1:0047_a_notebook_cell_over_the_worker.md	20	20285	21609
d1:0047_a_notebook_cell_over_the_worker.md	21	21436	22705
d1:0047_a_notebook_cell_over_the_worker.md	22	22552	23715
d1:0047_a_notebook_cell_over_the_worker.md	23	23588	24800
d1:0047_a_notebook_cell_over_the_worker.md	24	24623	25860
d1:0047_a_notebook_cell_over_the_worker.md	25	25669	27019
d1:0047_a_notebook_cell_over_the_worker.md	26	26849	27579
d1:0047_a_notebook_cell_over_the_worker_evidence.md	0	2	1030
d1:0047_a_notebook_cell_over_the_worker_evidence.md	1	884	2058
d1:0047_a_notebook_cell_over_the_worker_evidence.md	2	1900	3106
d1:0047_a_notebook_cell_over_the_worker_evidence.md	3	2975	4047
d1:0047_a_notebook_cell_over_the_worker_evidence.md	4	3900	5070
d1:0047_a_notebook_cell_over_the_worker_evidence.md	5	4935	5913
d1:0047_a_notebook_cell_over_the_worker_evidence.md	6	5794	7040
d1:0047_a_notebook_cell_over_the_worker_evidence.md	7	6861	8142
d1:0047_a_notebook_cell_over_the_worker_evidence.md	8	8000	9076
d1:0047_a_notebook_cell_over_the_worker_evidence.md	9	8897	10283
d1:0047_a_notebook_cell_over_the_worker_evidence.md	10	10076	11296
d1:0047_a_notebook_cell_over_the_worker_evidence.md	11	11132	12246
d1:0047_a_notebook_cell_over_the_worker_evidence.md	12	12109	13428
d1:0047_a_notebook_cell_over_the_worker_evidence.md	13	13264	14471
d1:0047_a_notebook_cell_over_the_worker_evidence.md	14	14311	15569
d1:0047_a_notebook_cell_over_the_worker_evidence.md	15	15426	16523
d1:0047_a_notebook_cell_over_the_worker_evidence.md	16	16442	17485
d1:0047_a_notebook_cell_over_the_worker_evidence.md	17	17352	18586
d1:0047_a_notebook_cell_over_the_worker_evidence.md	18	18444	19558
d1:0047_a_notebook_cell_over_the_worker_evidence.md	19	19479	20621
d1:0047_a_notebook_cell_over_the_worker_evidence.md	20	20485	21525
d1:0047_a_notebook_cell_over_the_worker_evidence.md	21	21380	21765
d1:0048_a_bounded_transport_before_a_notebook.md	0	2	1221
d1:0048_a_bounded_transport_before_a_notebook.md	1	1058	2138
d1:0048_a_bounded_transport_before_a_notebook.md	2	1949	3253
d1:0048_a_bounded_transport_before_a_notebook.md	3	3079	4288
d1:0048_a_bounded_transport_before_a_notebook.md	4	4192	5263
d1:0048_a_bounded_transport_before_a_notebook.md	5	5114	6156
d1:0048_a_bounded_transport_before_a_notebook.md	6	5990	7164
d1:0048_a_bounded_transport_before_a_notebook.md	7	7005	8189
d1:0048_a_bounded_transport_before_a_notebook.md	8	8035	9398
d1:0048_a_bounded_transport_before_a_notebook.md	9	9249	10427
d1:0048_a_bounded_transport_before_a_notebook.md	10	10269	11529
d1:0048_a_bounded_transport_before_a_notebook.md	11	11379	12651
d1:0048_a_bounded_transport_before_a_notebook.md	12	12475	13902
d1:0048_a_bounded_transport_before_a_notebook.md	13	13680	15014
d1:0048_a_bounded_transport_before_a_notebook.md	14	14874	16096
d1:0048_a_bounded_transport_before_a_notebook.md	15	15977	17251
d1:0048_a_bounded_transport_before_a_notebook.md	16	17070	18363
d1:0048_a_bounded_transport_before_a_notebook.md	17	18198	18372
d1:0048_a_bounded_transport_before_a_notebook_evidence.md	0	2	867
d1:0048_a_bounded_transport_before_a_notebook_evidence.md	1	688	1910
d1:0048_a_bounded_transport_before_a_notebook_evidence.md	2	1789	3035
d1:0048_a_bounded_transport_before_a_notebook_evidence.md	3	2887	3978
d1:0048_a_bounded_transport_before_a_notebook_evidence.md	4	3838	5027
d1:0048_a_bounded_transport_before_a_notebook_evidence.md	5	4881	6174
d1:0048_a_bounded_transport_before_a_notebook_evidence.md	6	6030	7279
d1:0049_the_names_no_longer_begin_with_host.md	0	2	997
d1:0049_the_names_no_longer_begin_with_host.md	1	870	2001
d1:0049_the_names_no_longer_begin_with_host.md	2	1868	2604
d1:0049_the_names_no_longer_begin_with_host.md	3	2542	3351
d1:0049_the_names_no_longer_begin_with_host.md	4	3217	4387
d1:0049_the_names_no_longer_begin_with_host.md	5	4237	5248
d1:0049_the_names_no_longer_begin_with_host.md	6	5134	6369
d1:0049_the_names_no_longer_begin_with_host.md	7	6173	7328
d1:0049_the_names_no_longer_begin_with_host.md	8	7164	8417
d1:0049_the_names_no_longer_begin_with_host.md	9	8298	9370
d1:0049_the_names_no_longer_begin_with_host.md	10	9201	10420
d1:0049_the_names_no_longer_begin_with_host.md	11	10276	11599
d1:0049_the_names_no_longer_begin_with_host.md	12	11426	12689
d1:0049_the_names_no_longer_begin_with_host.md	13	12514	12855
d1:0049_the_names_no_longer_begin_with_host_evidence.md	0	2	860
d1:0049_the_names_no_longer_begin_with_host_evidence.md	1	720	1911
d1:0049_the_names_no_longer_begin_with_host_evidence.md	2	1779	2919
d1:0049_the_names_no_longer_begin_with_host_evidence.md	3	2754	4007
d1:0049_the_names_no_longer_begin_with_host_evidence.md	4	3915	4981
d1:0049_the_names_no_longer_begin_with_host_evidence.md	5	4852	6029
d1:0049_the_names_no_longer_begin_with_host_evidence.md	6	5877	7111
d1:0049_the_names_no_longer_begin_with_host_evidence.md	7	6961	8031
d1:0049_the_names_no_longer_begin_with_host_evidence.md	8	7937	8626
d1:0050_a_program_is_more_than_one_file.md	0	2	959
d1:0050_a_program_is_more_than_one_file.md	1	845	1894
d1:0050_a_program_is_more_than_one_file.md	2	1758	2683
d1:0050_a_program_is_more_than_one_file.md	3	2565	3275
d1:0050_a_program_is_more_than_one_file.md	4	3178	4190
d1:0050_a_program_is_more_than_one_file.md	5	4075	5092
d1:0050_a_program_is_more_than_one_file.md	6	4936	5975
d1:0050_a_program_is_more_than_one_file.md	7	5840	6953
d1:0050_a_program_is_more_than_one_file.md	8	6798	7896
d1:0050_a_program_is_more_than_one_file.md	9	7758	8827
d1:0050_a_program_is_more_than_one_file.md	10	8681	9847
d1:0050_a_program_is_more_than_one_file.md	11	9710	10763
d1:0050_a_program_is_more_than_one_file.md	12	10615	11790
d1:0050_a_program_is_more_than_one_file.md	13	11660	12839
d1:0050_a_program_is_more_than_one_file.md	14	12700	13873
d1:0050_a_program_is_more_than_one_file.md	15	13739	14816
d1:0050_a_program_is_more_than_one_file.md	16	14653	14922
d1:0050_a_program_is_more_than_one_file_evidence.md	0	2	1070
d1:0050_a_program_is_more_than_one_file_evidence.md	1	902	2076
d1:0050_a_program_is_more_than_one_file_evidence.md	2	1907	3007
d1:0050_a_program_is_more_than_one_file_evidence.md	3	2838	4040
d1:0050_a_program_is_more_than_one_file_evidence.md	4	3890	5024
d1:0050_a_program_is_more_than_one_file_evidence.md	5	4891	5809
d1:0050_a_program_is_more_than_one_file_evidence.md	6	5741	6021
d1:0051_an_executable_assembled_from_its_extensions.md	0	2	1029
d1:0051_an_executable_assembled_from_its_extensions.md	1	913	1997
d1:0051_an_executable_assembled_from_its_extensions.md	2	1854	2946
d1:0051_an_executable_assembled_from_its_extensions.md	3	2794	3802
d1:0051_an_executable_assembled_from_its_extensions.md	4	3693	4627
d1:0051_an_executable_assembled_from_its_extensions.md	5	4527	5413
d1:0051_an_executable_assembled_from_its_extensions.md	6	5291	6375
d1:0051_an_executable_assembled_from_its_extensions.md	7	6233	7174
d1:0051_an_executable_assembled_from_its_extensions.md	8	7047	8167
d1:0051_an_executable_assembled_from_its_extensions.md	9	8030	9104
d1:0051_an_executable_assembled_from_its_extensions.md	10	8962	9978
d1:0051_an_executable_assembled_from_its_extensions.md	11	9873	10766
d1:0051_an_executable_assembled_from_its_extensions.md	12	10643	11699
d1:0051_an_executable_assembled_from_its_extensions.md	13	11595	12504
d1:0051_an_executable_assembled_from_its_extensions.md	14	12393	13416
d1:0051_an_executable_assembled_from_its_extensions.md	15	13268	14386
d1:0051_an_executable_assembled_from_its_extensions.md	16	14241	15275
d1:0051_an_executable_assembled_from_its_extensions.md	17	15124	16334
d1:0051_an_executable_assembled_from_its_extensions.md	18	16179	17084
d1:0051_an_executable_assembled_from_its_extensions_evidence.md	0	2	912
d1:0051_an_executable_assembled_from_its_extensions_evidence.md	1	775	1887
d1:0051_an_executable_assembled_from_its_extensions_evidence.md	2	1751	2907
d1:0051_an_executable_assembled_from_its_extensions_evidence.md	3	2744	3856
d1:0051_an_executable_assembled_from_its_extensions_evidence.md	4	3710	4816
d1:0051_an_executable_assembled_from_its_extensions_evidence.md	5	4691	5718
d1:0051_an_executable_assembled_from_its_extensions_evidence.md	6	5599	6620
d1:0051_an_executable_assembled_from_its_extensions_evidence.md	7	6469	7270
d1:0051_an_executable_assembled_from_its_extensions_evidence.md	8	7137	7748
d1:0051_an_executable_assembled_from_its_extensions_evidence.md	9	7619	8480
d1:0052_one_query_through_the_extension_interface.md	0	2	1208
d1:0052_one_query_through_the_extension_interface.md	1	1042	2195
d1:0052_one_query_through_the_extension_interface.md	2	2051	3112
d1:0052_one_query_through_the_extension_interface.md	3	2976	3951
d1:0052_one_query_through_the_extension_interface.md	4	3848	4688
d1:0052_one_query_through_the_extension_interface.md	5	4622	5500
d1:0052_one_query_through_the_extension_interface.md	6	5328	6321
d1:0052_one_query_through_the_extension_interface.md	7	6200	7372
d1:0052_one_query_through_the_extension_interface.md	8	7211	8300
d1:0052_one_query_through_the_extension_interface.md	9	8161	9326
d1:0052_one_query_through_the_extension_interface.md	10	9172	10201
d1:0052_one_query_through_the_extension_interface.md	11	10041	10865
d1:0052_one_query_through_the_extension_interface.md	12	10778	11693
d1:0052_one_query_through_the_extension_interface.md	13	11584	12560
d1:0052_one_query_through_the_extension_interface.md	14	12420	13516
d1:0052_one_query_through_the_extension_interface.md	15	13375	14343
d1:0052_one_query_through_the_extension_interface.md	16	14219	15222
d1:0052_one_query_through_the_extension_interface.md	17	15107	15964
d1:0052_one_query_through_the_extension_interface.md	18	15879	16887
d1:0052_one_query_through_the_extension_interface.md	19	16757	17725
d1:0052_one_query_through_the_extension_interface.md	20	17578	18644
d1:0052_one_query_through_the_extension_interface.md	21	18499	19717
d1:0052_one_query_through_the_extension_interface.md	22	19560	20662
d1:0052_one_query_through_the_extension_interface.md	23	20512	21599
d1:0052_one_query_through_the_extension_interface.md	24	21464	22603
d1:0052_one_query_through_the_extension_interface.md	25	22452	23536
d1:0052_one_query_through_the_extension_interface.md	26	23399	23847
d1:0052_one_query_through_the_extension_interface_evidence.md	0	2	979
d1:0052_one_query_through_the_extension_interface_evidence.md	1	835	2062
d1:0052_one_query_through_the_extension_interface_evidence.md	2	1903	3009
d1:0052_one_query_through_the_extension_interface_evidence.md	3	2855	3899
d1:0052_one_query_through_the_extension_interface_evidence.md	4	3770	4982
d1:0052_one_query_through_the_extension_interface_evidence.md	5	4806	6185
d1:0052_one_query_through_the_extension_interface_evidence.md	6	5998	7164
d1:0052_one_query_through_the_extension_interface_implementation_evidence.md	0	2	959
d1:0052_one_query_through_the_extension_interface_implementation_evidence.md	1	823	1948
d1:0052_one_query_through_the_extension_interface_implementation_evidence.md	2	1778	2881
d1:0052_one_query_through_the_extension_interface_implementation_evidence.md	3	2755	3811
d1:0052_one_query_through_the_extension_interface_implementation_evidence.md	4	3647	4730
d1:0052_one_query_through_the_extension_interface_implementation_evidence.md	5	4621	5731
d1:0052_one_query_through_the_extension_interface_implementation_evidence.md	6	5600	6855
d1:0052_one_query_through_the_extension_interface_implementation_evidence.md	7	6715	7959
d1:0052_one_query_through_the_extension_interface_implementation_evidence.md	8	7830	8979
d1:0052_one_query_through_the_extension_interface_implementation_evidence.md	9	8826	9595
d1:0052_one_query_through_the_extension_interface_implementation_evidence.md	10	9467	10472
d1:0052_one_query_through_the_extension_interface_implementation_evidence.md	11	10342	11462
d1:0052_one_query_through_the_extension_interface_implementation_evidence.md	12	11295	12029
d1:0053_cancellation_reaches_the_operation_not_just_the_binding.md	0	2	1183
d1:0053_cancellation_reaches_the_operation_not_just_the_binding.md	1	1007	2331
d1:0053_cancellation_reaches_the_operation_not_just_the_binding.md	2	2124	3524
d1:0053_cancellation_reaches_the_operation_not_just_the_binding.md	3	3356	4703
d1:0053_cancellation_reaches_the_operation_not_just_the_binding.md	4	4539	5796
d1:0053_cancellation_reaches_the_operation_not_just_the_binding.md	5	5654	6761
d1:0053_cancellation_reaches_the_operation_not_just_the_binding.md	6	6599	7940
d1:0053_cancellation_reaches_the_operation_not_just_the_binding.md	7	7762	9093
d1:0053_cancellation_reaches_the_operation_not_just_the_binding.md	8	8959	10241
d1:0053_cancellation_reaches_the_operation_not_just_the_binding.md	9	10068	11386
d1:0053_cancellation_reaches_the_operation_not_just_the_binding.md	10	11219	12533
d1:0053_cancellation_reaches_the_operation_not_just_the_binding.md	11	12377	12870
d1:0053_cancellation_reaches_the_operation_not_just_the_binding_evidence.md	0	2	1006
d1:0053_cancellation_reaches_the_operation_not_just_the_binding_evidence.md	1	855	2192
d1:0053_cancellation_reaches_the_operation_not_just_the_binding_evidence.md	2	2043	3356
d1:0053_cancellation_reaches_the_operation_not_just_the_binding_evidence.md	3	3197	4449
d1:0053_cancellation_reaches_the_operation_not_just_the_binding_evidence.md	4	4276	5492
d1:0053_cancellation_reaches_the_operation_not_just_the_binding_evidence.md	5	5356	6565
d1:0053_cancellation_reaches_the_operation_not_just_the_binding_evidence.md	6	6401	7561
d1:0053_cancellation_reaches_the_operation_not_just_the_binding_evidence.md	7	7414	8571
d1:0053_cancellation_reaches_the_operation_not_just_the_binding_evidence.md	8	8460	9191
d1:0053_cancellation_reaches_the_operation_not_just_the_binding_evidence.md	9	9036	9551
d1:0054_a_server_owns_more_than_a_handler.md	0	2	1034
d1:0054_a_server_owns_more_than_a_handler.md	1	896	1697
d1:0054_a_server_owns_more_than_a_handler.md	2	1606	2688
d1:0054_a_server_owns_more_than_a_handler.md	3	2529	3613
d1:0054_a_server_owns_more_than_a_handler.md	4	3486	4503
d1:0054_a_server_owns_more_than_a_handler.md	5	4411	5453
d1:0054_a_server_owns_more_than_a_handler.md	6	5319	6470
d1:0054_a_server_owns_more_than_a_handler.md	7	6292	7529
d1:0054_a_server_owns_more_than_a_handler.md	8	7365	8526
d1:0054_a_server_owns_more_than_a_handler.md	9	8371	9637
d1:0054_a_server_owns_more_than_a_handler.md	10	9474	10714
d1:0054_a_server_owns_more_than_a_handler.md	11	10539	11913
d1:0054_a_server_owns_more_than_a_handler.md	12	11725	12997
d1:0054_a_server_owns_more_than_a_handler.md	13	12863	14121
d1:0054_a_server_owns_more_than_a_handler.md	14	13966	15263
d1:0054_a_server_owns_more_than_a_handler.md	15	15104	16381
d1:0054_a_server_owns_more_than_a_handler.md	16	16248	17431
d1:0054_a_server_owns_more_than_a_handler.md	17	17312	18539
d1:0054_a_server_owns_more_than_a_handler.md	18	18333	19673
d1:0054_a_server_owns_more_than_a_handler.md	19	19511	20649
d1:0054_a_server_owns_more_than_a_handler.md	20	20502	21596
d1:0054_a_server_owns_more_than_a_handler.md	21	21441	22668
d1:0054_a_server_owns_more_than_a_handler.md	22	22502	23757
d1:0054_a_server_owns_more_than_a_handler.md	23	23615	24782
d1:0054_a_server_owns_more_than_a_handler.md	24	24663	25839
d1:0054_a_server_owns_more_than_a_handler.md	25	25684	26931
d1:0054_a_server_owns_more_than_a_handler.md	26	26773	28015
d1:0054_a_server_owns_more_than_a_handler.md	27	27855	28960
d1:0054_a_server_owns_more_than_a_handler.md	28	28894	29814
d1:0054_a_server_owns_more_than_a_handler.md	29	29752	30861
d1:0054_a_server_owns_more_than_a_handler.md	30	30699	32023
d1:0054_a_server_owns_more_than_a_handler.md	31	31846	33188
d1:0054_a_server_owns_more_than_a_handler.md	32	33024	34321
d1:0054_a_server_owns_more_than_a_handler.md	33	34151	35106
d1:0054_a_server_owns_more_than_a_handler_assembly_evidence.md	0	2	1060
d1:0054_a_server_owns_more_than_a_handler_assembly_evidence.md	1	905	2018
d1:0054_a_server_owns_more_than_a_handler_assembly_evidence.md	2	1851	3106
d1:0054_a_server_owns_more_than_a_handler_assembly_evidence.md	3	2947	4141
d1:0054_a_server_owns_more_than_a_handler_assembly_evidence.md	4	4037	4894
d1:0054_a_server_owns_more_than_a_handler_assembly_evidence.md	5	4764	5987
d1:0054_a_server_owns_more_than_a_handler_assembly_evidence.md	6	5843	7030
d1:0054_a_server_owns_more_than_a_handler_assembly_evidence.md	7	6864	8100
d1:0054_a_server_owns_more_than_a_handler_assembly_evidence.md	8	7938	8936
d1:0054_a_server_owns_more_than_a_handler_http_evidence.md	0	2	1058
d1:0054_a_server_owns_more_than_a_handler_http_evidence.md	1	919	1889
d1:0054_a_server_owns_more_than_a_handler_http_evidence.md	2	1783	2959
d1:0054_a_server_owns_more_than_a_handler_http_evidence.md	3	2767	3953
d1:0054_a_server_owns_more_than_a_handler_http_evidence.md	4	3766	5028
d1:0054_a_server_owns_more_than_a_handler_http_evidence.md	5	4868	5981
d1:0054_a_server_owns_more_than_a_handler_http_evidence.md	6	5882	6922
d1:0054_a_server_owns_more_than_a_handler_http_evidence.md	7	6778	7918
d1:0054_a_server_owns_more_than_a_handler_http_evidence.md	8	7794	8879
d1:0054_a_server_owns_more_than_a_handler_http_evidence.md	9	8738	9911
d1:0054_a_server_owns_more_than_a_handler_http_evidence.md	10	9742	10943
d1:0054_a_server_owns_more_than_a_handler_http_evidence.md	11	10798	11304
d1:0054_a_server_owns_more_than_a_handler_scheduling_evidence.md	0	2	793
d1:0054_a_server_owns_more_than_a_handler_scheduling_evidence.md	1	707	1985
d1:0054_a_server_owns_more_than_a_handler_scheduling_evidence.md	2	1813	2751
d1:0054_a_server_owns_more_than_a_handler_scheduling_evidence.md	3	2589	3679
d1:0054_a_server_owns_more_than_a_handler_scheduling_evidence.md	4	3532	4766
d1:0054_a_server_owns_more_than_a_handler_scheduling_evidence.md	5	4623	5366
d1:0054_a_server_owns_more_than_a_handler_shutdown_evidence.md	0	2	987
d1:0054_a_server_owns_more_than_a_handler_shutdown_evidence.md	1	897	1836
d1:0054_a_server_owns_more_than_a_handler_shutdown_evidence.md	2	1717	2978
d1:0054_a_server_owns_more_than_a_handler_shutdown_evidence.md	3	2810	3829
d1:0054_a_server_owns_more_than_a_handler_shutdown_evidence.md	4	3714	4682
d1:0054_a_server_owns_more_than_a_handler_shutdown_evidence.md	5	4567	5781
d1:0054_a_server_owns_more_than_a_handler_shutdown_evidence.md	6	5624	6839
d1:0054_a_server_owns_more_than_a_handler_shutdown_evidence.md	7	6697	7939
d1:0054_a_server_owns_more_than_a_handler_shutdown_evidence.md	8	7792	8998
d1:0054_a_server_owns_more_than_a_handler_shutdown_evidence.md	9	8821	9218
d1:0054_a_server_owns_more_than_a_handler_transactions_evidence.md	0	2	840
d1:0054_a_server_owns_more_than_a_handler_transactions_evidence.md	1	834	2035
d1:0054_a_server_owns_more_than_a_handler_transactions_evidence.md	2	1882	3185
d1:0054_a_server_owns_more_than_a_handler_transactions_evidence.md	3	3001	4266
d1:0054_a_server_owns_more_than_a_handler_transactions_evidence.md	4	4107	5304
d1:0054_a_server_owns_more_than_a_handler_transactions_evidence.md	5	5216	6138
d1:0054_a_server_owns_more_than_a_handler_transactions_evidence.md	6	6011	7308
d1:0054_a_server_owns_more_than_a_handler_transactions_evidence.md	7	7119	8455
d1:0054_a_server_owns_more_than_a_handler_transactions_evidence.md	8	8291	9037
d1:0055_http_cancellation_belongs_to_its_execution.md	0	2	1054
d1:0055_http_cancellation_belongs_to_its_execution.md	1	895	2104
d1:0055_http_cancellation_belongs_to_its_execution.md	2	1973	3046
d1:0055_http_cancellation_belongs_to_its_execution.md	3	2894	4091
d1:0055_http_cancellation_belongs_to_its_execution.md	4	3958	5218
d1:0055_http_cancellation_belongs_to_its_execution.md	5	5039	6306
d1:0055_http_cancellation_belongs_to_its_execution.md	6	6134	7430
d1:0055_http_cancellation_belongs_to_its_execution.md	7	7266	8525
d1:0055_http_cancellation_belongs_to_its_execution.md	8	8364	9618
d1:0055_http_cancellation_belongs_to_its_execution.md	9	9459	10693
d1:0055_http_cancellation_belongs_to_its_execution.md	10	10551	11725
d1:0055_http_cancellation_belongs_to_its_execution.md	11	11606	12867
d1:0055_http_cancellation_belongs_to_its_execution.md	12	12709	13892
d1:0055_http_cancellation_belongs_to_its_execution.md	13	13739	14949
d1:0055_http_cancellation_belongs_to_its_execution.md	14	14777	16008
d1:0055_http_cancellation_belongs_to_its_execution.md	15	15862	16540
d1:0055_http_cancellation_belongs_to_its_execution_evidence.md	0	2	1029
d1:0055_http_cancellation_belongs_to_its_execution_evidence.md	1	916	2150
d1:0055_http_cancellation_belongs_to_its_execution_evidence.md	2	2037	3240
d1:0055_http_cancellation_belongs_to_its_execution_evidence.md	3	3068	4381
d1:0055_http_cancellation_belongs_to_its_execution_evidence.md	4	4236	5480
d1:0055_http_cancellation_belongs_to_its_execution_evidence.md	5	5307	6474
d1:0055_http_cancellation_belongs_to_its_execution_evidence.md	6	6307	7647
d1:0055_http_cancellation_belongs_to_its_execution_evidence.md	7	7509	8254
d1:0055_http_cancellation_belongs_to_its_execution_evidence.md	8	8171	8984
d1:0055_http_cancellation_belongs_to_its_execution_evidence.md	9	8909	9807
d1:0055_http_cancellation_belongs_to_its_execution_evidence.md	10	9737	10917
d1:0055_http_cancellation_belongs_to_its_execution_evidence.md	11	10738	10918
d1:0056_a_server_entry_without_ownership_by_accident.md	0	2	769
d1:0056_a_server_entry_without_ownership_by_accident.md	1	661	1812
d1:0056_a_server_entry_without_ownership_by_accident.md	2	1674	2830
d1:0056_a_server_entry_without_ownership_by_accident.md	3	2690	3885
d1:0056_a_server_entry_without_ownership_by_accident.md	4	3738	4821
d1:0056_a_server_entry_without_ownership_by_accident.md	5	4720	5909
d1:0056_a_server_entry_without_ownership_by_accident.md	6	5746	7055
d1:0056_a_server_entry_without_ownership_by_accident.md	7	6877	8212
d1:0056_a_server_entry_without_ownership_by_accident.md	8	8019	9272
d1:0056_a_server_entry_without_ownership_by_accident.md	9	9120	10323
d1:0056_a_server_entry_without_ownership_by_accident.md	10	10159	11469
d1:0056_a_server_entry_without_ownership_by_accident.md	11	11291	12572
d1:0056_a_server_entry_without_ownership_by_accident.md	12	12423	13683
d1:0056_a_server_entry_without_ownership_by_accident.md	13	13532	14840
d1:0056_a_server_entry_without_ownership_by_accident.md	14	14660	15861
d1:0056_a_server_entry_without_ownership_by_accident.md	15	15729	16974
d1:0056_a_server_entry_without_ownership_by_accident.md	16	16813	18114
d1:0056_a_server_entry_without_ownership_by_accident.md	17	17928	18364
d1:0056_a_server_entry_without_ownership_by_accident_acceptance_evidence.md	0	2	931
d1:0056_a_server_entry_without_ownership_by_accident_acceptance_evidence.md	1	829	1666
d1:0056_a_server_entry_without_ownership_by_accident_acceptance_evidence.md	2	1501	2591
d1:0056_a_server_entry_without_ownership_by_accident_acceptance_evidence.md	3	2449	3604
d1:0056_a_server_entry_without_ownership_by_accident_acceptance_evidence.md	4	3458	4471
d1:0056_a_server_entry_without_ownership_by_accident_acceptance_evidence.md	5	4401	5420
d1:0056_a_server_entry_without_ownership_by_accident_acceptance_evidence.md	6	5263	5965
d1:0056_a_server_entry_without_ownership_by_accident_acceptance_evidence.md	7	5833	6810
d1:0056_a_server_entry_without_ownership_by_accident_acceptance_evidence.md	8	6754	7223
d1:0056_a_server_entry_without_ownership_by_accident_acceptance_evidence.md	9	7162	8054
d1:0056_a_server_entry_without_ownership_by_accident_acceptance_evidence.md	10	7970	9000
d1:0056_a_server_entry_without_ownership_by_accident_acceptance_evidence.md	11	8841	9492
d1:0056_a_server_entry_without_ownership_by_accident_commit_evidence.md	0	2	993
d1:0056_a_server_entry_without_ownership_by_accident_commit_evidence.md	1	825	1963
d1:0056_a_server_entry_without_ownership_by_accident_commit_evidence.md	2	1826	3100
d1:0056_a_server_entry_without_ownership_by_accident_commit_evidence.md	3	2946	4100
d1:0056_a_server_entry_without_ownership_by_accident_commit_evidence.md	4	3940	5141
d1:0056_a_server_entry_without_ownership_by_accident_commit_evidence.md	5	4978	5709
d1:0056_a_server_entry_without_ownership_by_accident_evidence.md	0	2	994
d1:0056_a_server_entry_without_ownership_by_accident_evidence.md	1	834	2106
d1:0056_a_server_entry_without_ownership_by_accident_evidence.md	2	1945	3218
d1:0056_a_server_entry_without_ownership_by_accident_evidence.md	3	3086	4252
d1:0056_a_server_entry_without_ownership_by_accident_evidence.md	4	4079	5410
d1:0056_a_server_entry_without_ownership_by_accident_evidence.md	5	5272	6487
d1:0056_a_server_entry_without_ownership_by_accident_evidence.md	6	6338	6556
d1:0056_a_server_entry_without_ownership_by_accident_extraction_evidence.md	0	2	1029
d1:0056_a_server_entry_without_ownership_by_accident_extraction_evidence.md	1	864	2038
d1:0056_a_server_entry_without_ownership_by_accident_extraction_evidence.md	2	1872	2961
d1:0056_a_server_entry_without_ownership_by_accident_extraction_evidence.md	3	2876	3480
d1:0056_a_server_entry_without_ownership_by_accident_extraction_evidence.md	4	3333	4431
d1:0056_a_server_entry_without_ownership_by_accident_extraction_evidence.md	5	4294	5454
d1:0056_a_server_entry_without_ownership_by_accident_extraction_evidence.md	6	5301	6453
d1:0056_a_server_entry_without_ownership_by_accident_extraction_evidence.md	7	6343	7416
d1:0056_a_server_entry_without_ownership_by_accident_extraction_evidence.md	8	7274	8437
d1:0056_a_server_entry_without_ownership_by_accident_extraction_evidence.md	9	8306	9446
d1:0056_a_server_entry_without_ownership_by_accident_extraction_evidence.md	10	9302	9569
d1:0056_a_server_entry_without_ownership_by_accident_host_evidence.md	0	2	957
d1:0056_a_server_entry_without_ownership_by_accident_host_evidence.md	1	828	1982
d1:0056_a_server_entry_without_ownership_by_accident_host_evidence.md	2	1834	3038
d1:0056_a_server_entry_without_ownership_by_accident_host_evidence.md	3	2883	4146
d1:0056_a_server_entry_without_ownership_by_accident_host_evidence.md	4	4029	4584
d1:0057_a_project_declares_what_its_executable_contains.md	0	2	924
d1:0057_a_project_declares_what_its_executable_contains.md	1	809	1956
d1:0057_a_project_declares_what_its_executable_contains.md	2	1798	2946
d1:0057_a_project_declares_what_its_executable_contains.md	3	2813	3992
d1:0057_a_project_declares_what_its_executable_contains.md	4	3830	4934
d1:0057_a_project_declares_what_its_executable_contains.md	5	4809	5750
d1:0057_a_project_declares_what_its_executable_contains.md	6	5647	6698
d1:0057_a_project_declares_what_its_executable_contains.md	7	6536	7663
d1:0057_a_project_declares_what_its_executable_contains.md	8	7553	8708
d1:0057_a_project_declares_what_its_executable_contains.md	9	8527	9775
d1:0057_a_project_declares_what_its_executable_contains.md	10	9620	10756
d1:0057_a_project_declares_what_its_executable_contains.md	11	10586	11708
d1:0057_a_project_declares_what_its_executable_contains.md	12	11582	12707
d1:0057_a_project_declares_what_its_executable_contains.md	13	12565	13841
d1:0057_a_project_declares_what_its_executable_contains.md	14	13683	14922
d1:0057_a_project_declares_what_its_executable_contains.md	15	14762	15943
d1:0057_a_project_declares_what_its_executable_contains.md	16	15844	16987
d1:0057_a_project_declares_what_its_executable_contains.md	17	16835	18100
d1:0057_a_project_declares_what_its_executable_contains.md	18	17915	19216
d1:0057_a_project_declares_what_its_executable_contains.md	19	19045	20319
d1:0057_a_project_declares_what_its_executable_contains.md	20	20174	20665
d1:0057_a_project_declares_what_its_executable_contains_assembly_evidence.md	0	2	1156
d1:0057_a_project_declares_what_its_executable_contains_assembly_evidence.md	1	988	2222
d1:0057_a_project_declares_what_its_executable_contains_assembly_evidence.md	2	2086	3370
d1:0057_a_project_declares_what_its_executable_contains_assembly_evidence.md	3	3208	4506
d1:0057_a_project_declares_what_its_executable_contains_assembly_evidence.md	4	4324	4820
d1:0057_a_project_declares_what_its_executable_contains_fingerprint_evidence.md	0	2	1167
d1:0057_a_project_declares_what_its_executable_contains_fingerprint_evidence.md	1	1046	2282
d1:0057_a_project_declares_what_its_executable_contains_fingerprint_evidence.md	2	2119	3192
d1:0057_a_project_declares_what_its_executable_contains_fingerprint_evidence.md	3	3098	4118
d1:0057_a_project_declares_what_its_executable_contains_fingerprint_evidence.md	4	3980	4943
d1:0057_a_project_declares_what_its_executable_contains_inputs_evidence.md	0	2	1089
d1:0057_a_project_declares_what_its_executable_contains_inputs_evidence.md	1	930	2103
d1:0057_a_project_declares_what_its_executable_contains_inputs_evidence.md	2	1941	3172
d1:0057_a_project_declares_what_its_executable_contains_inputs_evidence.md	3	3036	4199
d1:0057_a_project_declares_what_its_executable_contains_inputs_evidence.md	4	4088	5194
d1:0057_a_project_declares_what_its_executable_contains_inputs_evidence.md	5	5057	6198
d1:0057_a_project_declares_what_its_executable_contains_inputs_evidence.md	6	6041	7262
d1:0057_a_project_declares_what_its_executable_contains_inputs_evidence.md	7	7102	7609
d1:0057_a_project_declares_what_its_executable_contains_loader_evidence.md	0	2	1029
d1:0057_a_project_declares_what_its_executable_contains_loader_evidence.md	1	882	2105
d1:0057_a_project_declares_what_its_executable_contains_loader_evidence.md	2	1972	3231
d1:0057_a_project_declares_what_its_executable_contains_loader_evidence.md	3	3098	4248
d1:0057_a_project_declares_what_its_executable_contains_loader_evidence.md	4	4119	5150
d1:0057_a_project_declares_what_its_executable_contains_regression_evidence.md	0	2	1109
d1:0057_a_project_declares_what_its_executable_contains_regression_evidence.md	1	969	2086
d1:0057_a_project_declares_what_its_executable_contains_regression_evidence.md	2	1946	3034
d1:0057_a_project_declares_what_its_executable_contains_regression_evidence.md	3	2919	3693
d1:0057_a_project_declares_what_its_executable_contains_regression_evidence.md	4	3620	4756
d1:0057_a_project_declares_what_its_executable_contains_regression_evidence.md	5	4640	5640
d1:0057_a_project_declares_what_its_executable_contains_regression_evidence.md	6	5490	6490
d1:0057_a_project_declares_what_its_executable_contains_workflow_evidence.md	0	2	1124
d1:0057_a_project_declares_what_its_executable_contains_workflow_evidence.md	1	981	2192
d1:0057_a_project_declares_what_its_executable_contains_workflow_evidence.md	2	2024	3231
d1:0057_a_project_declares_what_its_executable_contains_workflow_evidence.md	3	3068	4245
d1:0057_a_project_declares_what_its_executable_contains_workflow_evidence.md	4	4111	5233
d1:0057_a_project_declares_what_its_executable_contains_workflow_evidence.md	5	5101	6274
d1:0057_a_project_declares_what_its_executable_contains_workflow_evidence.md	6	6110	7421
d1:0058_a_small_dataframe_pipeline_through_the_same_engine.md	0	2	1117
d1:0058_a_small_dataframe_pipeline_through_the_same_engine.md	1	968	2182
d1:0058_a_small_dataframe_pipeline_through_the_same_engine.md	2	2026	3211
d1:0058_a_small_dataframe_pipeline_through_the_same_engine.md	3	3076	4169
d1:0058_a_small_dataframe_pipeline_through_the_same_engine.md	4	4027	5233
d1:0058_a_small_dataframe_pipeline_through_the_same_engine.md	5	5110	5807
d1:0058_a_small_dataframe_pipeline_through_the_same_engine.md	6	5730	6752
d1:0058_a_small_dataframe_pipeline_through_the_same_engine.md	7	6595	7817
d1:0058_a_small_dataframe_pipeline_through_the_same_engine.md	8	7676	8786
d1:0058_a_small_dataframe_pipeline_through_the_same_engine.md	9	8645	9871
d1:0058_a_small_dataframe_pipeline_through_the_same_engine.md	10	9732	10901
d1:0058_a_small_dataframe_pipeline_through_the_same_engine.md	11	10763	11858
d1:0058_a_small_dataframe_pipeline_through_the_same_engine.md	12	11707	12848
d1:0058_a_small_dataframe_pipeline_through_the_same_engine.md	13	12693	13842
d1:0058_a_small_dataframe_pipeline_through_the_same_engine.md	14	13709	14821
d1:0058_a_small_dataframe_pipeline_through_the_same_engine.md	15	14722	15894
d1:0058_a_small_dataframe_pipeline_through_the_same_engine.md	16	15732	16933
d1:0058_a_small_dataframe_pipeline_through_the_same_engine.md	17	16770	18088
d1:0058_a_small_dataframe_pipeline_through_the_same_engine.md	18	17899	19134
d1:0058_a_small_dataframe_pipeline_through_the_same_engine.md	19	18988	20143
d1:0058_a_small_dataframe_pipeline_through_the_same_engine.md	20	19996	21236
d1:0058_a_small_dataframe_pipeline_through_the_same_engine.md	21	21065	22263
d1:0058_a_small_dataframe_pipeline_through_the_same_engine.md	22	22139	22879
d1:0058_a_small_dataframe_pipeline_through_the_same_engine.md	23	22765	22924
d1:0058_a_small_dataframe_pipeline_through_the_same_engine_assembly_evidence.md	0	2	1066
d1:0058_a_small_dataframe_pipeline_through_the_same_engine_assembly_evidence.md	1	907	1929
d1:0058_a_small_dataframe_pipeline_through_the_same_engine_assembly_evidence.md	2	1776	2986
d1:0058_a_small_dataframe_pipeline_through_the_same_engine_assembly_evidence.md	3	2832	3982
d1:0058_a_small_dataframe_pipeline_through_the_same_engine_assembly_evidence.md	4	3819	5046
d1:0058_a_small_dataframe_pipeline_through_the_same_engine_assembly_evidence.md	5	4874	5696
d1:0058_a_small_dataframe_pipeline_through_the_same_engine_boundary_evidence.md	0	2	901
d1:0058_a_small_dataframe_pipeline_through_the_same_engine_boundary_evidence.md	1	806	1898
d1:0058_a_small_dataframe_pipeline_through_the_same_engine_boundary_evidence.md	2	1758	2691
d1:0058_a_small_dataframe_pipeline_through_the_same_engine_boundary_evidence.md	3	2612	3792
d1:0058_a_small_dataframe_pipeline_through_the_same_engine_boundary_evidence.md	4	3638	4687
d1:0058_a_small_dataframe_pipeline_through_the_same_engine_boundary_evidence.md	5	4544	5455
d1:0058_a_small_dataframe_pipeline_through_the_same_engine_boundary_evidence.md	6	5322	6464
d1:0058_a_small_dataframe_pipeline_through_the_same_engine_boundary_evidence.md	7	6348	6660
d1:0058_a_small_dataframe_pipeline_through_the_same_engine_cost_evidence.md	0	2	802
d1:0058_a_small_dataframe_pipeline_through_the_same_engine_cost_evidence.md	1	720	1800
d1:0058_a_small_dataframe_pipeline_through_the_same_engine_cost_evidence.md	2	1604	2771
d1:0058_a_small_dataframe_pipeline_through_the_same_engine_cost_evidence.md	3	2607	3822
d1:0058_a_small_dataframe_pipeline_through_the_same_engine_cost_evidence.md	4	3639	4813
d1:0058_a_small_dataframe_pipeline_through_the_same_engine_cost_evidence.md	5	4708	5805
d1:0058_a_small_dataframe_pipeline_through_the_same_engine_cost_evidence.md	6	5638	6839
d1:0058_a_small_dataframe_pipeline_through_the_same_engine_cost_evidence.md	7	6692	7684
d1:0058_a_small_dataframe_pipeline_through_the_same_engine_cost_evidence.md	8	7522	7731
d1:0058_a_small_dataframe_pipeline_through_the_same_engine_engine_thread_evidence.md	0	2	1176
d1:0058_a_small_dataframe_pipeline_through_the_same_engine_engine_thread_evidence.md	1	1017	2098
d1:0058_a_small_dataframe_pipeline_through_the_same_engine_engine_thread_evidence.md	2	2010	3082
d1:0058_a_small_dataframe_pipeline_through_the_same_engine_engine_thread_evidence.md	3	2937	4020
d1:0058_a_small_dataframe_pipeline_through_the_same_engine_engine_thread_evidence.md	4	3867	5002
d1:0058_a_small_dataframe_pipeline_through_the_same_engine_engine_thread_evidence.md	5	4878	6036
d1:0058_a_small_dataframe_pipeline_through_the_same_engine_files_evidence.md	0	2	1129
d1:0058_a_small_dataframe_pipeline_through_the_same_engine_files_evidence.md	1	959	2023
d1:0058_a_small_dataframe_pipeline_through_the_same_engine_files_evidence.md	2	1912	2979
d1:0058_a_small_dataframe_pipeline_through_the_same_engine_files_evidence.md	3	2827	3943
d1:0058_a_small_dataframe_pipeline_through_the_same_engine_files_evidence.md	4	3790	5016
d1:0058_a_small_dataframe_pipeline_through_the_same_engine_files_evidence.md	5	4883	5912
d1:0058_a_small_dataframe_pipeline_through_the_same_engine_preview_evidence.md	0	2	1100
d1:0058_a_small_dataframe_pipeline_through_the_same_engine_preview_evidence.md	1	936	2172
d1:0058_a_small_dataframe_pipeline_through_the_same_engine_preview_evidence.md	2	2012	3051
d1:0058_a_small_dataframe_pipeline_through_the_same_engine_preview_evidence.md	3	2906	4162
d1:0058_a_small_dataframe_pipeline_through_the_same_engine_preview_evidence.md	4	4007	4518
d1:0058_a_small_dataframe_pipeline_through_the_same_engine_regression_evidence.md	0	2	1012
d1:0058_a_small_dataframe_pipeline_through_the_same_engine_regression_evidence.md	1	835	1968
d1:0058_a_small_dataframe_pipeline_through_the_same_engine_regression_evidence.md	2	1807	2853
d1:0058_a_small_dataframe_pipeline_through_the_same_engine_regression_evidence.md	3	2698	3879
d1:0058_a_small_dataframe_pipeline_through_the_same_engine_regression_evidence.md	4	3719	4547
d1:0059_a_project_run_is_an_everyday_launch.md	0	2	1001
d1:0059_a_project_run_is_an_everyday_launch.md	1	870	2035
d1:0059_a_project_run_is_an_everyday_launch.md	2	1899	3113
d1:0059_a_project_run_is_an_everyday_launch.md	3	2963	4174
d1:0059_a_project_run_is_an_everyday_launch.md	4	4033	5210
d1:0059_a_project_run_is_an_everyday_launch.md	5	5031	6186
d1:0059_a_project_run_is_an_everyday_launch.md	6	6050	7206
d1:0059_a_project_run_is_an_everyday_launch.md	7	7069	8306
d1:0059_a_project_run_is_an_everyday_launch.md	8	8154	9475
d1:0059_a_project_run_is_an_everyday_launch.md	9	9296	10502
d1:0059_a_project_run_is_an_everyday_launch.md	10	10324	11586
d1:0059_a_project_run_is_an_everyday_launch.md	11	11416	12626
d1:0059_a_project_run_is_an_everyday_launch.md	12	12454	13725
d1:0059_a_project_run_is_an_everyday_launch.md	13	13578	14823
d1:0059_a_project_run_is_an_everyday_launch.md	14	14665	15987
d1:0059_a_project_run_is_an_everyday_launch.md	15	15820	16170
d1:0059_a_project_run_is_an_everyday_launch_default_evidence.md	0	2	946
d1:0059_a_project_run_is_an_everyday_launch_default_evidence.md	1	875	1904
d1:0059_a_project_run_is_an_everyday_launch_default_evidence.md	2	1749	2955
d1:0059_a_project_run_is_an_everyday_launch_default_evidence.md	3	2805	4061
d1:0059_a_project_run_is_an_everyday_launch_default_evidence.md	4	3921	5106
d1:0059_a_project_run_is_an_everyday_launch_default_evidence.md	5	4977	6235
d1:0059_a_project_run_is_an_everyday_launch_default_evidence.md	6	6083	7140
d1:0059_a_project_run_is_an_everyday_launch_default_evidence.md	7	6997	8142
d1:0059_a_project_run_is_an_everyday_launch_default_evidence.md	8	7961	8225
d1:0059_a_project_run_is_an_everyday_launch_stage_one_evidence.md	0	2	1036
d1:0059_a_project_run_is_an_everyday_launch_stage_one_evidence.md	1	873	2059
d1:0059_a_project_run_is_an_everyday_launch_stage_one_evidence.md	2	1918	3113
d1:0059_a_project_run_is_an_everyday_launch_stage_one_evidence.md	3	2971	4189
d1:0059_a_project_run_is_an_everyday_launch_stage_one_evidence.md	4	4055	5016
d1:0060_a_project_opens_at_its_own_prompt.md	0	2	1224
d1:0060_a_project_opens_at_its_own_prompt.md	1	1059	2040
d1:0060_a_project_opens_at_its_own_prompt.md	2	1911	3099
d1:0060_a_project_opens_at_its_own_prompt.md	3	2977	4186
d1:0060_a_project_opens_at_its_own_prompt.md	4	4020	5266
d1:0060_a_project_opens_at_its_own_prompt.md	5	5099	6384
d1:0060_a_project_opens_at_its_own_prompt.md	6	6217	7446
d1:0060_a_project_opens_at_its_own_prompt.md	7	7306	8593
d1:0060_a_project_opens_at_its_own_prompt.md	8	8441	9748
d1:0060_a_project_opens_at_its_own_prompt.md	9	9580	10660
d1:0060_a_project_opens_at_its_own_prompt_evidence.md	0	2	1098
d1:0060_a_project_opens_at_its_own_prompt_evidence.md	1	953	2180
d1:0060_a_project_opens_at_its_own_prompt_evidence.md	2	2058	3274
d1:0060_a_project_opens_at_its_own_prompt_evidence.md	3	3116	4309
d1:0060_a_project_opens_at_its_own_prompt_evidence.md	4	4143	5125
d1:0060_a_project_opens_at_its_own_prompt_evidence.md	5	4973	6196
d1:0060_a_project_opens_at_its_own_prompt_evidence.md	6	6042	6470
d1:0061_projects_share_an_assembled_executable.md	0	2	771
d1:0061_projects_share_an_assembled_executable.md	1	649	1945
d1:0061_projects_share_an_assembled_executable.md	2	1766	2968
d1:0061_projects_share_an_assembled_executable.md	3	2824	3994
d1:0061_projects_share_an_assembled_executable.md	4	3840	5014
d1:0061_projects_share_an_assembled_executable.md	5	4884	6188
d1:0061_projects_share_an_assembled_executable.md	6	5997	7375
d1:0061_projects_share_an_assembled_executable.md	7	7186	8423
d1:0061_projects_share_an_assembled_executable.md	8	8255	9643
d1:0061_projects_share_an_assembled_executable.md	9	9463	10662
d1:0061_projects_share_an_assembled_executable.md	10	10516	11803
d1:0061_projects_share_an_assembled_executable.md	11	11645	12936
d1:0061_projects_share_an_assembled_executable.md	12	12763	14004
d1:0061_projects_share_an_assembled_executable.md	13	13881	15173
d1:0061_projects_share_an_assembled_executable.md	14	15013	16273
d1:0061_projects_share_an_assembled_executable.md	15	16126	17443
d1:0061_projects_share_an_assembled_executable.md	16	17268	18503
d1:0061_projects_share_an_assembled_executable.md	17	18324	18551
d1:0061_projects_share_an_assembled_executable_commands_evidence.md	0	2	1104
d1:0061_projects_share_an_assembled_executable_commands_evidence.md	1	953	2172
d1:0061_projects_share_an_assembled_executable_commands_evidence.md	2	2030	3101
d1:0061_projects_share_an_assembled_executable_commands_evidence.md	3	2963	4096
d1:0061_projects_share_an_assembled_executable_commands_evidence.md	4	3940	5118
d1:0061_projects_share_an_assembled_executable_commands_evidence.md	5	4971	6220
d1:0061_projects_share_an_assembled_executable_commands_evidence.md	6	6061	7332
d1:0061_projects_share_an_assembled_executable_commands_evidence.md	7	7178	7809
d1:0061_projects_share_an_assembled_executable_context_evidence.md	0	2	1199
d1:0061_projects_share_an_assembled_executable_context_evidence.md	1	1043	2380
d1:0061_projects_share_an_assembled_executable_context_evidence.md	2	2202	3551
d1:0061_projects_share_an_assembled_executable_context_evidence.md	3	3401	4621
d1:0061_projects_share_an_assembled_executable_context_evidence.md	4	4485	5141
d1:0061_projects_share_an_assembled_executable_identity_evidence.md	0	2	1246
d1:0061_projects_share_an_assembled_executable_identity_evidence.md	1	1040	2413
d1:0061_projects_share_an_assembled_executable_identity_evidence.md	2	2254	3507
d1:0061_projects_share_an_assembled_executable_identity_evidence.md	3	3325	4685
d1:0061_projects_share_an_assembled_executable_identity_evidence.md	4	4529	5863
d1:0061_projects_share_an_assembled_executable_polars_evidence.md	0	2	870
d1:0061_projects_share_an_assembled_executable_polars_evidence.md	1	718	1860
d1:0061_projects_share_an_assembled_executable_polars_evidence.md	2	1735	2857
d1:0061_projects_share_an_assembled_executable_polars_evidence.md	3	2702	3941
d1:0061_projects_share_an_assembled_executable_polars_evidence.md	4	3813	4843
d1:0061_projects_share_an_assembled_executable_polars_evidence.md	5	4710	5821
d1:0061_projects_share_an_assembled_executable_polars_evidence.md	6	5691	6649
d1:0061_projects_share_an_assembled_executable_polars_evidence.md	7	6581	7438
d1:0061_projects_share_an_assembled_executable_polars_evidence.md	8	7285	8049
d1:0061_projects_share_an_assembled_executable_publication_evidence.md	0	2	1118
d1:0061_projects_share_an_assembled_executable_publication_evidence.md	1	960	2261
d1:0061_projects_share_an_assembled_executable_publication_evidence.md	2	2104	3249
d1:0061_projects_share_an_assembled_executable_publication_evidence.md	3	3075	4238
d1:0061_projects_share_an_assembled_executable_publication_evidence.md	4	4106	5262
d1:0061_projects_share_an_assembled_executable_publication_evidence.md	5	5111	6314
d1:0061_projects_share_an_assembled_executable_publication_evidence.md	6	6165	7309
d1:0061_projects_share_an_assembled_executable_regression_evidence.md	0	2	975
d1:0061_projects_share_an_assembled_executable_regression_evidence.md	1	805	1967
d1:0061_projects_share_an_assembled_executable_regression_evidence.md	2	1832	2995
d1:0061_projects_share_an_assembled_executable_regression_evidence.md	3	2831	3977
d1:0061_projects_share_an_assembled_executable_regression_evidence.md	4	3840	5046
d1:0061_projects_share_an_assembled_executable_regression_evidence.md	5	4900	6153
d1:0061_projects_share_an_assembled_executable_regression_evidence.md	6	5980	7248
d1:0061_projects_share_an_assembled_executable_regression_evidence.md	7	7119	7470
d1:0062_an_adapter_name_becomes_a_declaration.md	0	2	1132
d1:0062_an_adapter_name_becomes_a_declaration.md	1	963	2043
d1:0062_an_adapter_name_becomes_a_declaration.md	2	1910	3084
d1:0062_an_adapter_name_becomes_a_declaration.md	3	2959	4130
d1:0062_an_adapter_name_becomes_a_declaration.md	4	3952	5233
d1:0062_an_adapter_name_becomes_a_declaration.md	5	5109	6199
d1:0062_an_adapter_name_becomes_a_declaration.md	6	6021	7334
d1:0062_an_adapter_name_becomes_a_declaration.md	7	7161	8448
d1:0062_an_adapter_name_becomes_a_declaration.md	8	8300	9427
d1:0062_an_adapter_name_becomes_a_declaration.md	9	9247	10563
d1:0062_an_adapter_name_becomes_a_declaration.md	10	10420	11679
d1:0062_an_adapter_name_becomes_a_declaration.md	11	11542	12835
d1:0062_an_adapter_name_becomes_a_declaration.md	12	12668	13350
d1:0062_an_adapter_name_becomes_a_declaration_authoring_evidence.md	0	2	1150
d1:0062_an_adapter_name_becomes_a_declaration_authoring_evidence.md	1	998	2222
d1:0062_an_adapter_name_becomes_a_declaration_authoring_evidence.md	2	2082	3237
d1:0062_an_adapter_name_becomes_a_declaration_authoring_evidence.md	3	3099	4318
d1:0062_an_adapter_name_becomes_a_declaration_authoring_evidence.md	4	4132	5431
d1:0062_an_adapter_name_becomes_a_declaration_authoring_evidence.md	5	5244	6476
d1:0062_an_adapter_name_becomes_a_declaration_implementation_evidence.md	0	2	1122
d1:0062_an_adapter_name_becomes_a_declaration_implementation_evidence.md	1	1009	1811
d1:0062_an_adapter_name_becomes_a_declaration_implementation_evidence.md	2	1702	2792
d1:0062_an_adapter_name_becomes_a_declaration_implementation_evidence.md	3	2655	3791
d1:0062_an_adapter_name_becomes_a_declaration_implementation_evidence.md	4	3657	4810
d1:0062_an_adapter_name_becomes_a_declaration_implementation_evidence.md	5	4682	5931
d1:0062_an_adapter_name_becomes_a_declaration_implementation_evidence.md	6	5785	6983
d1:0062_an_adapter_name_becomes_a_declaration_implementation_evidence.md	7	6839	7945
d1:0062_an_adapter_name_becomes_a_declaration_implementation_evidence.md	8	7809	8834
d1:0062_an_adapter_name_becomes_a_declaration_implementation_evidence.md	9	8696	9885
d1:0062_an_adapter_name_becomes_a_declaration_implementation_evidence.md	10	9703	10658
d1:0062_an_adapter_name_becomes_a_declaration_implementation_evidence.md	11	10580	11687
d1:0063_a_session_can_request_its_next_executable.md	0	2	1008
d1:0063_a_session_can_request_its_next_executable.md	1	881	2089
d1:0063_a_session_can_request_its_next_executable.md	2	1942	3148
d1:0063_a_session_can_request_its_next_executable.md	3	2967	4130
d1:0063_a_session_can_request_its_next_executable.md	4	4008	5211
d1:0063_a_session_can_request_its_next_executable.md	5	5071	6292
d1:0063_a_session_can_request_its_next_executable.md	6	6170	7311
d1:0063_a_session_can_request_its_next_executable.md	7	7166	8384
d1:0063_a_session_can_request_its_next_executable.md	8	8212	9535
d1:0063_a_session_can_request_its_next_executable.md	9	9355	10614
d1:0063_a_session_can_request_its_next_executable.md	10	10452	11716
d1:0063_a_session_can_request_its_next_executable.md	11	11557	12852
d1:0063_a_session_can_request_its_next_executable.md	12	12704	13922
d1:0063_a_session_can_request_its_next_executable.md	13	13758	15029
d1:0063_a_session_can_request_its_next_executable.md	14	14860	16246
d1:0063_a_session_can_request_its_next_executable.md	15	16051	17371
d1:0063_a_session_can_request_its_next_executable.md	16	17225	18513
d1:0063_a_session_can_request_its_next_executable.md	17	18392	19692
d1:0063_a_session_can_request_its_next_executable.md	18	19508	20671
d1:0063_a_session_can_request_its_next_executable_acceptance_evidence.md	0	2	1226
d1:0063_a_session_can_request_its_next_executable_acceptance_evidence.md	1	1056	2187
d1:0063_a_session_can_request_its_next_executable_acceptance_evidence.md	2	2046	3225
d1:0063_a_session_can_request_its_next_executable_acceptance_evidence.md	3	3087	3982
d1:0063_a_session_can_request_its_next_executable_acceptance_evidence.md	4	3826	4807
d1:0063_a_session_can_request_its_next_executable_acceptance_evidence.md	5	4645	5736
d1:0063_a_session_can_request_its_next_executable_acceptance_evidence.md	6	5577	6795
d1:0063_a_session_can_request_its_next_executable_acceptance_evidence.md	7	6642	7769
d1:0063_a_session_can_request_its_next_executable_commit_evidence.md	0	2	1102
d1:0063_a_session_can_request_its_next_executable_commit_evidence.md	1	968	2199
d1:0063_a_session_can_request_its_next_executable_commit_evidence.md	2	2035	3275
d1:0063_a_session_can_request_its_next_executable_commit_evidence.md	3	3114	4265
d1:0063_a_session_can_request_its_next_executable_dogfood_evidence.md	0	2	1023
d1:0063_a_session_can_request_its_next_executable_dogfood_evidence.md	1	865	2018
d1:0063_a_session_can_request_its_next_executable_dogfood_evidence.md	2	1873	3077
d1:0063_a_session_can_request_its_next_executable_dogfood_evidence.md	3	2927	4076
d1:0063_a_session_can_request_its_next_executable_dogfood_evidence.md	4	3937	4980
d1:0063_a_session_can_request_its_next_executable_dogfood_evidence.md	5	4830	5881
d1:0063_a_session_can_request_its_next_executable_ownership_evidence.md	0	2	1204
d1:0063_a_session_can_request_its_next_executable_ownership_evidence.md	1	1024	2276
d1:0063_a_session_can_request_its_next_executable_ownership_evidence.md	2	2121	3348
d1:0063_a_session_can_request_its_next_executable_ownership_evidence.md	3	3175	4475
d1:0063_a_session_can_request_its_next_executable_ownership_evidence.md	4	4326	5580
d1:0063_a_session_can_request_its_next_executable_ownership_evidence.md	5	5434	6623
d1:0063_a_session_can_request_its_next_executable_ownership_evidence.md	6	6487	7731
d1:0063_a_session_can_request_its_next_executable_ownership_evidence.md	7	7575	8838
d1:0063_a_session_can_request_its_next_executable_ownership_evidence.md	8	8687	9285
d1:0063_a_session_can_request_its_next_executable_preparation_evidence.md	0	2	1244
d1:0063_a_session_can_request_its_next_executable_preparation_evidence.md	1	1073	2371
d1:0063_a_session_can_request_its_next_executable_preparation_evidence.md	2	2227	3393
d1:0063_a_session_can_request_its_next_executable_preparation_evidence.md	3	3252	4493
d1:0063_a_session_can_request_its_next_executable_preparation_evidence.md	4	4347	5565
d1:0063_a_session_can_request_its_next_executable_preparation_evidence.md	5	5402	6582
d1:0063_a_session_can_request_its_next_executable_preparation_evidence.md	6	6437	7656
d1:0063_a_session_can_request_its_next_executable_preparation_evidence.md	7	7511	8240
d1:0063_a_session_can_request_its_next_executable_startup_evidence.md	0	2	1024
d1:0063_a_session_can_request_its_next_executable_startup_evidence.md	1	857	2095
d1:0063_a_session_can_request_its_next_executable_startup_evidence.md	2	1926	3128
d1:0063_a_session_can_request_its_next_executable_startup_evidence.md	3	2994	4153
d1:0063_a_session_can_request_its_next_executable_startup_evidence.md	4	3982	5224
d1:0063_a_session_can_request_its_next_executable_startup_evidence.md	5	5065	6342
d1:0063_a_session_can_request_its_next_executable_startup_evidence.md	6	6184	7429
d1:0063_a_session_can_request_its_next_executable_startup_evidence.md	7	7233	7464
d1:0064_a_runtime_installation_outlives_its_checkout.md	0	2	942
d1:0064_a_runtime_installation_outlives_its_checkout.md	1	811	1835
d1:0064_a_runtime_installation_outlives_its_checkout.md	2	1729	2919
d1:0064_a_runtime_installation_outlives_its_checkout.md	3	2762	3883
d1:0064_a_runtime_installation_outlives_its_checkout.md	4	3717	4882
d1:0064_a_runtime_installation_outlives_its_checkout.md	5	4724	5973
d1:0064_a_runtime_installation_outlives_its_checkout.md	6	5805	7109
d1:0064_a_runtime_installation_outlives_its_checkout.md	7	6954	8035
d1:0064_a_runtime_installation_outlives_its_checkout.md	8	7891	9074
d1:0064_a_runtime_installation_outlives_its_checkout.md	9	8935	10135
d1:0064_a_runtime_installation_outlives_its_checkout.md	10	9986	11236
d1:0064_a_runtime_installation_outlives_its_checkout.md	11	11057	12306
d1:0064_a_runtime_installation_outlives_its_checkout.md	12	12141	13397
d1:0064_a_runtime_installation_outlives_its_checkout.md	13	13226	14430
d1:0064_a_runtime_installation_outlives_its_checkout.md	14	14266	15574
d1:0064_a_runtime_installation_outlives_its_checkout.md	15	15418	16695
d1:0064_a_runtime_installation_outlives_its_checkout.md	16	16538	17824
d1:0064_a_runtime_installation_outlives_its_checkout.md	17	17657	18906
d1:0064_a_runtime_installation_outlives_its_checkout.md	18	18723	20020
d1:0064_a_runtime_installation_outlives_its_checkout.md	19	19885	21115
d1:0064_a_runtime_installation_outlives_its_checkout.md	20	20970	22254
d1:0064_a_runtime_installation_outlives_its_checkout.md	21	22093	22376
d1:0064_a_runtime_installation_outlives_its_checkout_cost_evidence.md	0	2	990
d1:0064_a_runtime_installation_outlives_its_checkout_cost_evidence.md	1	835	1796
d1:0064_a_runtime_installation_outlives_its_checkout_cost_evidence.md	2	1675	2675
d1:0064_a_runtime_installation_outlives_its_checkout_cost_evidence.md	3	2609	3627
d1:0064_a_runtime_installation_outlives_its_checkout_cost_evidence.md	4	3562	4538
d1:0064_a_runtime_installation_outlives_its_checkout_cost_evidence.md	5	4438	5285
d1:0064_a_runtime_installation_outlives_its_checkout_cost_evidence.md	6	5214	6032
d1:0064_a_runtime_installation_outlives_its_checkout_cost_evidence.md	7	5864	7081
d1:0064_a_runtime_installation_outlives_its_checkout_cost_evidence.md	8	6907	7651
d1:0064_a_runtime_installation_outlives_its_checkout_discovery_evidence.md	0	2	1122
d1:0064_a_runtime_installation_outlives_its_checkout_discovery_evidence.md	1	977	2270
d1:0064_a_runtime_installation_outlives_its_checkout_discovery_evidence.md	2	2135	3429
d1:0064_a_runtime_installation_outlives_its_checkout_discovery_evidence.md	3	3269	4561
d1:0064_a_runtime_installation_outlives_its_checkout_discovery_evidence.md	4	4390	5358
d1:0064_a_runtime_installation_outlives_its_checkout_discovery_evidence.md	5	5205	5801
d1:0064_a_runtime_installation_outlives_its_checkout_index_evidence.md	0	2	1048
d1:0064_a_runtime_installation_outlives_its_checkout_index_evidence.md	1	888	2125
d1:0064_a_runtime_installation_outlives_its_checkout_index_evidence.md	2	1975	3004
d1:0064_a_runtime_installation_outlives_its_checkout_index_evidence.md	3	2881	3946
d1:0064_a_runtime_installation_outlives_its_checkout_index_evidence.md	4	3800	4849
d1:0064_a_runtime_installation_outlives_its_checkout_index_evidence.md	5	4742	5832
d1:0064_a_runtime_installation_outlives_its_checkout_index_evidence.md	6	5726	6940
d1:0064_a_runtime_installation_outlives_its_checkout_index_evidence.md	7	6791	7713
d1:0064_a_runtime_installation_outlives_its_checkout_index_evidence.md	8	7554	8899
d1:0064_a_runtime_installation_outlives_its_checkout_index_evidence.md	9	8737	9506
d1:0064_a_runtime_installation_outlives_its_checkout_journey_evidence.md	0	2	1106
d1:0064_a_runtime_installation_outlives_its_checkout_journey_evidence.md	1	998	2241
d1:0064_a_runtime_installation_outlives_its_checkout_journey_evidence.md	2	2069	3194
d1:0064_a_runtime_installation_outlives_its_checkout_journey_evidence.md	3	3024	4073
d1:0064_a_runtime_installation_outlives_its_checkout_journey_evidence.md	4	3977	5142
d1:0064_a_runtime_installation_outlives_its_checkout_journey_evidence.md	5	4994	6084
d1:0064_a_runtime_installation_outlives_its_checkout_journey_evidence.md	6	5985	6459
d1:0064_a_runtime_installation_outlives_its_checkout_publication_evidence.md	0	2	1077
d1:0064_a_runtime_installation_outlives_its_checkout_publication_evidence.md	1	919	2127
d1:0064_a_runtime_installation_outlives_its_checkout_publication_evidence.md	2	1984	3187
d1:0064_a_runtime_installation_outlives_its_checkout_publication_evidence.md	3	3030	4266
d1:0064_a_runtime_installation_outlives_its_checkout_publication_evidence.md	4	4104	5289
d1:0064_a_runtime_installation_outlives_its_checkout_publication_evidence.md	5	5138	6326
d1:0064_a_runtime_installation_outlives_its_checkout_publication_evidence.md	6	6183	7330
d1:0064_a_runtime_installation_outlives_its_checkout_publication_evidence.md	7	7192	8222
d1:0064_a_runtime_installation_outlives_its_checkout_publication_evidence.md	8	8077	9329
d1:0064_a_runtime_installation_outlives_its_checkout_publication_evidence.md	9	9197	9578
d1:0064_a_runtime_installation_outlives_its_checkout_regression_evidence.md	0	2	912
d1:0064_a_runtime_installation_outlives_its_checkout_regression_evidence.md	1	818	1833
d1:0064_a_runtime_installation_outlives_its_checkout_regression_evidence.md	2	1760	2772
d1:0064_a_runtime_installation_outlives_its_checkout_regression_evidence.md	3	2613	3838
d1:0064_a_runtime_installation_outlives_its_checkout_regression_evidence.md	4	3684	4932
d1:0064_a_runtime_installation_outlives_its_checkout_regression_evidence.md	5	4762	6101
d1:0064_a_runtime_installation_outlives_its_checkout_regression_evidence.md	6	5965	6997
d1:0064_a_runtime_installation_outlives_its_checkout_regression_evidence.md	7	6833	7747
d1:0065_a_launch_checks_each_native_file_once.md	0	2	955
d1:0065_a_launch_checks_each_native_file_once.md	1	844	1723
d1:0065_a_launch_checks_each_native_file_once.md	2	1610	2704
d1:0065_a_launch_checks_each_native_file_once.md	3	2579	3605
d1:0065_a_launch_checks_each_native_file_once.md	4	3503	4459
d1:0065_a_launch_checks_each_native_file_once.md	5	4315	5477
d1:0065_a_launch_checks_each_native_file_once.md	6	5313	6409
d1:0065_a_launch_checks_each_native_file_once.md	7	6240	7189
d1:0065_a_launch_checks_each_native_file_once.md	8	7105	8116
d1:0065_a_launch_checks_each_native_file_once.md	9	7951	9162
d1:0065_a_launch_checks_each_native_file_once.md	10	8987	10146
d1:0065_a_launch_checks_each_native_file_once.md	11	9988	11213
d1:0065_a_launch_checks_each_native_file_once.md	12	11094	12347
d1:0065_a_launch_checks_each_native_file_once.md	13	12169	13316
d1:0065_a_launch_checks_each_native_file_once.md	14	13167	14390
d1:0065_a_launch_checks_each_native_file_once.md	15	14239	15465
d1:0065_a_launch_checks_each_native_file_once.md	16	15328	16615
d1:0065_a_launch_checks_each_native_file_once.md	17	16457	17697
d1:0065_a_launch_checks_each_native_file_once.md	18	17548	18766
d1:0065_a_launch_checks_each_native_file_once.md	19	18608	19824
d1:0065_a_launch_checks_each_native_file_once.md	20	19687	20927
d1:0065_a_launch_checks_each_native_file_once.md	21	20774	21967
d1:0065_a_launch_checks_each_native_file_once.md	22	21816	23114
d1:0065_a_launch_checks_each_native_file_once.md	23	22970	23850
d1:0065_a_launch_checks_each_native_file_once_directory_evidence.md	0	2	1199
d1:0065_a_launch_checks_each_native_file_once_directory_evidence.md	1	1052	2283
d1:0065_a_launch_checks_each_native_file_once_directory_evidence.md	2	2181	3028
d1:0065_a_launch_checks_each_native_file_once_directory_evidence.md	3	2965	3800
d1:0065_a_launch_checks_each_native_file_once_directory_evidence.md	4	3697	4594
d1:0065_a_launch_checks_each_native_file_once_directory_evidence.md	5	4454	5611
d1:0065_a_launch_checks_each_native_file_once_directory_evidence.md	6	5438	6430
d1:0065_a_launch_checks_each_native_file_once_encoding_evidence.md	0	2	1052
d1:0065_a_launch_checks_each_native_file_once_encoding_evidence.md	1	884	2137
d1:0065_a_launch_checks_each_native_file_once_encoding_evidence.md	2	1991	3098
d1:0065_a_launch_checks_each_native_file_once_encoding_evidence.md	3	2944	4194
d1:0065_a_launch_checks_each_native_file_once_encoding_evidence.md	4	4057	5223
d1:0065_a_launch_checks_each_native_file_once_encoding_evidence.md	5	5060	5642
d1:0065_a_launch_checks_each_native_file_once_migration_evidence.md	0	2	1285
d1:0065_a_launch_checks_each_native_file_once_migration_evidence.md	1	1117	2284
d1:0065_a_launch_checks_each_native_file_once_migration_evidence.md	2	2133	3329
d1:0065_a_launch_checks_each_native_file_once_migration_evidence.md	3	3140	4399
d1:0065_a_launch_checks_each_native_file_once_migration_evidence.md	4	4254	5487
d1:0065_a_launch_checks_each_native_file_once_migration_evidence.md	5	5360	6561
d1:0065_a_launch_checks_each_native_file_once_migration_evidence.md	6	6428	7663
d1:0065_a_launch_checks_each_native_file_once_migration_evidence.md	7	7504	8402
d1:0065_a_launch_checks_each_native_file_once_nested_evidence.md	0	2	1207
d1:0065_a_launch_checks_each_native_file_once_nested_evidence.md	1	1035	2189
d1:0065_a_launch_checks_each_native_file_once_nested_evidence.md	2	2021	3240
d1:0065_a_launch_checks_each_native_file_once_nested_evidence.md	3	3070	4221
d1:0065_a_launch_checks_each_native_file_once_nested_evidence.md	4	4057	5138
d1:0065_a_launch_checks_each_native_file_once_nested_evidence.md	5	4960	6174
d1:0065_a_launch_checks_each_native_file_once_nested_evidence.md	6	6031	7250
d1:0065_a_launch_checks_each_native_file_once_nested_evidence.md	7	7080	7888
d1:0065_a_launch_checks_each_native_file_once_position_evidence.md	0	2	1058
d1:0065_a_launch_checks_each_native_file_once_position_evidence.md	1	888	2142
d1:0065_a_launch_checks_each_native_file_once_position_evidence.md	2	2027	3148
d1:0065_a_launch_checks_each_native_file_once_position_evidence.md	3	3001	4037
d1:0065_a_launch_checks_each_native_file_once_position_evidence.md	4	3903	4518
d1:0065_a_launch_checks_each_native_file_once_position_evidence.md	5	4443	5368
d1:0065_a_launch_checks_each_native_file_once_position_evidence.md	6	5198	6191
d1:0065_a_launch_checks_each_native_file_once_position_evidence.md	7	6112	6677
d1:0065_a_launch_checks_each_native_file_once_position_evidence.md	8	6608	7657
d1:0065_a_launch_checks_each_native_file_once_position_evidence.md	9	7552	8715
d1:0065_a_launch_checks_each_native_file_once_product_evidence.md	0	2	1285
d1:0065_a_launch_checks_each_native_file_once_product_evidence.md	1	1122	2360
d1:0065_a_launch_checks_each_native_file_once_product_evidence.md	2	2224	3344
d1:0065_a_launch_checks_each_native_file_once_product_evidence.md	3	3204	3986
d1:0065_a_launch_checks_each_native_file_once_product_evidence.md	4	3868	4876
d1:0065_a_launch_checks_each_native_file_once_product_evidence.md	5	4781	5837
d1:0065_a_launch_checks_each_native_file_once_product_evidence.md	6	5659	6990
d1:0065_a_launch_checks_each_native_file_once_product_evidence.md	7	6830	7189
d1:0065_a_launch_checks_each_native_file_once_regression_evidence.md	0	2	1041
d1:0065_a_launch_checks_each_native_file_once_regression_evidence.md	1	914	1832
d1:0065_a_launch_checks_each_native_file_once_regression_evidence.md	2	1763	2486
d1:0065_a_launch_checks_each_native_file_once_regression_evidence.md	3	2423	3169
d1:0065_a_launch_checks_each_native_file_once_regression_evidence.md	4	3118	3873
d1:0065_a_launch_checks_each_native_file_once_regression_evidence.md	5	3750	4826
d1:0065_a_launch_checks_each_native_file_once_regression_evidence.md	6	4686	5661
d1:0065_a_launch_checks_each_native_file_once_regression_evidence.md	7	5523	6737
d1:0065_a_launch_checks_each_native_file_once_regression_evidence.md	8	6578	7561
d1:0065_a_launch_checks_each_native_file_once_regression_evidence.md	9	7424	8647
d1:0065_a_launch_checks_each_native_file_once_regression_evidence.md	10	8482	9826
d1:0065_a_launch_checks_each_native_file_once_regression_evidence.md	11	9652	10041
d1:0065_a_launch_checks_each_native_file_once_scoped_evidence.md	0	2	1080
d1:0065_a_launch_checks_each_native_file_once_scoped_evidence.md	1	954	2156
d1:0065_a_launch_checks_each_native_file_once_scoped_evidence.md	2	2031	3187
d1:0065_a_launch_checks_each_native_file_once_scoped_evidence.md	3	3027	4260
d1:0065_a_launch_checks_each_native_file_once_scoped_evidence.md	4	4102	5160
d1:0065_a_launch_checks_each_native_file_once_scoped_evidence.md	5	5106	5787
d1:0065_a_launch_checks_each_native_file_once_scoped_evidence.md	6	5691	6704
d1:0065_a_launch_checks_each_native_file_once_scoped_evidence.md	7	6562	7453
d1:0065_a_launch_checks_each_native_file_once_scoped_evidence.md	8	7364	7978
d1:0065_a_launch_checks_each_native_file_once_scoped_evidence.md	9	7894	8993
d1:0065_a_launch_checks_each_native_file_once_scoped_evidence.md	10	8825	9929
d1:0065_a_launch_checks_each_native_file_once_scoped_evidence.md	11	9750	10403
d1:0065_a_launch_checks_each_native_file_once_workflow_evidence.md	0	2	1179
d1:0065_a_launch_checks_each_native_file_once_workflow_evidence.md	1	1053	2226
d1:0065_a_launch_checks_each_native_file_once_workflow_evidence.md	2	2066	3343
d1:0065_a_launch_checks_each_native_file_once_workflow_evidence.md	3	3190	4247
d1:0065_a_launch_checks_each_native_file_once_workflow_evidence.md	4	4086	4996
d1:0065_a_launch_checks_each_native_file_once_workflow_evidence.md	5	4902	5641
d1:0065_a_launch_checks_each_native_file_once_workflow_evidence.md	6	5568	6675
d1:0065_a_launch_checks_each_native_file_once_workflow_evidence.md	7	6499	7702
d1:0065_a_launch_checks_each_native_file_once_workflow_evidence.md	8	7583	8782
d1:0065_a_launch_checks_each_native_file_once_workflow_evidence.md	9	8602	9239
d1:0066_removal_is_an_explicit_ownership_decision.md	0	2	1011
d1:0066_removal_is_an_explicit_ownership_decision.md	1	868	2100
d1:0066_removal_is_an_explicit_ownership_decision.md	2	1943	2848
d1:0066_removal_is_an_explicit_ownership_decision.md	3	2707	3843
d1:0066_removal_is_an_explicit_ownership_decision.md	4	3679	4834
d1:0066_removal_is_an_explicit_ownership_decision.md	5	4684	5844
d1:0066_removal_is_an_explicit_ownership_decision.md	6	5687	6880
d1:0066_removal_is_an_explicit_ownership_decision.md	7	6725	7936
d1:0066_removal_is_an_explicit_ownership_decision.md	8	7800	8954
d1:0066_removal_is_an_explicit_ownership_decision.md	9	8836	10051
d1:0066_removal_is_an_explicit_ownership_decision.md	10	9909	11002
d1:0066_removal_is_an_explicit_ownership_decision.md	11	10852	12099
d1:0066_removal_is_an_explicit_ownership_decision.md	12	11923	13095
d1:0066_removal_is_an_explicit_ownership_decision.md	13	12940	14132
d1:0066_removal_is_an_explicit_ownership_decision.md	14	13957	15153
d1:0066_removal_is_an_explicit_ownership_decision.md	15	15022	16323
d1:0066_removal_is_an_explicit_ownership_decision.md	16	16145	17423
d1:0066_removal_is_an_explicit_ownership_decision.md	17	17267	18466
d1:0066_removal_is_an_explicit_ownership_decision.md	18	18324	19483
d1:0066_removal_is_an_explicit_ownership_decision.md	19	19343	20554
d1:0066_removal_is_an_explicit_ownership_decision.md	20	20388	21670
d1:0066_removal_is_an_explicit_ownership_decision.md	21	21502	22785
d1:0066_removal_is_an_explicit_ownership_decision.md	22	22634	23461
d1:0066_removal_is_an_explicit_ownership_decision_closing_evidence.md	0	2	1097
d1:0066_removal_is_an_explicit_ownership_decision_closing_evidence.md	1	928	1776
d1:0066_removal_is_an_explicit_ownership_decision_closing_evidence.md	2	1714	2438
d1:0066_removal_is_an_explicit_ownership_decision_closing_evidence.md	3	2333	3483
d1:0066_removal_is_an_explicit_ownership_decision_closing_evidence.md	4	3330	4049
d1:0066_removal_is_an_explicit_ownership_decision_closing_evidence.md	5	3991	4942
d1:0066_removal_is_an_explicit_ownership_decision_closing_evidence.md	6	4790	5967
d1:0066_removal_is_an_explicit_ownership_decision_closing_evidence.md	7	5832	7084
d1:0066_removal_is_an_explicit_ownership_decision_closing_evidence.md	8	6954	7906
d1:0066_removal_is_an_explicit_ownership_decision_commands_evidence.md	0	2	1048
d1:0066_removal_is_an_explicit_ownership_decision_commands_evidence.md	1	920	2070
d1:0066_removal_is_an_explicit_ownership_decision_commands_evidence.md	2	1932	2766
d1:0066_removal_is_an_explicit_ownership_decision_commands_evidence.md	3	2604	3828
d1:0066_removal_is_an_explicit_ownership_decision_commands_evidence.md	4	3641	4818
d1:0066_removal_is_an_explicit_ownership_decision_commands_evidence.md	5	4641	5669
d1:0066_removal_is_an_explicit_ownership_decision_commands_evidence.md	6	5514	6698
d1:0066_removal_is_an_explicit_ownership_decision_commands_evidence.md	7	6545	6828
d1:0066_removal_is_an_explicit_ownership_decision_mount_evidence.md	0	2	994
d1:0066_removal_is_an_explicit_ownership_decision_mount_evidence.md	1	866	1984
d1:0066_removal_is_an_explicit_ownership_decision_mount_evidence.md	2	1856	2280
d1:0066_removal_is_an_explicit_ownership_decision_ownership_evidence.md	0	2	958
d1:0066_removal_is_an_explicit_ownership_decision_ownership_evidence.md	1	833	1882
d1:0066_removal_is_an_explicit_ownership_decision_ownership_evidence.md	2	1787	2929
d1:0066_removal_is_an_explicit_ownership_decision_ownership_evidence.md	3	2789	3847
d1:0066_removal_is_an_explicit_ownership_decision_ownership_evidence.md	4	3726	4874
d1:0066_removal_is_an_explicit_ownership_decision_ownership_evidence.md	5	4756	5933
d1:0066_removal_is_an_explicit_ownership_decision_ownership_evidence.md	6	5784	6932
d1:0066_removal_is_an_explicit_ownership_decision_ownership_evidence.md	7	6825	7995
d1:0066_removal_is_an_explicit_ownership_decision_ownership_evidence.md	8	7858	8701
d1:0066_removal_is_an_explicit_ownership_decision_storage_evidence.md	0	2	1070
d1:0066_removal_is_an_explicit_ownership_decision_storage_evidence.md	1	931	2182
d1:0066_removal_is_an_explicit_ownership_decision_storage_evidence.md	2	2036	3273
d1:0066_removal_is_an_explicit_ownership_decision_storage_evidence.md	3	3111	4403
d1:0066_removal_is_an_explicit_ownership_decision_storage_evidence.md	4	4237	5506
d1:0066_removal_is_an_explicit_ownership_decision_storage_evidence.md	5	5345	5516
d1:0067_cargo_target_config_evidence.md	0	2	1090
d1:0067_cargo_target_config_evidence.md	1	933	2112
d1:0067_cargo_target_config_evidence.md	2	1985	2896
d1:0067_cargo_target_config_evidence.md	3	2766	3127
d1:0067_command_boundary_and_coordinates_evidence.md	0	2	851
d1:0067_command_boundary_and_coordinates_evidence.md	1	685	1944
d1:0067_command_boundary_and_coordinates_evidence.md	2	1763	3074
d1:0067_command_boundary_and_coordinates_evidence.md	3	2916	4064
d1:0067_command_boundary_and_coordinates_evidence.md	4	3929	5237
d1:0067_command_boundary_and_coordinates_evidence.md	5	5035	6265
d1:0067_costs_and_regression_evidence.md	0	2	861
d1:0067_costs_and_regression_evidence.md	1	801	1598
d1:0067_costs_and_regression_evidence.md	2	1458	2542
d1:0067_costs_and_regression_evidence.md	3	2441	3311
d1:0067_costs_and_regression_evidence.md	4	3167	4161
d1:0067_costs_and_regression_evidence.md	5	4009	5131
d1:0067_costs_and_regression_evidence.md	6	4986	6216
d1:0067_costs_and_regression_evidence.md	7	6077	7240
d1:0067_git_source_workflow_evidence.md	0	2	1241
d1:0067_git_source_workflow_evidence.md	1	1082	2236
d1:0067_git_source_workflow_evidence.md	2	2073	3350
d1:0067_git_source_workflow_evidence.md	3	3213	4197
d1:0067_git_source_workflow_evidence.md	4	4059	5372
d1:0067_git_source_workflow_evidence.md	5	5200	6389
d1:0067_git_source_workflow_evidence.md	6	6256	7415
d1:0067_git_source_workflow_evidence.md	7	7263	7755
d1:0067_management_and_session_protocol_evidence.md	0	2	1185
d1:0067_management_and_session_protocol_evidence.md	1	1034	2326
d1:0067_management_and_session_protocol_evidence.md	2	2162	3270
d1:0067_management_and_session_protocol_evidence.md	3	3140	4291
d1:0067_management_and_session_protocol_evidence.md	4	4123	5350
d1:0067_management_and_session_protocol_evidence.md	5	5204	6386
d1:0067_management_and_session_protocol_evidence.md	6	6249	7438
d1:0067_management_and_session_protocol_evidence.md	7	7266	8419
d1:0067_one_install_journey_evidence.md	0	2	964
d1:0067_one_install_journey_evidence.md	1	837	2011
d1:0067_one_install_journey_evidence.md	2	1869	3068
d1:0067_one_install_journey_evidence.md	3	2912	3914
d1:0067_one_install_journey_evidence.md	4	3853	5031
d1:0067_one_install_journey_evidence.md	5	4882	5084
d1:0067_one_install_provides_the_dependency_workflow.md	0	2	897
d1:0067_one_install_provides_the_dependency_workflow.md	1	764	1801
d1:0067_one_install_provides_the_dependency_workflow.md	2	1680	2679
d1:0067_one_install_provides_the_dependency_workflow.md	3	2599	3826
d1:0067_one_install_provides_the_dependency_workflow.md	4	3642	4846
d1:0067_one_install_provides_the_dependency_workflow.md	5	4748	5873
d1:0067_one_install_provides_the_dependency_workflow.md	6	5719	6918
d1:0067_one_install_provides_the_dependency_workflow.md	7	6750	8024
d1:0067_one_install_provides_the_dependency_workflow.md	8	7878	9060
d1:0067_one_install_provides_the_dependency_workflow.md	9	8891	10071
d1:0067_one_install_provides_the_dependency_workflow.md	10	9919	10894
d1:0067_one_install_provides_the_dependency_workflow.md	11	10711	11987
d1:0067_one_install_provides_the_dependency_workflow.md	12	11828	13185
d1:0067_one_install_provides_the_dependency_workflow.md	13	13022	14297
d1:0067_one_install_provides_the_dependency_workflow.md	14	14161	15349
d1:0067_one_install_provides_the_dependency_workflow.md	15	15186	16344
d1:0067_one_install_provides_the_dependency_workflow.md	16	16220	17418
d1:0067_one_install_provides_the_dependency_workflow.md	17	17267	18429
d1:0067_one_install_provides_the_dependency_workflow.md	18	18307	19518
d1:0067_one_install_provides_the_dependency_workflow.md	19	19385	20719
d1:0067_one_install_provides_the_dependency_workflow.md	20	20541	21883
d1:0067_one_install_provides_the_dependency_workflow.md	21	21744	22949
d1:0067_one_install_provides_the_dependency_workflow.md	22	22804	23891
d1:0067_one_install_provides_the_dependency_workflow.md	23	23762	25011
d1:0067_one_install_provides_the_dependency_workflow.md	24	24829	25495
d1:0068_costs_and_regression_evidence.md	0	2	851
d1:0068_costs_and_regression_evidence.md	1	789	1380
d1:0068_costs_and_regression_evidence.md	2	1257	2039
d1:0068_costs_and_regression_evidence.md	3	1970	2688
d1:0068_costs_and_regression_evidence.md	4	2558	3538
d1:0068_costs_and_regression_evidence.md	5	3435	4366
d1:0068_costs_and_regression_evidence.md	6	4270	5246
d1:0068_costs_and_regression_evidence.md	7	5103	5400
d1:0068_interactive_frames_show_a_bounded_preview.md	0	2	1057
d1:0068_interactive_frames_show_a_bounded_preview.md	1	933	1900
d1:0068_interactive_frames_show_a_bounded_preview.md	2	1767	2800
d1:0068_interactive_frames_show_a_bounded_preview.md	3	2664	3901
d1:0068_interactive_frames_show_a_bounded_preview.md	4	3751	4989
d1:0068_interactive_frames_show_a_bounded_preview.md	5	4843	6011
d1:0068_interactive_frames_show_a_bounded_preview.md	6	5906	7082
d1:0068_interactive_frames_show_a_bounded_preview.md	7	6903	8257
d1:0068_interactive_frames_show_a_bounded_preview.md	8	8078	9378
d1:0068_interactive_frames_show_a_bounded_preview.md	9	9226	10452
d1:0068_interactive_frames_show_a_bounded_preview.md	10	10286	11570
d1:0068_interactive_frames_show_a_bounded_preview.md	11	11431	12656
d1:0068_interactive_frames_show_a_bounded_preview.md	12	12510	13656
d1:0068_interactive_frames_show_a_bounded_preview.md	13	13514	14174
d1:0068_interactive_journey_evidence.md	0	2	915
d1:0068_interactive_journey_evidence.md	1	770	1570
d1:0068_interactive_journey_evidence.md	2	1473	2240
d1:0068_interactive_journey_evidence.md	3	2156	2955
d1:0068_interactive_journey_evidence.md	4	2850	3682
d1:0068_interactive_journey_evidence.md	5	3573	4379
d1:0068_presentation_seam_evidence.md	0	2	932
d1:0068_presentation_seam_evidence.md	1	803	1839
d1:0068_presentation_seam_evidence.md	2	1727	2790
d1:0068_presentation_seam_evidence.md	3	2694	3621
d1:0068_presentation_seam_evidence.md	4	3505	4583
d1:0068_presentation_seam_evidence.md	5	4454	5401
d1:0068_presentation_seam_evidence.md	6	5267	6309
d1:0068_presentation_seam_evidence.md	7	6193	7259
d1:0068_presentation_seam_evidence.md	8	7094	8218
d1:0068_presentation_seam_evidence.md	9	8073	9116
d1:0068_presentation_seam_evidence.md	10	9004	9824
d1:0068_presentation_seam_evidence.md	11	9710	10735
d1:0068_presentation_seam_evidence.md	12	10565	11642
d1:0068_presentation_seam_evidence.md	13	11515	12689
d1:0068_presentation_seam_evidence.md	14	12546	12973
d1:0068_product_port_evidence.md	0	2	916
d1:0068_product_port_evidence.md	1	792	1740
d1:0068_product_port_evidence.md	2	1641	2370
d1:0068_product_port_evidence.md	3	2291	3120
d1:0068_product_port_evidence.md	4	2985	3917
d1:0068_product_port_evidence.md	5	3806	4646
d1:0068_product_port_evidence.md	6	4529	5351
d1:0068_product_port_evidence.md	7	5216	6185
d1:0068_product_port_evidence.md	8	6059	6747
d1:0068_registration_stop_evidence.md	0	2	1145
d1:0068_registration_stop_evidence.md	1	1058	2228
d1:0068_registration_stop_evidence.md	2	2060	3264
d1:0068_registration_stop_evidence.md	3	3138	3431
d1:0069_assemblies_share_compilation.md	0	2	1025
d1:0069_assemblies_share_compilation.md	1	888	2053
d1:0069_assemblies_share_compilation.md	2	1884	2948
d1:0069_assemblies_share_compilation.md	3	2815	3888
d1:0069_assemblies_share_compilation.md	4	3767	4677
d1:0069_assemblies_share_compilation.md	5	4525	5592
d1:0069_assemblies_share_compilation.md	6	5458	6506
d1:0069_assemblies_share_compilation.md	7	6376	7446
d1:0069_assemblies_share_compilation.md	8	7318	8397
d1:0069_assemblies_share_compilation.md	9	8255	9402
d1:0069_assemblies_share_compilation.md	10	9250	10432
d1:0069_assemblies_share_compilation.md	11	10272	11438
d1:0069_assemblies_share_compilation.md	12	11286	12349
d1:0069_assemblies_share_compilation.md	13	12234	13397
d1:0069_assemblies_share_compilation.md	14	13250	14418
d1:0069_assemblies_share_compilation.md	15	14285	15461
d1:0069_assemblies_share_compilation.md	16	15323	16479
d1:0069_assemblies_share_compilation.md	17	16324	17442
d1:0069_assemblies_share_compilation.md	18	17290	18038
d1:0069_costs_and_regression_evidence.md	0	2	918
d1:0069_costs_and_regression_evidence.md	1	785	1533
d1:0069_costs_and_regression_evidence.md	2	1472	2325
d1:0069_costs_and_regression_evidence.md	3	2225	2906
d1:0069_costs_and_regression_evidence.md	4	2812	3727
d1:0069_costs_and_regression_evidence.md	5	3618	4720
d1:0069_costs_and_regression_evidence.md	6	4582	4893
d1:0069_lifetime_evidence.md	0	2	913
d1:0069_lifetime_evidence.md	1	811	1782
d1:0069_lifetime_evidence.md	2	1657	2467
d1:0069_lifetime_evidence.md	3	2399	3239
d1:0069_lifetime_evidence.md	4	3121	4164
d1:0069_lifetime_evidence.md	5	4025	5131
d1:0069_lifetime_evidence.md	6	4992	6021
d1:0069_lifetime_evidence.md	7	5875	6090
d1:0069_shared_compilation_probe_evidence.md	0	2	995
d1:0069_shared_compilation_probe_evidence.md	1	834	1778
d1:0069_shared_compilation_probe_evidence.md	2	1717	2451
d1:0069_shared_compilation_probe_evidence.md	3	2376	3316
d1:0069_shared_compilation_probe_evidence.md	4	3238	3928
d1:0069_shared_compilation_probe_evidence.md	5	3822	4747
d1:0069_shared_compilation_probe_evidence.md	6	4664	5610
d1:0069_shared_compilation_probe_evidence.md	7	5515	6353
d1:0069_shared_compilation_probe_evidence.md	8	6241	7350
d1:0069_shared_compilation_probe_evidence.md	9	7192	7804
d1:0069_shared_directory_evidence.md	0	2	915
d1:0069_shared_directory_evidence.md	1	800	1897
d1:0069_shared_directory_evidence.md	2	1774	2752
d1:0069_shared_directory_evidence.md	3	2651	3414
d1:0069_shared_directory_evidence.md	4	3336	4238
d1:0069_shared_directory_evidence.md	5	4071	5085
d1:0069_shared_directory_evidence.md	6	4954	5987
d1:0069_shared_directory_evidence.md	7	5848	6787
d1:0069_shared_directory_evidence.md	8	6664	7717
d1:0069_shared_directory_evidence.md	9	7585	7910
d1:0069_wrapper_identity_evidence.md	0	2	937
d1:0069_wrapper_identity_evidence.md	1	807	1764
d1:0069_wrapper_identity_evidence.md	2	1644	2580
d1:0069_wrapper_identity_evidence.md	3	2410	3472
d1:0069_wrapper_identity_evidence.md	4	3366	4300
d1:0069_wrapper_identity_evidence.md	5	4197	5154
d1:0069_wrapper_identity_evidence.md	6	5042	6037
d1:0069_wrapper_identity_evidence.md	7	5961	6963
d1:0069_wrapper_identity_evidence.md	8	6861	7632
d1:0070_costs_and_regression_evidence.md	0	2	830
d1:0070_costs_and_regression_evidence.md	1	775	1480
d1:0070_costs_and_regression_evidence.md	2	1371	2346
d1:0070_costs_and_regression_evidence.md	3	2197	3029
d1:0070_costs_and_regression_evidence.md	4	2893	3856
d1:0070_costs_and_regression_evidence.md	5	3748	4740
d1:0070_costs_and_regression_evidence.md	6	4600	5594
d1:0070_costs_and_regression_evidence.md	7	5457	5849
d1:0070_dep_is_quiet_by_default.md	0	2	997
d1:0070_dep_is_quiet_by_default.md	1	879	1872
d1:0070_dep_is_quiet_by_default.md	2	1741	2738
d1:0070_dep_is_quiet_by_default.md	3	2613	3594
d1:0070_dep_is_quiet_by_default.md	4	3480	4480
d1:0070_dep_is_quiet_by_default.md	5	4374	5507
d1:0070_dep_is_quiet_by_default.md	6	5364	6461
d1:0070_dep_is_quiet_by_default.md	7	6311	7482
d1:0070_dep_is_quiet_by_default.md	8	7327	8481
d1:0070_dep_is_quiet_by_default.md	9	8345	9449
d1:0070_dep_is_quiet_by_default.md	10	9311	10208
d1:0070_dep_is_quiet_by_default.md	11	10096	10618
d1:0070_prompt_evidence.md	0	2	884
d1:0070_prompt_evidence.md	1	726	1678
d1:0070_prompt_evidence.md	2	1568	2557
d1:0070_prompt_evidence.md	3	2408	3210
d1:0070_quiet_transition_evidence.md	0	2	996
d1:0070_quiet_transition_evidence.md	1	891	2006
d1:0070_quiet_transition_evidence.md	2	1854	2894
d1:0070_quiet_transition_evidence.md	3	2820	3764
d1:0070_quiet_transition_evidence.md	4	3634	4516
d1:0070_quiet_transition_evidence.md	5	4445	5253
d1:0070_quiet_transition_evidence.md	6	5165	6166
d1:0070_quiet_transition_evidence.md	7	6020	7145
d1:0070_quiet_transition_evidence.md	8	7008	7548
d1:0071_polars_version.md	0	2	1027
d1:0071_polars_version.md	1	889	1141
d1:0072_binding_surface_evidence.md	0	2	965
d1:0072_binding_surface_evidence.md	1	820	1867
d1:0072_binding_surface_evidence.md	2	1709	2805
d1:0072_binding_surface_evidence.md	3	2661	3614
d1:0072_binding_surface_evidence.md	4	3569	4283
d1:0072_binding_surface_evidence.md	5	4149	5218
d1:0072_binding_surface_evidence.md	6	5074	6095
d1:0072_binding_surface_evidence.md	7	5955	6774
d1:0072_binding_surface_evidence.md	8	6710	7514
d1:0072_binding_surface_evidence.md	9	7382	7866
d1:0072_binding_surface_evidence.md	10	7811	8394
d1:0072_binding_surface_evidence.md	11	8320	9008
d1:0072_binding_surface_evidence.md	12	8870	9512
d1:0072_binding_surface_evidence.md	13	9460	9953
d1:0072_binding_surface_evidence.md	14	9871	10433
d1:0072_binding_surface_evidence.md	15	10342	11158
d1:0072_binding_surface_evidence.md	16	11001	12126
d1:0072_binding_surface_evidence.md	17	11974	12932
d1:0072_binding_surface_evidence.md	18	12839	13573
d1:0072_binding_surface_evidence.md	19	13449	14404
d1:0072_binding_surface_evidence.md	20	14291	14984
d1:0072_binding_surface_evidence.md	21	14898	15771
d1:0072_binding_surface_evidence.md	22	15692	16499
d1:0072_binding_surface_evidence.md	23	16420	17166
d1:0072_binding_surface_evidence.md	24	17066	17831
d1:0072_binding_surface_evidence.md	25	17741	18574
d1:0072_binding_surface_evidence.md	26	18436	19352
d1:0072_binding_surface_evidence.md	27	19263	20059
d1:0072_binding_surface_evidence.md	28	19971	20754
d1:0072_binding_surface_evidence.md	29	20645	21408
d1:0072_binding_surface_evidence.md	30	21317	22091
d1:0072_binding_surface_evidence.md	31	22002	22779
d1:0072_binding_surface_evidence.md	32	22675	23493
d1:0072_binding_surface_evidence.md	33	23379	24032
d1:0072_binding_surface_evidence.md	34	23956	24711
d1:0072_binding_surface_evidence.md	35	24619	25507
d1:0072_binding_surface_evidence.md	36	25419	26242
d1:0072_binding_surface_evidence.md	37	26145	27002
d1:0072_binding_surface_evidence.md	38	26907	27679
d1:0072_binding_surface_evidence.md	39	27604	28384
d1:0072_binding_surface_evidence.md	40	28290	28865
d1:0072_binding_surface_probe.md	0	2	1126
d1:0072_binding_surface_probe.md	1	983	1956
d1:0072_binding_surface_probe.md	2	1805	2980
d1:0072_binding_surface_probe.md	3	2838	3911
d1:0072_binding_surface_probe.md	4	3776	4736
d1:0072_binding_surface_probe.md	5	4623	5659
d1:0072_binding_surface_probe.md	6	5540	6626
d1:0072_binding_surface_probe.md	7	6489	7607
d1:0072_binding_surface_probe.md	8	7447	7958
d1:0073_polars_generator.md	0	2	1132
d1:0073_polars_generator.md	1	991	1949
d1:0073_polars_generator.md	2	1795	2872
d1:0073_polars_generator.md	3	2713	3644
d1:0073_polars_generator.md	4	3573	4405
d1:0073_polars_generator.md	5	4288	5280
d1:0073_polars_generator.md	6	5150	6269
d1:0073_polars_generator.md	7	6118	7246
d1:0073_polars_generator.md	8	7083	7569
d1:0073_polars_generator_evidence.md	0	2	744
d1:0073_polars_generator_evidence.md	1	610	1664
d1:0073_polars_generator_evidence.md	2	1507	2487
d1:0073_polars_generator_evidence.md	3	2378	3253
d1:0073_polars_generator_evidence.md	4	3106	4119
d1:0073_polars_generator_evidence.md	5	3997	4959
d1:0073_polars_generator_evidence.md	6	4853	5823
d1:0073_polars_generator_evidence.md	7	5656	6675
d1:0073_polars_generator_evidence.md	8	6551	7631
d1:0073_polars_generator_evidence.md	9	7500	8537
d1:0073_polars_generator_evidence.md	10	8409	9521
d1:0073_polars_generator_evidence.md	11	9410	10528
d1:0073_polars_generator_evidence.md	12	10382	11398
d1:0073_polars_generator_evidence.md	13	11263	12173
d1:0073_polars_generator_evidence.md	14	12067	12917
d1:0073_polars_generator_evidence.md	15	12832	13659
d1:0073_polars_generator_evidence.md	16	13517	14670
d1:0073_polars_generator_evidence.md	17	14521	15464
d1:0074_polars_rc2_forward_probe.md	0	2	818
d1:0074_polars_rc2_forward_probe.md	1	734	1471
d1:0074_polars_rc2_forward_probe.md	2	1391	2349
d1:0074_polars_rc2_forward_probe.md	3	2249	3331
d1:0074_polars_rc2_forward_probe.md	4	3183	4406
d1:0074_polars_rc2_forward_probe.md	5	4266	4512
d1:0074_polars_rc2_forward_probe_evidence.md	0	2	925
d1:0074_polars_rc2_forward_probe_evidence.md	1	798	1914
d1:0074_polars_rc2_forward_probe_evidence.md	2	1774	2455
d1:0074_polars_rc2_forward_probe_evidence.md	3	2371	3227
d1:0074_polars_rc2_forward_probe_evidence.md	4	3176	4035
d1:0074_polars_rc2_forward_probe_evidence.md	5	3941	4689
d1:0074_polars_rc2_forward_probe_evidence.md	6	4620	5201
d1:0074_polars_rc2_forward_probe_evidence.md	7	5135	5727
d1:0074_polars_rc2_forward_probe_evidence.md	8	5641	6173
d1:0074_polars_rc2_forward_probe_evidence.md	9	6103	6667
d1:0074_polars_rc2_forward_probe_evidence.md	10	6599	7168
d1:0074_polars_rc2_forward_probe_evidence.md	11	7103	7681
d1:0074_polars_rc2_forward_probe_evidence.md	12	7608	8161
d1:0074_polars_rc2_forward_probe_evidence.md	13	8087	8631
d1:0074_polars_rc2_forward_probe_evidence.md	14	8565	9135
d1:0074_polars_rc2_forward_probe_evidence.md	15	9077	9571
d1:0074_polars_rc2_forward_probe_evidence.md	16	9496	10049
d1:0074_polars_rc2_forward_probe_evidence.md	17	9982	10541
d1:0074_polars_rc2_forward_probe_evidence.md	18	10466	11027
d1:0074_polars_rc2_forward_probe_evidence.md	19	10941	11517
d1:0074_polars_rc2_forward_probe_evidence.md	20	11449	12022
d1:0074_polars_rc2_forward_probe_evidence.md	21	11947	12520
d1:0074_polars_rc2_forward_probe_evidence.md	22	12440	13017
d1:0074_polars_rc2_forward_probe_evidence.md	23	12941	13518
d1:0074_polars_rc2_forward_probe_evidence.md	24	13439	14014
d1:0074_polars_rc2_forward_probe_evidence.md	25	13941	14533
d1:0074_polars_rc2_forward_probe_evidence.md	26	14457	15011
d1:0074_polars_rc2_forward_probe_evidence.md	27	14939	15496
d1:0074_polars_rc2_forward_probe_evidence.md	28	15436	15977
d1:0074_polars_rc2_forward_probe_evidence.md	29	15904	16447
d1:0074_polars_rc2_forward_probe_evidence.md	30	16387	16857
d1:0074_polars_rc2_forward_probe_evidence.md	31	16787	17358
d1:0074_polars_rc2_forward_probe_evidence.md	32	17280	17821
d1:0074_polars_rc2_forward_probe_evidence.md	33	17761	18376
d1:0074_polars_rc2_forward_probe_evidence.md	34	18284	19041
d1:0074_polars_rc2_forward_probe_evidence.md	35	18992	19632
d1:0074_polars_rc2_forward_probe_evidence.md	36	19543	20182
d1:0074_polars_rc2_forward_probe_evidence.md	37	20114	20682
d1:0074_polars_rc2_forward_probe_evidence.md	38	20592	21483
d1:0074_polars_rc2_forward_probe_evidence.md	39	21406	22298
d1:0074_polars_rc2_forward_probe_evidence.md	40	22198	23083
d1:0074_polars_rc2_forward_probe_evidence.md	41	22957	23981
d1:0074_polars_rc2_forward_probe_evidence.md	42	23856	24750
d1:0074_polars_rc2_forward_probe_evidence.md	43	24646	25592
d1:0074_polars_rc2_forward_probe_evidence.md	44	25478	26521
d1:0074_polars_rc2_forward_probe_evidence.md	45	26411	27525
d1:0074_polars_rc2_forward_probe_evidence.md	46	27401	28046
d1:0075_polars_coverage_two.md	0	2	1045
d1:0075_polars_coverage_two.md	1	935	1940
d1:0075_polars_coverage_two.md	2	1806	2843
d1:0075_polars_coverage_two.md	3	2690	3836
d1:0075_polars_coverage_two.md	4	3708	4851
d1:0075_polars_coverage_two.md	5	4738	5835
d1:0075_polars_coverage_two.md	6	5714	6682
d1:0075_polars_coverage_two.md	7	6537	7625
d1:0075_polars_coverage_two.md	8	7475	8502
d1:0075_polars_coverage_two.md	9	8344	9028
d1:0075_polars_coverage_two_evidence.md	0	2	803
d1:0075_polars_coverage_two_evidence.md	1	723	1599
d1:0075_polars_coverage_two_evidence.md	2	1470	2406
d1:0075_polars_coverage_two_evidence.md	3	2328	3119
d1:0075_polars_coverage_two_evidence.md	4	2990	4011
d1:0075_polars_coverage_two_evidence.md	5	3874	4927
d1:0075_polars_coverage_two_evidence.md	6	4828	5740
d1:0075_polars_coverage_two_evidence.md	7	5640	6578
d1:0075_polars_coverage_two_evidence.md	8	6481	7311
d1:0075_polars_coverage_two_evidence.md	9	7186	8045
d1:0075_polars_coverage_two_evidence.md	10	7924	8856
d1:0075_polars_coverage_two_evidence.md	11	8743	9515
d1:0075_polars_coverage_two_evidence.md	12	9368	10291
d1:0075_polars_coverage_two_evidence.md	13	10145	11025
d1:0075_polars_coverage_two_evidence.md	14	10946	11783
d1:0075_polars_coverage_two_evidence.md	15	11700	12509
d1:0075_polars_coverage_two_evidence.md	16	12409	13320
d1:0075_polars_coverage_two_evidence.md	17	13207	14133
d1:0075_polars_coverage_two_evidence.md	18	14071	14858
d1:0075_polars_coverage_two_evidence.md	19	14770	15581
d1:0075_polars_coverage_two_evidence.md	20	15481	16382
d1:0075_polars_coverage_two_evidence.md	21	16225	17313
d1:0075_polars_coverage_two_evidence.md	22	17174	18181
d1:0075_polars_coverage_two_evidence.md	23	18063	19120
d1:0075_polars_coverage_two_evidence.md	24	18994	19966
d1:0075_polars_coverage_two_evidence.md	25	19819	20829
d1:0075_polars_coverage_two_evidence.md	26	20679	21696
d1:0075_polars_coverage_two_evidence.md	27	21540	22221
d1:0076_polars_coverage_three.md	0	2	957
d1:0076_polars_coverage_three.md	1	829	1836
d1:0076_polars_coverage_three.md	2	1690	2560
d1:0076_polars_coverage_three.md	3	2446	3394
d1:0076_polars_coverage_three.md	4	3281	4292
d1:0076_polars_coverage_three.md	5	4198	5132
d1:0076_polars_coverage_three.md	6	5027	5957
d1:0076_polars_coverage_three.md	7	5886	6904
d1:0076_polars_coverage_three.md	8	6755	7785
d1:0076_polars_coverage_three.md	9	7645	8696
d1:0076_polars_coverage_three.md	10	8536	9495
d1:0076_polars_coverage_three.md	11	9345	10417
d1:0076_polars_coverage_three.md	12	10283	11295
d1:0076_polars_coverage_three.md	13	11173	12219
d1:0076_polars_coverage_three.md	14	12073	13198
d1:0076_polars_coverage_three.md	15	13087	14165
d1:0076_polars_coverage_three.md	16	14010	15142
d1:0076_polars_coverage_three.md	17	15010	16078
d1:0076_polars_coverage_three.md	18	15931	16538
d1:0076_polars_coverage_three_evidence.md	0	2	938
d1:0076_polars_coverage_three_evidence.md	1	788	1912
d1:0076_polars_coverage_three_evidence.md	2	1759	2634
d1:0076_polars_coverage_three_evidence.md	3	2539	3321
d1:0076_polars_coverage_three_evidence.md	4	3215	4182
d1:0076_polars_coverage_three_evidence.md	5	4034	4921
d1:0076_polars_coverage_three_evidence.md	6	4812	5705
d1:0076_polars_coverage_three_evidence.md	7	5613	6469
d1:0076_polars_coverage_three_evidence.md	8	6374	7153
d1:0076_polars_coverage_three_evidence.md	9	7077	7984
d1:0076_polars_coverage_three_evidence.md	10	7836	8776
d1:0076_polars_coverage_three_evidence.md	11	8652	9730
d1:0076_polars_coverage_three_evidence.md	12	9618	10330
d1:0076_polars_coverage_three_evidence.md	13	10224	11117
d1:0076_polars_coverage_three_evidence.md	14	10992	11977
d1:0076_polars_coverage_three_evidence.md	15	11841	12643
d1:0076_polars_coverage_three_evidence.md	16	12543	13391
d1:0076_polars_coverage_three_evidence.md	17	13232	14223
d1:0076_polars_coverage_three_evidence.md	18	14137	15023
d1:0076_polars_coverage_three_evidence.md	19	14891	15707
d1:0076_polars_coverage_three_evidence.md	20	15640	16302
d1:0076_polars_coverage_three_evidence.md	21	16242	17027
d1:0076_polars_coverage_three_evidence.md	22	16936	17688
d1:0076_polars_coverage_three_evidence.md	23	17583	18584
d1:0076_polars_coverage_three_evidence.md	24	18476	19364
d1:0076_polars_coverage_three_evidence.md	25	19224	20222
d1:0076_polars_coverage_three_evidence.md	26	20090	21086
d1:0076_polars_coverage_three_evidence.md	27	20963	21903
d1:0076_polars_coverage_three_evidence.md	28	21791	22607
d1:0076_polars_coverage_three_evidence.md	29	22491	22998
d1:0077_polars_iterator_returns.md	0	2	830
d1:0077_polars_iterator_returns.md	1	728	1421
d1:0077_polars_iterator_returns.md	2	1339	2042
d1:0077_polars_iterator_returns.md	3	1925	2904
d1:0077_polars_iterator_returns.md	4	2780	3700
d1:0077_polars_iterator_returns.md	5	3583	4635
d1:0077_polars_iterator_returns.md	6	4499	5601
d1:0077_polars_iterator_returns.md	7	5454	6451
d1:0077_polars_iterator_returns.md	8	6401	7338
d1:0077_polars_iterator_returns.md	9	7249	8280
d1:0077_polars_iterator_returns.md	10	8151	9161
d1:0077_polars_iterator_returns.md	11	9016	10028
d1:0077_polars_iterator_returns.md	12	9868	10854
d1:0077_polars_iterator_returns_evidence.md	0	2	822
d1:0077_polars_iterator_returns_evidence.md	1	755	1495
d1:0077_polars_iterator_returns_evidence.md	2	1378	2247
d1:0077_polars_iterator_returns_evidence.md	3	2154	3137
d1:0077_polars_iterator_returns_evidence.md	4	3022	3965
d1:0077_polars_iterator_returns_evidence.md	5	3825	4834
d1:0077_polars_iterator_returns_evidence.md	6	4731	5580
d1:0077_polars_iterator_returns_evidence.md	7	5454	6325
d1:0077_polars_iterator_returns_evidence.md	8	6216	6971
d1:0077_polars_iterator_returns_evidence.md	9	6874	7623
d1:0077_polars_iterator_returns_evidence.md	10	7462	8522
d1:0077_polars_iterator_returns_evidence.md	11	8383	8836
d1:0078_polars_constructors_operators.md	0	2	833
d1:0078_polars_constructors_operators.md	1	751	1537
d1:0078_polars_constructors_operators.md	2	1430	2234
d1:0078_polars_constructors_operators.md	3	2129	2986
d1:0078_polars_constructors_operators.md	4	2898	3759
d1:0078_polars_constructors_operators.md	5	3633	4624
d1:0078_polars_constructors_operators.md	6	4476	5399
d1:0078_polars_constructors_operators.md	7	5318	6261
d1:0078_polars_constructors_operators.md	8	6112	7221
d1:0078_polars_constructors_operators.md	9	7077	8145
d1:0078_polars_constructors_operators.md	10	7983	9042
d1:0078_polars_constructors_operators.md	11	8901	9714
d1:0078_polars_constructors_operators_evidence.md	0	2	914
d1:0078_polars_constructors_operators_evidence.md	1	837	1652
d1:0078_polars_constructors_operators_evidence.md	2	1549	2481
d1:0078_polars_constructors_operators_evidence.md	3	2339	3197
d1:0078_polars_constructors_operators_evidence.md	4	3110	3993
d1:0078_polars_constructors_operators_evidence.md	5	3860	4656
d1:0078_polars_constructors_operators_evidence.md	6	4519	5343
d1:0078_polars_constructors_operators_evidence.md	7	5245	6123
d1:0078_polars_constructors_operators_evidence.md	8	6014	6828
d1:0078_polars_constructors_operators_evidence.md	9	6738	7497
d1:0078_polars_constructors_operators_evidence.md	10	7419	8126
d1:0078_polars_constructors_operators_evidence.md	11	8043	8771
d1:0078_polars_constructors_operators_evidence.md	12	8668	9578
d1:0078_polars_constructors_operators_evidence.md	13	9476	10261
d1:0078_polars_constructors_operators_evidence.md	14	10149	11037
d1:0078_polars_constructors_operators_evidence.md	15	10927	12008
d1:0078_polars_constructors_operators_evidence.md	16	11861	12402
d1:0079_polars_callbacks.md	0	2	1087
d1:0079_polars_callbacks.md	1	964	1824
d1:0079_polars_callbacks.md	2	1684	2631
d1:0079_polars_callbacks.md	3	2519	3484
d1:0079_polars_callbacks.md	4	3354	4208
d1:0079_polars_callbacks.md	5	4115	4797
d1:0079_polars_callbacks.md	6	4717	5599
d1:0079_polars_callbacks.md	7	5478	6462
d1:0079_polars_callbacks.md	8	6388	7014
d1:0079_polars_callbacks.md	9	6950	7707
d1:0079_polars_callbacks.md	10	7621	8317
d1:0079_polars_callbacks.md	11	8236	9261
d1:0079_polars_callbacks.md	12	9134	10202
d1:0079_polars_callbacks.md	13	10104	11038
d1:0079_polars_callbacks.md	14	10953	11883
d1:0079_polars_callbacks.md	15	11745	12692
d1:0079_polars_callbacks.md	16	12595	13613
d1:0079_polars_callbacks.md	17	13477	14539
d1:0079_polars_callbacks.md	18	14398	15410
d1:0079_polars_callbacks.md	19	15272	16443
d1:0079_polars_callbacks.md	20	16293	17452
d1:0079_polars_callbacks.md	21	17317	18360
d1:0079_polars_callbacks.md	22	18235	19341
d1:0079_polars_callbacks.md	23	19210	20145
d1:0079_polars_callbacks.md	24	19993	21102
d1:0079_polars_callbacks.md	25	20947	21934
d1:0079_polars_callbacks.md	26	21851	22825
d1:0079_polars_callbacks.md	27	22649	23887
d1:0079_polars_callbacks.md	28	23741	24900
d1:0079_polars_callbacks.md	29	24742	25918
d1:0079_polars_callbacks.md	30	25795	26835
d1:0079_polars_callbacks.md	31	26709	27458
d1:0079_polars_callbacks.md	32	27386	28320
d1:0079_polars_callbacks.md	33	28205	29213
d1:0079_polars_callbacks.md	34	29076	30058
d1:0079_polars_callbacks.md	35	29926	30992
d1:0079_polars_callbacks.md	36	30851	31897
d1:0079_polars_callbacks_evidence.md	0	2	943
d1:0079_polars_callbacks_evidence.md	1	825	1716
d1:0079_polars_callbacks_evidence.md	2	1605	2519
d1:0079_polars_callbacks_evidence.md	3	2355	3288
d1:0079_polars_callbacks_evidence.md	4	3171	3843
d1:0079_polars_callbacks_evidence.md	5	3749	4472
d1:0079_polars_callbacks_evidence.md	6	4353	5112
d1:0079_polars_callbacks_evidence.md	7	5039	5799
d1:0079_polars_callbacks_evidence.md	8	5693	6570
d1:0079_polars_callbacks_evidence.md	9	6494	7412
d1:0079_polars_callbacks_evidence.md	10	7307	8320
d1:0079_polars_callbacks_evidence.md	11	8196	9108
d1:0079_polars_callbacks_evidence.md	12	9000	9771
d1:0079_polars_callbacks_evidence.md	13	9655	10607
d1:0079_polars_callbacks_evidence.md	14	10525	11240
d1:0079_polars_callbacks_evidence.md	15	11171	11852
d1:0079_polars_callbacks_evidence.md	16	11740	12791
d1:0079_polars_callbacks_evidence.md	17	12669	13643
d1:0079_polars_callbacks_evidence.md	18	13528	14466
d1:0079_polars_callbacks_evidence.md	19	14361	15375
d1:0079_polars_callbacks_evidence.md	20	15236	16399
d1:0079_polars_callbacks_evidence.md	21	16244	17317
d1:0079_polars_callbacks_evidence.md	22	17176	18271
d1:0079_polars_callbacks_evidence.md	23	18134	19082
d1:0079_polars_callbacks_evidence.md	24	18943	20013
d1:0079_polars_callbacks_evidence.md	25	19878	21026
d1:0079_polars_callbacks_evidence.md	26	20878	21867
d1:0080_polars_callback_bindings.md	0	2	1036
d1:0080_polars_callback_bindings.md	1	928	1875
d1:0080_polars_callback_bindings.md	2	1800	2397
d1:0080_polars_callback_bindings.md	3	2333	3172
d1:0080_polars_callback_bindings.md	4	3064	3953
d1:0080_polars_callback_bindings.md	5	3865	4737
d1:0080_polars_callback_bindings.md	6	4612	5511
d1:0080_polars_callback_bindings.md	7	5391	6374
d1:0080_polars_callback_bindings.md	8	6280	7235
d1:0080_polars_callback_bindings.md	9	7118	8093
d1:0080_polars_callback_bindings.md	10	7938	8794
d1:0080_polars_callback_bindings.md	11	8725	9665
d1:0080_polars_callback_bindings.md	12	9543	10547
d1:0080_polars_callback_bindings.md	13	10414	11379
d1:0080_polars_callback_bindings.md	14	11262	12277
d1:0080_polars_callback_bindings.md	15	12154	13087
d1:0080_polars_callback_bindings.md	16	13003	13655
d1:0080_polars_callback_bindings.md	17	13552	14650
d1:0080_polars_callback_bindings.md	18	14516	15592
d1:0080_polars_callback_bindings.md	19	15474	16502
d1:0080_polars_callback_bindings.md	20	16381	17432
d1:0080_polars_callback_bindings.md	21	17283	18442
d1:0080_polars_callback_bindings.md	22	18291	19311
d1:0080_polars_callback_bindings.md	23	19209	19357
d1:0080_polars_callback_bindings_evidence.md	0	2	831
d1:0080_polars_callback_bindings_evidence.md	1	728	1675
d1:0080_polars_callback_bindings_evidence.md	2	1560	2555
d1:0080_polars_callback_bindings_evidence.md	3	2442	3477
d1:0080_polars_callback_bindings_evidence.md	4	3358	4400
d1:0080_polars_callback_bindings_evidence.md	5	4268	5310
d1:0080_polars_callback_bindings_evidence.md	6	5189	5742
d1:0080_polars_callback_bindings_evidence.md	7	5675	5974
d1:0081_polars_narrow_integer_dtypes.md	0	2	1088
d1:0081_polars_narrow_integer_dtypes.md	1	912	1879
d1:0081_polars_narrow_integer_dtypes.md	2	1771	2925
d1:0081_polars_narrow_integer_dtypes.md	3	2764	3945
d1:0081_polars_narrow_integer_dtypes.md	4	3773	4875
d1:0081_polars_narrow_integer_dtypes.md	5	4730	5856
d1:0081_polars_narrow_integer_dtypes.md	6	5737	6350
d1:0081_polars_narrow_integer_dtypes_evidence.md	0	2	771
d1:0081_polars_narrow_integer_dtypes_evidence.md	1	670	1648
d1:0081_polars_narrow_integer_dtypes_evidence.md	2	1519	2310
d1:0081_polars_narrow_integer_dtypes_evidence.md	3	2213	3171
d1:0081_polars_narrow_integer_dtypes_evidence.md	4	3048	3800
d1:0081_polars_narrow_integer_dtypes_evidence.md	5	3710	4539
d1:0081_polars_narrow_integer_dtypes_evidence.md	6	4369	5058
d1:0081_polars_narrow_integer_dtypes_evidence.md	7	5012	5669
d1:0082_polars_borrowed_slice_bindings.md	0	2	945
d1:0082_polars_borrowed_slice_bindings.md	1	769	1870
d1:0082_polars_borrowed_slice_bindings.md	2	1717	2911
d1:0082_polars_borrowed_slice_bindings.md	3	2759	3888
d1:0082_polars_borrowed_slice_bindings.md	4	3754	4820
d1:0082_polars_borrowed_slice_bindings.md	5	4772	5775
d1:0082_polars_borrowed_slice_bindings.md	6	5627	6737
d1:0082_polars_borrowed_slice_bindings.md	7	6582	6998
d1:0082_polars_borrowed_slice_bindings_evidence.md	0	2	846
d1:0082_polars_borrowed_slice_bindings_evidence.md	1	772	1498
d1:0082_polars_borrowed_slice_bindings_evidence.md	2	1372	2271
d1:0082_polars_borrowed_slice_bindings_evidence.md	3	2139	3162
d1:0082_polars_borrowed_slice_bindings_evidence.md	4	3047	3772
d1:0082_polars_borrowed_slice_bindings_evidence.md	5	3669	4492
d1:0082_polars_borrowed_slice_bindings_evidence.md	6	4370	5276
d1:0082_polars_borrowed_slice_bindings_evidence.md	7	5156	6032
d1:0082_polars_borrowed_slice_bindings_evidence.md	8	5920	6684
d1:0082_polars_borrowed_slice_bindings_evidence.md	9	6538	7146
d1:0082_polars_borrowed_slice_bindings_evidence.md	10	7075	7718
d1:0083_polars_function_generics_census.md	0	2	1044
d1:0083_polars_function_generics_census.md	1	909	1948
d1:0083_polars_function_generics_census.md	2	1827	2862
d1:0083_polars_function_generics_census.md	3	2730	3848
d1:0083_polars_function_generics_census.md	4	3680	4847
d1:0083_polars_function_generics_census.md	5	4686	5054
d1:0083_polars_function_generics_census_evidence.md	0	2	900
d1:0083_polars_function_generics_census_evidence.md	1	777	1766
d1:0083_polars_function_generics_census_evidence.md	2	1616	2635
d1:0083_polars_function_generics_census_evidence.md	3	2518	3425
d1:0083_polars_function_generics_census_evidence.md	4	3314	4073
d1:0083_polars_function_generics_census_evidence.md	5	3978	4720
d1:0083_polars_function_generics_census_evidence.md	6	4605	5370
d1:0083_polars_function_generics_census_evidence.md	7	5263	6042
d1:0083_polars_function_generics_census_evidence.md	8	5926	6681
d1:0083_polars_function_generics_census_evidence.md	9	6588	7305
d1:0083_polars_function_generics_census_evidence.md	10	7168	8183
d1:0083_polars_function_generics_census_evidence.md	11	8031	8928
d1:0084_polars_function_generic_inputs.md	0	2	1013
d1:0084_polars_function_generic_inputs.md	1	906	1705
d1:0084_polars_function_generic_inputs.md	2	1602	2431
d1:0084_polars_function_generic_inputs.md	3	2344	3015
d1:0084_polars_function_generic_inputs.md	4	2897	3816
d1:0084_polars_function_generic_inputs.md	5	3721	4786
d1:0084_polars_function_generic_inputs.md	6	4675	5741
d1:0084_polars_function_generic_inputs.md	7	5588	6554
d1:0084_polars_function_generic_inputs.md	8	6461	7536
d1:0084_polars_function_generic_inputs.md	9	7399	7935
d1:0084_polars_function_generic_inputs_evidence.md	0	2	922
d1:0084_polars_function_generic_inputs_evidence.md	1	828	1667
d1:0084_polars_function_generic_inputs_evidence.md	2	1536	2434
d1:0084_polars_function_generic_inputs_evidence.md	3	2354	3168
d1:0084_polars_function_generic_inputs_evidence.md	4	3092	3845
d1:0084_polars_function_generic_inputs_evidence.md	5	3712	4535
d1:0084_polars_function_generic_inputs_evidence.md	6	4449	5267
d1:0084_polars_function_generic_inputs_evidence.md	7	5144	6116
d1:0084_polars_function_generic_inputs_evidence.md	8	5980	6820
d1:0084_polars_function_generic_inputs_evidence.md	9	6695	7485
d1:0084_polars_function_generic_inputs_evidence.md	10	7466	8048
d1:0084_polars_function_generic_inputs_evidence.md	11	7951	8449
d1:0085_polars_validity_bitmap_snapshots.md	0	2	955
d1:0085_polars_validity_bitmap_snapshots.md	1	823	1624
d1:0085_polars_validity_bitmap_snapshots.md	2	1516	2487
d1:0085_polars_validity_bitmap_snapshots.md	3	2320	3406
d1:0085_polars_validity_bitmap_snapshots.md	4	3244	4331
d1:0085_polars_validity_bitmap_snapshots.md	5	4200	5350
d1:0085_polars_validity_bitmap_snapshots.md	6	5218	5906
d1:0085_polars_validity_bitmap_snapshots_evidence.md	0	2	806
d1:0085_polars_validity_bitmap_snapshots_evidence.md	1	696	1550
d1:0085_polars_validity_bitmap_snapshots_evidence.md	2	1417	2341
d1:0085_polars_validity_bitmap_snapshots_evidence.md	3	2213	3184
d1:0085_polars_validity_bitmap_snapshots_evidence.md	4	3042	3958
d1:0085_polars_validity_bitmap_snapshots_evidence.md	5	3815	4635
d1:0085_polars_validity_bitmap_snapshots_evidence.md	6	4628	5216
d1:0085_polars_validity_bitmap_snapshots_evidence.md	7	5099	5441
d1:0086_polars_validated_bitmap_inputs.md	0	2	877
d1:0086_polars_validated_bitmap_inputs.md	1	803	1558
d1:0086_polars_validated_bitmap_inputs.md	2	1474	2378
d1:0086_polars_validated_bitmap_inputs.md	3	2263	3250
d1:0086_polars_validated_bitmap_inputs.md	4	3127	4192
d1:0086_polars_validated_bitmap_inputs.md	5	4062	5120
d1:0086_polars_validated_bitmap_inputs.md	6	4995	6036
d1:0086_polars_validated_bitmap_inputs.md	7	5923	6951
d1:0086_polars_validated_bitmap_inputs_evidence.md	0	2	842
d1:0086_polars_validated_bitmap_inputs_evidence.md	1	777	1449
d1:0086_polars_validated_bitmap_inputs_evidence.md	2	1319	2230
d1:0086_polars_validated_bitmap_inputs_evidence.md	3	2114	2997
d1:0086_polars_validated_bitmap_inputs_evidence.md	4	2878	3849
d1:0086_polars_validated_bitmap_inputs_evidence.md	5	3735	4584
d1:0086_polars_validated_bitmap_inputs_evidence.md	6	4498	5399
d1:0086_polars_validated_bitmap_inputs_evidence.md	7	5264	6068
d1:0086_polars_validated_bitmap_inputs_evidence.md	8	5936	6538
d1:0086_polars_validated_bitmap_inputs_evidence.md	9	6470	6996
d1:0087_polars_chunk_length_snapshots.md	0	2	930
d1:0087_polars_chunk_length_snapshots.md	1	796	1731
d1:0087_polars_chunk_length_snapshots.md	2	1576	2626
d1:0087_polars_chunk_length_snapshots.md	3	2516	3619
d1:0087_polars_chunk_length_snapshots.md	4	3469	4589
d1:0087_polars_chunk_length_snapshots.md	5	4470	5198
d1:0087_polars_chunk_length_snapshots_evidence.md	0	2	782
d1:0087_polars_chunk_length_snapshots_evidence.md	1	669	1539
d1:0087_polars_chunk_length_snapshots_evidence.md	2	1408	2371
d1:0087_polars_chunk_length_snapshots_evidence.md	3	2271	3071
d1:0087_polars_chunk_length_snapshots_evidence.md	4	2966	3865
d1:0087_polars_chunk_length_snapshots_evidence.md	5	3771	4393
d1:0087_polars_chunk_length_snapshots_evidence.md	6	4323	4986
d1:0088_polars_owned_cow_chunked_returns.md	0	2	885
d1:0088_polars_owned_cow_chunked_returns.md	1	776	1632
d1:0088_polars_owned_cow_chunked_returns.md	2	1556	2658
d1:0088_polars_owned_cow_chunked_returns.md	3	2497	3528
d1:0088_polars_owned_cow_chunked_returns.md	4	3364	4453
d1:0088_polars_owned_cow_chunked_returns.md	5	4298	5462
d1:0088_polars_owned_cow_chunked_returns.md	6	5311	6091
d1:0088_polars_owned_cow_chunked_returns_evidence.md	0	2	827
d1:0088_polars_owned_cow_chunked_returns_evidence.md	1	753	1608
d1:0088_polars_owned_cow_chunked_returns_evidence.md	2	1501	2389
d1:0088_polars_owned_cow_chunked_returns_evidence.md	3	2301	3090
d1:0088_polars_owned_cow_chunked_returns_evidence.md	4	2979	3946
d1:0088_polars_owned_cow_chunked_returns_evidence.md	5	3842	4703
d1:0088_polars_owned_cow_chunked_returns_evidence.md	6	4573	5212
d1:0088_polars_owned_cow_chunked_returns_evidence.md	7	5161	5611
d1:0089_polars_integer_generic_arg_extrema.md	0	2	853
d1:0089_polars_integer_generic_arg_extrema.md	1	743	1523
d1:0089_polars_integer_generic_arg_extrema.md	2	1429	2421
d1:0089_polars_integer_generic_arg_extrema.md	3	2285	3361
d1:0089_polars_integer_generic_arg_extrema.md	4	3232	4329
d1:0089_polars_integer_generic_arg_extrema.md	5	4205	5312
d1:0089_polars_integer_generic_arg_extrema.md	6	5191	6207
d1:0089_polars_integer_generic_arg_extrema.md	7	6073	6257
d1:0089_polars_integer_generic_arg_extrema_evidence.md	0	2	823
d1:0089_polars_integer_generic_arg_extrema_evidence.md	1	735	1489
d1:0089_polars_integer_generic_arg_extrema_evidence.md	2	1409	2294
d1:0089_polars_integer_generic_arg_extrema_evidence.md	3	2143	3044
d1:0089_polars_integer_generic_arg_extrema_evidence.md	4	2937	3775
d1:0089_polars_integer_generic_arg_extrema_evidence.md	5	3639	4567
d1:0089_polars_integer_generic_arg_extrema_evidence.md	6	4489	5316
d1:0089_polars_integer_generic_arg_extrema_evidence.md	7	5177	6014
d1:0089_polars_integer_generic_arg_extrema_evidence.md	8	5936	6553
d1:0089_polars_integer_generic_arg_extrema_evidence.md	9	6473	7138
d1:0090_polars_numeric_peak_boundaries.md	0	2	826
d1:0090_polars_numeric_peak_boundaries.md	1	749	1667
d1:0090_polars_numeric_peak_boundaries.md	2	1531	2622
d1:0090_polars_numeric_peak_boundaries.md	3	2510	3567
d1:0090_polars_numeric_peak_boundaries.md	4	3427	4601
d1:0090_polars_numeric_peak_boundaries.md	5	4440	5510
d1:0090_polars_numeric_peak_boundaries.md	6	5392	5531
d1:0090_polars_numeric_peak_boundaries_evidence.md	0	2	813
d1:0090_polars_numeric_peak_boundaries_evidence.md	1	696	1520
d1:0090_polars_numeric_peak_boundaries_evidence.md	2	1404	2350
d1:0090_polars_numeric_peak_boundaries_evidence.md	3	2219	3039
d1:0090_polars_numeric_peak_boundaries_evidence.md	4	2963	3753
d1:0090_polars_numeric_peak_boundaries_evidence.md	5	3651	4579
d1:0090_polars_numeric_peak_boundaries_evidence.md	6	4489	5095
d1:0090_polars_numeric_peak_boundaries_evidence.md	7	5059	5702
d1:0091_polars_bounded_integer_indices.md	0	2	772
d1:0091_polars_bounded_integer_indices.md	1	679	1540
d1:0091_polars_bounded_integer_indices.md	2	1371	2423
d1:0091_polars_bounded_integer_indices.md	3	2306	3276
d1:0091_polars_bounded_integer_indices.md	4	3158	4216
d1:0091_polars_bounded_integer_indices.md	5	4120	5155
d1:0091_polars_bounded_integer_indices.md	6	5010	5488
d1:0091_polars_bounded_integer_indices_evidence.md	0	2	846
d1:0091_polars_bounded_integer_indices_evidence.md	1	767	1468
d1:0091_polars_bounded_integer_indices_evidence.md	2	1385	2144
d1:0091_polars_bounded_integer_indices_evidence.md	3	2046	2943
d1:0091_polars_bounded_integer_indices_evidence.md	4	2793	3828
d1:0091_polars_bounded_integer_indices_evidence.md	5	3695	4541
d1:0091_polars_bounded_integer_indices_evidence.md	6	4419	5172
d1:0091_polars_bounded_integer_indices_evidence.md	7	5089	5858
d1:0091_polars_bounded_integer_indices_evidence.md	8	5761	6368
d1:0091_polars_bounded_integer_indices_evidence.md	9	6309	6764
d1:0092_polars_typed_left_subtraction.md	0	2	866
d1:0092_polars_typed_left_subtraction.md	1	736	1532
d1:0092_polars_typed_left_subtraction.md	2	1434	2446
d1:0092_polars_typed_left_subtraction.md	3	2330	3335
d1:0092_polars_typed_left_subtraction.md	4	3217	4320
d1:0092_polars_typed_left_subtraction.md	5	4156	5186
d1:0092_polars_typed_left_subtraction.md	6	5079	5323
d1:0092_polars_typed_left_subtraction_evidence.md	0	2	869
d1:0092_polars_typed_left_subtraction_evidence.md	1	761	1515
d1:0092_polars_typed_left_subtraction_evidence.md	2	1388	2357
d1:0092_polars_typed_left_subtraction_evidence.md	3	2242	3064
d1:0092_polars_typed_left_subtraction_evidence.md	4	2980	3729
d1:0092_polars_typed_left_subtraction_evidence.md	5	3639	4416
d1:0092_polars_typed_left_subtraction_evidence.md	6	4306	5085
d1:0092_polars_typed_left_subtraction_evidence.md	7	5000	5763
d1:0092_polars_typed_left_subtraction_evidence.md	8	5643	6417
d1:0092_polars_typed_left_subtraction_evidence.md	9	6298	6860
d1:0092_polars_typed_left_subtraction_evidence.md	10	6798	7350
d1:0093_polars_checked_integer_readback.md	0	2	854
d1:0093_polars_checked_integer_readback.md	1	730	1772
d1:0093_polars_checked_integer_readback.md	2	1644	2623
d1:0093_polars_checked_integer_readback.md	3	2463	3585
d1:0093_polars_checked_integer_readback.md	4	3449	4583
d1:0093_polars_checked_integer_readback.md	5	4433	5496
d1:0093_polars_checked_integer_readback.md	6	5343	6406
d1:0093_polars_checked_integer_readback.md	7	6308	7036
d1:0093_polars_checked_integer_readback_evidence.md	0	2	872
d1:0093_polars_checked_integer_readback_evidence.md	1	786	1481
d1:0093_polars_checked_integer_readback_evidence.md	2	1386	2137
d1:0093_polars_checked_integer_readback_evidence.md	3	2042	2897
d1:0093_polars_checked_integer_readback_evidence.md	4	2785	3565
d1:0093_polars_checked_integer_readback_evidence.md	5	3495	4126
d1:0093_polars_checked_integer_readback_evidence.md	6	4044	4789
d1:0093_polars_checked_integer_readback_evidence.md	7	4654	5656
d1:0093_polars_checked_integer_readback_evidence.md	8	5543	6321
d1:0093_polars_checked_integer_readback_evidence.md	9	6244	7078
d1:0093_polars_checked_integer_readback_evidence.md	10	6969	7894
d1:0093_polars_checked_integer_readback_evidence.md	11	7792	8412
d1:0093_polars_checked_integer_readback_evidence.md	12	8325	9118
d1:0093_polars_checked_integer_readback_evidence.md	13	9057	9774
d1:0093_polars_checked_integer_readback_evidence.md	14	9763	10332
d1:0093_polars_checked_integer_readback_evidence.md	15	10259	10621
d1:0094_polars_categorical_hash_tokens.md	0	2	878
d1:0094_polars_categorical_hash_tokens.md	1	814	1513
d1:0094_polars_categorical_hash_tokens.md	2	1409	2372
d1:0094_polars_categorical_hash_tokens.md	3	2226	3236
d1:0094_polars_categorical_hash_tokens.md	4	3114	4150
d1:0094_polars_categorical_hash_tokens.md	5	4011	4988
d1:0094_polars_categorical_hash_tokens.md	6	4875	5996
d1:0094_polars_categorical_hash_tokens.md	7	5870	6863
d1:0094_polars_categorical_hash_tokens_evidence.md	0	2	878
d1:0094_polars_categorical_hash_tokens_evidence.md	1	806	1432
d1:0094_polars_categorical_hash_tokens_evidence.md	2	1349	2040
d1:0094_polars_categorical_hash_tokens_evidence.md	3	1919	2742
d1:0094_polars_categorical_hash_tokens_evidence.md	4	2667	3313
d1:0094_polars_categorical_hash_tokens_evidence.md	5	3221	3968
d1:0094_polars_categorical_hash_tokens_evidence.md	6	3873	4688
d1:0094_polars_categorical_hash_tokens_evidence.md	7	4557	5492
d1:0094_polars_categorical_hash_tokens_evidence.md	8	5372	6075
d1:0094_polars_categorical_hash_tokens_evidence.md	9	6021	6565
d1:0094_polars_categorical_hash_tokens_evidence.md	10	6490	7272
d1:0094_polars_categorical_hash_tokens_evidence.md	11	7194	7925
d1:0094_polars_categorical_hash_tokens_evidence.md	12	7820	8576
d1:0094_polars_categorical_hash_tokens_evidence.md	13	8485	9156
d1:0094_polars_categorical_hash_tokens_evidence.md	14	9089	9701
d1:0095_polars_typed_left_division_and_remainder.md	0	2	873
d1:0095_polars_typed_left_division_and_remainder.md	1	783	1680
d1:0095_polars_typed_left_division_and_remainder.md	2	1509	2460
d1:0095_polars_typed_left_division_and_remainder.md	3	2341	3344
d1:0095_polars_typed_left_division_and_remainder.md	4	3240	4228
d1:0095_polars_typed_left_division_and_remainder.md	5	4092	5123
d1:0095_polars_typed_left_division_and_remainder.md	6	5006	6018
d1:0095_polars_typed_left_division_and_remainder_evidence.md	0	2	769
d1:0095_polars_typed_left_division_and_remainder_evidence.md	1	672	1397
d1:0095_polars_typed_left_division_and_remainder_evidence.md	2	1301	1988
d1:0095_polars_typed_left_division_and_remainder_evidence.md	3	1904	2689
d1:0095_polars_typed_left_division_and_remainder_evidence.md	4	2606	3366
d1:0095_polars_typed_left_division_and_remainder_evidence.md	5	3279	3938
d1:0095_polars_typed_left_division_and_remainder_evidence.md	6	3827	4564
d1:0095_polars_typed_left_division_and_remainder_evidence.md	7	4481	5159
d1:0095_polars_typed_left_division_and_remainder_evidence.md	8	5081	5858
d1:0095_polars_typed_left_division_and_remainder_evidence.md	9	5795	6394
d1:0095_polars_typed_left_division_and_remainder_evidence.md	10	6304	7107
d1:0095_polars_typed_left_division_and_remainder_evidence.md	11	7026	7677
d1:0095_polars_typed_left_division_and_remainder_evidence.md	12	7670	8335
d1:0096_polars_null_aware_numeric_vectors.md	0	2	822
d1:0096_polars_null_aware_numeric_vectors.md	1	755	1631
d1:0096_polars_null_aware_numeric_vectors.md	2	1511	2515
d1:0096_polars_null_aware_numeric_vectors.md	3	2398	3440
d1:0096_polars_null_aware_numeric_vectors.md	4	3273	4330
d1:0096_polars_null_aware_numeric_vectors.md	5	4246	5274
d1:0096_polars_null_aware_numeric_vectors.md	6	5138	5908
d1:0096_polars_null_aware_numeric_vectors_evidence.md	0	2	749
d1:0096_polars_null_aware_numeric_vectors_evidence.md	1	700	1463
d1:0096_polars_null_aware_numeric_vectors_evidence.md	2	1351	2066
d1:0096_polars_null_aware_numeric_vectors_evidence.md	3	2005	2864
d1:0096_polars_null_aware_numeric_vectors_evidence.md	4	2745	3629
d1:0096_polars_null_aware_numeric_vectors_evidence.md	5	3515	4369
d1:0096_polars_null_aware_numeric_vectors_evidence.md	6	4242	5143
d1:0096_polars_null_aware_numeric_vectors_evidence.md	7	5022	5948
d1:0096_polars_null_aware_numeric_vectors_evidence.md	8	5820	6582
d1:0096_polars_null_aware_numeric_vectors_evidence.md	9	6485	7042
d1:0096_polars_null_aware_numeric_vectors_evidence.md	10	6956	7635
d1:0096_polars_null_aware_numeric_vectors_evidence.md	11	7571	8366
d1:0096_polars_null_aware_numeric_vectors_evidence.md	12	8273	9034
d1:0096_polars_null_aware_numeric_vectors_evidence.md	13	8920	9523
d1:0096_polars_null_aware_numeric_vectors_evidence.md	14	9457	9760
d1:0097_polars_sized_self_slices.md	0	2	918
d1:0097_polars_sized_self_slices.md	1	769	1662
d1:0097_polars_sized_self_slices.md	2	1501	2474
d1:0097_polars_sized_self_slices.md	3	2378	3414
d1:0097_polars_sized_self_slices.md	4	3307	4378
d1:0097_polars_sized_self_slices.md	5	4229	5395
d1:0097_polars_sized_self_slices.md	6	5236	5999
d1:0097_polars_sized_self_slices_evidence.md	0	2	952
d1:0097_polars_sized_self_slices_evidence.md	1	840	1464
d1:0097_polars_sized_self_slices_evidence.md	2	1395	2058
d1:0097_polars_sized_self_slices_evidence.md	3	1950	2878
d1:0097_polars_sized_self_slices_evidence.md	4	2783	3711
d1:0097_polars_sized_self_slices_evidence.md	5	3565	4434
d1:0097_polars_sized_self_slices_evidence.md	6	4347	5098
d1:0097_polars_sized_self_slices_evidence.md	7	5037	5725
d1:0097_polars_sized_self_slices_evidence.md	8	5677	6420
d1:0097_polars_sized_self_slices_evidence.md	9	6299	7088
d1:0097_polars_sized_self_slices_evidence.md	10	6955	7606
d1:0097_polars_sized_self_slices_evidence.md	11	7539	7931
d1:0098_polars_float_trait_bounds.md	0	2	735
d1:0098_polars_float_trait_bounds.md	1	640	1477
d1:0098_polars_float_trait_bounds.md	2	1357	2253
d1:0098_polars_float_trait_bounds.md	3	2134	3093
d1:0098_polars_float_trait_bounds.md	4	2983	4021
d1:0098_polars_float_trait_bounds.md	5	3926	4971
d1:0098_polars_float_trait_bounds.md	6	4822	5784
d1:0098_polars_float_trait_bounds_evidence.md	0	2	916
d1:0098_polars_float_trait_bounds_evidence.md	1	827	1467
d1:0098_polars_float_trait_bounds_evidence.md	2	1362	2006
d1:0098_polars_float_trait_bounds_evidence.md	3	1949	2887
d1:0098_polars_float_trait_bounds_evidence.md	4	2758	3786
d1:0098_polars_float_trait_bounds_evidence.md	5	3656	4505
d1:0098_polars_float_trait_bounds_evidence.md	6	4388	5105
d1:0098_polars_float_trait_bounds_evidence.md	7	5006	5841
d1:0098_polars_float_trait_bounds_evidence.md	8	5763	6521
d1:0098_polars_float_trait_bounds_evidence.md	9	6411	7206
d1:0098_polars_float_trait_bounds_evidence.md	10	7083	7794
d1:0098_polars_float_trait_bounds_evidence.md	11	7729	8194
d1:0099_polars_numeric_chunk_snapshots.md	0	2	835
d1:0099_polars_numeric_chunk_snapshots.md	1	694	1622
d1:0099_polars_numeric_chunk_snapshots.md	2	1468	2539
d1:0099_polars_numeric_chunk_snapshots.md	3	2403	3404
d1:0099_polars_numeric_chunk_snapshots.md	4	3260	4419
d1:0099_polars_numeric_chunk_snapshots.md	5	4268	5360
d1:0099_polars_numeric_chunk_snapshots.md	6	5233	6172
d1:0099_polars_numeric_chunk_snapshots_evidence.md	0	2	779
d1:0099_polars_numeric_chunk_snapshots_evidence.md	1	714	1363
d1:0099_polars_numeric_chunk_snapshots_evidence.md	2	1304	2015
d1:0099_polars_numeric_chunk_snapshots_evidence.md	3	1905	2649
d1:0099_polars_numeric_chunk_snapshots_evidence.md	4	2568	3449
d1:0099_polars_numeric_chunk_snapshots_evidence.md	5	3332	4181
d1:0099_polars_numeric_chunk_snapshots_evidence.md	6	4080	4890
d1:0099_polars_numeric_chunk_snapshots_evidence.md	7	4832	5550
d1:0099_polars_numeric_chunk_snapshots_evidence.md	8	5486	6097
d1:0099_polars_numeric_chunk_snapshots_evidence.md	9	6006	6922
d1:0099_polars_numeric_chunk_snapshots_evidence.md	10	6803	7601
d1:0099_polars_numeric_chunk_snapshots_evidence.md	11	7454	8110
d1:0099_polars_numeric_chunk_snapshots_evidence.md	12	8039	8919
d1:0099_polars_numeric_chunk_snapshots_evidence.md	13	8784	8983
d1:0100_polars_scalar_chunk_snapshots.md	0	2	890
d1:0100_polars_scalar_chunk_snapshots.md	1	762	1522
d1:0100_polars_scalar_chunk_snapshots.md	2	1433	2494
d1:0100_polars_scalar_chunk_snapshots.md	3	2361	3410
d1:0100_polars_scalar_chunk_snapshots.md	4	3278	4354
d1:0100_polars_scalar_chunk_snapshots.md	5	4206	5350
d1:0100_polars_scalar_chunk_snapshots.md	6	5201	5745
d1:0100_polars_scalar_chunk_snapshots_evidence.md	0	2	841
d1:0100_polars_scalar_chunk_snapshots_evidence.md	1	749	1471
d1:0100_polars_scalar_chunk_snapshots_evidence.md	2	1399	2084
d1:0100_polars_scalar_chunk_snapshots_evidence.md	3	2013	2842
d1:0100_polars_scalar_chunk_snapshots_evidence.md	4	2718	3706
d1:0100_polars_scalar_chunk_snapshots_evidence.md	5	3576	4402
d1:0100_polars_scalar_chunk_snapshots_evidence.md	6	4307	5149
d1:0100_polars_scalar_chunk_snapshots_evidence.md	7	5076	5757
d1:0100_polars_scalar_chunk_snapshots_evidence.md	8	5705	6538
d1:0100_polars_scalar_chunk_snapshots_evidence.md	9	6413	7210
d1:0100_polars_scalar_chunk_snapshots_evidence.md	10	7144	7882
d1:0100_polars_scalar_chunk_snapshots_evidence.md	11	7828	8561
d1:0100_polars_scalar_chunk_snapshots_evidence.md	12	8418	9383
d1:0101_polars_indexed_chunk_snapshots.md	0	2	809
d1:0101_polars_indexed_chunk_snapshots.md	1	692	1615
d1:0101_polars_indexed_chunk_snapshots.md	2	1514	2606
d1:0101_polars_indexed_chunk_snapshots.md	3	2474	3476
d1:0101_polars_indexed_chunk_snapshots.md	4	3350	4362
d1:0101_polars_indexed_chunk_snapshots.md	5	4254	5311
d1:0101_polars_indexed_chunk_snapshots.md	6	5174	6049
d1:0101_polars_indexed_chunk_snapshots_evidence.md	0	2	804
d1:0101_polars_indexed_chunk_snapshots_evidence.md	1	729	1520
d1:0101_polars_indexed_chunk_snapshots_evidence.md	2	1464	2053
d1:0101_polars_indexed_chunk_snapshots_evidence.md	3	1954	2791
d1:0101_polars_indexed_chunk_snapshots_evidence.md	4	2701	3490
d1:0101_polars_indexed_chunk_snapshots_evidence.md	5	3377	4269
d1:0101_polars_indexed_chunk_snapshots_evidence.md	6	4179	4995
d1:0101_polars_indexed_chunk_snapshots_evidence.md	7	4896	5760
d1:0101_polars_indexed_chunk_snapshots_evidence.md	8	5670	6265
d1:0101_polars_indexed_chunk_snapshots_evidence.md	9	6187	6901
d1:0101_polars_indexed_chunk_snapshots_evidence.md	10	6804	7707
d1:0101_polars_indexed_chunk_snapshots_evidence.md	11	7600	8378
d1:0101_polars_indexed_chunk_snapshots_evidence.md	12	8284	8988
d1:0101_polars_indexed_chunk_snapshots_evidence.md	13	8876	9568
d1:0102_polars_single_chunk_array_snapshots.md	0	2	929
d1:0102_polars_single_chunk_array_snapshots.md	1	774	1802
d1:0102_polars_single_chunk_array_snapshots.md	2	1688	2741
d1:0102_polars_single_chunk_array_snapshots.md	3	2596	3651
d1:0102_polars_single_chunk_array_snapshots.md	4	3493	4597
d1:0102_polars_single_chunk_array_snapshots.md	5	4486	5633
d1:0102_polars_single_chunk_array_snapshots.md	6	5474	6281
d1:0102_polars_single_chunk_array_snapshots_evidence.md	0	2	831
d1:0102_polars_single_chunk_array_snapshots_evidence.md	1	766	1600
d1:0102_polars_single_chunk_array_snapshots_evidence.md	2	1489	2276
d1:0102_polars_single_chunk_array_snapshots_evidence.md	3	2137	3030
d1:0102_polars_single_chunk_array_snapshots_evidence.md	4	2914	3820
d1:0102_polars_single_chunk_array_snapshots_evidence.md	5	3706	4555
d1:0102_polars_single_chunk_array_snapshots_evidence.md	6	4445	5290
d1:0102_polars_single_chunk_array_snapshots_evidence.md	7	5235	5802
d1:0102_polars_single_chunk_array_snapshots_evidence.md	8	5706	6432
d1:0102_polars_single_chunk_array_snapshots_evidence.md	9	6340	7104
d1:0102_polars_single_chunk_array_snapshots_evidence.md	10	7015	7802
d1:0102_polars_single_chunk_array_snapshots_evidence.md	11	7697	8325
d1:0103_polars_typed_chunk_iterator_snapshots.md	0	2	917
d1:0103_polars_typed_chunk_iterator_snapshots.md	1	759	1710
d1:0103_polars_typed_chunk_iterator_snapshots.md	2	1589	2737
d1:0103_polars_typed_chunk_iterator_snapshots.md	3	2582	3646
d1:0103_polars_typed_chunk_iterator_snapshots.md	4	3525	4546
d1:0103_polars_typed_chunk_iterator_snapshots.md	5	4390	5479
d1:0103_polars_typed_chunk_iterator_snapshots.md	6	5295	6494
d1:0103_polars_typed_chunk_iterator_snapshots.md	7	6370	6634
d1:0103_polars_typed_chunk_iterator_snapshots_evidence.md	0	2	821
d1:0103_polars_typed_chunk_iterator_snapshots_evidence.md	1	756	1532
d1:0103_polars_typed_chunk_iterator_snapshots_evidence.md	2	1402	2170
d1:0103_polars_typed_chunk_iterator_snapshots_evidence.md	3	2076	3046
d1:0103_polars_typed_chunk_iterator_snapshots_evidence.md	4	2935	3776
d1:0103_polars_typed_chunk_iterator_snapshots_evidence.md	5	3662	4614
d1:0103_polars_typed_chunk_iterator_snapshots_evidence.md	6	4503	5319
d1:0103_polars_typed_chunk_iterator_snapshots_evidence.md	7	5239	6200
d1:0103_polars_typed_chunk_iterator_snapshots_evidence.md	8	6084	6875
d1:0103_polars_typed_chunk_iterator_snapshots_evidence.md	9	6820	7415
d1:0103_polars_typed_chunk_iterator_snapshots_evidence.md	10	7320	8093
d1:0103_polars_typed_chunk_iterator_snapshots_evidence.md	11	7994	8766
d1:0103_polars_typed_chunk_iterator_snapshots_evidence.md	12	8671	9260
d1:0103_polars_typed_chunk_iterator_snapshots_evidence.md	13	9196	10219
d1:0103_polars_typed_chunk_iterator_snapshots_evidence.md	14	10100	10468
d1:0104_polars_indexed_chunk_view_snapshots.md	0	2	882
d1:0104_polars_indexed_chunk_view_snapshots.md	1	786	1745
d1:0104_polars_indexed_chunk_view_snapshots.md	2	1598	2706
d1:0104_polars_indexed_chunk_view_snapshots.md	3	2558	3586
d1:0104_polars_indexed_chunk_view_snapshots.md	4	3467	4528
d1:0104_polars_indexed_chunk_view_snapshots.md	5	4433	5506
d1:0104_polars_indexed_chunk_view_snapshots.md	6	5346	6365
d1:0104_polars_indexed_chunk_view_snapshots_evidence.md	0	2	831
d1:0104_polars_indexed_chunk_view_snapshots_evidence.md	1	760	1461
d1:0104_polars_indexed_chunk_view_snapshots_evidence.md	2	1418	2023
d1:0104_polars_indexed_chunk_view_snapshots_evidence.md	3	1924	2800
d1:0104_polars_indexed_chunk_view_snapshots_evidence.md	4	2665	3456
d1:0104_polars_indexed_chunk_view_snapshots_evidence.md	5	3372	4258
d1:0104_polars_indexed_chunk_view_snapshots_evidence.md	6	4166	5030
d1:0104_polars_indexed_chunk_view_snapshots_evidence.md	7	4913	5796
d1:0104_polars_indexed_chunk_view_snapshots_evidence.md	8	5705	6465
d1:0104_polars_indexed_chunk_view_snapshots_evidence.md	9	6349	7085
d1:0104_polars_indexed_chunk_view_snapshots_evidence.md	10	7019	7769
d1:0104_polars_indexed_chunk_view_snapshots_evidence.md	11	7692	8331
d1:0105_polars_consuming_chunk_iterator_snapshots.md	0	2	868
d1:0105_polars_consuming_chunk_iterator_snapshots.md	1	768	1651
d1:0105_polars_consuming_chunk_iterator_snapshots.md	2	1539	2760
d1:0105_polars_consuming_chunk_iterator_snapshots.md	3	2600	3690
d1:0105_polars_consuming_chunk_iterator_snapshots.md	4	3584	4630
d1:0105_polars_consuming_chunk_iterator_snapshots.md	5	4474	5540
d1:0105_polars_consuming_chunk_iterator_snapshots.md	6	5374	6552
d1:0105_polars_consuming_chunk_iterator_snapshots.md	7	6428	6820
d1:0105_polars_consuming_chunk_iterator_snapshots_evidence.md	0	2	901
d1:0105_polars_consuming_chunk_iterator_snapshots_evidence.md	1	796	1654
d1:0105_polars_consuming_chunk_iterator_snapshots_evidence.md	2	1550	2367
d1:0105_polars_consuming_chunk_iterator_snapshots_evidence.md	3	2234	3164
d1:0105_polars_consuming_chunk_iterator_snapshots_evidence.md	4	3038	3839
d1:0105_polars_consuming_chunk_iterator_snapshots_evidence.md	5	3697	4663
d1:0105_polars_consuming_chunk_iterator_snapshots_evidence.md	6	4571	5397
d1:0105_polars_consuming_chunk_iterator_snapshots_evidence.md	7	5300	6230
d1:0105_polars_consuming_chunk_iterator_snapshots_evidence.md	8	6096	6867
d1:0105_polars_consuming_chunk_iterator_snapshots_evidence.md	9	6744	7542
d1:0105_polars_consuming_chunk_iterator_snapshots_evidence.md	10	7475	8182
d1:0105_polars_consuming_chunk_iterator_snapshots_evidence.md	11	8088	8656
d1:0105_polars_consuming_chunk_iterator_snapshots_evidence.md	12	8587	8863
d1:0106_polars_chunk_layout_snapshots.md	0	2	878
d1:0106_polars_chunk_layout_snapshots.md	1	811	1631
d1:0106_polars_chunk_layout_snapshots.md	2	1482	2640
d1:0106_polars_chunk_layout_snapshots.md	3	2482	3562
d1:0106_polars_chunk_layout_snapshots.md	4	3448	4313
d1:0106_polars_chunk_layout_snapshots.md	5	4204	5261
d1:0106_polars_chunk_layout_snapshots.md	6	5117	6228
d1:0106_polars_chunk_layout_snapshots.md	7	6089	6965
d1:0106_polars_chunk_layout_snapshots_evidence.md	0	2	878
d1:0106_polars_chunk_layout_snapshots_evidence.md	1	803	1448
d1:0106_polars_chunk_layout_snapshots_evidence.md	2	1337	2202
d1:0106_polars_chunk_layout_snapshots_evidence.md	3	2115	2830
d1:0106_polars_chunk_layout_snapshots_evidence.md	4	2729	3532
d1:0106_polars_chunk_layout_snapshots_evidence.md	5	3469	4372
d1:0106_polars_chunk_layout_snapshots_evidence.md	6	4233	5111
d1:0106_polars_chunk_layout_snapshots_evidence.md	7	4999	5840
d1:0106_polars_chunk_layout_snapshots_evidence.md	8	5742	6591
d1:0106_polars_chunk_layout_snapshots_evidence.md	9	6452	7157
d1:0106_polars_chunk_layout_snapshots_evidence.md	10	7094	7738
d1:0106_polars_chunk_layout_snapshots_evidence.md	11	7618	8451
d1:0106_polars_chunk_layout_snapshots_evidence.md	12	8343	9114
d1:0106_polars_chunk_layout_snapshots_evidence.md	13	9000	9621
d1:0106_polars_chunk_layout_snapshots_evidence.md	14	9554	10051
d1:0107_caller_owned_source_programs.md	0	2	934
d1:0107_caller_owned_source_programs.md	1	815	1802
d1:0107_caller_owned_source_programs.md	2	1690	2696
d1:0107_caller_owned_source_programs.md	3	2584	3090
d1:0107_caller_owned_source_programs_evidence.md	0	2	789
d1:0107_caller_owned_source_programs_evidence.md	1	674	1566
d1:0108_polars_v2_rust_api_baseline.md	0	2	922
d1:0108_polars_v2_rust_api_baseline.md	1	844	1740
d1:0108_polars_v2_rust_api_baseline.md	2	1626	2737
d1:0108_polars_v2_rust_api_baseline.md	3	2581	3688
d1:0108_polars_v2_rust_api_baseline.md	4	3513	4604
d1:0108_polars_v2_rust_api_baseline.md	5	4461	5679
d1:0108_polars_v2_rust_api_baseline.md	6	5515	6609
d1:0108_polars_v2_rust_api_baseline.md	7	6448	7149
d1:0108_polars_v2_rust_api_baseline_evidence.md	0	2	697
d1:0108_polars_v2_rust_api_baseline_evidence.md	1	594	1365
d1:0108_polars_v2_rust_api_baseline_evidence.md	2	1285	1979
d1:0108_polars_v2_rust_api_baseline_evidence.md	3	1881	2664
d1:0108_polars_v2_rust_api_baseline_evidence.md	4	2567	3386
d1:0108_polars_v2_rust_api_baseline_evidence.md	5	3275	4161
d1:0108_polars_v2_rust_api_baseline_evidence.md	6	4063	4883
d1:0108_polars_v2_rust_api_baseline_evidence.md	7	4777	5598
d1:0108_polars_v2_rust_api_baseline_evidence.md	8	5495	6316
d1:0108_polars_v2_rust_api_baseline_evidence.md	9	6205	7004
d1:0108_polars_v2_rust_api_baseline_evidence.md	10	6901	7751
d1:0108_polars_v2_rust_api_baseline_evidence.md	11	7655	8554
d1:0108_polars_v2_rust_api_baseline_evidence.md	12	8398	9361
d1:0108_polars_v2_rust_api_baseline_evidence.md	13	9224	10190
d1:0108_polars_v2_rust_api_baseline_evidence.md	14	10100	10470
d1:0109_polars_move_semantics.md	0	2	768
d1:0109_polars_move_semantics.md	1	656	1507
d1:0109_polars_move_semantics.md	2	1388	2319
d1:0109_polars_move_semantics.md	3	2229	3156
d1:0109_polars_move_semantics.md	4	3048	3743
d1:0109_polars_move_semantics_evidence.md	0	2	744
d1:0109_polars_move_semantics_evidence.md	1	653	1500
d1:0109_polars_move_semantics_evidence.md	2	1380	2041
d1:0109_polars_move_semantics_evidence.md	3	1944	2832
d1:0109_polars_move_semantics_evidence.md	4	2720	3473
d1:0109_polars_move_semantics_evidence.md	5	3376	4177
d1:0109_polars_move_semantics_evidence.md	6	4053	4976
d1:0109_polars_move_semantics_evidence.md	7	4845	5524
d1:0109_polars_move_semantics_evidence.md	8	5455	5530
d1:0110_polars_trait_implementor_dispatch.md	0	2	837
d1:0110_polars_trait_implementor_dispatch.md	1	714	1641
d1:0110_polars_trait_implementor_dispatch.md	2	1506	2630
d1:0110_polars_trait_implementor_dispatch.md	3	2476	3602
d1:0110_polars_trait_implementor_dispatch.md	4	3434	4565
d1:0110_polars_trait_implementor_dispatch.md	5	4422	5584
d1:0110_polars_trait_implementor_dispatch.md	6	5436	6496
d1:0110_polars_trait_implementor_dispatch_evidence.md	0	2	894
d1:0110_polars_trait_implementor_dispatch_evidence.md	1	787	1625
d1:0110_polars_trait_implementor_dispatch_evidence.md	2	1557	2527
d1:0110_polars_trait_implementor_dispatch_evidence.md	3	2409	3249
d1:0110_polars_trait_implementor_dispatch_evidence.md	4	3157	3856
d1:0110_polars_trait_implementor_dispatch_evidence.md	5	3744	4542
d1:0110_polars_trait_implementor_dispatch_evidence.md	6	4473	5220
d1:0110_polars_trait_implementor_dispatch_evidence.md	7	5126	5884
d1:0110_polars_trait_implementor_dispatch_evidence.md	8	5789	6620
d1:0110_polars_trait_implementor_dispatch_evidence.md	9	6509	7253
d1:0110_polars_trait_implementor_dispatch_evidence.md	10	7121	8105
d1:0110_polars_trait_implementor_dispatch_evidence.md	11	7995	8915
d1:0110_polars_trait_implementor_dispatch_evidence.md	12	8778	9245
d1:0111_polars_rust_protocols.md	0	2	792
d1:0111_polars_rust_protocols.md	1	679	1759
d1:0111_polars_rust_protocols.md	2	1600	2745
d1:0111_polars_rust_protocols.md	3	2631	3515
d1:0111_polars_rust_protocols.md	4	3364	4299
d1:0111_polars_rust_protocols.md	5	4163	5307
d1:0111_polars_rust_protocols.md	6	5140	6226
d1:0111_polars_rust_protocols.md	7	6086	7274
d1:0111_polars_rust_protocols.md	8	7109	7718
d1:0111_polars_rust_protocols_evidence.md	0	2	820
d1:0111_polars_rust_protocols_evidence.md	1	707	1440
d1:0111_polars_rust_protocols_evidence.md	2	1365	2080
d1:0111_polars_rust_protocols_evidence.md	3	1954	2756
d1:0111_polars_rust_protocols_evidence.md	4	2649	3385
d1:0111_polars_rust_protocols_evidence.md	5	3313	3913
d1:0111_polars_rust_protocols_evidence.md	6	3856	4624
d1:0111_polars_rust_protocols_evidence.md	7	4544	5359
d1:0111_polars_rust_protocols_evidence.md	8	5254	6048
d1:0111_polars_rust_protocols_evidence.md	9	5981	6727
d1:0111_polars_rust_protocols_evidence.md	10	6546	7346
d1:0111_polars_rust_protocols_evidence.md	11	7275	7889
d1:0111_polars_rust_protocols_evidence.md	12	7797	8748
d1:0111_polars_rust_protocols_evidence.md	13	8611	8877
d1:0112_polars_generic_trait_impls.md	0	2	764
d1:0112_polars_generic_trait_impls.md	1	698	1723
d1:0112_polars_generic_trait_impls.md	2	1606	2644
d1:0112_polars_generic_trait_impls.md	3	2487	3534
d1:0112_polars_generic_trait_impls.md	4	3371	4571
d1:0112_polars_generic_trait_impls.md	5	4402	5496
d1:0112_polars_generic_trait_impls.md	6	5334	6437
d1:0112_polars_generic_trait_impls.md	7	6278	7445
d1:0112_polars_generic_trait_impls.md	8	7294	8406
d1:0112_polars_generic_trait_impls.md	9	8301	9093
d1:0112_polars_generic_trait_impls_evidence.md	0	2	827
d1:0112_polars_generic_trait_impls_evidence.md	1	741	1504
d1:0112_polars_generic_trait_impls_evidence.md	2	1432	2230
d1:0112_polars_generic_trait_impls_evidence.md	3	2113	3007
d1:0112_polars_generic_trait_impls_evidence.md	4	2922	3724
d1:0112_polars_generic_trait_impls_evidence.md	5	3645	4501
d1:0112_polars_generic_trait_impls_evidence.md	6	4391	5105
d1:0112_polars_generic_trait_impls_evidence.md	7	5028	5636
d1:0112_polars_generic_trait_impls_evidence.md	8	5566	6317
d1:0112_polars_generic_trait_impls_evidence.md	9	6220	6914
d1:0112_polars_generic_trait_impls_evidence.md	10	6830	7649
d1:0112_polars_generic_trait_impls_evidence.md	11	7560	8422
d1:0112_polars_generic_trait_impls_evidence.md	12	8333	9210
d1:0112_polars_generic_trait_impls_evidence.md	13	9126	9960
d1:0112_polars_generic_trait_impls_evidence.md	14	9821	10525
d1:0112_polars_generic_trait_impls_evidence.md	15	10464	11217
d1:0112_polars_generic_trait_impls_evidence.md	16	11095	11892
d1:0112_polars_generic_trait_impls_evidence.md	17	11821	12711
d1:0112_polars_generic_trait_impls_evidence.md	18	12609	12910
d1:0113_polars_nonserde_generic_trait_impls.md	0	2	723
d1:0113_polars_nonserde_generic_trait_impls.md	1	650	1559
d1:0113_polars_nonserde_generic_trait_impls.md	2	1455	2372
d1:0113_polars_nonserde_generic_trait_impls.md	3	2202	3343
d1:0113_polars_nonserde_generic_trait_impls.md	4	3180	4300
d1:0113_polars_nonserde_generic_trait_impls.md	5	4165	5233
d1:0113_polars_nonserde_generic_trait_impls.md	6	5096	6106
d1:0113_polars_nonserde_generic_trait_impls.md	7	5961	7017
d1:0113_polars_nonserde_generic_trait_impls.md	8	6861	7942
d1:0113_polars_nonserde_generic_trait_impls.md	9	7849	8905
d1:0113_polars_nonserde_generic_trait_impls.md	10	8757	10031
d1:0113_polars_nonserde_generic_trait_impls.md	11	9877	11080
d1:0113_polars_nonserde_generic_trait_impls.md	12	10930	11309
d1:0113_polars_nonserde_generic_trait_impls_evidence.md	0	2	686
d1:0113_polars_nonserde_generic_trait_impls_evidence.md	1	600	1505
d1:0113_polars_nonserde_generic_trait_impls_evidence.md	2	1421	2259
d1:0113_polars_nonserde_generic_trait_impls_evidence.md	3	2147	3041
d1:0113_polars_nonserde_generic_trait_impls_evidence.md	4	2961	3677
d1:0113_polars_nonserde_generic_trait_impls_evidence.md	5	3581	4349
d1:0113_polars_nonserde_generic_trait_impls_evidence.md	6	4241	5147
d1:0113_polars_nonserde_generic_trait_impls_evidence.md	7	5043	5958
d1:0113_polars_nonserde_generic_trait_impls_evidence.md	8	5876	6604
d1:0113_polars_nonserde_generic_trait_impls_evidence.md	9	6539	7225
d1:0113_polars_nonserde_generic_trait_impls_evidence.md	10	7114	7836
d1:0113_polars_nonserde_generic_trait_impls_evidence.md	11	7759	8461
d1:0113_polars_nonserde_generic_trait_impls_evidence.md	12	8368	9239
d1:0113_polars_nonserde_generic_trait_impls_evidence.md	13	9121	9872
d1:0114_polars_gen_module_split.md	0	2	857
d1:0114_polars_gen_module_split.md	1	755	1524
d1:0114_polars_gen_module_split.md	2	1433	2360
d1:0114_polars_gen_module_split.md	3	2211	2992
d1:0114_polars_gen_module_split.md	4	2922	3589
d1:0114_polars_gen_module_split.md	5	3524	4234
d1:0114_polars_gen_module_split.md	6	4125	4852
d1:0114_polars_gen_module_split.md	7	4769	5623
d1:0114_polars_gen_module_split.md	8	5546	6507
d1:0114_polars_gen_module_split.md	9	6372	7356
d1:0114_polars_gen_module_split.md	10	7231	8034
d1:0114_polars_gen_module_split.md	11	7915	8797
d1:0114_polars_gen_module_split.md	12	8709	9642
d1:0114_polars_gen_module_split.md	13	9538	10579
d1:0114_polars_gen_module_split.md	14	10439	11148
d1:0114_polars_gen_module_split_evidence.md	0	2	794
d1:0114_polars_gen_module_split_evidence.md	1	712	1506
d1:0114_polars_gen_module_split_evidence.md	2	1400	2246
d1:0114_polars_gen_module_split_evidence.md	3	2160	2965
d1:0114_polars_gen_module_split_evidence.md	4	2874	3812
d1:0114_polars_gen_module_split_evidence.md	5	3681	4521
d1:0114_polars_gen_module_split_evidence.md	6	4403	5326
d1:0114_polars_gen_module_split_evidence.md	7	5190	6008
d1:0114_polars_gen_module_split_evidence.md	8	5903	6647
d1:0114_polars_gen_module_split_evidence.md	9	6558	7156
d1:0114_polars_gen_module_split_evidence.md	10	7083	7697
d1:0114_polars_gen_module_split_evidence.md	11	7613	8313
d1:0114_polars_gen_module_split_evidence.md	12	8193	9130
d1:0114_polars_gen_module_split_evidence.md	13	9018	9226
d1:0115_polars_gen_family_registry.md	0	2	978
d1:0115_polars_gen_family_registry.md	1	865	1720
d1:0115_polars_gen_family_registry.md	2	1580	2436
d1:0115_polars_gen_family_registry.md	3	2327	3220
d1:0115_polars_gen_family_registry.md	4	3081	3992
d1:0115_polars_gen_family_registry.md	5	3860	4806
d1:0115_polars_gen_family_registry.md	6	4691	5536
d1:0115_polars_gen_family_registry.md	7	5394	6354
d1:0115_polars_gen_family_registry.md	8	6252	7270
d1:0115_polars_gen_family_registry.md	9	7146	8177
d1:0115_polars_gen_family_registry.md	10	8025	9071
d1:0115_polars_gen_family_registry.md	11	8942	9842
d1:0115_polars_gen_family_registry_evidence.md	0	2	914
d1:0115_polars_gen_family_registry_evidence.md	1	829	1588
d1:0115_polars_gen_family_registry_evidence.md	2	1495	2258
d1:0115_polars_gen_family_registry_evidence.md	3	2162	2951
d1:0115_polars_gen_family_registry_evidence.md	4	2858	3644
d1:0115_polars_gen_family_registry_evidence.md	5	3563	4353
d1:0115_polars_gen_family_registry_evidence.md	6	4274	5114
d1:0115_polars_gen_family_registry_evidence.md	7	5025	5904
d1:0115_polars_gen_family_registry_evidence.md	8	5810	6802
d1:0115_polars_gen_family_registry_evidence.md	9	6655	7555
d1:0115_polars_gen_family_registry_evidence.md	10	7470	8283
d1:0115_polars_gen_family_registry_evidence.md	11	8174	9004
d1:0115_polars_gen_family_registry_evidence.md	12	8895	9687
d1:0115_polars_gen_family_registry_evidence.md	13	9606	10507
d1:0115_polars_gen_family_registry_evidence.md	14	10364	11250
d1:0115_polars_gen_family_registry_evidence.md	15	11126	11824
d1:0115_polars_gen_family_registry_evidence.md	16	11736	12633
d1:0115_polars_gen_family_registry_evidence.md	17	12501	13395
d1:0115_polars_gen_family_registry_evidence.md	18	13288	14135
d1:0115_polars_gen_family_registry_evidence.md	19	14040	14961
d1:0115_polars_gen_family_registry_evidence.md	20	14875	15686
d1:0115_polars_gen_family_registry_evidence.md	21	15556	16532
d1:0115_polars_gen_family_registry_evidence.md	22	16429	16680
d1:0116_polars_generic_methods.md	0	2	935
d1:0116_polars_generic_methods.md	1	829	1632
d1:0116_polars_generic_methods.md	2	1554	2196
d1:0116_polars_generic_methods.md	3	2129	2923
d1:0116_polars_generic_methods.md	4	2817	3556
d1:0116_polars_generic_methods.md	5	3468	4507
d1:0116_polars_generic_methods.md	6	4382	5384
d1:0116_polars_generic_methods.md	7	5301	6151
d1:0116_polars_generic_methods.md	8	6010	6952
d1:0116_polars_generic_methods.md	9	6799	7838
d1:0116_polars_generic_methods.md	10	7716	8680
d1:0116_polars_generic_methods.md	11	8538	9576
d1:0116_polars_generic_methods.md	12	9469	10347
d1:0116_polars_generic_methods.md	13	10239	11237
d1:0116_polars_generic_methods.md	14	11118	12027
d1:0116_polars_generic_methods_evidence.md	0	2	658
d1:0116_polars_generic_methods_evidence.md	1	598	1320
d1:0116_polars_generic_methods_evidence.md	2	1210	2044
d1:0116_polars_generic_methods_evidence.md	3	1926	2791
d1:0116_polars_generic_methods_evidence.md	4	2656	3512
d1:0116_polars_generic_methods_evidence.md	5	3411	4340
d1:0116_polars_generic_methods_evidence.md	6	4229	5154
d1:0116_polars_generic_methods_evidence.md	7	5029	5867
d1:0116_polars_generic_methods_evidence.md	8	5741	6701
d1:0116_polars_generic_methods_evidence.md	9	6562	7495
d1:0116_polars_generic_methods_evidence.md	10	7340	8207
d1:0116_polars_generic_methods_evidence.md	11	8080	8857
d1:0116_polars_generic_methods_evidence.md	12	8781	9557
d1:0116_polars_generic_methods_evidence.md	13	9478	10145
d1:0116_polars_generic_methods_evidence.md	14	10062	11012
d1:0116_polars_generic_methods_evidence.md	15	10915	11743
d1:0116_polars_generic_methods_evidence.md	16	11642	12034
d1:0117_polars_trait_arguments.md	0	2	888
d1:0117_polars_trait_arguments.md	1	767	1557
d1:0117_polars_trait_arguments.md	2	1466	2289
d1:0117_polars_trait_arguments.md	3	2135	3028
d1:0117_polars_trait_arguments.md	4	2904	3848
d1:0117_polars_trait_arguments.md	5	3726	4760
d1:0117_polars_trait_arguments.md	6	4617	5613
d1:0117_polars_trait_arguments.md	7	5503	6531
d1:0117_polars_trait_arguments.md	8	6394	7402
d1:0117_polars_trait_arguments.md	9	7290	8156
d1:0117_polars_trait_arguments.md	10	8042	8949
d1:0117_polars_trait_arguments.md	11	8832	9871
d1:0117_polars_trait_arguments.md	12	9737	10679
d1:0117_polars_trait_arguments.md	13	10544	11260
d1:0117_polars_trait_arguments_evidence.md	0	2	725
d1:0117_polars_trait_arguments_evidence.md	1	665	1362
d1:0117_polars_trait_arguments_evidence.md	2	1290	2131
d1:0117_polars_trait_arguments_evidence.md	3	2042	3029
d1:0117_polars_trait_arguments_evidence.md	4	2895	3845
d1:0117_polars_trait_arguments_evidence.md	5	3721	4704
d1:0117_polars_trait_arguments_evidence.md	6	4592	5576
d1:0117_polars_trait_arguments_evidence.md	7	5432	6468
d1:0117_polars_trait_arguments_evidence.md	8	6350	7361
d1:0117_polars_trait_arguments_evidence.md	9	7230	8154
d1:0117_polars_trait_arguments_evidence.md	10	8014	8839
d1:0117_polars_trait_arguments_evidence.md	11	8726	9461
d1:0117_polars_trait_arguments_evidence.md	12	9365	10195
d1:0117_polars_trait_arguments_evidence.md	13	10083	10915
d1:0117_polars_trait_arguments_evidence.md	14	10820	11511
d1:0117_polars_trait_arguments_evidence.md	15	11423	12201
d1:0117_polars_trait_arguments_evidence.md	16	12125	12358
d1:0118_polars_in_memory_io.md	0	2	827
d1:0118_polars_in_memory_io.md	1	732	1543
d1:0118_polars_in_memory_io.md	2	1419	2444
d1:0118_polars_in_memory_io.md	3	2334	3280
d1:0118_polars_in_memory_io.md	4	3160	4135
d1:0118_polars_in_memory_io.md	5	4031	5040
d1:0118_polars_in_memory_io.md	6	4919	5941
d1:0118_polars_in_memory_io.md	7	5831	6541
d1:0118_polars_in_memory_io.md	8	6407	7190
d1:0118_polars_in_memory_io.md	9	7088	7845
d1:0118_polars_in_memory_io.md	10	7713	8652
d1:0118_polars_in_memory_io.md	11	8510	9394
d1:0118_polars_in_memory_io.md	12	9259	10199
d1:0118_polars_in_memory_io.md	13	10098	10943
d1:0118_polars_in_memory_io_evidence.md	0	2	709
d1:0118_polars_in_memory_io_evidence.md	1	640	1402
d1:0118_polars_in_memory_io_evidence.md	2	1311	2027
d1:0118_polars_in_memory_io_evidence.md	3	1942	2677
d1:0118_polars_in_memory_io_evidence.md	4	2538	3501
d1:0118_polars_in_memory_io_evidence.md	5	3409	4382
d1:0118_polars_in_memory_io_evidence.md	6	4242	5138
d1:0118_polars_in_memory_io_evidence.md	7	5074	5694
d1:0118_polars_in_memory_io_evidence.md	8	5629	6342
d1:0118_polars_in_memory_io_evidence.md	9	6229	7028
d1:0118_polars_in_memory_io_evidence.md	10	6947	7772
d1:0118_polars_in_memory_io_evidence.md	11	7689	8445
d1:0118_polars_in_memory_io_evidence.md	12	8349	9166
d1:0118_polars_in_memory_io_evidence.md	13	9073	9872
d1:0118_polars_in_memory_io_evidence.md	14	9768	10514
d1:0118_polars_in_memory_io_evidence.md	15	10432	11109
d1:0118_polars_in_memory_io_evidence.md	16	11004	11774
d1:0118_polars_in_memory_io_evidence.md	17	11669	12442
d1:0118_polars_in_memory_io_evidence.md	18	12360	13046
d1:0118_polars_in_memory_io_evidence.md	19	12961	13145
d1:0119_polars_arrow_value_layer.md	0	2	888
d1:0119_polars_arrow_value_layer.md	1	758	1660
d1:0119_polars_arrow_value_layer.md	2	1536	2592
d1:0119_polars_arrow_value_layer.md	3	2463	3409
d1:0119_polars_arrow_value_layer.md	4	3312	4113
d1:0119_polars_arrow_value_layer.md	5	4021	4886
d1:0119_polars_arrow_value_layer.md	6	4781	5620
d1:0119_polars_arrow_value_layer.md	7	5548	6508
d1:0119_polars_arrow_value_layer.md	8	6365	7291
d1:0119_polars_arrow_value_layer.md	9	7207	8167
d1:0119_polars_arrow_value_layer.md	10	8021	8513
d1:0119_polars_arrow_value_layer_evidence.md	0	2	811
d1:0119_polars_arrow_value_layer_evidence.md	1	754	1420
d1:0119_polars_arrow_value_layer_evidence.md	2	1323	2227
d1:0119_polars_arrow_value_layer_evidence.md	3	2113	3087
d1:0119_polars_arrow_value_layer_evidence.md	4	2956	3870
d1:0119_polars_arrow_value_layer_evidence.md	5	3754	4644
d1:0119_polars_arrow_value_layer_evidence.md	6	4562	5292
d1:0119_polars_arrow_value_layer_evidence.md	7	5195	6069
d1:0119_polars_arrow_value_layer_evidence.md	8	5947	6756
d1:0119_polars_arrow_value_layer_evidence.md	9	6669	7614
d1:0119_polars_arrow_value_layer_evidence.md	10	7523	8238
d1:0119_polars_arrow_value_layer_evidence.md	11	8167	8979
d1:0119_polars_arrow_value_layer_evidence.md	12	8893	9733
d1:0119_polars_arrow_value_layer_evidence.md	13	9622	10477
d1:0119_polars_arrow_value_layer_evidence.md	14	10401	11065
d1:0119_polars_arrow_value_layer_evidence.md	15	10962	11755
d1:0119_polars_arrow_value_layer_evidence.md	16	11658	12402
d1:0119_polars_arrow_value_layer_evidence.md	17	12295	12952
d1:0120_polars_arrow_concrete_arrays.md	0	2	855
d1:0120_polars_arrow_concrete_arrays.md	1	748	1477
d1:0120_polars_arrow_concrete_arrays.md	2	1406	2042
d1:0120_polars_arrow_concrete_arrays.md	3	1953	2827
d1:0120_polars_arrow_concrete_arrays.md	4	2715	3381
d1:0120_polars_arrow_concrete_arrays.md	5	3307	4152
d1:0120_polars_arrow_concrete_arrays.md	6	4052	4959
d1:0120_polars_arrow_concrete_arrays.md	7	4827	5807
d1:0120_polars_arrow_concrete_arrays.md	8	5692	6381
d1:0120_polars_arrow_concrete_arrays.md	9	6320	7174
d1:0120_polars_arrow_concrete_arrays.md	10	7101	7846
d1:0120_polars_arrow_concrete_arrays.md	11	7744	8713
d1:0120_polars_arrow_concrete_arrays.md	12	8581	9587
d1:0120_polars_arrow_concrete_arrays.md	13	9457	9968
d1:0120_polars_arrow_concrete_arrays_evidence.md	0	2	980
d1:0120_polars_arrow_concrete_arrays_evidence.md	1	842	1454
d1:0120_polars_arrow_concrete_arrays_evidence.md	2	1359	2296
d1:0120_polars_arrow_concrete_arrays_evidence.md	3	2173	2914
d1:0120_polars_arrow_concrete_arrays_evidence.md	4	2861	3575
d1:0120_polars_arrow_concrete_arrays_evidence.md	5	3468	4384
d1:0120_polars_arrow_concrete_arrays_evidence.md	6	4262	5142
d1:0120_polars_arrow_concrete_arrays_evidence.md	7	5066	5829
d1:0120_polars_arrow_concrete_arrays_evidence.md	8	5735	6487
d1:0120_polars_arrow_concrete_arrays_evidence.md	9	6399	7246
d1:0120_polars_arrow_concrete_arrays_evidence.md	10	7126	7828
d1:0120_polars_arrow_concrete_arrays_evidence.md	11	7715	8456
d1:0120_polars_arrow_concrete_arrays_evidence.md	12	8366	9090
d1:0120_polars_arrow_concrete_arrays_evidence.md	13	9005	9858
d1:0120_polars_arrow_concrete_arrays_evidence.md	14	9783	10576
d1:0120_polars_arrow_concrete_arrays_evidence.md	15	10465	11318
d1:0120_polars_arrow_concrete_arrays_evidence.md	16	11206	12070
d1:0120_polars_arrow_concrete_arrays_evidence.md	17	11967	12805
d1:0120_polars_arrow_concrete_arrays_evidence.md	18	12709	13562
d1:0120_polars_arrow_concrete_arrays_evidence.md	19	13453	14257
d1:0120_polars_arrow_concrete_arrays_evidence.md	20	14168	15044
d1:0120_polars_arrow_concrete_arrays_evidence.md	21	14928	15772
d1:0120_polars_arrow_concrete_arrays_evidence.md	22	15660	16477
d1:0120_polars_arrow_concrete_arrays_evidence.md	23	16360	17161
d1:0120_polars_arrow_concrete_arrays_evidence.md	24	17090	17573
d1:0121_polars_oracle_fixtures.md	0	2	780
d1:0121_polars_oracle_fixtures.md	1	706	1414
d1:0121_polars_oracle_fixtures.md	2	1315	2173
d1:0121_polars_oracle_fixtures.md	3	2052	3125
d1:0121_polars_oracle_fixtures.md	4	2994	3816
d1:0121_polars_oracle_fixtures_evidence.md	0	2	723
d1:0121_polars_oracle_fixtures_evidence.md	1	667	1414
d1:0121_polars_oracle_fixtures_evidence.md	2	1342	2015
d1:0121_polars_oracle_fixtures_evidence.md	3	1939	2815
d1:0121_polars_oracle_fixtures_evidence.md	4	2706	3514
d1:0121_polars_oracle_fixtures_evidence.md	5	3406	4300
d1:0121_polars_oracle_fixtures_evidence.md	6	4191	5091
d1:0121_polars_oracle_fixtures_evidence.md	7	5006	5735
d1:0121_polars_oracle_fixtures_evidence.md	8	5646	6450
d1:0121_polars_oracle_fixtures_evidence.md	9	6315	7160
d1:0121_polars_oracle_fixtures_evidence.md	10	7058	7899
d1:0121_polars_oracle_fixtures_evidence.md	11	7799	8635
d1:0121_polars_oracle_fixtures_evidence.md	12	8509	9385
d1:0121_polars_oracle_fixtures_evidence.md	13	9254	10169
d1:0121_polars_oracle_fixtures_evidence.md	14	10065	10192
d1:0122_workflow_probe.md	0	2	939
d1:0122_workflow_probe.md	1	828	1639
d1:0122_workflow_probe.md	2	1536	2459
d1:0122_workflow_probe.md	3	2326	3396
d1:0122_workflow_probe.md	4	3267	4310
d1:0122_workflow_probe.md	5	4151	5176
d1:0122_workflow_probe.md	6	5048	5411
d1:0122_workflow_probe_evidence.md	0	2	916
d1:0122_workflow_probe_evidence.md	1	784	1609
d1:0122_workflow_probe_evidence.md	2	1514	2358
d1:0122_workflow_probe_evidence.md	3	2233	3122
d1:0122_workflow_probe_evidence.md	4	3027	3874
d1:0122_workflow_probe_evidence.md	5	3774	4619
d1:0122_workflow_probe_evidence.md	6	4541	5231
d1:0122_workflow_probe_evidence.md	7	5153	5998
d1:0122_workflow_probe_evidence.md	8	5881	6855
d1:0122_workflow_probe_evidence.md	9	6743	7620
d1:0122_workflow_probe_evidence.md	10	7502	8389
d1:0122_workflow_probe_evidence.md	11	8261	9089
d1:0122_workflow_probe_evidence.md	12	9015	9829
d1:0122_workflow_probe_evidence.md	13	9712	10184
d1:0123_schema_display_and_cast.md	0	2	859
d1:0123_schema_display_and_cast.md	1	801	1490
d1:0123_schema_display_and_cast.md	2	1410	2098
d1:0123_schema_display_and_cast.md	3	2027	2858
d1:0123_schema_display_and_cast.md	4	2734	3632
d1:0123_schema_display_and_cast.md	5	3545	4396
d1:0123_schema_display_and_cast.md	6	4281	5235
d1:0123_schema_display_and_cast.md	7	5110	6102
d1:0123_schema_display_and_cast.md	8	6003	6696
d1:0123_schema_display_and_cast_evidence.md	0	2	812
d1:0123_schema_display_and_cast_evidence.md	1	696	1413
d1:0123_schema_display_and_cast_evidence.md	2	1328	2174
d1:0123_schema_display_and_cast_evidence.md	3	2077	2913
d1:0123_schema_display_and_cast_evidence.md	4	2809	3599
d1:0123_schema_display_and_cast_evidence.md	5	3518	4387
d1:0123_schema_display_and_cast_evidence.md	6	4301	5154
d1:0123_schema_display_and_cast_evidence.md	7	5038	5806
d1:0123_schema_display_and_cast_evidence.md	8	5730	6490
d1:0123_schema_display_and_cast_evidence.md	9	6381	7245
d1:0123_schema_display_and_cast_evidence.md	10	7180	7848
d1:0123_schema_display_and_cast_evidence.md	11	7735	8625
d1:0123_schema_display_and_cast_evidence.md	12	8525	9259
d1:0123_schema_display_and_cast_evidence.md	13	9199	10045
d1:0123_schema_display_and_cast_evidence.md	14	9945	10886
d1:0123_schema_display_and_cast_evidence.md	15	10760	11580
d1:0123_schema_display_and_cast_evidence.md	16	11506	12160
d1:0123_schema_display_and_cast_evidence.md	17	12070	12867
d1:0124_preview_dtypes_and_columns.md	0	2	896
d1:0124_preview_dtypes_and_columns.md	1	781	1671
d1:0124_preview_dtypes_and_columns.md	2	1550	2361
d1:0124_preview_dtypes_and_columns.md	3	2277	3151
d1:0124_preview_dtypes_and_columns.md	4	3056	3964
d1:0124_preview_dtypes_and_columns.md	5	3851	4777
d1:0124_preview_dtypes_and_columns.md	6	4683	5623
d1:0124_preview_dtypes_and_columns.md	7	5497	6530
d1:0124_preview_dtypes_and_columns.md	8	6398	7348
d1:0124_preview_dtypes_and_columns.md	9	7269	8184
d1:0124_preview_dtypes_and_columns.md	10	8056	8303
d1:0124_preview_dtypes_and_columns_evidence.md	0	2	735
d1:0124_preview_dtypes_and_columns_evidence.md	1	679	1470
d1:0124_preview_dtypes_and_columns_evidence.md	2	1362	2199
d1:0124_preview_dtypes_and_columns_evidence.md	3	2078	2921
d1:0124_preview_dtypes_and_columns_evidence.md	4	2766	3765
d1:0124_preview_dtypes_and_columns_evidence.md	5	3641	4449
d1:0124_preview_dtypes_and_columns_evidence.md	6	4352	5029
d1:0124_preview_dtypes_and_columns_evidence.md	7	4951	5751
d1:0124_preview_dtypes_and_columns_evidence.md	8	5620	6431
d1:0124_preview_dtypes_and_columns_evidence.md	9	6370	6904
d1:0124_preview_dtypes_and_columns_evidence.md	10	6832	7499
d1:0124_preview_dtypes_and_columns_evidence.md	11	7429	8150
d1:0124_preview_dtypes_and_columns_evidence.md	12	8059	8845
d1:0124_preview_dtypes_and_columns_evidence.md	13	8744	9611
d1:0124_preview_dtypes_and_columns_evidence.md	14	9510	10289
d1:0124_preview_dtypes_and_columns_evidence.md	15	10186	10966
d1:0124_preview_dtypes_and_columns_evidence.md	16	10859	11580
d1:0124_preview_dtypes_and_columns_evidence.md	17	11479	12402
d1:0124_preview_dtypes_and_columns_evidence.md	18	12271	13003
d1:0124_preview_dtypes_and_columns_evidence.md	19	12916	13783
d1:0124_preview_dtypes_and_columns_evidence.md	20	13657	14616
d1:0124_preview_dtypes_and_columns_evidence.md	21	14502	15296
d1:0124_preview_dtypes_and_columns_evidence.md	22	15203	16038
d1:0124_preview_dtypes_and_columns_evidence.md	23	15902	16804
d1:0124_preview_dtypes_and_columns_evidence.md	24	16697	17449
d1:0125_loading.md	0	2	875
d1:0125_loading.md	1	808	1452
d1:0125_loading.md	2	1362	2226
d1:0125_loading.md	3	2110	3051
d1:0125_loading.md	4	2965	3740
d1:0125_loading.md	5	3633	4542
d1:0125_loading.md	6	4422	5427
d1:0125_loading.md	7	5290	6067
d1:0125_loading.md	8	5976	6741
d1:0125_loading.md	9	6640	7441
d1:0125_loading.md	10	7347	8196
d1:0125_loading.md	11	8066	8801
d1:0125_loading.md	12	8745	9485
d1:0125_loading.md	13	9392	10115
d1:0125_loading.md	14	10036	10938
d1:0125_loading.md	15	10814	11664
d1:0125_loading.md	16	11571	11674
d1:0125_loading_evidence.md	0	2	765
d1:0125_loading_evidence.md	1	638	1455
d1:0125_loading_evidence.md	2	1359	2194
d1:0125_loading_evidence.md	3	2097	2849
d1:0125_loading_evidence.md	4	2765	3593
d1:0125_loading_evidence.md	5	3517	4182
d1:0125_loading_evidence.md	6	4122	4993
d1:0125_loading_evidence.md	7	4838	5811
d1:0125_loading_evidence.md	8	5702	6577
d1:0125_loading_evidence.md	9	6449	7195
d1:0125_loading_evidence.md	10	7102	7802
d1:0125_loading_evidence.md	11	7706	8432
d1:0125_loading_evidence.md	12	8336	9071
d1:0125_loading_evidence.md	13	8985	9792
d1:0125_loading_evidence.md	14	9667	10408
d1:0125_loading_evidence.md	15	10353	10948
d1:0125_loading_evidence.md	16	10891	11549
d1:0125_loading_evidence.md	17	11447	12175
d1:0125_loading_evidence.md	18	12065	12683
d1:0125_loading_evidence.md	19	12619	13242
d1:0125_loading_evidence.md	20	13146	13887
d1:0125_loading_evidence.md	21	13784	14628
d1:0125_loading_evidence.md	22	14523	15458
d1:0125_loading_evidence.md	23	15342	16167
d1:0125_loading_evidence.md	24	16063	16932
d1:0125_loading_evidence.md	25	16840	17612
d1:0125_loading_evidence.md	26	17484	18077
d1:0126_eager_group_by.md	0	2	824
d1:0126_eager_group_by.md	1	738	1505
d1:0126_eager_group_by.md	2	1410	2212
d1:0126_eager_group_by.md	3	2132	2971
d1:0126_eager_group_by.md	4	2877	3681
d1:0126_eager_group_by.md	5	3614	4331
d1:0126_eager_group_by.md	6	4230	5065
d1:0126_eager_group_by.md	7	4968	5784
d1:0126_eager_group_by.md	8	5672	6584
d1:0126_eager_group_by.md	9	6459	7238
d1:0126_eager_group_by.md	10	7142	7919
d1:0126_eager_group_by.md	11	7794	8696
d1:0126_eager_group_by.md	12	8543	9384
d1:0126_eager_group_by.md	13	9290	10170
d1:0126_eager_group_by_evidence.md	0	2	760
d1:0126_eager_group_by_evidence.md	1	639	1376
d1:0126_eager_group_by_evidence.md	2	1293	1973
d1:0126_eager_group_by_evidence.md	3	1888	2702
d1:0126_eager_group_by_evidence.md	4	2592	3471
d1:0126_eager_group_by_evidence.md	5	3356	4104
d1:0126_eager_group_by_evidence.md	6	3995	4771
d1:0126_eager_group_by_evidence.md	7	4688	5358
d1:0126_eager_group_by_evidence.md	8	5254	6103
d1:0126_eager_group_by_evidence.md	9	6018	6696
d1:0126_eager_group_by_evidence.md	10	6576	7354
d1:0126_eager_group_by_evidence.md	11	7275	8064
d1:0126_eager_group_by_evidence.md	12	7973	8808
d1:0126_eager_group_by_evidence.md	13	8753	9291
d1:0126_eager_group_by_evidence.md	14	9198	10009
d1:0126_eager_group_by_evidence.md	15	9934	10850
d1:0127_pivot.md	0	2	827
d1:0127_pivot.md	1	718	1492
d1:0127_pivot.md	2	1374	2250
d1:0127_pivot.md	3	2130	2954
d1:0127_pivot.md	4	2859	3714
d1:0127_pivot.md	5	3627	4329
d1:0127_pivot.md	6	4275	5014
d1:0127_pivot.md	7	4943	5887
d1:0127_pivot.md	8	5777	6753
d1:0127_pivot.md	9	6637	7506
d1:0127_pivot.md	10	7403	8160
d1:0127_pivot.md	11	8065	8935
d1:0127_pivot.md	12	8832	9723
d1:0127_pivot.md	13	9595	9962
d1:0127_pivot_evidence.md	0	2	782
d1:0127_pivot_evidence.md	1	695	1437
d1:0127_pivot_evidence.md	2	1301	2111
d1:0127_pivot_evidence.md	3	1995	2813
d1:0127_pivot_evidence.md	4	2734	3447
d1:0127_pivot_evidence.md	5	3349	4163
d1:0127_pivot_evidence.md	6	4088	4865
d1:0127_pivot_evidence.md	7	4769	5598
d1:0127_pivot_evidence.md	8	5490	6265
d1:0127_pivot_evidence.md	9	6167	7027
d1:0127_pivot_evidence.md	10	6925	7728
d1:0127_pivot_evidence.md	11	7631	8374
d1:0127_pivot_evidence.md	12	8275	9033
d1:0127_pivot_evidence.md	13	8933	9632
d1:0128_polars_shipping_decision.md	0	2	837
d1:0128_polars_shipping_decision.md	1	699	1524
d1:0128_polars_shipping_decision.md	2	1430	2308
d1:0128_polars_shipping_decision.md	3	2188	3025
d1:0128_polars_shipping_decision.md	4	2954	3734
d1:0128_polars_shipping_decision.md	5	3657	4349
d1:0128_polars_shipping_decision.md	6	4264	5048
d1:0128_polars_shipping_decision.md	7	4960	5801
d1:0128_polars_shipping_decision.md	8	5679	6434
d1:0128_polars_shipping_decision.md	9	6329	6491
d1:0129_candle_workflow.md	0	2	887
d1:0129_candle_workflow.md	1	799	1523
d1:0129_candle_workflow.md	2	1458	2320
d1:0129_candle_workflow.md	3	2185	2887
d1:0129_candle_workflow.md	4	2797	3628
d1:0129_candle_workflow.md	5	3545	4470
d1:0129_candle_workflow.md	6	4355	5172
d1:0129_candle_workflow.md	7	5064	5974
d1:0129_candle_workflow.md	8	5872	6682
d1:0129_candle_workflow.md	9	6558	7480
d1:0129_candle_workflow.md	10	7332	8076
d1:0129_candle_workflow.md	11	8009	8785
d1:0129_candle_workflow.md	12	8665	9579
d1:0129_candle_workflow.md	13	9459	10389
d1:0129_candle_workflow.md	14	10279	11199
d1:0129_candle_workflow.md	15	11100	11785
d1:0129_candle_workflow.md	16	11663	12583
d1:0129_candle_workflow.md	17	12470	13369
d1:0129_candle_workflow.md	18	13244	13614
d1:0129_candle_workflow_evidence.md	0	2	861
d1:0129_candle_workflow_evidence.md	1	754	1480
d1:0129_candle_workflow_evidence.md	2	1376	2309
d1:0129_candle_workflow_evidence.md	3	2226	2942
d1:0129_candle_workflow_evidence.md	4	2859	3651
d1:0129_candle_workflow_evidence.md	5	3570	4424
d1:0129_candle_workflow_evidence.md	6	4308	5151
d1:0129_candle_workflow_evidence.md	7	5069	5768
d1:0129_candle_workflow_evidence.md	8	5665	6473
d1:0129_candle_workflow_evidence.md	9	6380	7190
d1:0129_candle_workflow_evidence.md	10	7081	7917
d1:0129_candle_workflow_evidence.md	11	7820	8562
d1:0129_candle_workflow_evidence.md	12	8486	9264
d1:0129_candle_workflow_evidence.md	13	9185	9845
d1:0129_candle_workflow_evidence.md	14	9782	10509
d1:0129_candle_workflow_evidence.md	15	10400	11267
d1:0129_candle_workflow_evidence.md	16	11153	11715
d1:0129_candle_workflow_evidence.md	17	11595	12449
d1:0129_candle_workflow_evidence.md	18	12364	13119
d1:0129_candle_workflow_evidence.md	19	13011	13783
d1:0129_candle_workflow_evidence.md	20	13704	14412
d1:0129_candle_workflow_evidence.md	21	14337	14577
d1:0130_polars_test_limit_isolation.md	0	2	804
d1:0130_polars_test_limit_isolation.md	1	703	1594
d1:0130_polars_test_limit_isolation.md	2	1489	2371
d1:0130_polars_test_limit_isolation.md	3	2247	2873
d1:0130_polars_test_limit_isolation_evidence.md	0	2	884
d1:0130_polars_test_limit_isolation_evidence.md	1	802	1617
d1:0130_polars_test_limit_isolation_evidence.md	2	1507	2409
d1:0130_polars_test_limit_isolation_evidence.md	3	2342	2900
d1:0131_text_embeddings.md	0	2	822
d1:0131_text_embeddings.md	1	725	1446
d1:0131_text_embeddings.md	2	1339	2154
d1:0131_text_embeddings.md	3	2062	2779
d1:0131_text_embeddings.md	4	2689	3554
d1:0131_text_embeddings.md	5	3460	4408
d1:0131_text_embeddings.md	6	4304	4984
d1:0131_text_embeddings.md	7	4866	5605
d1:0131_text_embeddings.md	8	5502	6360
d1:0131_text_embeddings.md	9	6253	7051
d1:0131_text_embeddings.md	10	6943	7790
d1:0131_text_embeddings.md	11	7707	8513
d1:0131_text_embeddings.md	12	8359	9280
d1:0131_text_embeddings.md	13	9165	10073
d1:0131_text_embeddings.md	14	9948	10803
d1:0131_text_embeddings.md	15	10672	11574
d1:0131_text_embeddings.md	16	11457	12273
d1:0131_text_embeddings.md	17	12189	13058
d1:0131_text_embeddings.md	18	12970	13865
d1:0131_text_embeddings.md	19	13734	14699
d1:0131_text_embeddings.md	20	14578	15488
d1:0131_text_embeddings.md	21	15375	15923
d1:0131_text_embeddings_evidence.md	0	2	770
d1:0131_text_embeddings_evidence.md	1	679	1398
d1:0131_text_embeddings_evidence.md	2	1327	1969
d1:0131_text_embeddings_evidence.md	3	1873	2613
d1:0131_text_embeddings_evidence.md	4	2524	3331
d1:0131_text_embeddings_evidence.md	5	3227	3945
d1:0131_text_embeddings_evidence.md	6	3822	4688
d1:0131_text_embeddings_evidence.md	7	4597	5332
d1:0131_text_embeddings_evidence.md	8	5255	6115
d1:0131_text_embeddings_evidence.md	9	5993	6903
d1:0131_text_embeddings_evidence.md	10	6788	7704
d1:0131_text_embeddings_evidence.md	11	7589	8494
d1:0131_text_embeddings_evidence.md	12	8412	9282
d1:0131_text_embeddings_evidence.md	13	9149	9977
d1:0131_text_embeddings_evidence.md	14	9885	10635
d1:0131_text_embeddings_evidence.md	15	10570	11255
d1:0131_text_embeddings_evidence.md	16	11184	11842
d1:0131_text_embeddings_evidence.md	17	11734	12526
d1:0131_text_embeddings_evidence.md	18	12433	13115
d1:0131_text_embeddings_evidence.md	19	13003	13776
d1:0131_text_embeddings_evidence.md	20	13703	14491
d1:0131_text_embeddings_evidence.md	21	14367	15236
d1:0131_text_embeddings_evidence.md	22	15135	15841
d1:0131_text_embeddings_evidence.md	23	15775	16530
d1:0131_text_embeddings_evidence.md	24	16423	17282
d1:0131_text_embeddings_evidence.md	25	17192	18032
d1:0131_text_embeddings_evidence.md	26	17944	18371
d1:0132_concurrent_embed.md	0	2	911
d1:0132_concurrent_embed.md	1	835	1662
d1:0132_concurrent_embed.md	2	1522	2422
d1:0132_concurrent_embed.md	3	2329	3218
d1:0132_concurrent_embed.md	4	3112	4021
d1:0132_concurrent_embed.md	5	3893	4830
d1:0132_concurrent_embed.md	6	4717	5689
d1:0132_concurrent_embed.md	7	5561	6548
d1:0132_concurrent_embed.md	8	6436	7366
d1:0132_concurrent_embed.md	9	7220	8277
d1:0132_concurrent_embed.md	10	8122	9019
d1:0132_concurrent_embed.md	11	8945	9816
d1:0132_concurrent_embed.md	12	9728	10534
d1:0132_concurrent_embed_evidence.md	0	2	785
d1:0132_concurrent_embed_evidence.md	1	671	1573
d1:0132_concurrent_embed_evidence.md	2	1470	2446
d1:0132_concurrent_embed_evidence.md	3	2310	3307
d1:0132_concurrent_embed_evidence.md	4	3204	3917
d1:0132_concurrent_embed_evidence.md	5	3834	4653
d1:0132_concurrent_embed_evidence.md	6	4552	5297
d1:0132_concurrent_embed_evidence.md	7	5250	5799
d1:0132_concurrent_embed_evidence.md	8	5746	6446
d1:0132_concurrent_embed_evidence.md	9	6344	7143
d1:0132_concurrent_embed_evidence.md	10	7058	7896
d1:0132_concurrent_embed_evidence.md	11	7777	8768
d1:0132_concurrent_embed_evidence.md	12	8619	9564
d1:0132_concurrent_embed_evidence.md	13	9470	10135
d1:0132_concurrent_embed_evidence.md	14	10043	10883
d1:0132_concurrent_embed_evidence.md	15	10764	11107
d1:polars-parity-map.md	0	2	921
d1:polars-parity-map.md	1	811	1775
d1:polars-parity-map.md	2	1695	2640
d1:polars-parity-map.md	3	2500	3303
d1:polars-parity-map.md	4	3206	3974
d1:polars-parity-map.md	5	3884	4777
d1:polars-parity-map.md	6	4650	5731
d1:polars-parity-map.md	7	5570	6599
d1:polars-parity-map.md	8	6484	7517
d1:polars-parity-map.md	9	7393	8205
d2:#2	0	0	902
d2:#5	0	0	313
d2:#6	0	0	867
d2:#6	1	750	1230
d2:#7	0	0	376
d2:#8	0	0	191
d2:#9	0	0	289
d2:#10	0	0	845
d2:#10	1	757	1440
d2:#10	2	1368	1446
d2:#13	0	0	302
d2:#15	0	0	395
d2:#19	0	0	163
d2:#21	0	0	633
d2:#21	1	582	830
d2:#23	0	0	850
d2:#25	0	0	948
d2:#25	1	870	961
d2:#26	0	0	364
d2:#27	0	0	970
d2:#27	1	842	1263
d2:#33	0	0	605
d2:#37	0	0	104
d2:#38	0	0	318
d2:#39	0	0	701
d2:#42	0	0	92
d2:#43	0	0	581
d2:#44	0	0	742
d2:#45	0	0	88
d2:#46	0	0	295
d2:#58	0	0	308
d2:#70	0	0	770
d2:#70	1	699	822
d2:#73	0	0	942
d2:#73	1	852	960
d2:#79	0	0	434
d2:#91	0	0	911
d2:#91	1	807	1752
d2:#91	2	1574	2255
d2:#96	0	0	896
d2:#96	1	800	1084
d2:#150	0	0	418
d2:#154	0	0	865
d2:#158	0	0	810
d2:#158	1	634	1208
d2:#160	0	0	475
d2:#162	0	0	877
d2:#162	1	735	908
d2:#165	0	0	165
d2:#166	0	0	453
d2:#179	0	0	158
d2:#182	0	0	896
d2:#182	1	781	1585
d2:#182	2	1456	1842
d2:#200	0	0	684
d2:#200	1	633	1207
d2:#200	2	1120	1693
d2:#200	3	1630	2159
d2:#200	4	2085	2864
d2:#200	5	2775	2937
d2:#207	0	0	607
d2:#212	0	0	729
d2:#212	1	647	1344
d2:#212	2	1226	1750
d2:#224	0	0	225
d2:#225	0	0	494
d2:#226	0	0	240
d2:#236	0	0	209
d2:#237	0	0	1005
d2:#237	1	891	1945
d2:#237	2	1813	2979
d2:#237	3	2808	3102
d2:#238	0	0	713
d2:#238	1	603	1263
d2:#238	2	1209	1334
d2:#244	0	0	123
d2:#251	0	0	615
d2:#252	0	0	184
d2:#256	0	0	865
d2:#256	1	795	1637
d2:#256	2	1538	1777
d2:#257	0	0	160
d2:#261	0	0	430
d2:#262	0	0	518
d2:#263	0	0	959
d2:#263	1	862	1687
d2:#263	2	1561	2018
d2:#264	0	0	893
d2:#264	1	792	1297
d2:#266	0	0	320
d2:#270	0	0	476
d2:#273	0	0	882
d2:#273	1	807	1526
d2:#273	2	1455	2233
d2:#273	3	2152	2853
d2:#273	4	2781	2972
d2:#279	0	0	624
d2:#283	0	0	679
d2:#284	0	0	394
d2:#286	0	0	350
d2:#288	0	0	568
d2:#289	0	0	338
d2:#290	0	0	914
d2:#290	1	797	1511
d2:#290	2	1430	1519
d2:#292	0	0	825
d2:#292	1	739	1460
d2:#293	0	0	398
d2:#294	0	0	1019
d2:#294	1	886	1391
d2:#299	0	0	241
d2:#300	0	0	411
d2:#302	0	0	1117
d2:#302	1	951	1398
d2:#316	0	0	659
d2:#324	0	0	727
d2:#324	1	619	766
d2:#325	0	0	533
d2:#326	0	0	825
d2:#326	1	732	1623
d2:#326	2	1534	2393
d2:#326	3	2321	2696
d2:#344	0	0	771
d2:#344	1	698	1451
d2:#344	2	1378	2213
d2:#344	3	2092	2625
d2:#348	0	0	770
d2:#355	0	0	544
d2:#368	0	0	268
d2:#372	0	0	402
d2:#374	0	0	468
d2:#377	0	0	582
d2:#378	0	0	216
d2:#381	0	0	866
d2:#386	0	0	868
d2:#386	1	757	1746
d2:#386	2	1619	2073
d2:#387	0	1	251
d2:#390	0	0	478
d2:#399	0	0	791
d2:#399	1	661	962
d2:#400	0	0	852
d2:#400	1	759	1555
d2:#400	2	1466	2393
d2:#400	3	2221	3293
d2:#400	4	3184	3587
d2:#402	0	0	914
d2:#402	1	824	1459
d2:#407	0	0	410
d2:#409	0	0	361
d2:#413	0	0	386
d2:#422	0	0	719
d2:#424	0	0	745
d2:#424	1	648	1284
d2:#424	2	1192	1911
d2:#424	3	1815	2452
d2:#424	4	2390	3023
d2:#424	5	2935	3509
d2:#424	6	3445	4039
d2:#424	7	3966	4593
d2:#424	8	4520	5116
d2:#424	9	5054	5601
d2:#424	10	5537	6051
d2:#424	11	5992	6526
d2:#424	12	6461	6961
d2:#424	13	6887	7411
d2:#424	14	7362	7924
d2:#424	15	7855	8351
d2:#424	16	8299	8732
d2:#424	17	8673	9195
d2:#424	18	9107	9808
d2:#424	19	9715	10398
d2:#424	20	10318	11009
d2:#424	21	10922	11613
d2:#424	22	11526	12208
d2:#424	23	12130	12782
d2:#424	24	12709	13378
d2:#424	25	13288	13970
d2:#424	26	13886	14547
d2:#424	27	14464	15110
d2:#424	28	15034	15681
d2:#424	29	15601	16250
d2:#424	30	16171	16816
d2:#424	31	16738	17398
d2:#424	32	17319	17995
d2:#424	33	17909	18590
d2:#424	34	18502	19194
d2:#424	35	19113	19808
d2:#424	36	19720	20430
d2:#424	37	20341	21006
d2:#424	38	20921	21560
d2:#424	39	21478	22148
d2:#424	40	22069	22695
d2:#424	41	22608	23273
d2:#424	42	23189	23850
d2:#424	43	23766	24423
d2:#424	44	24343	25001
d2:#424	45	24917	25573
d2:#424	46	25495	26146
d2:#424	47	26059	26710
d2:#424	48	26632	27275
d2:#424	49	27191	27847
d2:#424	50	27758	28418
d2:#424	51	28331	28985
d2:#424	52	28914	29573
d2:#424	53	29491	30134
d2:#424	54	30057	30693
d2:#424	55	30610	31262
d2:#424	56	31178	31833
d2:#424	57	31754	32403
d2:#424	58	32336	32972
d2:#424	59	32886	33389
d2:#424	60	33326	33798
d2:#424	61	33749	34230
d2:#424	62	34165	34607
d2:#424	63	34577	35000
d2:#424	64	34942	35478
d2:#426	0	0	569
d2:#426	1	472	1056
d2:#426	2	978	1486
d2:#428	0	0	249
d2:#429	0	0	376
d2:#430	0	0	815
d2:#430	1	738	954
d2:#433	0	0	609
d2:#434	0	0	861
d2:#435	0	0	652
d2:#436	0	0	645
d2:#437	0	0	356
d2:#438	0	0	284
d2:#443	0	0	806
d2:#443	1	716	1009
d2:#444	0	0	627
d2:#450	0	0	303
d2:#451	0	0	319
d2:#452	0	0	893
d2:#452	1	802	1045
d2:#453	0	0	309
d2:#454	0	0	374
d2:#456	0	0	862
d2:#460	0	0	463
d2:#463	0	0	427
d2:#465	0	0	650
d2:#465	1	606	1204
d2:#465	2	1082	1781
d2:#465	3	1723	2280
d2:#468	0	0	251
d2:#469	0	0	830
d2:#469	1	741	921
d2:#486	0	0	635
d2:#487	0	0	646
d2:#521	0	0	479
d2:#525	0	0	786
d2:#525	1	696	1114
d2:#527	0	0	153
d2:#529	0	0	863
d2:#529	1	795	1222
d2:#530	0	0	397
d2:#533	0	0	268
d2:#534	0	0	219
d2:#535	0	0	379
d2:#536	0	0	772
d2:#536	1	695	1077
d2:#537	0	0	178
d2:#538	0	0	388
d2:#540	0	0	135
d2:#541	0	0	246
d2:#547	0	0	733
d2:#547	1	630	952
d2:#559	0	0	49
d2:#560	0	0	709
d2:#560	1	639	1054
d2:#566	0	0	935
d2:#566	1	815	1060
d2:#568	0	0	130
d2:#569	0	0	579
d2:#580	0	0	114
d2:#581	0	0	119
d2:#582	0	0	434
d2:#583	0	0	736
d2:#583	1	687	955
d2:#588	0	0	769
d2:#588	1	661	1537
d2:#588	2	1434	2274
d2:#588	3	2190	2618
d2:#590	0	0	870
d2:#595	0	0	675
d2:#595	1	592	851
d2:#597	0	0	713
d2:#598	0	0	268
d2:#629	0	0	85
d2:#633	0	0	301
d2:#634	0	0	234
d2:#636	0	0	974
d2:#636	1	876	1786
d2:#636	2	1659	2142
d2:#640	0	0	348
d2:#644	0	0	245
d2:#645	0	0	767
d2:#648	0	0	770
d2:#648	1	632	1278
d2:#648	2	1154	1466
d2:#650	0	0	351
d2:#653	0	0	408
d2:#656	0	0	576
d2:#658	0	0	331
d2:#659	0	0	812
d2:#659	1	703	1467
d2:#659	2	1355	1765
d2:#662	0	0	81
d2:#671	0	0	848
d2:#671	1	724	1718
d2:#673	0	0	179
d2:#674	0	0	859
d2:#679	0	0	600
d2:#681	0	0	634
d2:#683	0	0	786
d2:#684	0	0	633
d2:#690	0	0	230
d2:#692	0	0	833
d2:#692	1	725	1151
d2:#693	0	0	661
d2:#693	1	617	1300
d2:#693	2	1182	1466
d2:#696	0	0	292
d2:#700	0	0	912
d2:#703	0	0	240
d2:#719	0	0	741
d2:#719	1	601	1447
d2:#724	0	0	687
d2:#724	1	623	1223
d2:#724	2	1151	1850
d2:#724	3	1776	2395
d2:#724	4	2321	2863
d2:#724	5	2801	3438
d2:#724	6	3320	3521
d2:#730	0	0	584
d2:#731	0	0	1079
d2:#731	1	941	1985
d2:#731	2	1872	2006
d2:#732	0	0	768
d2:#732	1	633	1494
d2:#734	0	0	760
d2:#740	0	0	745
d2:#740	1	658	1485
d2:#740	2	1364	1524
d2:#742	0	0	369
d2:#743	0	0	478
d2:#745	0	0	789
d2:#745	1	702	1499
d2:#745	2	1379	2263
d2:#745	3	2150	2868
d2:#745	4	2765	3056
d2:#746	0	0	505
d2:#747	0	0	764
d2:#747	1	686	1439
d2:#747	2	1344	2102
d2:#747	3	2030	2702
d2:#747	4	2617	3177
d2:#747	5	3120	3667
d2:#747	6	3582	4181
d2:#747	7	4093	4699
d2:#747	8	4630	5209
d2:#747	9	5163	5691
d2:#747	10	5632	6192
d2:#747	11	6109	6659
d2:#747	12	6612	7176
d2:#747	13	7097	7676
d2:#747	14	7623	8204
d2:#747	15	8126	8687
d2:#747	16	8642	9218
d2:#747	17	9148	9760
d2:#747	18	9665	10266
d2:#747	19	10190	10663
d2:#750	0	0	668
d2:#751	0	0	684
d2:#752	0	0	763
d2:#752	1	690	1380
d2:#752	2	1273	1777
d2:#753	0	0	538
d2:#754	0	0	568
d2:#755	0	0	682
d2:#755	1	628	1159
d2:#755	2	1108	1807
d2:#755	3	1699	1909
d2:#757	0	0	432
d2:#768	0	0	800
d2:#771	0	0	1037
d2:#771	1	910	1606
d2:#775	0	0	648
d2:#775	1	578	1123
d2:#775	2	1067	1539
d2:#782	0	0	871
d2:#782	1	808	1352
d2:#782	2	1289	1815
d2:#782	3	1734	2300
d2:#782	4	2225	2358
d2:#783	0	0	833
d2:#783	1	719	1367
d2:#800	0	0	720
d2:#801	0	0	582
d2:#801	1	521	1127
d2:#801	2	1070	1584
d2:#802	0	0	717
d2:#810	0	0	873
d2:#810	1	688	1653
d2:#810	2	1510	2197
d2:#810	3	2122	2745
d2:#810	4	2628	2961
d2:#811	0	0	615
d2:#821	0	0	382
d2:#822	0	0	442
d2:#825	0	0	284
d2:#829	0	0	590
d2:#830	0	0	657
d2:#835	0	0	755
d2:#835	1	645	1505
d2:#835	2	1406	2108
d2:#838	0	0	233
d2:#844	0	0	771
d2:#844	1	699	922
d2:#858	0	0	331
d2:#891	0	0	767
d2:#891	1	698	1337
d2:#892	0	0	651
d2:#892	1	571	1130
d2:#893	0	0	775
d2:#893	1	679	1273
d2:#897	0	0	642
d2:#900	0	0	944
d2:#901	0	0	599
d2:#905	0	0	735
d2:#905	1	653	1600
d2:#905	2	1425	2536
d2:#909	0	0	556
d2:#910	0	0	867
d2:#911	0	0	540
d2:#912	0	0	612
d2:#912	1	550	1217
d2:#912	2	1111	1762
d2:#913	0	0	769
d2:#924	0	0	846
d2:#924	1	712	1111
d2:#930	0	0	618
d2:#952	0	0	834
d2:#952	1	730	1122
d2:#956	0	0	497
d2:#958	0	0	261
d2:#960	0	0	503
d2:#961	0	0	457
d2:#962	0	0	206
d2:#964	0	0	628
d2:#975	0	0	810
d2:#976	0	0	251
d2:#978	0	0	883
d2:#978	1	794	912
d2:#984	0	0	657
d2:#984	1	579	891
d2:#986	0	0	274
d2:#987	0	0	590
d2:#987	1	528	1122
d2:#987	2	1063	1420
d2:#990	0	0	209
d2:#993	0	0	39
d2:#1011	0	0	517
d2:#1016	0	0	869
d2:#1016	1	774	1674
d2:#1016	2	1552	2141
d2:#1021	0	0	253
d2:#1030	0	0	820
d2:#1030	1	709	1437
d2:#1030	2	1355	1791
d2:#1039	0	0	816
d2:#1039	1	727	1302
d2:#1040	0	0	807
d2:#1040	1	697	1316
d2:#1047	0	0	810
d2:#1047	1	716	1384
d2:#1047	2	1294	2032
d2:#1051	0	0	310
