query	cand	path	prank	pid	retrieval	ce
T01	1	0004_vars_and_help.md	1	48	0.5734357	-5.522995948791504
T01	1	0004_vars_and_help.md	2	47	0.52040035	-2.1014084815979004
T01	1	0004_vars_and_help.md	3	49	0.51012695	-5.417715072631836
T01	2	0003_completion_evidence.md	1	42	0.5201233	-3.267420768737793
T01	2	0003_completion_evidence.md	2	46	0.3510612	-10.807257652282715
T01	2	0003_completion_evidence.md	3	41	0.3132513	-11.175676345825195
T01	3	0004_vars_and_help_evidence.md	1	57	0.50627345	-5.517327308654785
T01	3	0004_vars_and_help_evidence.md	2	55	0.50221616	-2.183281183242798
T01	3	0004_vars_and_help_evidence.md	3	56	0.43718702	-4.548555850982666
T01	4	0007_the_binding_prelude_evidence.md	1	122	0.4986036	-7.960097312927246
T01	4	0007_the_binding_prelude_evidence.md	2	115	0.39088827	-9.672506332397461
T01	4	0007_the_binding_prelude_evidence.md	3	116	0.36719102	-11.007335662841797
T01	5	0009_diagnostics_for_the_file_runner_evidence.md	1	145	0.4905561	-8.301692962646484
T01	5	0009_diagnostics_for_the_file_runner_evidence.md	2	139	0.3828486	-7.7418107986450195
T01	5	0009_diagnostics_for_the_file_runner_evidence.md	3	141	0.3097213	-10.244100570678711
T01	6	0040_a_number_on_the_prompt_that_can_start_over.md	1	875	0.4884163	-4.0367536544799805
T01	6	0040_a_number_on_the_prompt_that_can_start_over.md	2	876	0.46958873	-2.0187442302703857
T01	6	0040_a_number_on_the_prompt_that_can_start_over.md	3	871	0.4656798	-4.344802379608154
T01	7	0063_a_session_can_request_its_next_executable_startup_evidence.md	1	1632	0.47793785	-2.304008960723877
T01	7	0063_a_session_can_request_its_next_executable_startup_evidence.md	2	1635	0.24408434	-10.9888916015625
T01	7	0063_a_session_can_request_its_next_executable_startup_evidence.md	3	1633	0.24013431	-6.763910293579102
T01	8	0070_dep_is_quiet_by_default.md	1	2019	0.47420058	-2.785244941711426
T01	8	0070_dep_is_quiet_by_default.md	2	2017	0.36083415	-7.918055534362793
T01	8	0070_dep_is_quiet_by_default.md	3	2024	0.35921463	-7.274899959564209
T01	9	0009_diagnostics_for_the_file_runner.md	1	137	0.46900862	-7.89077615737915
T01	9	0009_diagnostics_for_the_file_runner.md	2	135	0.42980248	-6.635486602783203
T01	9	0009_diagnostics_for_the_file_runner.md	3	138	0.41309243	-1.2726998329162598
T01	10	0010_the_text_helpers_evidence.md	1	157	0.46523947	-4.291555404663086
T01	10	0010_the_text_helpers_evidence.md	2	160	0.40068266	-10.57166862487793
T01	10	0010_the_text_helpers_evidence.md	3	155	0.39780378	-9.51430892944336
T01	11	0002_the_interactive_session.md	1	16	0.46352956	-5.636971950531006
T01	11	0002_the_interactive_session.md	2	17	0.45660883	-6.30434513092041
T01	11	0002_the_interactive_session.md	3	20	0.41835466	-8.05227279663086
T01	12	0041_the_same_name_wherever_the_method_went_missing.md	1	896	0.45208222	-7.869004249572754
T01	12	0041_the_same_name_wherever_the_method_went_missing.md	2	891	0.36999154	-8.503677368164063
T01	12	0041_the_same_name_wherever_the_method_went_missing.md	3	897	0.34870487	-6.141758918762207
T01	13	0042_the_prompt_a_person_lives_at.md	1	905	0.4475289	-9.690812110900879
T01	13	0042_the_prompt_a_person_lives_at.md	2	902	0.43204623	-5.117396354675293
T01	13	0042_the_prompt_a_person_lives_at.md	3	909	0.41387945	-10.758024215698242
T01	14	0001_the_first_release.md	1	3	0.44230437	-5.963540077209473
T01	14	0001_the_first_release.md	2	10	0.35970345	-2.7724380493164063
T01	14	0001_the_first_release.md	3	5	0.3583741	-7.421906471252441
T01	15	0123_schema_display_and_cast.md	1	3189	0.4391057	-6.628793716430664
T01	15	0123_schema_display_and_cast.md	2	3190	0.340552	-10.978696823120117
T01	15	0123_schema_display_and_cast.md	3	3186	0.2941103	-11.177135467529297
T01	16	0030_answering_before_building_the_context.md	1	592	0.4364776	-4.555281162261963
T01	16	0030_answering_before_building_the_context.md	2	590	0.37921852	-5.385485649108887
T01	16	0030_answering_before_building_the_context.md	3	593	0.30652592	-10.750083923339844
T01	17	0040_a_number_on_the_prompt_that_can_start_over_evidence.md	1	885	0.4328806	-8.535876274108887
T01	17	0040_a_number_on_the_prompt_that_can_start_over_evidence.md	2	887	0.36607522	-5.764256477355957
T01	17	0040_a_number_on_the_prompt_that_can_start_over_evidence.md	3	886	0.35337248	-8.476734161376953
T01	18	0039_colour_belongs_to_the_presentation.md	1	861	0.43192637	-8.6156005859375
T01	18	0039_colour_belongs_to_the_presentation.md	2	863	0.4208195	-5.385753154754639
T01	18	0039_colour_belongs_to_the_presentation.md	3	856	0.42071912	-8.12263298034668
T01	19	0024_the_default_command_is_a_session.md	1	366	0.4283793	-3.6959872245788574
T01	19	0024_the_default_command_is_a_session.md	2	368	0.36095393	-3.6913318634033203
T01	19	0024_the_default_command_is_a_session.md	3	367	0.3502003	-6.181527137756348
T01	20	0002_the_interactive_session_evidence.md	1	24	0.426304	-8.395416259765625
T01	20	0002_the_interactive_session_evidence.md	2	30	0.38582003	-9.425149917602539
T01	20	0002_the_interactive_session_evidence.md	3	28	0.35247764	-8.873237609863281
T01	21	0003_completion.md	1	36	0.42355034	-9.841411590576172
T01	21	0003_completion.md	2	33	0.40920597	-5.017871856689453
T01	21	0003_completion.md	3	39	0.35416526	-10.653289794921875
T01	22	0019_a_value_for_a_human_and_json_when_asked.md	1	269	0.42057565	-7.321403503417969
T01	22	0019_a_value_for_a_human_and_json_when_asked.md	2	281	0.40146917	-4.093204975128174
T01	22	0019_a_value_for_a_human_and_json_when_asked.md	3	278	0.37422642	-11.074203491210938
T01	23	0042_the_prompt_a_person_lives_at_evidence.md	1	914	0.4131675	-10.150981903076172
T01	23	0042_the_prompt_a_person_lives_at_evidence.md	2	915	0.3254884	-10.980827331542969
T01	23	0042_the_prompt_a_person_lives_at_evidence.md	3	916	0.12733005	-11.253144264221191
T01	24	0068_presentation_seam_evidence.md	1	1930	0.4089718	-4.628803253173828
T01	24	0068_presentation_seam_evidence.md	2	1935	0.39142922	-8.762655258178711
T01	24	0068_presentation_seam_evidence.md	3	1932	0.3605225	-11.186406135559082
T01	25	0041_the_same_name_wherever_the_method_went_missing_evidence.md	1	901	0.40824133	-9.784799575805664
T01	25	0041_the_same_name_wherever_the_method_went_missing_evidence.md	2	898	0.33262932	-7.711764812469482
T01	25	0041_the_same_name_wherever_the_method_went_missing_evidence.md	3	900	0.24310566	-11.053442001342773
T01	26	0043_colours_a_person_can_choose_in_a_rune_file.md	1	929	0.40812895	-7.764880180358887
T01	26	0043_colours_a_person_can_choose_in_a_rune_file.md	2	928	0.33798414	-7.639891624450684
T01	26	0043_colours_a_person_can_choose_in_a_rune_file.md	3	932	0.32556304	-8.278812408447266
T01	27	0032_one_way_to_run_a_script.md	1	638	0.4068941	-1.9434601068496704
T01	27	0032_one_way_to_run_a_script.md	2	637	0.3820943	-5.183590888977051
T01	27	0032_one_way_to_run_a_script.md	3	641	0.35813114	-7.418241024017334
T01	28	0129_candle_workflow_evidence.md	1	3358	0.4064885	-8.149259567260742
T01	28	0129_candle_workflow_evidence.md	2	3363	0.26599935	-10.536893844604492
T01	28	0129_candle_workflow_evidence.md	3	3364	0.2602005	-10.720536231994629
T01	29	0007_the_binding_prelude.md	1	111	0.40145698	-7.936368942260742
T01	29	0007_the_binding_prelude.md	2	109	0.3936732	-4.940410614013672
T01	29	0007_the_binding_prelude.md	3	107	0.3691891	-6.816429138183594
T01	30	0124_preview_dtypes_and_columns.md	1	3208	0.39713314	-6.049381732940674
T01	30	0124_preview_dtypes_and_columns.md	2	3214	0.3806066	-10.9181547164917
T01	30	0124_preview_dtypes_and_columns.md	3	3207	0.35677338	-9.875043869018555
T01	31	0006_what_a_retained_value_pins.md	1	94	0.39680716	-3.199721336364746
T01	31	0006_what_a_retained_value_pins.md	2	92	0.3447002	-5.717755317687988
T01	31	0006_what_a_retained_value_pins.md	3	91	0.317126	-5.538481712341309
T01	32	0011_the_second_port.md	1	170	0.3930058	-9.92271614074707
T01	32	0011_the_second_port.md	2	167	0.34889197	-9.895157814025879
T01	32	0011_the_second_port.md	3	168	0.33693737	-10.836960792541504
T01	33	0124_preview_dtypes_and_columns_evidence.md	1	3216	0.39095476	-8.586952209472656
T01	33	0124_preview_dtypes_and_columns_evidence.md	2	3234	0.3698593	-11.120914459228516
T01	33	0124_preview_dtypes_and_columns_evidence.md	3	3235	0.36655027	-6.846875190734863
T01	34	0013_the_exit_status_and_standard_error.md	1	192	0.389037	-5.41062068939209
T01	34	0013_the_exit_status_and_standard_error.md	2	188	0.29756647	-9.384698867797852
T01	34	0013_the_exit_status_and_standard_error.md	3	190	0.29415393	-9.31696891784668
T01	35	0013_the_exit_status_and_standard_error_evidence.md	1	197	0.3871607	-9.564017295837402
T01	35	0013_the_exit_status_and_standard_error_evidence.md	2	196	0.34623915	-6.6605730056762695
T01	35	0013_the_exit_status_and_standard_error_evidence.md	3	198	0.31256247	-9.868228912353516
T01	36	0046_a_worker_whose_output_has_a_boundary.md	1	977	0.3848447	-8.007696151733398
T01	36	0046_a_worker_whose_output_has_a_boundary.md	2	971	0.34522712	-8.553535461425781
T01	36	0046_a_worker_whose_output_has_a_boundary.md	3	974	0.3408823	-9.060922622680664
T01	37	0036_what_the_process_was_given.md	1	777	0.38445842	-7.075408458709717
T01	37	0036_what_the_process_was_given.md	2	782	0.38033062	-3.8113980293273926
T01	37	0036_what_the_process_was_given.md	3	773	0.36999378	-10.7027587890625
T01	38	0063_a_session_can_request_its_next_executable.md	1	1591	0.38335255	-5.264397144317627
T01	38	0063_a_session_can_request_its_next_executable.md	2	1583	0.33139715	-7.301126480102539
T01	38	0063_a_session_can_request_its_next_executable.md	3	1582	0.31617945	-7.1063008308410645
T01	39	0056_a_server_entry_without_ownership_by_accident.md	1	1302	0.38281372	-9.993387222290039
T01	39	0056_a_server_entry_without_ownership_by_accident.md	2	1301	0.25490144	-11.207529067993164
T01	39	0056_a_server_entry_without_ownership_by_accident.md	3	1292	0.24584337	-10.994369506835938
T01	40	0006_what_a_retained_value_pins_evidence.md	1	100	0.3816759	-5.007305145263672
T01	40	0006_what_a_retained_value_pins_evidence.md	2	102	0.33059826	-6.998573303222656
T01	40	0006_what_a_retained_value_pins_evidence.md	3	97	0.29664707	-9.732027053833008
T03	1	0007_the_binding_prelude.md	1	111	0.5872281	3.5009169578552246
T03	1	0007_the_binding_prelude.md	2	105	0.5546624	6.3920207023620605
T03	1	0007_the_binding_prelude.md	3	112	0.5013759	-1.163891077041626
T03	2	0007_the_binding_prelude_evidence.md	1	122	0.54917467	-0.7374701499938965
T03	2	0007_the_binding_prelude_evidence.md	2	121	0.5415166	2.298819065093994
T03	2	0007_the_binding_prelude_evidence.md	3	120	0.4984465	0.4949253797531128
T03	3	0006_what_a_retained_value_pins_evidence.md	1	103	0.50058484	0.17535249888896942
T03	3	0006_what_a_retained_value_pins_evidence.md	2	98	0.40410444	-6.256982803344727
T03	3	0006_what_a_retained_value_pins_evidence.md	3	97	0.38575172	-9.473958969116211
T03	4	0006_what_a_retained_value_pins.md	1	88	0.49907425	1.0836730003356934
T03	4	0006_what_a_retained_value_pins.md	2	94	0.45337367	-4.287911415100098
T03	4	0006_what_a_retained_value_pins.md	3	89	0.42478755	-3.1075518131256104
T03	5	0040_a_number_on_the_prompt_that_can_start_over.md	1	876	0.47749436	2.189826488494873
T03	5	0040_a_number_on_the_prompt_that_can_start_over.md	2	875	0.4582629	-4.810840606689453
T03	5	0040_a_number_on_the_prompt_that_can_start_over.md	3	874	0.453093	-8.885279655456543
T03	6	0004_vars_and_help.md	1	47	0.46597382	-0.34082281589508057
T03	6	0004_vars_and_help.md	2	48	0.43459523	-5.316268444061279
T03	6	0004_vars_and_help.md	3	52	0.33675143	-7.210585594177246
T03	7	0005_the_allocation_ceiling_evidence.md	1	79	0.45350093	-7.18110466003418
T03	7	0005_the_allocation_ceiling_evidence.md	2	77	0.41543454	-5.298223972320557
T03	7	0005_the_allocation_ceiling_evidence.md	3	81	0.28898725	-3.8381800651550293
T03	8	0042_the_prompt_a_person_lives_at.md	1	905	0.44512886	-7.648996353149414
T03	8	0042_the_prompt_a_person_lives_at.md	2	906	0.3889711	-10.105729103088379
T03	8	0042_the_prompt_a_person_lives_at.md	3	902	0.33499256	-8.800029754638672
T03	9	0002_the_interactive_session_evidence.md	1	24	0.44363445	-5.858841896057129
T03	9	0002_the_interactive_session_evidence.md	2	32	0.38621688	-10.275895118713379
T03	9	0002_the_interactive_session_evidence.md	3	25	0.35731605	-7.0777740478515625
T03	10	0019_a_value_for_a_human_and_json_when_asked.md	1	280	0.441095	-5.914478302001953
T03	10	0019_a_value_for_a_human_and_json_when_asked.md	2	287	0.37631297	-6.1013641357421875
T03	10	0019_a_value_for_a_human_and_json_when_asked.md	3	263	0.338771	-8.971597671508789
T03	11	0003_completion_evidence.md	1	42	0.4314443	-1.2923266887664795
T03	11	0003_completion_evidence.md	2	41	0.28059694	-10.94705867767334
T03	11	0003_completion_evidence.md	3	46	0.25201884	-10.763382911682129
T03	12	0041_the_same_name_wherever_the_method_went_missing_evidence.md	1	901	0.42863208	-10.273820877075195
T03	12	0041_the_same_name_wherever_the_method_went_missing_evidence.md	2	898	0.3391832	-5.0316386222839355
T03	12	0041_the_same_name_wherever_the_method_went_missing_evidence.md	3	899	0.24510702	-7.764875888824463
T03	13	0132_concurrent_embed.md	1	3427	0.42527917	-10.49449348449707
T03	13	0132_concurrent_embed.md	2	3435	0.3390926	-11.0353364944458
T03	13	0132_concurrent_embed.md	3	3426	0.3065797	-10.685638427734375
T03	14	0002_the_interactive_session.md	1	13	0.4233638	-4.948700428009033
T03	14	0002_the_interactive_session.md	2	17	0.36785227	-3.6449968814849854
T03	14	0002_the_interactive_session.md	3	15	0.34998065	-6.343284606933594
T03	15	0012_standard_input_evidence.md	1	178	0.42038876	-8.630266189575195
T03	15	0012_standard_input_evidence.md	2	185	0.28860107	-10.612831115722656
T03	15	0012_standard_input_evidence.md	3	179	0.2679738	-10.89171314239502
T03	16	0009_diagnostics_for_the_file_runner.md	1	131	0.42016584	-1.443482518196106
T03	16	0009_diagnostics_for_the_file_runner.md	2	135	0.33797786	-9.183738708496094
T03	16	0009_diagnostics_for_the_file_runner.md	3	138	0.31564492	-6.40568208694458
T03	17	0040_a_number_on_the_prompt_that_can_start_over_evidence.md	1	885	0.41841897	-8.07900619506836
T03	17	0040_a_number_on_the_prompt_that_can_start_over_evidence.md	2	888	0.33398685	-9.870321273803711
T03	17	0040_a_number_on_the_prompt_that_can_start_over_evidence.md	3	887	0.3184252	-10.643989562988281
T03	18	0003_completion.md	1	36	0.40648112	-3.0562870502471924
T03	18	0003_completion.md	2	39	0.39325702	-9.253345489501953
T03	18	0003_completion.md	3	33	0.38082597	-2.3357231616973877
T03	19	0004_vars_and_help_evidence.md	1	55	0.40550116	-8.60833740234375
T03	19	0004_vars_and_help_evidence.md	2	56	0.34228683	-1.3765864372253418
T03	19	0004_vars_and_help_evidence.md	3	59	0.3090264	-11.244239807128906
T03	20	0001_the_first_release.md	1	3	0.40309438	-4.9331889152526855
T03	20	0001_the_first_release.md	2	4	0.40079403	-4.5731306076049805
T03	20	0001_the_first_release.md	3	9	0.39210424	-4.6866326332092285
T03	21	0032_one_way_to_run_a_script.md	1	638	0.38948655	-3.6354427337646484
T03	21	0032_one_way_to_run_a_script.md	2	637	0.32949165	-6.030296325683594
T03	21	0032_one_way_to_run_a_script.md	3	641	0.31227958	-7.420199871063232
T03	22	0005_the_allocation_ceiling.md	1	71	0.3860228	-2.3530502319335938
T03	22	0005_the_allocation_ceiling.md	2	66	0.3378518	-8.06032943725586
T03	22	0005_the_allocation_ceiling.md	3	65	0.3220416	-8.215713500976563
T03	23	0076_polars_coverage_three_evidence.md	1	2207	0.38551328	-11.184218406677246
T03	23	0076_polars_coverage_three_evidence.md	2	2219	0.33637917	-8.906538963317871
T03	23	0076_polars_coverage_three_evidence.md	3	2212	0.31208608	-10.959054946899414
T03	24	0126_eager_group_by_evidence.md	1	3303	0.38020623	-11.201528549194336
T03	24	0126_eager_group_by_evidence.md	2	3304	0.27161768	-11.32155990600586
T03	24	0126_eager_group_by_evidence.md	3	3292	0.24208404	-11.285181045532227
T03	25	0046_a_worker_whose_output_has_a_boundary_evidence.md	1	993	0.37927386	-8.74601936340332
T03	25	0046_a_worker_whose_output_has_a_boundary_evidence.md	2	992	0.2158857	-11.356870651245117
T03	25	0046_a_worker_whose_output_has_a_boundary_evidence.md	3	995	0.19921945	-11.352834701538086
T03	26	0072_binding_surface_probe.md	1	2082	0.37031215	-9.708561897277832
T03	26	0072_binding_surface_probe.md	2	2079	0.25299248	-11.242960929870605
T03	26	0072_binding_surface_probe.md	3	2080	0.22353679	-11.28936767578125
T03	27	0043_colours_a_person_can_choose_in_a_rune_file.md	1	928	0.36980554	-9.335433006286621
T03	27	0043_colours_a_person_can_choose_in_a_rune_file.md	2	929	0.3327875	-9.086189270019531
T03	27	0043_colours_a_person_can_choose_in_a_rune_file.md	3	930	0.29700297	-9.520890235900879
T03	28	0131_text_embeddings_evidence.md	1	3407	0.3687101	-10.610459327697754
T03	28	0131_text_embeddings_evidence.md	2	3411	0.34143227	-10.317754745483398
T03	28	0131_text_embeddings_evidence.md	3	3423	0.28584763	-11.142396926879883
T03	29	0022_a_child_that_is_told_what_to_do.md	1	347	0.36676002	-9.957616806030273
T03	29	0022_a_child_that_is_told_what_to_do.md	2	338	0.3319936	-10.681617736816406
T03	29	0022_a_child_that_is_told_what_to_do.md	3	336	0.29015937	-10.550064086914063
T03	30	0073_polars_generator_evidence.md	1	2106	0.36659238	-10.028728485107422
T03	30	0073_polars_generator_evidence.md	2	2100	0.3074623	-10.53237533569336
T03	30	0073_polars_generator_evidence.md	3	2107	0.27790725	-7.959293842315674
T03	31	0128_polars_shipping_decision.md	1	3334	0.36355302	-11.027700424194336
T03	31	0128_polars_shipping_decision.md	2	3336	0.23416811	-11.372434616088867
T03	31	0128_polars_shipping_decision.md	3	3337	0.23324509	-11.310279846191406
T03	32	0041_the_same_name_wherever_the_method_went_missing.md	1	891	0.36192974	-7.405481815338135
T03	32	0041_the_same_name_wherever_the_method_went_missing.md	2	892	0.3473665	-6.693206310272217
T03	32	0041_the_same_name_wherever_the_method_went_missing.md	3	889	0.32401055	-8.927224159240723
T03	33	0107_caller_owned_source_programs.md	1	2818	0.36085254	-10.483280181884766
T03	33	0107_caller_owned_source_programs.md	2	2817	0.29195738	-11.28270149230957
T03	33	0107_caller_owned_source_programs.md	3	2819	0.2765808	-10.049598693847656
T03	34	0039_colour_belongs_to_the_presentation.md	1	857	0.35984972	-11.028787612915039
T03	34	0039_colour_belongs_to_the_presentation.md	2	863	0.35103235	-6.29537296295166
T03	34	0039_colour_belongs_to_the_presentation.md	3	856	0.35086128	-7.332387924194336
T03	35	0009_diagnostics_for_the_file_runner_evidence.md	1	139	0.35588077	-9.722793579101563
T03	35	0009_diagnostics_for_the_file_runner_evidence.md	2	145	0.2566166	-9.798189163208008
T03	35	0009_diagnostics_for_the_file_runner_evidence.md	3	142	0.24278578	-8.882535934448242
T03	36	0069_assemblies_share_compilation.md	1	1960	0.35507852	-7.263084888458252
T03	36	0069_assemblies_share_compilation.md	2	1954	0.35005003	-9.57839584350586
T03	36	0069_assemblies_share_compilation.md	3	1957	0.28934973	-10.128686904907227
T03	37	0019_upstream_defect_recursive_drop.md	1	293	0.35465372	-9.949234962463379
T03	37	0019_upstream_defect_recursive_drop.md	2	292	0.28989664	-11.129602432250977
T03	37	0019_upstream_defect_recursive_drop.md	3	296	0.18031424	-11.363117218017578
T03	38	0008_the_first_port.md	1	127	0.35455406	-5.714165687561035
T03	38	0008_the_first_port.md	2	129	0.31971782	-7.872757911682129
T03	38	0008_the_first_port.md	3	123	0.2709103	-9.890472412109375
T03	39	0106_polars_chunk_layout_snapshots_evidence.md	1	2813	0.35342556	-10.646458625793457
T03	39	0106_polars_chunk_layout_snapshots_evidence.md	2	2808	0.3089563	-11.206583023071289
T03	39	0106_polars_chunk_layout_snapshots_evidence.md	3	2809	0.23090252	-11.331644058227539
T03	40	0069_shared_compilation_probe_evidence.md	1	1984	0.35155666	-7.325338363647461
T03	40	0069_shared_compilation_probe_evidence.md	2	1989	0.2629594	-11.38969612121582
T03	40	0069_shared_compilation_probe_evidence.md	3	1987	0.26144272	-11.12809944152832
T04	1	0022_a_child_that_is_told_what_to_do.md	1	338	0.588774	-3.6797475814819336
T04	1	0022_a_child_that_is_told_what_to_do.md	2	335	0.32199034	-9.961979866027832
T04	1	0022_a_child_that_is_told_what_to_do.md	3	344	0.22512603	-10.914899826049805
T04	2	0001_the_first_release.md	1	0	0.58329874	-0.09935682266950607
T04	2	0001_the_first_release.md	2	8	0.5060697	-7.899143218994141
T04	2	0001_the_first_release.md	3	2	0.48409972	-2.450897693634033
T04	3	0011_the_second_port.md	1	169	0.5572054	5.632798671722412
T04	3	0011_the_second_port.md	2	165	0.3772972	-3.8105125427246094
T04	3	0011_the_second_port.md	3	168	0.30408445	-6.651517391204834
T04	4	0128_polars_shipping_decision.md	1	3332	0.5064281	-3.7410614490509033
T04	4	0128_polars_shipping_decision.md	2	3336	0.28799072	-10.678726196289063
T04	4	0128_polars_shipping_decision.md	3	3337	0.23902969	-10.6495361328125
T04	5	0031_the_batteries_rnx_ships_evidence.md	1	617	0.47710836	-9.388504028320313
T04	5	0031_the_batteries_rnx_ships_evidence.md	2	622	0.35356084	-9.016705513000488
T04	5	0031_the_batteries_rnx_ships_evidence.md	3	623	0.33019766	-9.782421112060547
T04	6	0008_the_first_port.md	1	130	0.47270718	-1.6889574527740479
T04	6	0008_the_first_port.md	2	124	0.4171381	-6.114919185638428
T04	6	0008_the_first_port.md	3	123	0.39805606	3.5904998779296875
T04	7	0032_upstream_enhancement_interrupt_hook.md	1	668	0.46071285	-8.801216125488281
T04	7	0032_upstream_enhancement_interrupt_hook.md	2	670	0.18120982	-11.307047843933105
T04	7	0032_upstream_enhancement_interrupt_hook.md	3	669	0.15353182	-10.245656967163086
T04	8	0017_the_fourth_port.md	1	249	0.4558027	-8.728975296020508
T04	8	0017_the_fourth_port.md	2	251	0.40342915	-4.439992427825928
T04	8	0017_the_fourth_port.md	3	248	0.31983414	-6.5892653465271
T04	9	0113_polars_nonserde_generic_trait_impls_evidence.md	1	2934	0.44365028	-10.794008255004883
T04	9	0113_polars_nonserde_generic_trait_impls_evidence.md	2	2933	0.34908843	-10.882976531982422
T04	9	0113_polars_nonserde_generic_trait_impls_evidence.md	3	2940	0.24957281	-11.451515197753906
T04	10	0073_polars_generator_evidence.md	1	2107	0.4422882	-5.648286819458008
T04	10	0073_polars_generator_evidence.md	2	2099	0.36908	-9.941522598266602
T04	10	0073_polars_generator_evidence.md	3	2096	0.3496167	-9.179668426513672
T04	11	0025_the_same_contracts_on_windows_evidence.md	1	440	0.43475217	-7.762063026428223
T04	11	0025_the_same_contracts_on_windows_evidence.md	2	428	0.23232396	-11.46156120300293
T04	11	0025_the_same_contracts_on_windows_evidence.md	3	483	0.22517313	-11.357429504394531
T04	12	0030_upstream_enhancement_registration_cost.md	1	599	0.42525765	-7.0136003494262695
T04	12	0030_upstream_enhancement_registration_cost.md	2	603	0.30933467	-10.165058135986328
T04	12	0030_upstream_enhancement_registration_cost.md	3	601	0.26148793	-11.306047439575195
T04	13	0005_the_allocation_ceiling.md	1	62	0.42361236	-5.355741024017334
T04	13	0005_the_allocation_ceiling.md	2	63	0.26323012	-10.00263786315918
T04	13	0005_the_allocation_ceiling.md	3	72	0.26301315	-5.183926582336426
T04	14	0079_polars_callbacks.md	1	2312	0.42308545	-6.493101119995117
T04	14	0079_polars_callbacks.md	2	2309	0.3496607	-9.632797241210938
T04	14	0079_polars_callbacks.md	3	2306	0.336911	-9.892364501953125
T04	15	0050_a_program_is_more_than_one_file.md	1	1089	0.41463378	-9.697853088378906
T04	15	0050_a_program_is_more_than_one_file.md	2	1094	0.36737636	-10.504998207092285
T04	15	0050_a_program_is_more_than_one_file.md	3	1082	0.35328782	-6.634325981140137
T04	16	0032_upstream_enhancement_halt_visibility.md	1	664	0.41421658	-7.729413986206055
T04	16	0032_upstream_enhancement_halt_visibility.md	2	665	0.20772336	-11.296051025390625
T04	16	0032_upstream_enhancement_halt_visibility.md	3	666	0.17466384	-11.42436408996582
T04	17	0013_the_exit_status_and_standard_error.md	1	186	0.4141664	-6.494935035705566
T04	17	0013_the_exit_status_and_standard_error.md	2	192	0.11593902	-10.84676456451416
T04	17	0013_the_exit_status_and_standard_error.md	3	193	0.111102365	-10.677204132080078
T04	18	0002_the_interactive_session.md	1	14	0.4135383	-8.467840194702148
T04	18	0002_the_interactive_session.md	2	23	0.3911642	-4.2987141609191895
T04	18	0002_the_interactive_session.md	3	16	0.3543317	-10.108846664428711
T04	19	0002_the_interactive_session_evidence.md	1	27	0.41237912	-9.976905822753906
T04	19	0002_the_interactive_session_evidence.md	2	30	0.23823245	-11.322589874267578
T04	19	0002_the_interactive_session_evidence.md	3	24	0.23764701	-10.236595153808594
T04	20	0058_a_small_dataframe_pipeline_through_the_same_engine.md	1	1411	0.40998733	-7.723123550415039
T04	20	0058_a_small_dataframe_pipeline_through_the_same_engine.md	2	1410	0.39745384	-5.1712517738342285
T04	20	0058_a_small_dataframe_pipeline_through_the_same_engine.md	3	1394	0.3784455	-10.18471622467041
T04	21	0082_polars_borrowed_slice_bindings.md	1	2381	0.40926045	-9.60079574584961
T04	21	0082_polars_borrowed_slice_bindings.md	2	2385	0.29822314	-9.030315399169922
T04	21	0082_polars_borrowed_slice_bindings.md	3	2382	0.28630608	-6.022411823272705
T04	22	0057_a_project_declares_what_its_executable_contains_workflow_evidence.md	1	1388	0.40580383	-9.17785358428955
T04	22	0057_a_project_declares_what_its_executable_contains_workflow_evidence.md	2	1387	0.2277967	-11.317151069641113
T04	22	0057_a_project_declares_what_its_executable_contains_workflow_evidence.md	3	1390	0.12808414	-11.343033790588379
T04	23	0073_polars_generator.md	1	2090	0.39981404	-8.0419921875
T04	23	0073_polars_generator.md	2	2088	0.3974706	-7.463639259338379
T04	23	0073_polars_generator.md	3	2087	0.33654284	-10.092958450317383
T04	24	0109_polars_move_semantics.md	1	2847	0.39761302	-11.206323623657227
T04	24	0109_polars_move_semantics.md	2	2844	0.36175662	-9.942848205566406
T04	24	0109_polars_move_semantics.md	3	2843	0.21208845	-11.229421615600586
T04	25	0021_a_budget_the_operator_chooses.md	1	323	0.39355335	-5.561124801635742
T04	25	0021_a_budget_the_operator_chooses.md	2	321	0.29697344	-7.492315292358398
T04	25	0021_a_budget_the_operator_chooses.md	3	318	0.29264528	-3.35091495513916
T04	26	0010_the_text_helpers.md	1	147	0.3920828	-3.4469847679138184
T04	26	0010_the_text_helpers.md	2	146	0.35805422	-1.9952902793884277
T04	26	0010_the_text_helpers.md	3	151	0.34171125	-3.7791364192962646
T04	27	0127_pivot.md	1	3309	0.3912723	-10.165904998779297
T04	27	0127_pivot.md	2	3311	0.3106924	-10.199180603027344
T04	27	0127_pivot.md	3	3306	0.30461934	-10.629067420959473
T04	28	0035_a_file_is_a_value_and_every_refusal_names_its_path.md	1	737	0.39031014	-6.9473772048950195
T04	28	0035_a_file_is_a_value_and_every_refusal_names_its_path.md	2	738	0.251969	-8.79869270324707
T04	28	0035_a_file_is_a_value_and_every_refusal_names_its_path.md	3	739	0.23331648	-11.389261245727539
T04	29	0014_naming_the_missing_method_evidence.md	1	215	0.38891298	-7.10330057144165
T04	29	0014_naming_the_missing_method_evidence.md	2	218	0.33009985	-9.08915901184082
T04	29	0014_naming_the_missing_method_evidence.md	3	216	0.27318117	-8.533570289611816
T04	30	0072_binding_surface_evidence.md	1	2057	0.38853583	-9.153450012207031
T04	30	0072_binding_surface_evidence.md	2	2076	0.3566998	-10.227970123291016
T04	30	0072_binding_surface_evidence.md	3	2069	0.35210967	-9.78453254699707
T04	31	0030_answering_before_building_the_context.md	1	589	0.3865381	-9.244709014892578
T04	31	0030_answering_before_building_the_context.md	2	593	0.26742002	-10.638769149780273
T04	31	0030_answering_before_building_the_context.md	3	590	0.25238279	-11.20811653137207
T04	32	0120_polars_arrow_concrete_arrays.md	1	3120	0.38331163	-8.417486190795898
T04	32	0120_polars_arrow_concrete_arrays.md	2	3118	0.2311612	-11.301614761352539
T04	32	0120_polars_arrow_concrete_arrays.md	3	3113	0.22180045	-11.36214828491211
T04	33	0031_the_batteries_rnx_ships.md	1	606	0.3831128	-5.320328235626221
T04	33	0031_the_batteries_rnx_ships.md	2	610	0.3570765	-9.311407089233398
T04	33	0031_the_batteries_rnx_ships.md	3	604	0.2860396	-10.16624641418457
T04	34	0027_the_latest_released_rune_evidence.md	1	541	0.38232476	-9.865013122558594
T04	34	0027_the_latest_released_rune_evidence.md	2	544	0.2996307	-7.891031265258789
T04	34	0027_the_latest_released_rune_evidence.md	3	545	0.2862241	-6.729555130004883
T04	35	0125_loading_evidence.md	1	3271	0.38187963	-9.718194007873535
T04	35	0125_loading_evidence.md	2	3272	0.28042382	-11.36717700958252
T04	35	0125_loading_evidence.md	3	3265	0.27336672	-10.320291519165039
T04	36	0078_polars_constructors_operators.md	1	2261	0.38173756	-9.202213287353516
T04	36	0078_polars_constructors_operators.md	2	2260	0.35176733	-9.690006256103516
T04	36	0078_polars_constructors_operators.md	3	2256	0.33466122	-9.991777420043945
T04	37	0014_naming_the_missing_method.md	1	206	0.38084078	-10.328624725341797
T04	37	0014_naming_the_missing_method.md	2	207	0.32637313	-10.467971801757813
T04	37	0014_naming_the_missing_method.md	3	210	0.31009462	-7.155842304229736
T04	38	0058_a_small_dataframe_pipeline_through_the_same_engine_cost_evidence.md	1	1427	0.37847078	-8.696067810058594
T04	38	0058_a_small_dataframe_pipeline_through_the_same_engine_cost_evidence.md	2	1429	0.3740704	-8.7301025390625
T04	38	0058_a_small_dataframe_pipeline_through_the_same_engine_cost_evidence.md	3	1426	0.34593436	-10.609262466430664
T04	39	0072_binding_surface_probe.md	1	2081	0.37684065	-10.884166717529297
T04	39	0072_binding_surface_probe.md	2	2077	0.31728923	-9.037494659423828
T04	39	0072_binding_surface_probe.md	3	2083	0.2990839	-8.805514335632324
T04	40	0032_upstream_defect_nested_budget_halt.md	1	660	0.37632343	-9.322015762329102
T04	40	0032_upstream_defect_nested_budget_halt.md	2	661	0.15397264	-10.551006317138672
T04	40	0032_upstream_defect_nested_budget_halt.md	3	662	0.06736178	-11.453998565673828
T08	1	0013_the_exit_status_and_standard_error.md	1	190	0.6447215	5.798210620880127
T08	1	0013_the_exit_status_and_standard_error.md	2	187	0.59405017	3.4783191680908203
T08	1	0013_the_exit_status_and_standard_error.md	3	191	0.58757025	4.7963056564331055
T08	2	0013_the_exit_status_and_standard_error_evidence.md	1	195	0.6382503	4.1347198486328125
T08	2	0013_the_exit_status_and_standard_error_evidence.md	2	196	0.5730933	2.244568347930908
T08	2	0013_the_exit_status_and_standard_error_evidence.md	3	198	0.564226	2.1899774074554443
T08	3	0012_standard_input.md	1	177	0.55704653	6.76498556137085
T08	3	0012_standard_input.md	2	173	0.38014436	-2.0065221786499023
T08	3	0012_standard_input.md	3	176	0.37965685	-6.730049133300781
T08	4	0009_diagnostics_for_the_file_runner.md	1	133	0.5386642	4.111867904663086
T08	4	0009_diagnostics_for_the_file_runner.md	2	136	0.4844993	4.815147876739502
T08	4	0009_diagnostics_for_the_file_runner.md	3	135	0.4777945	0.41667360067367554
T08	5	0044_a_child_with_its_own_directory_and_environment.md	1	944	0.5240862	-4.58276891708374
T08	5	0044_a_child_with_its_own_directory_and_environment.md	2	945	0.35716707	-6.121085166931152
T08	5	0044_a_child_with_its_own_directory_and_environment.md	3	943	0.3381456	-8.924637794494629
T08	6	0018_a_failure_is_a_failure_from_either_entry_point.md	1	253	0.523257	5.434581279754639
T08	6	0018_a_failure_is_a_failure_from_either_entry_point.md	2	259	0.5033039	4.579024314880371
T08	6	0018_a_failure_is_a_failure_from_either_entry_point.md	3	254	0.50121903	1.7386188507080078
T08	7	0034_a_bounded_request_with_no_second_json.md	1	699	0.4896694	0.8012855052947998
T08	7	0034_a_bounded_request_with_no_second_json.md	2	700	0.36444378	-4.941498756408691
T08	7	0034_a_bounded_request_with_no_second_json.md	3	714	0.35232204	-8.184894561767578
T08	8	0025_the_same_contracts_on_windows_evidence.md	1	457	0.462153	-4.486169815063477
T08	8	0025_the_same_contracts_on_windows_evidence.md	2	434	0.45681554	-5.808372497558594
T08	8	0025_the_same_contracts_on_windows_evidence.md	3	488	0.44328356	-8.200782775878906
T08	9	0011_the_second_port.md	1	163	0.45664132	1.8753128051757813
T08	9	0011_the_second_port.md	2	165	0.4154097	5.079872131347656
T08	9	0011_the_second_port.md	3	162	0.35261643	0.008932244032621384
T08	10	0022_a_child_that_is_told_what_to_do.md	1	342	0.45334688	-5.834692001342773
T08	10	0022_a_child_that_is_told_what_to_do.md	2	341	0.35619962	-9.69603157043457
T08	10	0022_a_child_that_is_told_what_to_do.md	3	331	0.3534804	-4.047665596008301
T08	11	0046_a_worker_whose_output_has_a_boundary_evidence.md	1	992	0.43435645	-8.24051570892334
T08	11	0046_a_worker_whose_output_has_a_boundary_evidence.md	2	991	0.29999316	-8.141716003417969
T08	11	0046_a_worker_whose_output_has_a_boundary_evidence.md	3	995	0.28868082	-11.087560653686523
T08	12	0019_a_value_for_a_human_and_json_when_asked.md	1	284	0.4213823	1.8002088069915771
T08	12	0019_a_value_for_a_human_and_json_when_asked.md	2	277	0.38899744	-3.2877321243286133
T08	12	0019_a_value_for_a_human_and_json_when_asked.md	3	269	0.37906846	-6.435288906097412
T08	13	0009_diagnostics_for_the_file_runner_evidence.md	1	140	0.4130982	-5.450725555419922
T08	13	0009_diagnostics_for_the_file_runner_evidence.md	2	141	0.3657667	0.3548365533351898
T08	13	0009_diagnostics_for_the_file_runner_evidence.md	3	142	0.33157787	-4.018670558929443
T08	14	0016_a_childs_bytes.md	1	235	0.40253192	-1.7469723224639893
T08	14	0016_a_childs_bytes.md	2	232	0.35906193	-4.519554615020752
T08	14	0016_a_childs_bytes.md	3	234	0.34092498	-5.455641746520996
T08	15	0047_a_notebook_cell_over_the_worker.md	1	1006	0.39635053	-5.0381669998168945
T08	15	0047_a_notebook_cell_over_the_worker.md	2	1007	0.3552365	-8.531231880187988
T08	15	0047_a_notebook_cell_over_the_worker.md	3	1008	0.2884017	-8.5872802734375
T08	16	0025_the_same_contracts_on_windows.md	1	394	0.39522254	-4.996477127075195
T08	16	0025_the_same_contracts_on_windows.md	2	390	0.38464215	-11.132417678833008
T08	16	0025_the_same_contracts_on_windows.md	3	404	0.38199162	-10.879836082458496
T08	17	0024_the_default_command_is_a_session.md	1	368	0.395163	1.3011548519134521
T08	17	0024_the_default_command_is_a_session.md	2	366	0.34139973	-1.1280980110168457
T08	17	0024_the_default_command_is_a_session.md	3	367	0.32715735	-0.021125882863998413
T08	18	0023_a_capture_that_ends_when_the_call_does.md	1	359	0.3951441	-5.344831466674805
T08	18	0023_a_capture_that_ends_when_the_call_does.md	2	364	0.38493443	-9.514422416687012
T08	18	0023_a_capture_that_ends_when_the_call_does.md	3	361	0.36391535	-7.5429229736328125
T08	19	0032_one_way_to_run_a_script.md	1	637	0.39398697	2.9723587036132813
T08	19	0032_one_way_to_run_a_script.md	2	640	0.34332478	-2.17378568649292
T08	19	0032_one_way_to_run_a_script.md	3	641	0.31625697	-9.409246444702148
T08	20	0012_standard_input_evidence.md	1	184	0.39279225	1.5770423412322998
T08	20	0012_standard_input_evidence.md	2	182	0.3877668	-10.636966705322266
T08	20	0012_standard_input_evidence.md	3	181	0.31640148	-4.252886772155762
T08	21	0053_cancellation_reaches_the_operation_not_just_the_binding_evidence.md	1	1184	0.39222094	-9.032739639282227
T08	21	0053_cancellation_reaches_the_operation_not_just_the_binding_evidence.md	2	1185	0.26594955	-9.431089401245117
T08	21	0053_cancellation_reaches_the_operation_not_just_the_binding_evidence.md	3	1187	0.25405008	-9.458928108215332
T08	22	0016_a_childs_bytes_evidence.md	1	241	0.38854587	-10.866044998168945
T08	22	0016_a_childs_bytes_evidence.md	2	242	0.34472874	-0.45070022344589233
T08	22	0016_a_childs_bytes_evidence.md	3	239	0.3214127	-4.988419532775879
T08	23	0132_concurrent_embed.md	1	3432	0.3860607	-10.292304039001465
T08	23	0132_concurrent_embed.md	2	3434	0.33065775	-9.322296142578125
T08	23	0132_concurrent_embed.md	3	3433	0.270471	-10.305797576904297
T08	24	0054_a_server_owns_more_than_a_handler.md	1	1212	0.38469344	-9.474498748779297
T08	24	0054_a_server_owns_more_than_a_handler.md	2	1202	0.30691877	-9.883220672607422
T08	24	0054_a_server_owns_more_than_a_handler.md	3	1203	0.2847293	-10.923604965209961
T08	25	0043_colours_a_person_can_choose_in_a_rune_file.md	1	921	0.37761924	-5.55954647064209
T08	25	0043_colours_a_person_can_choose_in_a_rune_file.md	2	927	0.31054094	-8.497142791748047
T08	25	0043_colours_a_person_can_choose_in_a_rune_file.md	3	934	0.2854142	-9.802481651306152
T08	26	0042_the_prompt_a_person_lives_at.md	1	908	0.37131187	-3.972346305847168
T08	26	0042_the_prompt_a_person_lives_at.md	2	907	0.30161992	-2.483621597290039
T08	26	0042_the_prompt_a_person_lives_at.md	3	909	0.29921457	-9.385056495666504
T08	27	0014_naming_the_missing_method_evidence.md	1	218	0.3703394	-5.6886773109436035
T08	27	0014_naming_the_missing_method_evidence.md	2	217	0.2491966	-10.904319763183594
T08	27	0014_naming_the_missing_method_evidence.md	3	219	0.2443716	-8.744553565979004
T08	28	0036_what_the_process_was_given.md	1	773	0.3680546	-9.793136596679688
T08	28	0036_what_the_process_was_given.md	2	783	0.3184784	-3.531012535095215
T08	28	0036_what_the_process_was_given.md	3	779	0.29197007	-0.45732659101486206
T08	29	0015_the_third_port.md	1	228	0.3680065	-9.620161056518555
T08	29	0015_the_third_port.md	2	221	0.30940914	0.07641437649726868
T08	29	0015_the_third_port.md	3	223	0.3048511	-8.099496841430664
T08	30	0008_the_first_port.md	1	128	0.3664214	-3.368664503097534
T08	30	0008_the_first_port.md	2	130	0.29623625	-5.889850616455078
T08	30	0008_the_first_port.md	3	129	0.28187338	-10.301125526428223
T08	31	0054_a_server_owns_more_than_a_handler_http_evidence.md	1	1237	0.3657124	-7.973587989807129
T08	31	0054_a_server_owns_more_than_a_handler_http_evidence.md	2	1234	0.25036386	-11.35660171508789
T08	31	0054_a_server_owns_more_than_a_handler_http_evidence.md	3	1238	0.2300634	-11.162765502929688
T08	32	0049_the_names_no_longer_begin_with_host_evidence.md	1	1078	0.36137336	-8.983226776123047
T08	32	0049_the_names_no_longer_begin_with_host_evidence.md	2	1080	0.2251026	-9.114477157592773
T08	32	0049_the_names_no_longer_begin_with_host_evidence.md	3	1077	0.20839655	-11.308309555053711
T08	33	0046_a_worker_whose_output_has_a_boundary.md	1	978	0.35984823	-2.7695116996765137
T08	33	0046_a_worker_whose_output_has_a_boundary.md	2	988	0.33830094	-8.264694213867188
T08	33	0046_a_worker_whose_output_has_a_boundary.md	3	974	0.29720047	-9.40936279296875
T08	34	0006_what_a_retained_value_pins_evidence.md	1	102	0.35982004	-10.158258438110352
T08	34	0006_what_a_retained_value_pins_evidence.md	2	98	0.24184825	-9.474557876586914
T08	34	0006_what_a_retained_value_pins_evidence.md	3	100	0.19612373	-10.811548233032227
T08	35	0021_a_budget_the_operator_chooses.md	1	320	0.3551725	-2.9428133964538574
T08	35	0021_a_budget_the_operator_chooses.md	2	323	0.3253831	-7.778918266296387
T08	35	0021_a_budget_the_operator_chooses.md	3	321	0.32439408	-3.506788730621338
T08	36	0079_polars_callbacks.md	1	2291	0.35439286	-10.509655952453613
T08	36	0079_polars_callbacks.md	2	2292	0.34217244	-7.111179828643799
T08	36	0079_polars_callbacks.md	3	2306	0.32221034	-9.327930450439453
T08	37	0063_a_session_can_request_its_next_executable_ownership_evidence.md	1	1621	0.35437718	-8.420629501342773
T08	37	0063_a_session_can_request_its_next_executable_ownership_evidence.md	2	1620	0.3181144	-10.386563301086426
T08	37	0063_a_session_can_request_its_next_executable_ownership_evidence.md	3	1617	0.29598552	-10.609129905700684
T08	38	0041_the_same_name_wherever_the_method_went_missing.md	1	891	0.3541044	-6.144215106964111
T08	38	0041_the_same_name_wherever_the_method_went_missing.md	2	892	0.2710109	-9.479249954223633
T08	38	0041_the_same_name_wherever_the_method_went_missing.md	3	893	0.2518625	-9.604196548461914
T08	39	0010_the_text_helpers_evidence.md	1	160	0.35322642	-9.091503143310547
T08	39	0010_the_text_helpers_evidence.md	2	156	0.30532852	-8.201375961303711
T08	39	0010_the_text_helpers_evidence.md	3	157	0.27119187	-11.327363967895508
T08	40	0039_colour_belongs_to_the_presentation.md	1	859	0.35109773	-4.246147155761719
T08	40	0039_colour_belongs_to_the_presentation.md	2	860	0.32641923	-5.949389934539795
T08	40	0039_colour_belongs_to_the_presentation.md	3	846	0.31036514	-5.808138370513916
T13	1	0036_what_the_process_was_given.md	1	772	0.5734813	2.688441753387451
T13	1	0036_what_the_process_was_given.md	2	770	0.5353084	-2.003948211669922
T13	1	0036_what_the_process_was_given.md	3	768	0.53111666	0.4388536214828491
T13	2	0043_colours_a_person_can_choose_in_a_rune_file.md	1	923	0.54630166	-3.6055941581726074
T13	2	0043_colours_a_person_can_choose_in_a_rune_file.md	2	924	0.50804573	-1.0770823955535889
T13	2	0043_colours_a_person_can_choose_in_a_rune_file.md	3	927	0.47950107	-0.5892074108123779
T13	3	0025_the_same_contracts_on_windows.md	1	384	0.5453128	0.945609450340271
T13	3	0025_the_same_contracts_on_windows.md	2	383	0.49514127	-4.150798797607422
T13	3	0025_the_same_contracts_on_windows.md	3	394	0.4899527	-1.209167242050171
T13	4	0036_what_the_process_was_given_evidence.md	1	787	0.5423628	-2.9565510749816895
T13	4	0036_what_the_process_was_given_evidence.md	2	789	0.39187872	-2.4091405868530273
T13	4	0036_what_the_process_was_given_evidence.md	3	785	0.39080167	-6.908020496368408
T13	5	0002_the_interactive_session.md	1	13	0.5388675	-1.5194120407104492
T13	5	0002_the_interactive_session.md	2	15	0.42328066	-5.462917804718018
T13	5	0002_the_interactive_session.md	3	19	0.34909618	-10.0859375
T13	6	0032_upstream_defect_nested_budget_halt.md	1	663	0.5307581	2.2159459590911865
T13	6	0032_upstream_defect_nested_budget_halt.md	2	662	0.3085078	-11.185768127441406
T13	6	0032_upstream_defect_nested_budget_halt.md	3	660	0.26961267	-10.821212768554688
T13	7	0128_polars_shipping_decision.md	1	3338	0.5275722	-6.732158660888672
T13	7	0128_polars_shipping_decision.md	2	3335	0.3720868	-5.764247894287109
T13	7	0128_polars_shipping_decision.md	3	3330	0.35822454	-6.224629878997803
T13	8	0060_a_project_opens_at_its_own_prompt_evidence.md	1	1491	0.5262711	-4.499895095825195
T13	8	0060_a_project_opens_at_its_own_prompt_evidence.md	2	1492	0.2960242	-7.981274604797363
T13	8	0060_a_project_opens_at_its_own_prompt_evidence.md	3	1494	0.26880983	-9.465906143188477
T13	9	0039_colour_belongs_to_the_presentation.md	1	861	0.51946634	-2.292414903640747
T13	9	0039_colour_belongs_to_the_presentation.md	2	846	0.49206915	-1.6915483474731445
T13	9	0039_colour_belongs_to_the_presentation.md	3	859	0.4874641	-3.226322889328003
T13	10	0012_standard_input.md	1	171	0.51782066	0.7692449688911438
T13	10	0012_standard_input.md	2	176	0.27476016	-9.40646743774414
T13	10	0012_standard_input.md	3	172	0.25957325	-10.045809745788574
T13	11	0024_the_default_command_is_a_session.md	1	365	0.51481456	-1.942051649093628
T13	11	0024_the_default_command_is_a_session.md	2	368	0.48816952	-3.4879188537597656
T13	11	0024_the_default_command_is_a_session.md	3	367	0.45527366	-0.8678017258644104
T13	12	0051_an_executable_assembled_from_its_extensions.md	1	1111	0.5125232	-0.28110435605049133
T13	12	0051_an_executable_assembled_from_its_extensions.md	2	1116	0.50734586	-2.1594886779785156
T13	12	0051_an_executable_assembled_from_its_extensions.md	3	1110	0.46901432	-1.7816132307052612
T13	13	0013_the_exit_status_and_standard_error.md	1	193	0.5110596	-2.0449767112731934
T13	13	0013_the_exit_status_and_standard_error.md	2	187	0.4944782	-8.066551208496094
T13	13	0013_the_exit_status_and_standard_error.md	3	189	0.49360356	-1.253003478050232
T13	14	0035_a_file_is_a_value_and_every_refusal_names_its_path.md	1	756	0.5062766	-1.10085129737854
T13	14	0035_a_file_is_a_value_and_every_refusal_names_its_path.md	2	736	0.45888406	-4.055839538574219
T13	14	0035_a_file_is_a_value_and_every_refusal_names_its_path.md	3	744	0.41347566	-2.1733274459838867
T13	15	0025_the_same_contracts_on_windows_evidence.md	1	420	0.5040986	-0.010967791080474854
T13	15	0025_the_same_contracts_on_windows_evidence.md	2	509	0.48944795	-3.620680570602417
T13	15	0025_the_same_contracts_on_windows_evidence.md	3	510	0.48543996	0.9642549157142639
T13	16	0023_a_capture_that_ends_when_the_call_does.md	1	351	0.50085366	-4.244244575500488
T13	16	0023_a_capture_that_ends_when_the_call_does.md	2	350	0.3933781	-3.3376142978668213
T13	16	0023_a_capture_that_ends_when_the_call_does.md	3	356	0.34557635	-4.984945774078369
T13	17	0054_a_server_owns_more_than_a_handler_shutdown_evidence.md	1	1247	0.49848655	-4.787879943847656
T13	17	0054_a_server_owns_more_than_a_handler_shutdown_evidence.md	2	1252	0.30001584	-10.614972114562988
T13	17	0054_a_server_owns_more_than_a_handler_shutdown_evidence.md	3	1246	0.29168153	-4.956424236297607
T13	18	0018_a_failure_is_a_failure_from_either_entry_point.md	1	253	0.49790478	-0.5952982902526855
T13	18	0018_a_failure_is_a_failure_from_either_entry_point.md	2	261	0.45553273	-2.3883423805236816
T13	18	0018_a_failure_is_a_failure_from_either_entry_point.md	3	259	0.43882993	-0.6545009613037109
T13	19	0049_the_names_no_longer_begin_with_host_evidence.md	1	1076	0.4946161	-1.8770359754562378
T13	19	0049_the_names_no_longer_begin_with_host_evidence.md	2	1074	0.3034248	-7.622092247009277
T13	19	0049_the_names_no_longer_begin_with_host_evidence.md	3	1075	0.30234244	-11.281718254089355
T13	20	0067_one_install_provides_the_dependency_workflow.md	1	1887	0.49364445	-2.1458842754364014
T13	20	0067_one_install_provides_the_dependency_workflow.md	2	1886	0.4179153	-1.5597686767578125
T13	20	0067_one_install_provides_the_dependency_workflow.md	3	1882	0.4151896	-10.165090560913086
T13	21	0052_one_query_through_the_extension_interface.md	1	1130	0.48977885	-2.9975149631500244
T13	21	0052_one_query_through_the_extension_interface.md	2	1135	0.47884396	-7.454875946044922
T13	21	0052_one_query_through_the_extension_interface.md	3	1148	0.4478751	-3.7632598876953125
T13	22	0058_a_small_dataframe_pipeline_through_the_same_engine_assembly_evidence.md	1	1414	0.4865123	-2.217546224594116
T13	22	0058_a_small_dataframe_pipeline_through_the_same_engine_assembly_evidence.md	2	1412	0.38481164	-0.9054301977157593
T13	22	0058_a_small_dataframe_pipeline_through_the_same_engine_assembly_evidence.md	3	1413	0.3676724	-4.91508674621582
T13	23	0019_a_value_for_a_human_and_json_when_asked.md	1	283	0.48484492	-1.1539475917816162
T13	23	0019_a_value_for_a_human_and_json_when_asked.md	2	263	0.4766075	-4.314661502838135
T13	23	0019_a_value_for_a_human_and_json_when_asked.md	3	272	0.44527113	-0.6582507491111755
T13	24	0063_a_session_can_request_its_next_executable_preparation_evidence.md	1	1627	0.47995213	-4.07423734664917
T13	24	0063_a_session_can_request_its_next_executable_preparation_evidence.md	2	1628	0.34810308	-10.55207633972168
T13	24	0063_a_session_can_request_its_next_executable_preparation_evidence.md	3	1626	0.26075077	-10.849359512329102
T13	25	0060_a_project_opens_at_its_own_prompt.md	1	1484	0.47677565	4.701058387756348
T13	25	0060_a_project_opens_at_its_own_prompt.md	2	1483	0.41224304	-2.1165971755981445
T13	25	0060_a_project_opens_at_its_own_prompt.md	3	1482	0.3795427	-6.485978603363037
T13	26	0070_dep_is_quiet_by_default.md	1	2022	0.47590324	-1.140491247177124
T13	26	0070_dep_is_quiet_by_default.md	2	2021	0.42934313	-3.891252040863037
T13	26	0070_dep_is_quiet_by_default.md	3	2018	0.42801872	-6.050842761993408
T13	27	0055_http_cancellation_belongs_to_its_execution.md	1	1267	0.4701533	-1.3097116947174072
T13	27	0055_http_cancellation_belongs_to_its_execution.md	2	1271	0.34463695	-4.568073272705078
T13	27	0055_http_cancellation_belongs_to_its_execution.md	3	1264	0.31842244	-0.2406187802553177
T13	28	0047_a_notebook_cell_over_the_worker_evidence.md	1	1034	0.46740752	-4.275050640106201
T13	28	0047_a_notebook_cell_over_the_worker_evidence.md	2	1027	0.39781672	-2.7077741622924805
T13	28	0047_a_notebook_cell_over_the_worker_evidence.md	3	1030	0.3922966	-4.846428394317627
T13	29	0047_a_notebook_cell_over_the_worker.md	1	1015	0.4658153	-3.455658197402954
T13	29	0047_a_notebook_cell_over_the_worker.md	2	1001	0.39374888	-3.6778688430786133
T13	29	0047_a_notebook_cell_over_the_worker.md	3	1018	0.37450102	-3.713669538497925
T13	30	0046_a_worker_whose_output_has_a_boundary.md	1	987	0.4646587	-1.4233243465423584
T13	30	0046_a_worker_whose_output_has_a_boundary.md	2	973	0.44965473	-1.0054090023040771
T13	30	0046_a_worker_whose_output_has_a_boundary.md	3	985	0.43796977	-4.851217269897461
T13	31	0049_the_names_no_longer_begin_with_host.md	1	1063	0.46424365	-4.712549209594727
T13	31	0049_the_names_no_longer_begin_with_host.md	2	1070	0.41170123	-2.802860736846924
T13	31	0049_the_names_no_longer_begin_with_host.md	3	1065	0.34767908	-4.488284587860107
T13	32	0044_a_child_with_its_own_directory_and_environment.md	1	948	0.46259415	-1.7027180194854736
T13	32	0044_a_child_with_its_own_directory_and_environment.md	2	944	0.44784394	1.0741770267486572
T13	32	0044_a_child_with_its_own_directory_and_environment.md	3	943	0.4306384	-8.609511375427246
T13	33	0062_an_adapter_name_becomes_a_declaration.md	1	1559	0.46179107	-1.340277910232544
T13	33	0062_an_adapter_name_becomes_a_declaration.md	2	1554	0.39293194	1.3032010793685913
T13	33	0062_an_adapter_name_becomes_a_declaration.md	3	1556	0.33070558	-8.046751022338867
T13	34	0041_the_same_name_wherever_the_method_went_missing.md	1	889	0.45986006	0.20315274596214294
T13	34	0041_the_same_name_wherever_the_method_went_missing.md	2	894	0.31501558	-9.191886901855469
T13	34	0041_the_same_name_wherever_the_method_went_missing.md	3	890	0.27114287	-6.482358932495117
T13	35	0042_the_prompt_a_person_lives_at.md	1	911	0.4592787	-2.1274514198303223
T13	35	0042_the_prompt_a_person_lives_at.md	2	904	0.45587125	-1.277022123336792
T13	35	0042_the_prompt_a_person_lives_at.md	3	902	0.42237046	-0.49974745512008667
T13	36	0056_a_server_entry_without_ownership_by_accident_host_evidence.md	1	1335	0.45699668	-2.8465559482574463
T13	36	0056_a_server_entry_without_ownership_by_accident_host_evidence.md	2	1334	0.39939106	-5.003041744232178
T13	36	0056_a_server_entry_without_ownership_by_accident_host_evidence.md	3	1337	0.33162054	-0.10698451101779938
T13	37	0058_a_small_dataframe_pipeline_through_the_same_engine.md	1	1393	0.45568714	-4.957479476928711
T13	37	0058_a_small_dataframe_pipeline_through_the_same_engine.md	2	1398	0.42658463	-4.457315444946289
T13	37	0058_a_small_dataframe_pipeline_through_the_same_engine.md	3	1402	0.4002272	-4.418563365936279
T13	38	0061_projects_share_an_assembled_executable_regression_evidence.md	1	1545	0.45317245	-3.692873954772949
T13	38	0061_projects_share_an_assembled_executable_regression_evidence.md	2	1547	0.33494458	-5.19100284576416
T13	38	0061_projects_share_an_assembled_executable_regression_evidence.md	3	1550	0.21775939	-10.600793838500977
T13	39	0021_a_budget_the_operator_chooses.md	1	322	0.44639292	0.6135432124137878
T13	39	0021_a_budget_the_operator_chooses.md	2	324	0.38953364	0.5903335809707642
T13	39	0021_a_budget_the_operator_chooses.md	3	319	0.38082165	-5.528515815734863
T13	40	0057_a_project_declares_what_its_executable_contains.md	1	1352	0.44539794	-2.7080130577087402
T13	40	0057_a_project_declares_what_its_executable_contains.md	2	1341	0.4231195	-0.7112303972244263
T13	40	0057_a_project_declares_what_its_executable_contains.md	3	1348	0.39422786	-5.924748420715332
T14	1	0028_where_rnx_came_from.md	1	560	0.5471191	-8.382147789001465
T14	1	0028_where_rnx_came_from.md	2	554	0.40298396	-10.00108528137207
T14	1	0028_where_rnx_came_from.md	3	552	0.390779	-9.594998359680176
T14	2	0025_the_same_contracts_on_windows.md	1	417	0.51716995	-3.7197301387786865
T14	2	0025_the_same_contracts_on_windows.md	2	400	0.39938822	-10.215683937072754
T14	2	0025_the_same_contracts_on_windows.md	3	370	0.26781648	-9.574851989746094
T14	3	0029_the_notices_a_binary_must_carry.md	1	573	0.48656625	-5.3823957443237305
T14	3	0029_the_notices_a_binary_must_carry.md	2	575	0.4505906	-7.553497314453125
T14	3	0029_the_notices_a_binary_must_carry.md	3	571	0.44485632	-5.837008476257324
T14	4	0026_the_manifest_a_release_needs.md	1	535	0.47742158	-0.4024154543876648
T14	4	0026_the_manifest_a_release_needs.md	2	525	0.4747216	1.894668459892273
T14	4	0026_the_manifest_a_release_needs.md	3	531	0.4476811	-7.228514671325684
T14	5	0064_a_runtime_installation_outlives_its_checkout.md	1	1645	0.4682788	-6.102047920227051
T14	5	0064_a_runtime_installation_outlives_its_checkout.md	2	1656	0.46623194	-9.033722877502441
T14	5	0064_a_runtime_installation_outlives_its_checkout.md	3	1646	0.33757436	-7.538228511810303
T14	6	0115_polars_gen_family_registry.md	1	2973	0.4597272	-0.4865087568759918
T14	6	0115_polars_gen_family_registry.md	2	2969	0.35582206	-7.516870498657227
T14	6	0115_polars_gen_family_registry.md	3	2974	0.3366087	-8.672325134277344
T14	7	0066_removal_is_an_explicit_ownership_decision.md	1	1800	0.4580559	-10.889704704284668
T14	7	0066_removal_is_an_explicit_ownership_decision.md	2	1801	0.38700897	-10.418962478637695
T14	7	0066_removal_is_an_explicit_ownership_decision.md	3	1812	0.37987047	-10.774335861206055
T14	8	0066_removal_is_an_explicit_ownership_decision_commands_evidence.md	1	1823	0.44488433	-3.646406650543213
T14	8	0066_removal_is_an_explicit_ownership_decision_commands_evidence.md	2	1825	0.32375258	-10.269479751586914
T14	8	0066_removal_is_an_explicit_ownership_decision_commands_evidence.md	3	1827	0.26532385	-10.402424812316895
T14	9	0028_where_rnx_came_from_evidence.md	1	561	0.443042	-8.195422172546387
T14	9	0028_where_rnx_came_from_evidence.md	2	562	0.3390096	-10.952652931213379
T14	9	0028_where_rnx_came_from_evidence.md	3	568	0.3052159	-11.169353485107422
T14	10	0069_assemblies_share_compilation.md	1	1960	0.43695325	-7.654812812805176
T14	10	0069_assemblies_share_compilation.md	2	1961	0.40607864	-7.210368633270264
T14	10	0069_assemblies_share_compilation.md	3	1958	0.38673288	-6.82076358795166
T14	11	0019_upstream_defect_recursive_drop.md	1	293	0.43470323	-8.278059005737305
T14	11	0019_upstream_defect_recursive_drop.md	2	292	0.21237524	-10.624561309814453
T14	11	0019_upstream_defect_recursive_drop.md	3	296	0.14028732	-10.570981979370117
T14	12	0052_one_query_through_the_extension_interface_implementation_evidence.md	1	1161	0.43228656	-9.715422630310059
T14	12	0052_one_query_through_the_extension_interface_implementation_evidence.md	2	1160	0.22626813	-11.282331466674805
T14	12	0052_one_query_through_the_extension_interface_implementation_evidence.md	3	1163	0.21335848	-8.58209228515625
T14	13	0064_a_runtime_installation_outlives_its_checkout_index_evidence.md	1	1677	0.4194563	-4.730196475982666
T14	13	0064_a_runtime_installation_outlives_its_checkout_index_evidence.md	2	1670	0.3636715	-10.949228286743164
T14	13	0064_a_runtime_installation_outlives_its_checkout_index_evidence.md	3	1671	0.34837806	-9.80302906036377
T14	14	0038_a_moment_is_a_number_and_a_clock_is_named_evidence.md	1	842	0.41917437	-8.698715209960938
T14	14	0038_a_moment_is_a_number_and_a_clock_is_named_evidence.md	2	840	0.23558557	-8.852514266967773
T14	14	0038_a_moment_is_a_number_and_a_clock_is_named_evidence.md	3	838	0.1895424	-10.94671630859375
T14	15	0031_the_batteries_rnx_ships.md	1	616	0.41906306	-7.781764030456543
T14	15	0031_the_batteries_rnx_ships.md	2	615	0.26727992	-10.109268188476563
T14	15	0031_the_batteries_rnx_ships.md	3	614	0.25039548	-10.877429008483887
T14	16	0061_projects_share_an_assembled_executable_regression_evidence.md	1	1550	0.41595337	-9.040950775146484
T14	16	0061_projects_share_an_assembled_executable_regression_evidence.md	2	1547	0.34603697	-10.666744232177734
T14	16	0061_projects_share_an_assembled_executable_regression_evidence.md	3	1546	0.27297643	-7.97127628326416
T14	17	0058_a_small_dataframe_pipeline_through_the_same_engine_regression_evidence.md	1	1452	0.4137649	-10.408157348632813
T14	17	0058_a_small_dataframe_pipeline_through_the_same_engine_regression_evidence.md	2	1451	0.29923105	-10.750337600708008
T14	17	0058_a_small_dataframe_pipeline_through_the_same_engine_regression_evidence.md	3	1450	0.25169948	-10.395450592041016
T14	18	0002_the_interactive_session_evidence.md	1	32	0.40723008	-5.60352897644043
T14	18	0002_the_interactive_session_evidence.md	2	24	0.23619421	-8.97633171081543
T14	18	0002_the_interactive_session_evidence.md	3	31	0.23291242	-7.227339744567871
T14	19	0062_an_adapter_name_becomes_a_declaration.md	1	1553	0.40188077	-9.163280487060547
T14	19	0062_an_adapter_name_becomes_a_declaration.md	2	1552	0.39070147	-10.536462783813477
T14	19	0062_an_adapter_name_becomes_a_declaration.md	3	1560	0.32297844	-9.53717041015625
T14	20	0075_polars_coverage_two.md	1	2162	0.4015823	-8.556163787841797
T14	20	0075_polars_coverage_two.md	2	2160	0.37329724	-10.049209594726563
T14	20	0075_polars_coverage_two.md	3	2158	0.35504067	-5.015817642211914
T14	21	0024_the_default_command_is_a_session.md	1	369	0.40048373	-6.43206787109375
T14	21	0024_the_default_command_is_a_session.md	2	368	0.16529775	-10.152931213378906
T14	21	0024_the_default_command_is_a_session.md	3	367	0.15527874	-10.827577590942383
T14	22	0067_management_and_session_protocol_evidence.md	1	1875	0.39834237	-4.308873653411865
T14	22	0067_management_and_session_protocol_evidence.md	2	1870	0.32741448	-9.531742095947266
T14	22	0067_management_and_session_protocol_evidence.md	3	1871	0.29223755	-10.794519424438477
T14	23	0062_an_adapter_name_becomes_a_declaration_authoring_evidence.md	1	1565	0.39675042	-5.664337158203125
T14	23	0062_an_adapter_name_becomes_a_declaration_authoring_evidence.md	2	1568	0.3941932	-4.455066680908203
T14	23	0062_an_adapter_name_becomes_a_declaration_authoring_evidence.md	3	1567	0.3678493	-3.0842552185058594
T14	24	0065_a_launch_checks_each_native_file_once.md	1	1720	0.3936933	-10.170206069946289
T14	24	0065_a_launch_checks_each_native_file_once.md	2	1703	0.33456245	-9.871221542358398
T14	24	0065_a_launch_checks_each_native_file_once.md	3	1702	0.3265674	-11.189474105834961
T14	25	0075_polars_coverage_two_evidence.md	1	2164	0.39298072	-8.985946655273438
T14	25	0075_polars_coverage_two_evidence.md	2	2185	0.36871758	-9.122272491455078
T14	25	0075_polars_coverage_two_evidence.md	3	2186	0.35856044	-7.483091831207275
T14	26	0057_a_project_declares_what_its_executable_contains_fingerprint_evidence.md	1	1361	0.38922355	-6.9133992195129395
T14	26	0057_a_project_declares_what_its_executable_contains_fingerprint_evidence.md	2	1360	0.32692942	-8.908177375793457
T14	26	0057_a_project_declares_what_its_executable_contains_fingerprint_evidence.md	3	1363	0.28160098	-4.730238914489746
T14	27	0067_one_install_provides_the_dependency_workflow.md	1	1903	0.3885473	-9.207535743713379
T14	27	0067_one_install_provides_the_dependency_workflow.md	2	1891	0.36595145	-4.893742084503174
T14	27	0067_one_install_provides_the_dependency_workflow.md	3	1890	0.35996196	-9.345260620117188
T14	28	0056_a_server_entry_without_ownership_by_accident_acceptance_evidence.md	1	1308	0.3877753	-6.895650863647461
T14	28	0056_a_server_entry_without_ownership_by_accident_acceptance_evidence.md	2	1307	0.30320767	-9.954092025756836
T14	28	0056_a_server_entry_without_ownership_by_accident_acceptance_evidence.md	3	1304	0.2662457	-7.861385345458984
T14	29	0063_a_session_can_request_its_next_executable_ownership_evidence.md	1	1623	0.3860351	-10.854272842407227
T14	29	0063_a_session_can_request_its_next_executable_ownership_evidence.md	2	1617	0.32968253	-7.572993278503418
T14	29	0063_a_session_can_request_its_next_executable_ownership_evidence.md	3	1618	0.31957075	-8.968228340148926
T14	30	0057_a_project_declares_what_its_executable_contains_workflow_evidence.md	1	1385	0.3852738	-3.2335824966430664
T14	30	0057_a_project_declares_what_its_executable_contains_workflow_evidence.md	2	1388	0.34248096	-8.613653182983398
T14	30	0057_a_project_declares_what_its_executable_contains_workflow_evidence.md	3	1390	0.32285205	-10.149645805358887
T14	31	0027_the_latest_released_rune_evidence.md	1	546	0.38279268	-4.241940498352051
T14	31	0027_the_latest_released_rune_evidence.md	2	545	0.3185405	-5.406725883483887
T14	31	0027_the_latest_released_rune_evidence.md	3	547	0.2804316	-11.064519882202148
T14	32	0058_a_small_dataframe_pipeline_through_the_same_engine_files_evidence.md	1	1444	0.38011393	-9.24032211303711
T14	32	0058_a_small_dataframe_pipeline_through_the_same_engine_files_evidence.md	2	1443	0.32864967	-9.702911376953125
T14	32	0058_a_small_dataframe_pipeline_through_the_same_engine_files_evidence.md	3	1439	0.18788448	-10.241189002990723
T14	33	0060_a_project_opens_at_its_own_prompt.md	1	1485	0.37717465	-10.36935043334961
T14	33	0060_a_project_opens_at_its_own_prompt.md	2	1483	0.28037348	-9.773608207702637
T14	33	0060_a_project_opens_at_its_own_prompt.md	3	1486	0.25647572	-9.31363296508789
T14	34	0061_projects_share_an_assembled_executable_polars_evidence.md	1	1532	0.37398827	-8.92923355102539
T14	34	0061_projects_share_an_assembled_executable_polars_evidence.md	2	1531	0.27840406	-10.128372192382813
T14	34	0061_projects_share_an_assembled_executable_polars_evidence.md	3	1533	0.26979762	-9.560224533081055
T14	35	0069_wrapper_identity_evidence.md	1	2002	0.37376103	-9.650301933288574
T14	35	0069_wrapper_identity_evidence.md	2	2003	0.3518984	-11.066865921020508
T14	35	0069_wrapper_identity_evidence.md	3	2005	0.31945306	-4.4123005867004395
T14	36	0061_projects_share_an_assembled_executable_identity_evidence.md	1	1526	0.37345648	-10.48680305480957
T14	36	0061_projects_share_an_assembled_executable_identity_evidence.md	2	1529	0.3413918	-9.389327049255371
T14	36	0061_projects_share_an_assembled_executable_identity_evidence.md	3	1525	0.3115711	-9.592681884765625
T14	37	0067_git_source_workflow_evidence.md	1	1868	0.3730178	-9.511282920837402
T14	37	0067_git_source_workflow_evidence.md	2	1865	0.3570744	-10.81407642364502
T14	37	0067_git_source_workflow_evidence.md	3	1867	0.31232303	-9.144169807434082
T14	38	0065_a_launch_checks_each_native_file_once_regression_evidence.md	1	1773	0.37232047	-10.37416934967041
T14	38	0065_a_launch_checks_each_native_file_once_regression_evidence.md	2	1772	0.3713901	-10.35073471069336
T14	38	0065_a_launch_checks_each_native_file_once_regression_evidence.md	3	1771	0.3302118	-11.026233673095703
T14	39	0061_projects_share_an_assembled_executable.md	1	1504	0.371297	-8.085180282592773
T14	39	0061_projects_share_an_assembled_executable.md	2	1507	0.35177478	-10.24769401550293
T14	39	0061_projects_share_an_assembled_executable.md	3	1503	0.33252704	-10.145954132080078
T14	40	0061_projects_share_an_assembled_executable_context_evidence.md	1	1522	0.37116706	-9.361177444458008
T14	40	0061_projects_share_an_assembled_executable_context_evidence.md	2	1521	0.3658827	-3.98242449760437
T14	40	0061_projects_share_an_assembled_executable_context_evidence.md	3	1520	0.32297418	-9.992826461791992
T15	1	0026_the_manifest_a_release_needs.md	1	529	0.6270935	3.995518684387207
T15	1	0026_the_manifest_a_release_needs.md	2	532	0.44940794	-0.49138620495796204
T15	1	0026_the_manifest_a_release_needs.md	3	526	0.43753186	-1.197223424911499
T15	2	0027_the_latest_released_rune.md	1	538	0.5973881	1.0285942554473877
T15	2	0027_the_latest_released_rune.md	2	540	0.5505649	4.0461273193359375
T15	2	0027_the_latest_released_rune.md	3	539	0.45584035	-2.495847702026367
T15	3	0027_the_latest_released_rune_evidence.md	1	545	0.54497534	1.5195000171661377
T15	3	0027_the_latest_released_rune_evidence.md	2	541	0.5241902	2.9331271648406982
T15	3	0027_the_latest_released_rune_evidence.md	3	544	0.4357595	-2.0295848846435547
T15	4	0005_the_allocation_ceiling.md	1	62	0.53898495	-2.431644916534424
T15	4	0005_the_allocation_ceiling.md	2	64	0.43721738	-3.158623695373535
T15	4	0005_the_allocation_ceiling.md	3	68	0.32222265	-8.632223129272461
T15	5	0051_an_executable_assembled_from_its_extensions.md	1	1119	0.53821445	3.0543012619018555
T15	5	0051_an_executable_assembled_from_its_extensions.md	2	1110	0.4672782	-1.6517528295516968
T15	5	0051_an_executable_assembled_from_its_extensions.md	3	1103	0.46137553	-2.965850591659546
T15	6	0031_the_batteries_rnx_ships_evidence.md	1	627	0.5254127	-3.911587715148926
T15	6	0031_the_batteries_rnx_ships_evidence.md	2	626	0.5219019	-6.151926040649414
T15	6	0031_the_batteries_rnx_ships_evidence.md	3	621	0.5022909	0.6238815784454346
T15	7	0057_a_project_declares_what_its_executable_contains.md	1	1340	0.5173473	-2.483380079269409
T15	7	0057_a_project_declares_what_its_executable_contains.md	2	1341	0.39669913	-3.1188836097717285
T15	7	0057_a_project_declares_what_its_executable_contains.md	3	1346	0.39527494	-5.972715377807617
T15	8	0049_the_names_no_longer_begin_with_host.md	1	1063	0.51566017	1.1471424102783203
T15	8	0049_the_names_no_longer_begin_with_host.md	2	1070	0.40615365	-3.0446062088012695
T15	8	0049_the_names_no_longer_begin_with_host.md	3	1067	0.3499706	-2.9396612644195557
T15	9	0001_the_first_release.md	1	0	0.51326793	1.1770628690719604
T15	9	0001_the_first_release.md	2	11	0.3859757	-1.4982490539550781
T15	9	0001_the_first_release.md	3	8	0.3799004	1.949934959411621
T15	10	0019_upstream_defect_recursive_drop.md	1	292	0.5074512	-1.6621272563934326
T15	10	0019_upstream_defect_recursive_drop.md	2	293	0.4586432	0.6605050563812256
T15	10	0019_upstream_defect_recursive_drop.md	3	296	0.37839806	-9.055074691772461
T15	11	0031_the_batteries_rnx_ships.md	1	606	0.5060737	-3.3945794105529785
T15	11	0031_the_batteries_rnx_ships.md	2	604	0.47348288	0.8975218534469604
T15	11	0031_the_batteries_rnx_ships.md	3	607	0.39543495	-3.0090487003326416
T15	12	0029_the_notices_a_binary_must_carry.md	1	574	0.50522405	-3.686014175415039
T15	12	0029_the_notices_a_binary_must_carry.md	2	572	0.470418	-2.7634596824645996
T15	12	0029_the_notices_a_binary_must_carry.md	3	571	0.37372848	-4.137803077697754
T15	13	0129_candle_workflow.md	1	3341	0.49494272	-2.54868745803833
T15	13	0129_candle_workflow.md	2	3340	0.33331832	-3.115609645843506
T15	13	0129_candle_workflow.md	3	3339	0.297553	-9.059136390686035
T15	14	0050_a_program_is_more_than_one_file.md	1	1090	0.49440193	0.4629350006580353
T15	14	0050_a_program_is_more_than_one_file.md	2	1082	0.4484993	-3.5386714935302734
T15	14	0050_a_program_is_more_than_one_file.md	3	1095	0.44632617	0.47610241174697876
T15	15	0003_completion.md	1	34	0.49401295	-3.0465056896209717
T15	15	0003_completion.md	2	33	0.47461042	-3.4096720218658447
T15	15	0003_completion.md	3	39	0.37440303	-9.295873641967773
T15	16	0062_an_adapter_name_becomes_a_declaration_implementation_evidence.md	1	1571	0.48454112	-9.926704406738281
T15	16	0062_an_adapter_name_becomes_a_declaration_implementation_evidence.md	2	1575	0.28817713	-11.047564506530762
T15	16	0062_an_adapter_name_becomes_a_declaration_implementation_evidence.md	3	1572	0.2511932	-10.48649787902832
T15	17	0051_an_executable_assembled_from_its_extensions_evidence.md	1	1124	0.4830603	1.3530027866363525
T15	17	0051_an_executable_assembled_from_its_extensions_evidence.md	2	1120	0.3651684	-2.8189492225646973
T15	17	0051_an_executable_assembled_from_its_extensions_evidence.md	3	1125	0.25171062	-9.74039077758789
T15	18	0019_a_value_for_a_human_and_json_when_asked.md	1	266	0.47636557	-8.019735336303711
T15	18	0019_a_value_for_a_human_and_json_when_asked.md	2	283	0.42918465	-3.307744026184082
T15	18	0019_a_value_for_a_human_and_json_when_asked.md	3	282	0.40369567	-3.553070545196533
T15	19	0111_polars_rust_protocols.md	1	2881	0.4688768	-7.941000938415527
T15	19	0111_polars_rust_protocols.md	2	2878	0.32161286	-7.426058292388916
T15	19	0111_polars_rust_protocols.md	3	2876	0.3190225	-9.510565757751465
T15	20	0052_one_query_through_the_extension_interface.md	1	1130	0.4669276	-1.2515804767608643
T15	20	0052_one_query_through_the_extension_interface.md	2	1132	0.30068326	-2.5155060291290283
T15	20	0052_one_query_through_the_extension_interface.md	3	1135	0.30038497	-11.093202590942383
T15	21	0007_the_binding_prelude.md	1	113	0.46433407	-4.410336971282959
T15	21	0007_the_binding_prelude.md	2	105	0.34025943	-6.161583423614502
T15	21	0007_the_binding_prelude.md	3	108	0.3019483	-9.48390007019043
T15	22	0052_one_query_through_the_extension_interface_evidence.md	1	1158	0.46073458	-0.7232330441474915
T15	22	0052_one_query_through_the_extension_interface_evidence.md	2	1157	0.38227355	-3.774953842163086
T15	22	0052_one_query_through_the_extension_interface_evidence.md	3	1153	0.3049016	-0.10492447763681412
T15	23	0050_a_program_is_more_than_one_file_evidence.md	1	1098	0.45551163	-3.566739082336426
T15	23	0050_a_program_is_more_than_one_file_evidence.md	2	1097	0.3574349	-0.09923458099365234
T15	23	0050_a_program_is_more_than_one_file_evidence.md	3	1099	0.30991688	-2.389130115509033
T15	24	0049_the_names_no_longer_begin_with_host_evidence.md	1	1074	0.45194793	-1.7663538455963135
T15	24	0049_the_names_no_longer_begin_with_host_evidence.md	2	1076	0.42736956	-3.4214260578155518
T15	24	0049_the_names_no_longer_begin_with_host_evidence.md	3	1080	0.34143102	-5.32940673828125
T15	25	0128_polars_shipping_decision.md	1	3331	0.45078063	-4.843244552612305
T15	25	0128_polars_shipping_decision.md	2	3330	0.38219932	-3.620857000350952
T15	25	0128_polars_shipping_decision.md	3	3337	0.32630202	-11.117227554321289
T15	26	0025_the_same_contracts_on_windows_evidence.md	1	492	0.44957063	-4.374438285827637
T15	26	0025_the_same_contracts_on_windows_evidence.md	2	432	0.38424537	-6.227545738220215
T15	26	0025_the_same_contracts_on_windows_evidence.md	3	424	0.3515479	-5.6706390380859375
T15	27	0004_vars_and_help.md	1	47	0.44894406	-4.317321300506592
T15	27	0004_vars_and_help.md	2	50	0.26702094	-10.945083618164063
T15	27	0004_vars_and_help.md	3	54	0.25613907	-10.727251052856445
T15	28	0069_wrapper_identity_evidence.md	1	2001	0.4489131	-5.902007579803467
T15	28	0069_wrapper_identity_evidence.md	2	2007	0.37860027	-7.205448150634766
T15	28	0069_wrapper_identity_evidence.md	3	2006	0.36929742	-5.976938724517822
T15	29	0078_polars_constructors_operators.md	1	2261	0.44765747	-7.992513179779053
T15	29	0078_polars_constructors_operators.md	2	2256	0.322692	-9.354616165161133
T15	29	0078_polars_constructors_operators.md	3	2260	0.31982768	-9.770462036132813
T15	30	0063_a_session_can_request_its_next_executable_preparation_evidence.md	1	1627	0.44764173	-3.805781841278076
T15	30	0063_a_session_can_request_its_next_executable_preparation_evidence.md	2	1629	0.2881428	-10.665826797485352
T15	30	0063_a_session_can_request_its_next_executable_preparation_evidence.md	3	1630	0.24675082	-10.851579666137695
T15	31	0119_polars_arrow_value_layer_evidence.md	1	3101	0.44494504	-3.2370963096618652
T15	31	0119_polars_arrow_value_layer_evidence.md	2	3100	0.42297995	-5.1874284744262695
T15	31	0119_polars_arrow_value_layer_evidence.md	3	3098	0.39941075	-7.6861491203308105
T15	32	0057_a_project_declares_what_its_executable_contains_inputs_evidence.md	1	1369	0.444583	-4.783856391906738
T15	32	0057_a_project_declares_what_its_executable_contains_inputs_evidence.md	2	1366	0.4219423	-7.154623985290527
T15	32	0057_a_project_declares_what_its_executable_contains_inputs_evidence.md	3	1365	0.31623524	-6.351949691772461
T15	33	0059_a_project_run_is_an_everyday_launch_default_evidence.md	1	1469	0.44437423	-1.348616600036621
T15	33	0059_a_project_run_is_an_everyday_launch_default_evidence.md	2	1475	0.35151312	-7.692140579223633
T15	33	0059_a_project_run_is_an_everyday_launch_default_evidence.md	3	1476	0.31743863	-7.255344390869141
T15	34	0072_binding_surface_probe.md	1	2083	0.44427642	-2.9581189155578613
T15	34	0072_binding_surface_probe.md	2	2081	0.3493517	-10.098630905151367
T15	34	0072_binding_surface_probe.md	3	2084	0.25809476	-9.907417297363281
T15	35	0058_a_small_dataframe_pipeline_through_the_same_engine_boundary_evidence.md	1	1418	0.4428016	-5.430793762207031
T15	35	0058_a_small_dataframe_pipeline_through_the_same_engine_boundary_evidence.md	2	1419	0.3435721	-8.196588516235352
T15	35	0058_a_small_dataframe_pipeline_through_the_same_engine_boundary_evidence.md	3	1424	0.31628948	-7.313791751861572
T15	36	0067_one_install_provides_the_dependency_workflow.md	1	1887	0.44000357	-7.363711833953857
T15	36	0067_one_install_provides_the_dependency_workflow.md	2	1886	0.39378288	-5.717216491699219
T15	36	0067_one_install_provides_the_dependency_workflow.md	3	1882	0.370244	-10.666681289672852
T15	37	0053_cancellation_reaches_the_operation_not_just_the_binding_evidence.md	1	1186	0.43756413	-7.963748455047607
T15	37	0053_cancellation_reaches_the_operation_not_just_the_binding_evidence.md	2	1182	0.2700235	-4.6546430587768555
T15	37	0053_cancellation_reaches_the_operation_not_just_the_binding_evidence.md	3	1188	0.25724304	-6.96580696105957
T15	38	0066_removal_is_an_explicit_ownership_decision.md	1	1796	0.4359023	-4.500710964202881
T15	38	0066_removal_is_an_explicit_ownership_decision.md	2	1812	0.30061504	-11.090252876281738
T15	38	0066_removal_is_an_explicit_ownership_decision.md	3	1794	0.2861589	-11.267972946166992
T15	39	0061_projects_share_an_assembled_executable_regression_evidence.md	1	1545	0.4340222	-5.289259433746338
T15	39	0061_projects_share_an_assembled_executable_regression_evidence.md	2	1547	0.35207433	-8.191614151000977
T15	39	0061_projects_share_an_assembled_executable_regression_evidence.md	3	1550	0.35057962	-10.937471389770508
T15	40	0014_naming_the_missing_method.md	1	207	0.43362594	-4.794203758239746
T15	40	0014_naming_the_missing_method.md	2	208	0.4005396	-3.0274410247802734
T15	40	0014_naming_the_missing_method.md	3	210	0.35887784	-5.818297863006592
T17	1	0031_the_batteries_rnx_ships.md	1	615	0.43775746	-5.750999450683594
T17	1	0031_the_batteries_rnx_ships.md	2	614	0.38169378	-3.478078603744507
T17	1	0031_the_batteries_rnx_ships.md	3	607	0.34739146	-10.326541900634766
T17	2	0056_a_server_entry_without_ownership_by_accident_acceptance_evidence.md	1	1307	0.43026447	-10.84919548034668
T17	2	0056_a_server_entry_without_ownership_by_accident_acceptance_evidence.md	2	1309	0.31455806	-9.904571533203125
T17	2	0056_a_server_entry_without_ownership_by_accident_acceptance_evidence.md	3	1312	0.279449	-10.452189445495605
T17	3	0057_a_project_declares_what_its_executable_contains.md	1	1344	0.42837813	-9.182287216186523
T17	3	0057_a_project_declares_what_its_executable_contains.md	2	1353	0.38281947	-8.52511215209961
T17	3	0057_a_project_declares_what_its_executable_contains.md	3	1352	0.37424862	-9.5396728515625
T17	4	0049_the_names_no_longer_begin_with_host_evidence.md	1	1075	0.42254472	-8.370128631591797
T17	4	0049_the_names_no_longer_begin_with_host_evidence.md	2	1077	0.3100986	-11.189193725585938
T17	4	0049_the_names_no_longer_begin_with_host_evidence.md	3	1078	0.29777548	-11.054431915283203
T17	5	0073_polars_generator_evidence.md	1	2093	0.41187677	-10.339200019836426
T17	5	0073_polars_generator_evidence.md	2	2107	0.40371206	-9.528724670410156
T17	5	0073_polars_generator_evidence.md	3	2100	0.36519256	-8.742876052856445
T17	6	0037_paths_are_strings_until_a_script_needs_them_not_to_be.md	1	796	0.40588465	-8.981148719787598
T17	6	0037_paths_are_strings_until_a_script_needs_them_not_to_be.md	2	806	0.2846815	-10.203577041625977
T17	6	0037_paths_are_strings_until_a_script_needs_them_not_to_be.md	3	793	0.27106187	-10.423067092895508
T17	7	0062_an_adapter_name_becomes_a_declaration.md	1	1560	0.40227544	-9.090306282043457
T17	7	0062_an_adapter_name_becomes_a_declaration.md	2	1562	0.33978766	-10.876543998718262
T17	7	0062_an_adapter_name_becomes_a_declaration.md	3	1552	0.32775947	-10.495743751525879
T17	8	0051_an_executable_assembled_from_its_extensions.md	1	1105	0.40011278	-7.860659599304199
T17	8	0051_an_executable_assembled_from_its_extensions.md	2	1104	0.32316214	-10.339632987976074
T17	8	0051_an_executable_assembled_from_its_extensions.md	3	1114	0.31254652	-8.999263763427734
T17	9	0073_polars_generator.md	1	2092	0.39846092	-11.226871490478516
T17	9	0073_polars_generator.md	2	2091	0.33634338	-11.261354446411133
T17	9	0073_polars_generator.md	3	2086	0.31196442	-11.329229354858398
T17	10	0021_a_budget_the_operator_chooses.md	1	323	0.39728886	-7.128934860229492
T17	10	0021_a_budget_the_operator_chooses.md	2	322	0.36410204	-6.1300811767578125
T17	10	0021_a_budget_the_operator_chooses.md	3	325	0.2460697	-11.23690128326416
T17	11	0030_answering_before_building_the_context.md	1	590	0.3965859	-8.103975296020508
T17	11	0030_answering_before_building_the_context.md	2	589	0.37656677	-8.135765075683594
T17	11	0030_answering_before_building_the_context.md	3	591	0.34499675	-9.292495727539063
T17	12	0114_polars_gen_module_split.md	1	2954	0.39473525	-11.008061408996582
T17	12	0114_polars_gen_module_split.md	2	2952	0.3436656	-11.15719985961914
T17	12	0114_polars_gen_module_split.md	3	2947	0.34345892	-9.618535995483398
T17	13	0057_a_project_declares_what_its_executable_contains_regression_evidence.md	1	1383	0.39427716	-10.620391845703125
T17	13	0057_a_project_declares_what_its_executable_contains_regression_evidence.md	2	1379	0.32028866	-10.909008026123047
T17	13	0057_a_project_declares_what_its_executable_contains_regression_evidence.md	3	1381	0.23875877	-11.393424987792969
T17	14	0062_an_adapter_name_becomes_a_declaration_authoring_evidence.md	1	1565	0.3939113	-10.776321411132813
T17	14	0062_an_adapter_name_becomes_a_declaration_authoring_evidence.md	2	1568	0.35089636	-9.295414924621582
T17	14	0062_an_adapter_name_becomes_a_declaration_authoring_evidence.md	3	1567	0.3422103	-10.520256042480469
T17	15	0058_a_small_dataframe_pipeline_through_the_same_engine_cost_evidence.md	1	1426	0.38198504	-11.317241668701172
T17	15	0058_a_small_dataframe_pipeline_through_the_same_engine_cost_evidence.md	2	1429	0.26134378	-10.942411422729492
T17	15	0058_a_small_dataframe_pipeline_through_the_same_engine_cost_evidence.md	3	1425	0.2470666	-11.30749797821045
T17	16	0050_a_program_is_more_than_one_file_evidence.md	1	1099	0.3814563	-9.589719772338867
T17	16	0050_a_program_is_more_than_one_file_evidence.md	2	1097	0.29116315	-7.420654296875
T17	16	0050_a_program_is_more_than_one_file_evidence.md	3	1100	0.27895474	-8.349935531616211
T17	17	0049_the_names_no_longer_begin_with_host.md	1	1072	0.3802635	-10.145278930664063
T17	17	0049_the_names_no_longer_begin_with_host.md	2	1073	0.3376798	-6.940896034240723
T17	17	0049_the_names_no_longer_begin_with_host.md	3	1065	0.32968837	-10.909456253051758
T17	18	0029_the_notices_a_binary_must_carry.md	1	573	0.37697837	-10.423158645629883
T17	18	0029_the_notices_a_binary_must_carry.md	2	587	0.35881135	-9.961310386657715
T17	18	0029_the_notices_a_binary_must_carry.md	3	571	0.34393054	-10.447341918945313
T17	19	0056_a_server_entry_without_ownership_by_accident.md	1	1288	0.37664706	-11.058448791503906
T17	19	0056_a_server_entry_without_ownership_by_accident.md	2	1301	0.3269059	-11.23178482055664
T17	19	0056_a_server_entry_without_ownership_by_accident.md	3	1299	0.30526152	-9.600564002990723
T17	20	0115_polars_gen_family_registry_evidence.md	1	2999	0.37392196	-10.604265213012695
T17	20	0115_polars_gen_family_registry_evidence.md	2	2986	0.35241002	-10.954113006591797
T17	20	0115_polars_gen_family_registry_evidence.md	3	2991	0.291403	-11.191603660583496
T17	21	0069_shared_compilation_probe_evidence.md	1	1986	0.3737656	-10.859159469604492
T17	21	0069_shared_compilation_probe_evidence.md	2	1990	0.2901397	-8.484102249145508
T17	21	0069_shared_compilation_probe_evidence.md	3	1983	0.28170133	-11.151975631713867
T17	22	0061_projects_share_an_assembled_executable.md	1	1510	0.37166184	-10.382326126098633
T17	22	0061_projects_share_an_assembled_executable.md	2	1508	0.357643	-10.771737098693848
T17	22	0061_projects_share_an_assembled_executable.md	3	1504	0.3285492	-11.080781936645508
T17	23	0091_polars_bounded_integer_indices.md	1	2522	0.37164453	-10.28596019744873
T17	23	0091_polars_bounded_integer_indices.md	2	2523	0.24503422	-9.176590919494629
T17	23	0091_polars_bounded_integer_indices.md	3	2521	0.23920606	-8.478960037231445
T17	24	polars-parity-map.md	1	3460	0.371003	-8.85724925994873
T17	24	polars-parity-map.md	2	3454	0.31219375	-11.037700653076172
T17	24	polars-parity-map.md	3	3457	0.28120214	-10.160439491271973
T17	25	0050_a_program_is_more_than_one_file.md	1	1086	0.36899966	-9.735502243041992
T17	25	0050_a_program_is_more_than_one_file.md	2	1087	0.35660344	-9.205755233764648
T17	25	0050_a_program_is_more_than_one_file.md	3	1092	0.32663834	-9.491914749145508
T17	26	0075_polars_coverage_two.md	1	2163	0.36737815	-10.773171424865723
T17	26	0075_polars_coverage_two.md	2	2161	0.28259608	-10.84242057800293
T17	26	0075_polars_coverage_two.md	3	2159	0.2809788	-9.44770622253418
T17	27	0044_a_child_with_its_own_directory_and_environment.md	1	953	0.36727732	-10.612586975097656
T17	27	0044_a_child_with_its_own_directory_and_environment.md	2	943	0.34481955	-11.247564315795898
T17	27	0044_a_child_with_its_own_directory_and_environment.md	3	945	0.27040988	-11.230587005615234
T17	28	0009_diagnostics_for_the_file_runner.md	1	136	0.36110663	-6.764338493347168
T17	28	0009_diagnostics_for_the_file_runner.md	2	138	0.35396317	-9.186647415161133
T17	28	0009_diagnostics_for_the_file_runner.md	3	134	0.3078374	-8.427459716796875
T17	29	0112_polars_generic_trait_impls.md	1	2899	0.36024916	-7.131964206695557
T17	29	0112_polars_generic_trait_impls.md	2	2901	0.3295501	-8.95035171508789
T17	29	0112_polars_generic_trait_impls.md	3	2896	0.30391464	-9.842269897460938
T17	30	0129_candle_workflow_evidence.md	1	3364	0.36009365	-10.488018989562988
T17	30	0129_candle_workflow_evidence.md	2	3358	0.3122568	-11.4236421585083
T17	30	0129_candle_workflow_evidence.md	3	3369	0.2798619	-11.270651817321777
T17	31	0031_the_batteries_rnx_ships_evidence.md	1	617	0.3592357	-8.169933319091797
T17	31	0031_the_batteries_rnx_ships_evidence.md	2	618	0.34399563	-10.485197067260742
T17	31	0031_the_batteries_rnx_ships_evidence.md	3	619	0.28649363	-9.413744926452637
T17	32	0059_a_project_run_is_an_everyday_launch.md	1	1464	0.3585228	-10.543878555297852
T17	32	0059_a_project_run_is_an_everyday_launch.md	2	1467	0.3389979	-11.259265899658203
T17	32	0059_a_project_run_is_an_everyday_launch.md	3	1460	0.3189566	-9.038188934326172
T17	33	0064_a_runtime_installation_outlives_its_checkout_index_evidence.md	1	1670	0.35807893	-11.338010787963867
T17	33	0064_a_runtime_installation_outlives_its_checkout_index_evidence.md	2	1674	0.35003632	-10.964290618896484
T17	33	0064_a_runtime_installation_outlives_its_checkout_index_evidence.md	3	1671	0.2559806	-11.201071739196777
T17	34	0064_a_runtime_installation_outlives_its_checkout.md	1	1651	0.35745674	-10.009393692016602
T17	34	0064_a_runtime_installation_outlives_its_checkout.md	2	1650	0.32980976	-10.890369415283203
T17	34	0064_a_runtime_installation_outlives_its_checkout.md	3	1656	0.32045424	-11.015960693359375
T17	35	0061_projects_share_an_assembled_executable_publication_evidence.md	1	1540	0.35668784	-9.695247650146484
T17	35	0061_projects_share_an_assembled_executable_publication_evidence.md	2	1542	0.29356638	-11.019573211669922
T17	35	0061_projects_share_an_assembled_executable_publication_evidence.md	3	1538	0.27331048	-11.334953308105469
T17	36	0001_the_first_release.md	1	7	0.35630125	-10.305374145507813
T17	36	0001_the_first_release.md	2	0	0.32915032	-8.692115783691406
T17	36	0001_the_first_release.md	3	2	0.32077333	-7.7561750411987305
T17	37	0026_the_manifest_a_release_needs.md	1	533	0.35572776	-10.909024238586426
T17	37	0026_the_manifest_a_release_needs.md	2	525	0.28681767	-10.854822158813477
T17	37	0026_the_manifest_a_release_needs.md	3	531	0.28439522	-11.139924049377441
T17	38	0125_loading.md	1	3251	0.35405162	-9.387591361999512
T17	38	0125_loading.md	2	3243	0.34006852	-11.146053314208984
T17	38	0125_loading.md	3	3242	0.27946067	-10.95528793334961
T17	39	0114_polars_gen_module_split_evidence.md	1	2958	0.3526223	-10.97592544555664
T17	39	0114_polars_gen_module_split_evidence.md	2	2963	0.3163761	-9.013261795043945
T17	39	0114_polars_gen_module_split_evidence.md	3	2968	0.3135416	-9.578859329223633
T17	40	0067_one_install_provides_the_dependency_workflow.md	1	1887	0.35196945	-9.537369728088379
T17	40	0067_one_install_provides_the_dependency_workflow.md	2	1899	0.33629566	-8.73795223236084
T17	40	0067_one_install_provides_the_dependency_workflow.md	3	1903	0.33048016	-11.271364212036133
T23	1	0049_the_names_no_longer_begin_with_host.md	1	1062	0.520424	1.9911104440689087
T23	1	0049_the_names_no_longer_begin_with_host.md	2	1064	0.46454203	-0.950567364692688
T23	1	0049_the_names_no_longer_begin_with_host.md	3	1066	0.4300567	-1.6790032386779785
T23	2	0019_a_value_for_a_human_and_json_when_asked.md	1	281	0.5152852	-1.9782581329345703
T23	2	0019_a_value_for_a_human_and_json_when_asked.md	2	277	0.44434038	-2.3977067470550537
T23	2	0019_a_value_for_a_human_and_json_when_asked.md	3	276	0.44246724	-2.4754440784454346
T23	3	0054_a_server_owns_more_than_a_handler.md	1	1212	0.49614802	-3.1424505710601807
T23	3	0054_a_server_owns_more_than_a_handler.md	2	1211	0.34629872	-8.006065368652344
T23	3	0054_a_server_owns_more_than_a_handler.md	3	1215	0.29102564	-9.912124633789063
T23	4	0012_standard_input.md	1	173	0.4907857	-0.8867182731628418
T23	4	0012_standard_input.md	2	171	0.4789009	-3.368088722229004
T23	4	0012_standard_input.md	3	175	0.34538826	-4.137104034423828
T23	5	0034_a_bounded_request_with_no_second_json.md	1	715	0.4771209	-7.37361478805542
T23	5	0034_a_bounded_request_with_no_second_json.md	2	723	0.4355512	-9.565227508544922
T23	5	0034_a_bounded_request_with_no_second_json.md	3	711	0.41781732	-1.2191106081008911
T23	6	0008_the_first_port.md	1	128	0.46510243	-0.7411863803863525
T23	6	0008_the_first_port.md	2	130	0.39647135	-3.970902681350708
T23	6	0008_the_first_port.md	3	129	0.3688552	-1.7544535398483276
T23	7	0035_a_file_is_a_value_and_every_refusal_names_its_path.md	1	738	0.4488999	0.22220478951931
T23	7	0035_a_file_is_a_value_and_every_refusal_names_its_path.md	2	745	0.35393903	-7.465705871582031
T23	7	0035_a_file_is_a_value_and_every_refusal_names_its_path.md	3	736	0.34955725	-6.197510719299316
T23	8	0009_diagnostics_for_the_file_runner.md	1	133	0.44790795	-5.61935567855835
T23	8	0009_diagnostics_for_the_file_runner.md	2	138	0.39054275	-7.631006240844727
T23	8	0009_diagnostics_for_the_file_runner.md	3	135	0.308553	-5.4505615234375
T23	9	0004_vars_and_help_evidence.md	1	61	0.4451976	-6.563621520996094
T23	9	0004_vars_and_help_evidence.md	2	56	0.37690628	-6.839778900146484
T23	9	0004_vars_and_help_evidence.md	3	55	0.2725739	-9.536787986755371
T23	10	0033_the_contract_json_parse_never_had.md	1	679	0.4332321	-1.4580063819885254
T23	10	0033_the_contract_json_parse_never_had.md	2	671	0.38847718	-3.533643960952759
T23	10	0033_the_contract_json_parse_never_had.md	3	677	0.3873805	-5.993594169616699
T23	11	0049_the_names_no_longer_begin_with_host_evidence.md	1	1079	0.43232453	0.7863714694976807
T23	11	0049_the_names_no_longer_begin_with_host_evidence.md	2	1075	0.38255382	-0.3089514970779419
T23	11	0049_the_names_no_longer_begin_with_host_evidence.md	3	1076	0.31605145	-6.239275932312012
T23	12	0098_polars_float_trait_bounds_evidence.md	1	2665	0.42709053	-4.880072593688965
T23	12	0098_polars_float_trait_bounds_evidence.md	2	2661	0.22765756	-10.724333763122559
T23	12	0098_polars_float_trait_bounds_evidence.md	3	2664	0.22176768	-11.357955932617188
T23	13	0001_the_first_release.md	1	7	0.42686188	-4.0171613693237305
T23	13	0001_the_first_release.md	2	3	0.3501454	-6.61433219909668
T23	13	0001_the_first_release.md	3	1	0.34112078	-3.247309684753418
T23	14	0101_polars_indexed_chunk_snapshots_evidence.md	1	2722	0.4190936	-7.262294769287109
T23	14	0101_polars_indexed_chunk_snapshots_evidence.md	2	2711	0.26960203	-5.515322208404541
T23	14	0101_polars_indexed_chunk_snapshots_evidence.md	3	2721	0.25650743	-10.632606506347656
T23	15	0002_the_interactive_session.md	1	17	0.41511485	-1.0896153450012207
T23	15	0002_the_interactive_session.md	2	13	0.30499676	-6.076673984527588
T23	15	0002_the_interactive_session.md	3	23	0.29216906	-8.926712036132813
T23	16	0044_a_child_with_its_own_directory_and_environment.md	1	943	0.4146575	-6.053744316101074
T23	16	0044_a_child_with_its_own_directory_and_environment.md	2	950	0.34301037	-4.25222110748291
T23	16	0044_a_child_with_its_own_directory_and_environment.md	3	945	0.33775836	-9.164384841918945
T23	17	0018_a_failure_is_a_failure_from_either_entry_point.md	1	255	0.41353858	-2.945713996887207
T23	17	0018_a_failure_is_a_failure_from_either_entry_point.md	2	260	0.3610626	-4.461200714111328
T23	17	0018_a_failure_is_a_failure_from_either_entry_point.md	3	253	0.29467347	-8.96367073059082
T23	18	0046_a_worker_whose_output_has_a_boundary.md	1	974	0.41069517	-3.1173527240753174
T23	18	0046_a_worker_whose_output_has_a_boundary.md	2	985	0.28698933	-5.8261189460754395
T23	18	0046_a_worker_whose_output_has_a_boundary.md	3	983	0.28315964	-3.111222743988037
T23	19	0046_a_worker_whose_output_has_a_boundary_evidence.md	1	993	0.3982548	-1.405588150024414
T23	19	0046_a_worker_whose_output_has_a_boundary_evidence.md	2	991	0.34212628	-8.674527168273926
T23	19	0046_a_worker_whose_output_has_a_boundary_evidence.md	3	994	0.33368522	-5.990719795227051
T23	20	0125_loading_evidence.md	1	3262	0.39521158	-7.02556848526001
T23	20	0125_loading_evidence.md	2	3255	0.37208518	-5.508634567260742
T23	20	0125_loading_evidence.md	3	3268	0.36158273	-7.2275261878967285
T23	21	0016_a_childs_bytes.md	1	233	0.3936306	-3.1294798851013184
T23	21	0016_a_childs_bytes.md	2	231	0.31013334	-3.9056408405303955
T23	21	0016_a_childs_bytes.md	3	230	0.29943824	-4.021629333496094
T23	22	0096_polars_null_aware_numeric_vectors_evidence.md	1	2630	0.39344403	-7.010311126708984
T23	22	0096_polars_null_aware_numeric_vectors_evidence.md	2	2619	0.25704756	-6.906109809875488
T23	22	0096_polars_null_aware_numeric_vectors_evidence.md	3	2625	0.22313286	-10.407384872436523
T23	23	0125_loading.md	1	3251	0.39217108	-8.559316635131836
T23	23	0125_loading.md	2	3240	0.35957542	-7.860720634460449
T23	23	0125_loading.md	3	3241	0.3368387	-6.444581508636475
T23	24	0034_a_bounded_request_with_no_second_json_evidence.md	1	729	0.39160234	-1.8034486770629883
T23	24	0034_a_bounded_request_with_no_second_json_evidence.md	2	735	0.3758983	-10.897314071655273
T23	24	0034_a_bounded_request_with_no_second_json_evidence.md	3	733	0.3531816	-9.011969566345215
T23	25	0095_polars_typed_left_division_and_remainder_evidence.md	1	2611	0.3911945	-6.587658882141113
T23	25	0095_polars_typed_left_division_and_remainder_evidence.md	2	2600	0.27544737	-8.230972290039063
T23	25	0095_polars_typed_left_division_and_remainder_evidence.md	3	2601	0.1882542	-10.36134147644043
T23	26	0012_standard_input_evidence.md	1	184	0.38512245	-4.667644500732422
T23	26	0012_standard_input_evidence.md	2	178	0.38294914	-6.553611755371094
T23	26	0012_standard_input_evidence.md	3	185	0.33630002	-5.324972152709961
T23	27	0121_polars_oracle_fixtures.md	1	3149	0.38392624	-7.573836326599121
T23	27	0121_polars_oracle_fixtures.md	2	3147	0.2693825	-10.192132949829102
T23	27	0121_polars_oracle_fixtures.md	3	3148	0.24190411	-8.324617385864258
T23	28	0091_polars_bounded_integer_indices_evidence.md	1	2533	0.38390693	-5.999675750732422
T23	28	0091_polars_bounded_integer_indices_evidence.md	2	2529	0.20634972	-9.09228515625
T23	28	0091_polars_bounded_integer_indices_evidence.md	3	2525	0.20416737	-7.155697822570801
T23	29	0112_polars_generic_trait_impls_evidence.md	1	2905	0.38295457	-5.514102935791016
T23	29	0112_polars_generic_trait_impls_evidence.md	2	2908	0.3393851	-6.034713268280029
T23	29	0112_polars_generic_trait_impls_evidence.md	3	2912	0.33000356	-7.451606273651123
T23	30	0118_polars_in_memory_io_evidence.md	1	3070	0.3824398	-1.3877240419387817
T23	30	0118_polars_in_memory_io_evidence.md	2	3078	0.31634668	-8.806427001953125
T23	30	0118_polars_in_memory_io_evidence.md	3	3079	0.26496804	-10.372403144836426
T23	31	0003_completion.md	1	34	0.38192648	-2.6502161026000977
T23	31	0003_completion.md	2	39	0.29954463	-6.846519470214844
T23	31	0003_completion.md	3	37	0.2812767	-7.455974578857422
T23	32	0016_a_childs_bytes_evidence.md	1	237	0.3793281	-5.23724365234375
T23	32	0016_a_childs_bytes_evidence.md	2	242	0.3470372	-1.1880261898040771
T23	32	0016_a_childs_bytes_evidence.md	3	243	0.31042132	-6.715309143066406
T23	33	0035_a_file_is_a_value_and_every_refusal_names_its_path_evidence.md	1	759	0.3782117	-4.697147846221924
T23	33	0035_a_file_is_a_value_and_every_refusal_names_its_path_evidence.md	2	763	0.31971413	-3.6657638549804688
T23	33	0035_a_file_is_a_value_and_every_refusal_names_its_path_evidence.md	3	764	0.28986153	-7.737624168395996
T23	34	0073_polars_generator_evidence.md	1	2100	0.37576175	-5.815473556518555
T23	34	0073_polars_generator_evidence.md	2	2095	0.2538852	-10.453250885009766
T23	34	0073_polars_generator_evidence.md	3	2108	0.25225034	-10.437047004699707
T23	35	0004_vars_and_help.md	1	50	0.3755108	-5.452908515930176
T23	35	0004_vars_and_help.md	2	53	0.35579547	-7.035597801208496
T23	35	0004_vars_and_help.md	3	54	0.3318211	-7.776628494262695
T23	36	0108_polars_v2_rust_api_baseline_evidence.md	1	2842	0.3742252	-7.092380523681641
T23	36	0108_polars_v2_rust_api_baseline_evidence.md	2	2832	0.28565654	-10.853039741516113
T23	36	0108_polars_v2_rust_api_baseline_evidence.md	3	2833	0.21988143	-11.253080368041992
T23	37	0033_the_contract_json_parse_never_had_evidence.md	1	685	0.37386897	-2.838876724243164
T23	37	0033_the_contract_json_parse_never_had_evidence.md	2	689	0.32423028	-6.901378631591797
T23	37	0033_the_contract_json_parse_never_had_evidence.md	3	687	0.30270082	-4.447524070739746
T23	38	0052_one_query_through_the_extension_interface.md	1	1146	0.36344737	-6.513941287994385
T23	38	0052_one_query_through_the_extension_interface.md	2	1139	0.3125209	-4.975680828094482
T23	38	0052_one_query_through_the_extension_interface.md	3	1133	0.28586847	-10.59311294555664
T23	39	0037_paths_are_strings_until_a_script_needs_them_not_to_be.md	1	797	0.3609374	-8.482640266418457
T23	39	0037_paths_are_strings_until_a_script_needs_them_not_to_be.md	2	806	0.35491666	-6.819331169128418
T23	39	0037_paths_are_strings_until_a_script_needs_them_not_to_be.md	3	793	0.3327514	-8.565633773803711
T23	40	0102_polars_single_chunk_array_snapshots_evidence.md	1	2739	0.35727414	-7.528165817260742
T23	40	0102_polars_single_chunk_array_snapshots_evidence.md	2	2730	0.24692672	-5.009425163269043
T23	40	0102_polars_single_chunk_array_snapshots_evidence.md	3	2729	0.24162565	-10.242362976074219
T25	1	0052_one_query_through_the_extension_interface.md	1	1141	0.50441426	-0.7091385126113892
T25	1	0052_one_query_through_the_extension_interface.md	2	1133	0.4562179	1.8982396125793457
T25	1	0052_one_query_through_the_extension_interface.md	3	1150	0.4074965	-6.5162224769592285
T25	2	0052_one_query_through_the_extension_interface_implementation_evidence.md	1	1170	0.4088466	3.004655122756958
T25	2	0052_one_query_through_the_extension_interface_implementation_evidence.md	2	1160	0.37170634	-0.5290353894233704
T25	2	0052_one_query_through_the_extension_interface_implementation_evidence.md	3	1165	0.31163308	-5.199647426605225
T25	3	0058_a_small_dataframe_pipeline_through_the_same_engine.md	1	1404	0.3537654	-1.3995308876037598
T25	3	0058_a_small_dataframe_pipeline_through_the_same_engine.md	2	1401	0.23057781	-11.035951614379883
T25	3	0058_a_small_dataframe_pipeline_through_the_same_engine.md	3	1407	0.21498942	-4.924189567565918
T25	4	0002_the_interactive_session.md	1	17	0.32624784	-3.7536747455596924
T25	4	0002_the_interactive_session.md	2	16	0.250586	-6.496284008026123
T25	4	0002_the_interactive_session.md	3	23	0.18933834	-7.1026177406311035
T25	5	0073_polars_generator.md	1	2092	0.3262081	-6.09708309173584
T25	5	0073_polars_generator.md	2	2086	0.23047407	-7.454756259918213
T25	5	0073_polars_generator.md	3	2090	0.20714207	-3.464813709259033
T25	6	0053_cancellation_reaches_the_operation_not_just_the_binding_evidence.md	1	1190	0.32368076	-5.836902618408203
T25	6	0053_cancellation_reaches_the_operation_not_just_the_binding_evidence.md	2	1182	0.20858492	-8.506271362304688
T25	6	0053_cancellation_reaches_the_operation_not_just_the_binding_evidence.md	3	1186	0.14815564	-10.694987297058105
T25	7	0080_polars_callback_bindings.md	1	2339	0.32237297	-4.7998576164245605
T25	7	0080_polars_callback_bindings.md	2	2350	0.26257828	-2.9635183811187744
T25	7	0080_polars_callback_bindings.md	3	2341	0.25877216	-9.555327415466309
T25	8	0079_polars_callbacks.md	1	2313	0.32202005	-5.322516441345215
T25	8	0079_polars_callbacks.md	2	2307	0.25625575	-4.86202335357666
T25	8	0079_polars_callbacks.md	3	2296	0.25502864	-2.4378843307495117
T25	9	0054_a_server_owns_more_than_a_handler.md	1	1211	0.3080651	-7.087668418884277
T25	9	0054_a_server_owns_more_than_a_handler.md	2	1220	0.2800089	-11.303290367126465
T25	9	0054_a_server_owns_more_than_a_handler.md	3	1208	0.20611773	-10.433204650878906
T25	10	0036_what_the_process_was_given.md	1	781	0.29089558	-11.026203155517578
T25	10	0036_what_the_process_was_given.md	2	770	0.2599619	-9.373758316040039
T25	10	0036_what_the_process_was_given.md	3	776	0.25161365	-10.232718467712402
T25	11	0011_the_second_port.md	1	170	0.28987774	-9.529541015625
T25	11	0011_the_second_port.md	2	162	0.23187242	-11.113418579101563
T25	11	0011_the_second_port.md	3	161	0.20748487	-9.09208869934082
T25	12	0069_lifetime_evidence.md	1	1977	0.28966826	1.9109761714935303
T25	12	0069_lifetime_evidence.md	2	1976	0.2006918	-10.424731254577637
T25	12	0069_lifetime_evidence.md	3	1980	0.18569529	-5.938824653625488
T25	13	0057_a_project_declares_what_its_executable_contains.md	1	1342	0.28789368	-4.772697448730469
T25	13	0057_a_project_declares_what_its_executable_contains.md	2	1352	0.2553729	-8.713322639465332
T25	13	0057_a_project_declares_what_its_executable_contains.md	3	1339	0.24252574	-7.767884254455566
T25	14	0063_a_session_can_request_its_next_executable.md	1	1597	0.2878457	-6.395637512207031
T25	14	0063_a_session_can_request_its_next_executable.md	2	1582	0.13764165	-10.616474151611328
T25	14	0063_a_session_can_request_its_next_executable.md	3	1584	0.09912204	-11.207537651062012
T25	15	0080_polars_callback_bindings_evidence.md	1	2359	0.28638333	-5.487597465515137
T25	15	0080_polars_callback_bindings_evidence.md	2	2365	0.17113853	-11.377510070800781
T25	15	0080_polars_callback_bindings_evidence.md	3	2362	0.15548316	-10.643197059631348
T25	16	0114_polars_gen_module_split.md	1	2950	0.28379798	-11.3267822265625
T25	16	0114_polars_gen_module_split.md	2	2948	0.22149904	-11.33143424987793
T25	16	0114_polars_gen_module_split.md	3	2951	0.21001373	-11.040166854858398
T25	17	0012_standard_input.md	1	171	0.27805695	-7.863002777099609
T25	17	0012_standard_input.md	2	177	0.24116993	-10.099157333374023
T25	17	0012_standard_input.md	3	175	0.20303544	-11.042762756347656
T25	18	0056_a_server_entry_without_ownership_by_accident_commit_evidence.md	1	1317	0.27598834	-9.344192504882813
T25	18	0056_a_server_entry_without_ownership_by_accident_commit_evidence.md	2	1315	0.12618509	-11.10367202758789
T25	18	0056_a_server_entry_without_ownership_by_accident_commit_evidence.md	3	1314	0.072797164	-9.208915710449219
T25	19	0123_schema_display_and_cast_evidence.md	1	3194	0.27465793	-9.824914932250977
T25	19	0123_schema_display_and_cast_evidence.md	2	3192	0.19618946	-10.935102462768555
T25	19	0123_schema_display_and_cast_evidence.md	3	3195	0.18823235	-11.200098037719727
T25	20	0073_polars_generator_evidence.md	1	2108	0.27260718	-1.503066062927246
T25	20	0073_polars_generator_evidence.md	2	2106	0.2539592	-6.216677665710449
T25	20	0073_polars_generator_evidence.md	3	2100	0.23742132	-9.559873580932617
T25	21	0019_a_value_for_a_human_and_json_when_asked.md	1	269	0.27108696	-7.23430061340332
T25	21	0019_a_value_for_a_human_and_json_when_asked.md	2	263	0.2395956	-11.07327938079834
T25	21	0019_a_value_for_a_human_and_json_when_asked.md	3	267	0.23599447	-11.081001281738281
T25	22	0057_a_project_declares_what_its_executable_contains_assembly_evidence.md	1	1357	0.27019054	-5.883297443389893
T25	22	0057_a_project_declares_what_its_executable_contains_assembly_evidence.md	2	1358	0.20137598	-3.8198623657226563
T25	22	0057_a_project_declares_what_its_executable_contains_assembly_evidence.md	3	1356	0.1757583	-9.184944152832031
T25	23	0015_the_third_port.md	1	226	0.26958013	-11.121827125549316
T25	23	0015_the_third_port.md	2	229	0.24359672	-9.757856369018555
T25	23	0015_the_third_port.md	3	228	0.22235551	-7.5291523933410645
T25	24	0044_a_child_with_its_own_directory_and_environment.md	1	943	0.26903152	-10.557525634765625
T25	24	0044_a_child_with_its_own_directory_and_environment.md	2	945	0.13874505	-11.109626770019531
T25	24	0044_a_child_with_its_own_directory_and_environment.md	3	947	0.1136712	-10.746529579162598
T25	25	0088_polars_owned_cow_chunked_returns_evidence.md	1	2484	0.2670944	-11.015883445739746
T25	25	0088_polars_owned_cow_chunked_returns_evidence.md	2	2483	0.20127049	-7.365167617797852
T25	25	0088_polars_owned_cow_chunked_returns_evidence.md	3	2488	0.17168945	-11.371684074401855
T25	26	0051_an_executable_assembled_from_its_extensions.md	1	1119	0.26625857	-6.559771537780762
T25	26	0051_an_executable_assembled_from_its_extensions.md	2	1111	0.23792885	-5.99334716796875
T25	26	0051_an_executable_assembled_from_its_extensions.md	3	1112	0.2098374	-7.395469665527344
T25	27	0118_polars_in_memory_io.md	1	3059	0.26180333	-10.608016967773438
T25	27	0118_polars_in_memory_io.md	2	3065	0.24379621	-8.651800155639648
T25	27	0118_polars_in_memory_io.md	3	3062	0.20818555	-9.323091506958008
T25	28	0125_loading.md	1	3243	0.2605712	-6.109065055847168
T25	28	0125_loading.md	2	3251	0.23147179	-8.597757339477539
T25	28	0125_loading.md	3	3246	0.17491685	-11.277432441711426
T25	29	0131_text_embeddings.md	1	3384	0.2597632	-10.644147872924805
T25	29	0131_text_embeddings.md	2	3398	0.22738068	-6.976571559906006
T25	29	0131_text_embeddings.md	3	3397	0.17217368	-11.276880264282227
T25	30	0056_a_server_entry_without_ownership_by_accident.md	1	1295	0.25897956	-9.840751647949219
T25	30	0056_a_server_entry_without_ownership_by_accident.md	2	1302	0.25084704	-10.823909759521484
T25	30	0056_a_server_entry_without_ownership_by_accident.md	3	1289	0.19222671	-10.589583396911621
T25	31	0098_polars_float_trait_bounds.md	1	2653	0.2570924	-1.9950268268585205
T25	31	0098_polars_float_trait_bounds.md	2	2654	0.12026506	-11.331165313720703
T25	31	0098_polars_float_trait_bounds.md	3	2652	0.08164312	-10.765378952026367
T25	32	0058_a_small_dataframe_pipeline_through_the_same_engine_files_evidence.md	1	1441	0.25699005	-0.8550707101821899
T25	32	0058_a_small_dataframe_pipeline_through_the_same_engine_files_evidence.md	2	1440	0.16716094	-7.93453311920166
T25	32	0058_a_small_dataframe_pipeline_through_the_same_engine_files_evidence.md	3	1442	0.035411283	-9.308810234069824
T25	33	0062_an_adapter_name_becomes_a_declaration_implementation_evidence.md	1	1577	0.25674424	-0.8668087124824524
T25	33	0062_an_adapter_name_becomes_a_declaration_implementation_evidence.md	2	1570	0.16510321	-9.638716697692871
T25	33	0062_an_adapter_name_becomes_a_declaration_implementation_evidence.md	3	1580	0.16448548	-10.277002334594727
T25	34	0037_paths_are_strings_until_a_script_needs_them_not_to_be.md	1	796	0.25561178	-10.226935386657715
T25	34	0037_paths_are_strings_until_a_script_needs_them_not_to_be.md	2	806	0.23720014	-10.641016006469727
T25	34	0037_paths_are_strings_until_a_script_needs_them_not_to_be.md	3	793	0.21182396	-8.157529830932617
T25	35	0009_diagnostics_for_the_file_runner_evidence.md	1	140	0.2543464	-9.862076759338379
T25	35	0009_diagnostics_for_the_file_runner_evidence.md	2	142	0.19728352	-10.937110900878906
T25	35	0009_diagnostics_for_the_file_runner_evidence.md	3	141	0.17019084	-10.416998863220215
T25	36	0115_polars_gen_family_registry.md	1	2972	0.2539722	-11.026023864746094
T25	36	0115_polars_gen_family_registry.md	2	2978	0.2134748	-8.431427001953125
T25	36	0115_polars_gen_family_registry.md	3	2974	0.19745289	-10.958230972290039
T25	37	0131_text_embeddings_evidence.md	1	3423	0.25371426	-6.281982421875
T25	37	0131_text_embeddings_evidence.md	2	3404	0.22962175	-8.932634353637695
T25	37	0131_text_embeddings_evidence.md	3	3409	0.21489525	-8.719623565673828
T25	38	0129_candle_workflow_evidence.md	1	3369	0.2522164	-7.654900550842285
T25	38	0129_candle_workflow_evidence.md	2	3360	0.1954052	-6.318475246429443
T25	38	0129_candle_workflow_evidence.md	3	3364	0.16420978	-6.417361736297607
T25	39	0121_polars_oracle_fixtures.md	1	3149	0.25208297	-9.613312721252441
T25	39	0121_polars_oracle_fixtures.md	2	3150	0.15497537	-11.321758270263672
T25	39	0121_polars_oracle_fixtures.md	3	3147	0.1222848	-11.262659072875977
T25	40	0067_one_install_journey_evidence.md	1	1878	0.25143626	-7.5372772216796875
T25	40	0067_one_install_journey_evidence.md	2	1880	0.15446363	-9.945351600646973
T25	40	0067_one_install_journey_evidence.md	3	1879	0.136285	-10.86959457397461
T28	1	0058_a_small_dataframe_pipeline_through_the_same_engine_cost_evidence.md	1	1427	0.59457666	2.159186840057373
T28	1	0058_a_small_dataframe_pipeline_through_the_same_engine_cost_evidence.md	2	1425	0.42340043	-0.07379960268735886
T28	1	0058_a_small_dataframe_pipeline_through_the_same_engine_cost_evidence.md	3	1429	0.40879053	-3.3021621704101563
T28	2	0008_the_first_port.md	1	123	0.5805146	-5.283334732055664
T28	2	0008_the_first_port.md	2	127	0.39871177	-8.287917137145996
T28	2	0008_the_first_port.md	3	129	0.34346113	-8.430255889892578
T28	3	0058_a_small_dataframe_pipeline_through_the_same_engine_boundary_evidence.md	1	1424	0.5125457	-3.0405025482177734
T28	3	0058_a_small_dataframe_pipeline_through_the_same_engine_boundary_evidence.md	2	1419	0.3613856	-7.666530609130859
T28	3	0058_a_small_dataframe_pipeline_through_the_same_engine_boundary_evidence.md	3	1421	0.2895244	-11.382669448852539
T28	4	0035_a_file_is_a_value_and_every_refusal_names_its_path_evidence.md	1	763	0.5000155	-9.285146713256836
T28	4	0035_a_file_is_a_value_and_every_refusal_names_its_path_evidence.md	2	761	0.2765245	-8.902654647827148
T28	4	0035_a_file_is_a_value_and_every_refusal_names_its_path_evidence.md	3	764	0.27469087	-11.295572280883789
T28	5	0058_a_small_dataframe_pipeline_through_the_same_engine.md	1	1405	0.49682721	-0.4419929087162018
T28	5	0058_a_small_dataframe_pipeline_through_the_same_engine.md	2	1402	0.46888173	-3.343904495239258
T28	5	0058_a_small_dataframe_pipeline_through_the_same_engine.md	3	1392	0.46597096	3.4573609828948975
T28	6	0131_text_embeddings.md	1	3387	0.4886294	-8.474513053894043
T28	6	0131_text_embeddings.md	2	3400	0.38538632	-11.328134536743164
T28	6	0131_text_embeddings.md	3	3384	0.3430302	-10.853261947631836
T28	7	0012_standard_input.md	1	171	0.47726825	-4.173520565032959
T28	7	0012_standard_input.md	2	175	0.2940153	-10.670543670654297
T28	7	0012_standard_input.md	3	173	0.2835695	-11.366015434265137
T28	8	0025_the_same_contracts_on_windows_evidence.md	1	433	0.47595453	-8.620288848876953
T28	8	0025_the_same_contracts_on_windows_evidence.md	2	471	0.45328122	-9.881296157836914
T28	8	0025_the_same_contracts_on_windows_evidence.md	3	432	0.437396	-7.871421813964844
T28	9	0015_the_third_port.md	1	229	0.47397503	0.146140456199646
T28	9	0015_the_third_port.md	2	227	0.37473488	-9.573257446289063
T28	9	0015_the_third_port.md	3	221	0.35192636	-6.04831600189209
T28	10	0065_a_launch_checks_each_native_file_once_encoding_evidence.md	1	1731	0.47041905	-6.7679524421691895
T28	10	0065_a_launch_checks_each_native_file_once_encoding_evidence.md	2	1732	0.2871571	-11.308107376098633
T28	10	0065_a_launch_checks_each_native_file_once_encoding_evidence.md	3	1729	0.23524402	-10.683403015136719
T28	11	0022_a_child_that_is_told_what_to_do.md	1	328	0.46059024	-6.047373294830322
T28	11	0022_a_child_that_is_told_what_to_do.md	2	338	0.3371454	-8.329345703125
T28	11	0022_a_child_that_is_told_what_to_do.md	3	329	0.3206011	-11.268217086791992
T28	12	0044_a_child_with_its_own_directory_and_environment.md	1	943	0.4603442	-11.34208869934082
T28	12	0044_a_child_with_its_own_directory_and_environment.md	2	946	0.31653792	-9.360098838806152
T28	12	0044_a_child_with_its_own_directory_and_environment.md	3	944	0.31395012	-10.37975788116455
T28	13	0061_projects_share_an_assembled_executable_polars_evidence.md	1	1536	0.45879954	-5.039356231689453
T28	13	0061_projects_share_an_assembled_executable_polars_evidence.md	2	1535	0.3577658	-8.517404556274414
T28	13	0061_projects_share_an_assembled_executable_polars_evidence.md	3	1537	0.25198674	-7.260601043701172
T28	14	0051_an_executable_assembled_from_its_extensions.md	1	1112	0.4585816	-4.936347961425781
T28	14	0051_an_executable_assembled_from_its_extensions.md	2	1117	0.3946663	-5.888493537902832
T28	14	0051_an_executable_assembled_from_its_extensions.md	3	1103	0.36960563	-7.125845909118652
T28	15	0068_product_port_evidence.md	1	1944	0.45171	-11.230402946472168
T28	15	0068_product_port_evidence.md	2	1948	0.33501795	-9.482423782348633
T28	15	0068_product_port_evidence.md	3	1946	0.30744857	-10.80671501159668
T28	16	0056_a_server_entry_without_ownership_by_accident_extraction_evidence.md	1	1327	0.4482726	-7.8415422439575195
T28	16	0056_a_server_entry_without_ownership_by_accident_extraction_evidence.md	2	1333	0.25713316	-10.347192764282227
T28	16	0056_a_server_entry_without_ownership_by_accident_extraction_evidence.md	3	1325	0.24964038	-9.495809555053711
T28	17	0070_dep_is_quiet_by_default.md	1	2020	0.44620046	-9.196409225463867
T28	17	0070_dep_is_quiet_by_default.md	2	2021	0.41913944	-11.197622299194336
T28	17	0070_dep_is_quiet_by_default.md	3	2022	0.30126736	-9.310041427612305
T28	18	0019_a_value_for_a_human_and_json_when_asked.md	1	263	0.44460872	-9.086221694946289
T28	18	0019_a_value_for_a_human_and_json_when_asked.md	2	272	0.44345942	-9.424448013305664
T28	18	0019_a_value_for_a_human_and_json_when_asked.md	3	282	0.37785244	-6.810401916503906
T28	19	0127_pivot_evidence.md	1	3317	0.44343397	-10.383224487304688
T28	19	0127_pivot_evidence.md	2	3324	0.33858675	-10.87297248840332
T28	19	0127_pivot_evidence.md	3	3322	0.32041737	-10.71225643157959
T28	20	0011_the_second_port.md	1	161	0.43907267	-8.775062561035156
T28	20	0011_the_second_port.md	2	162	0.4084931	-10.813793182373047
T28	20	0011_the_second_port.md	3	169	0.33440766	-9.236015319824219
T28	21	0036_what_the_process_was_given.md	1	770	0.43543237	-6.038976669311523
T28	21	0036_what_the_process_was_given.md	2	767	0.42066112	-9.035367012023926
T28	21	0036_what_the_process_was_given.md	3	779	0.40005985	-9.184264183044434
T28	22	0030_answering_before_building_the_context.md	1	588	0.43522266	-9.113418579101563
T28	22	0030_answering_before_building_the_context.md	2	591	0.37055787	-11.145712852478027
T28	22	0030_answering_before_building_the_context.md	3	590	0.3254108	-10.269800186157227
T28	23	0039_colour_belongs_to_the_presentation.md	1	861	0.43336415	-8.50187873840332
T28	23	0039_colour_belongs_to_the_presentation.md	2	846	0.40944892	-8.092899322509766
T28	23	0039_colour_belongs_to_the_presentation.md	3	845	0.40753734	-9.354938507080078
T28	24	0036_what_the_process_was_given_evidence.md	1	789	0.43147337	-9.995464324951172
T28	24	0036_what_the_process_was_given_evidence.md	2	787	0.36613205	-9.715682983398438
T28	24	0036_what_the_process_was_given_evidence.md	3	785	0.31123087	-11.454594612121582
T28	25	0069_wrapper_identity_evidence.md	1	2007	0.4310408	-8.563182830810547
T28	25	0069_wrapper_identity_evidence.md	2	2001	0.3391953	-9.418671607971191
T28	25	0069_wrapper_identity_evidence.md	3	2006	0.30423215	-8.304391860961914
T28	26	0021_a_budget_the_operator_chooses.md	1	319	0.42469937	-9.476348876953125
T28	26	0021_a_budget_the_operator_chooses.md	2	324	0.4105011	-7.941611289978027
T28	26	0021_a_budget_the_operator_chooses.md	3	318	0.3918932	-5.7549591064453125
T28	27	0129_candle_workflow_evidence.md	1	3371	0.42292458	-10.898569107055664
T28	27	0129_candle_workflow_evidence.md	2	3356	0.39100882	-7.0409650802612305
T28	27	0129_candle_workflow_evidence.md	3	3367	0.3849529	-8.585182189941406
T28	28	0020_waiting_for_a_child_without_sleeping_through_it.md	1	314	0.42246103	-9.975494384765625
T28	28	0020_waiting_for_a_child_without_sleeping_through_it.md	2	305	0.37603894	-9.135019302368164
T28	28	0020_waiting_for_a_child_without_sleeping_through_it.md	3	310	0.31489488	-8.739720344543457
T28	29	0033_the_contract_json_parse_never_had_evidence.md	1	687	0.41679567	-6.402715682983398
T28	29	0033_the_contract_json_parse_never_had_evidence.md	2	685	0.31047562	-11.28462028503418
T28	29	0033_the_contract_json_parse_never_had_evidence.md	3	688	0.26329446	-11.363343238830566
T28	30	0061_projects_share_an_assembled_executable_publication_evidence.md	1	1540	0.41409454	-9.101583480834961
T28	30	0061_projects_share_an_assembled_executable_publication_evidence.md	2	1539	0.30334947	-8.808502197265625
T28	30	0061_projects_share_an_assembled_executable_publication_evidence.md	3	1538	0.19916737	-10.613775253295898
T28	31	0122_workflow_probe.md	1	3165	0.4137048	-6.907722473144531
T28	31	0122_workflow_probe.md	2	3166	0.32872906	-11.313435554504395
T28	31	0122_workflow_probe.md	3	3167	0.32494786	-10.084102630615234
T28	32	0031_the_batteries_rnx_ships.md	1	605	0.41353464	-8.424090385437012
T28	32	0031_the_batteries_rnx_ships.md	2	604	0.32755733	-8.740959167480469
T28	32	0031_the_batteries_rnx_ships.md	3	606	0.3262235	-4.747308731079102
T28	33	0059_a_project_run_is_an_everyday_launch_stage_one_evidence.md	1	1481	0.41123575	-9.01806640625
T28	33	0059_a_project_run_is_an_everyday_launch_stage_one_evidence.md	2	1477	0.28765658	-7.366010665893555
T28	33	0059_a_project_run_is_an_everyday_launch_stage_one_evidence.md	3	1479	0.22079489	-10.973428726196289
T28	34	0122_workflow_probe_evidence.md	1	3173	0.41007367	-5.853011608123779
T28	34	0122_workflow_probe_evidence.md	2	3172	0.3904486	-10.874606132507324
T28	34	0122_workflow_probe_evidence.md	3	3171	0.33826044	-6.2221269607543945
T28	35	0043_colours_a_person_can_choose_in_a_rune_file_evidence.md	1	939	0.40917853	-6.278565406799316
T28	35	0043_colours_a_person_can_choose_in_a_rune_file_evidence.md	2	938	0.2704588	-10.49127197265625
T28	35	0043_colours_a_person_can_choose_in_a_rune_file_evidence.md	3	936	0.20161454	-10.377301216125488
T28	36	0035_a_file_is_a_value_and_every_refusal_names_its_path.md	1	756	0.40736002	-9.313316345214844
T28	36	0035_a_file_is_a_value_and_every_refusal_names_its_path.md	2	736	0.36848915	-9.292441368103027
T28	36	0035_a_file_is_a_value_and_every_refusal_names_its_path.md	3	737	0.3466439	-10.027704238891602
T28	37	0056_a_server_entry_without_ownership_by_accident_host_evidence.md	1	1334	0.40650028	-7.896374702453613
T28	37	0056_a_server_entry_without_ownership_by_accident_host_evidence.md	2	1335	0.24305366	-8.453245162963867
T28	37	0056_a_server_entry_without_ownership_by_accident_host_evidence.md	3	1337	0.23035422	-9.616523742675781
T28	38	0040_a_number_on_the_prompt_that_can_start_over_evidence.md	1	887	0.40559155	-11.394241333007813
T28	38	0040_a_number_on_the_prompt_that_can_start_over_evidence.md	2	886	0.34510398	-11.328245162963867
T28	38	0040_a_number_on_the_prompt_that_can_start_over_evidence.md	3	885	0.27073446	-9.354057312011719
T28	39	0034_a_bounded_request_with_no_second_json_evidence.md	1	732	0.4042487	-10.144720077514648
T28	39	0034_a_bounded_request_with_no_second_json_evidence.md	2	728	0.26418552	-11.103616714477539
T28	39	0034_a_bounded_request_with_no_second_json_evidence.md	3	734	0.20462002	-8.91877555847168
T28	40	0043_colours_a_person_can_choose_in_a_rune_file.md	1	928	0.40398526	-8.096967697143555
T28	40	0043_colours_a_person_can_choose_in_a_rune_file.md	2	923	0.36691645	-9.891632080078125
T28	40	0043_colours_a_person_can_choose_in_a_rune_file.md	3	924	0.35780856	-7.270635604858398
T31	1	0071_polars_version.md	1	2039	0.54435825	3.3317503929138184
T31	1	0071_polars_version.md	2	2040	0.4477428	-3.54396390914917
T31	2	0074_polars_rc2_forward_probe_evidence.md	1	2119	0.5078278	-4.049142837524414
T31	2	0074_polars_rc2_forward_probe_evidence.md	2	2127	0.4423611	-3.7845511436462402
T31	2	0074_polars_rc2_forward_probe_evidence.md	3	2139	0.42814073	-5.256429672241211
T31	3	0115_polars_gen_family_registry_evidence.md	1	2995	0.48598075	-2.2573227882385254
T31	3	0115_polars_gen_family_registry_evidence.md	2	2986	0.32635397	-5.083377838134766
T31	3	0115_polars_gen_family_registry_evidence.md	3	2993	0.23481545	-11.345331192016602
T31	4	0063_a_session_can_request_its_next_executable.md	1	1583	0.4637955	-2.886568546295166
T31	4	0063_a_session_can_request_its_next_executable.md	2	1595	0.30008274	-3.005826473236084
T31	4	0063_a_session_can_request_its_next_executable.md	3	1584	0.25176594	-4.820318698883057
T31	5	0112_polars_generic_trait_impls_evidence.md	1	2911	0.46213678	-11.314647674560547
T31	5	0112_polars_generic_trait_impls_evidence.md	2	2906	0.40034875	1.6200768947601318
T31	5	0112_polars_generic_trait_impls_evidence.md	3	2917	0.27608946	-7.026907920837402
T31	6	0108_polars_v2_rust_api_baseline_evidence.md	1	2830	0.45745802	-2.558537483215332
T31	6	0108_polars_v2_rust_api_baseline_evidence.md	2	2832	0.42157263	-1.3768049478530884
T31	6	0108_polars_v2_rust_api_baseline_evidence.md	3	2831	0.40021718	-1.4901947975158691
T31	7	0081_polars_narrow_integer_dtypes.md	1	2367	0.4542989	-2.617403984069824
T31	7	0081_polars_narrow_integer_dtypes.md	2	2369	0.2909669	-2.4679832458496094
T31	7	0081_polars_narrow_integer_dtypes.md	3	2368	0.19669427	-11.107330322265625
T31	8	0089_polars_integer_generic_arg_extrema.md	1	2490	0.44947636	-4.252516746520996
T31	8	0089_polars_integer_generic_arg_extrema.md	2	2489	0.35100022	-1.3735265731811523
T31	8	0089_polars_integer_generic_arg_extrema.md	3	2493	0.30737552	-4.02086067199707
T31	9	0062_an_adapter_name_becomes_a_declaration.md	1	1553	0.44713417	-1.3479104042053223
T31	9	0062_an_adapter_name_becomes_a_declaration.md	2	1552	0.35134122	-6.538597106933594
T31	9	0062_an_adapter_name_becomes_a_declaration.md	3	1561	0.27633938	-4.098945140838623
T31	10	0069_lifetime_evidence.md	1	1979	0.44585022	-1.1327695846557617
T31	10	0069_lifetime_evidence.md	2	1978	0.39259017	-1.8788905143737793
T31	10	0069_lifetime_evidence.md	3	1981	0.27822393	-3.0066604614257813
T31	11	0125_loading.md	1	3245	0.4454058	2.3689687252044678
T31	11	0125_loading.md	2	3240	0.38317263	-1.6013026237487793
T31	11	0125_loading.md	3	3242	0.37157246	-0.14639165997505188
T31	12	0075_polars_coverage_two.md	1	2155	0.4418106	-2.8175106048583984
T31	12	0075_polars_coverage_two.md	2	2156	0.32062563	-3.3659019470214844
T31	12	0075_polars_coverage_two.md	3	2162	0.23911686	-11.315434455871582
T31	13	0119_polars_arrow_value_layer_evidence.md	1	3097	0.44021392	2.2058544158935547
T31	13	0119_polars_arrow_value_layer_evidence.md	2	3104	0.34583375	-6.5779008865356445
T31	13	0119_polars_arrow_value_layer_evidence.md	3	3098	0.28608173	-7.450201988220215
T31	14	0114_polars_gen_module_split.md	1	2953	0.43830308	-5.052058696746826
T31	14	0114_polars_gen_module_split.md	2	2946	0.40694034	-6.261512756347656
T31	14	0114_polars_gen_module_split.md	3	2952	0.3917601	-4.3738884925842285
T31	15	0078_polars_constructors_operators_evidence.md	1	2279	0.43766552	-2.434725284576416
T31	15	0078_polars_constructors_operators_evidence.md	2	2278	0.29532337	-8.483413696289063
T31	15	0078_polars_constructors_operators_evidence.md	3	2266	0.24829207	-6.067474365234375
T31	16	0075_polars_coverage_two_evidence.md	1	2164	0.43644866	-2.9940099716186523
T31	16	0075_polars_coverage_two_evidence.md	2	2180	0.41655034	-11.049786567687988
T31	16	0075_polars_coverage_two_evidence.md	3	2166	0.38597104	-4.951000213623047
T31	17	0092_polars_typed_left_subtraction.md	1	2535	0.43338224	0.1878845989704132
T31	17	0092_polars_typed_left_subtraction.md	2	2536	0.4262937	-1.8425061702728271
T31	17	0092_polars_typed_left_subtraction.md	3	2534	0.29112312	-0.9050637483596802
T31	18	0072_binding_surface_evidence.md	1	2050	0.4329759	-6.175165176391602
T31	18	0072_binding_surface_evidence.md	2	2070	0.33188546	-5.015226364135742
T31	18	0072_binding_surface_evidence.md	3	2044	0.30864853	-5.878774642944336
T31	19	0074_polars_rc2_forward_probe.md	1	2110	0.42995766	-4.2778706550598145
T31	19	0074_polars_rc2_forward_probe.md	2	2109	0.38648725	-1.8968737125396729
T31	19	0074_polars_rc2_forward_probe.md	3	2111	0.380108	-7.483790397644043
T31	20	0081_polars_narrow_integer_dtypes_evidence.md	1	2373	0.42799473	-1.2649388313293457
T31	20	0081_polars_narrow_integer_dtypes_evidence.md	2	2378	0.20406789	-10.952658653259277
T31	20	0081_polars_narrow_integer_dtypes_evidence.md	3	2372	0.17020145	-0.8706528544425964
T31	21	0096_polars_null_aware_numeric_vectors.md	1	2615	0.42796645	-1.3380627632141113
T31	21	0096_polars_null_aware_numeric_vectors.md	2	2613	0.3875709	-0.09009411931037903
T31	21	0096_polars_null_aware_numeric_vectors.md	3	2612	0.37230137	-1.8684364557266235
T31	22	0106_polars_chunk_layout_snapshots_evidence.md	1	2804	0.4264096	-1.136826992034912
T31	22	0106_polars_chunk_layout_snapshots_evidence.md	2	2806	0.36197552	-1.9203991889953613
T31	22	0106_polars_chunk_layout_snapshots_evidence.md	3	2810	0.30253792	-10.896053314208984
T31	23	0069_shared_compilation_probe_evidence.md	1	1985	0.42530492	-1.828507900238037
T31	23	0069_shared_compilation_probe_evidence.md	2	1990	0.4231707	1.368180751800537
T31	23	0069_shared_compilation_probe_evidence.md	3	1988	0.40197018	-1.4128916263580322
T31	24	0097_polars_sized_self_slices.md	1	2632	0.42528898	-0.07832566648721695
T31	24	0097_polars_sized_self_slices.md	2	2631	0.33411318	-1.3383870124816895
T31	24	0097_polars_sized_self_slices.md	3	2633	0.31745616	-2.0124099254608154
T31	25	0073_polars_generator.md	1	2086	0.42223567	-1.8644169569015503
T31	25	0073_polars_generator.md	2	2085	0.39307308	-3.4939510822296143
T31	25	0073_polars_generator.md	3	2089	0.2691121	-3.0729446411132813
T31	26	0125_loading_evidence.md	1	3257	0.42028147	-2.4913535118103027
T31	26	0125_loading_evidence.md	2	3258	0.33321407	-2.9900290966033936
T31	26	0125_loading_evidence.md	3	3265	0.32712376	-2.3023529052734375
T31	27	0061_projects_share_an_assembled_executable_polars_evidence.md	1	1530	0.41776687	-2.5545454025268555
T31	27	0061_projects_share_an_assembled_executable_polars_evidence.md	2	1531	0.33020946	0.008937627077102661
T31	27	0061_projects_share_an_assembled_executable_polars_evidence.md	3	1536	0.20375651	-11.276823043823242
T31	28	0058_a_small_dataframe_pipeline_through_the_same_engine.md	1	1410	0.4166532	-4.678006172180176
T31	28	0058_a_small_dataframe_pipeline_through_the_same_engine.md	2	1394	0.41112027	0.5457239747047424
T31	28	0058_a_small_dataframe_pipeline_through_the_same_engine.md	3	1393	0.37460458	-2.386287212371826
T31	29	0058_a_small_dataframe_pipeline_through_the_same_engine_boundary_evidence.md	1	1423	0.41624293	-1.860898494720459
T31	29	0058_a_small_dataframe_pipeline_through_the_same_engine_boundary_evidence.md	2	1418	0.33818316	-2.162808895111084
T31	29	0058_a_small_dataframe_pipeline_through_the_same_engine_boundary_evidence.md	3	1424	0.29754385	-4.332022666931152
T31	30	0123_schema_display_and_cast_evidence.md	1	3192	0.41393325	-3.3512909412384033
T31	30	0123_schema_display_and_cast_evidence.md	2	3191	0.3434015	0.006987020373344421
T31	30	0123_schema_display_and_cast_evidence.md	3	3195	0.2996501	-6.2420783042907715
T31	31	0122_workflow_probe_evidence.md	1	3174	0.41247594	-5.70900821685791
T31	31	0122_workflow_probe_evidence.md	2	3173	0.39234805	-4.138783931732178
T31	31	0122_workflow_probe_evidence.md	3	3179	0.30832908	-7.635898590087891
T31	32	0099_polars_numeric_chunk_snapshots.md	1	2667	0.40721956	-0.044330112636089325
T31	32	0099_polars_numeric_chunk_snapshots.md	2	2669	0.3208481	-2.6264472007751465
T31	32	0099_polars_numeric_chunk_snapshots.md	3	2666	0.2878211	-1.8534750938415527
T31	33	0106_polars_chunk_layout_snapshots.md	1	2800	0.4067118	-2.418630361557007
T31	33	0106_polars_chunk_layout_snapshots.md	2	2797	0.3722367	-1.793137788772583
T31	33	0106_polars_chunk_layout_snapshots.md	3	2798	0.35605317	-1.5102338790893555
T31	34	0062_an_adapter_name_becomes_a_declaration_implementation_evidence.md	1	1575	0.40470183	-1.3512535095214844
T31	34	0062_an_adapter_name_becomes_a_declaration_implementation_evidence.md	2	1576	0.3558491	0.14631864428520203
T31	34	0062_an_adapter_name_becomes_a_declaration_implementation_evidence.md	3	1571	0.26856077	-10.845487594604492
T31	35	0100_polars_scalar_chunk_snapshots.md	1	2686	0.40390143	-1.2876085042953491
T31	35	0100_polars_scalar_chunk_snapshots.md	2	2685	0.22003862	-2.0031416416168213
T31	35	0100_polars_scalar_chunk_snapshots.md	3	2688	0.20727617	-7.782279014587402
T31	36	0128_polars_shipping_decision.md	1	3330	0.40151966	-3.5275864601135254
T31	36	0128_polars_shipping_decision.md	2	3331	0.3543163	-3.7758498191833496
T31	36	0128_polars_shipping_decision.md	3	3337	0.22745214	-10.952149391174316
T31	37	0129_candle_workflow_evidence.md	1	3358	0.39948964	-9.126991271972656
T31	37	0129_candle_workflow_evidence.md	2	3361	0.3292939	-4.453828811645508
T31	37	0129_candle_workflow_evidence.md	3	3372	0.29575223	-4.75428581237793
T31	38	0093_polars_checked_integer_readback.md	1	2550	0.39771187	-1.4399909973144531
T31	38	0093_polars_checked_integer_readback.md	2	2552	0.35767302	-0.28288906812667847
T31	38	0093_polars_checked_integer_readback.md	3	2555	0.2795678	-5.270853042602539
T31	39	0085_polars_validity_bitmap_snapshots_evidence.md	1	2440	0.3941469	-3.4039790630340576
T31	39	0085_polars_validity_bitmap_snapshots_evidence.md	2	2439	0.28284338	-5.182345867156982
T31	39	0085_polars_validity_bitmap_snapshots_evidence.md	3	2445	0.24770726	-11.342341423034668
T31	40	0090_polars_numeric_peak_boundaries_evidence.md	1	2512	0.39373183	-3.366159439086914
T31	40	0090_polars_numeric_peak_boundaries_evidence.md	2	2511	0.26873177	-2.937148332595825
T31	40	0090_polars_numeric_peak_boundaries_evidence.md	3	2517	0.26014674	-11.344432830810547
T32	1	0073_polars_generator.md	1	2085	0.6200234	3.792013168334961
T32	1	0073_polars_generator.md	2	2086	0.5187604	-0.5901589393615723
T32	1	0073_polars_generator.md	3	2090	0.43636203	-5.610538482666016
T32	2	0089_polars_integer_generic_arg_extrema.md	1	2490	0.6004074	-2.183324098587036
T32	2	0089_polars_integer_generic_arg_extrema.md	2	2493	0.41106537	-4.253873825073242
T32	2	0089_polars_integer_generic_arg_extrema.md	3	2489	0.39517093	-7.288609504699707
T32	3	0075_polars_coverage_two.md	1	2155	0.55852884	1.1232953071594238
T32	3	0075_polars_coverage_two.md	2	2156	0.45288518	0.5627741813659668
T32	3	0075_polars_coverage_two.md	3	2160	0.33792436	-2.909663677215576
T32	4	0096_polars_null_aware_numeric_vectors.md	1	2615	0.54259324	-4.336759567260742
T32	4	0096_polars_null_aware_numeric_vectors.md	2	2612	0.44974002	-6.242147922515869
T32	4	0096_polars_null_aware_numeric_vectors.md	3	2613	0.3154309	-7.31467342376709
T32	5	0067_git_source_workflow_evidence.md	1	1867	0.5270552	-3.7847976684570313
T32	5	0067_git_source_workflow_evidence.md	2	1864	0.23608223	-11.436158180236816
T32	5	0067_git_source_workflow_evidence.md	3	1865	0.20376454	-11.369892120361328
T32	6	0058_a_small_dataframe_pipeline_through_the_same_engine.md	1	1393	0.52337724	-4.4798359870910645
T32	6	0058_a_small_dataframe_pipeline_through_the_same_engine.md	2	1410	0.5046211	-8.872326850891113
T32	6	0058_a_small_dataframe_pipeline_through_the_same_engine.md	3	1398	0.45565817	-6.157926559448242
T32	7	0058_a_small_dataframe_pipeline_through_the_same_engine_assembly_evidence.md	1	1414	0.52151984	-5.897078514099121
T32	7	0058_a_small_dataframe_pipeline_through_the_same_engine_assembly_evidence.md	2	1413	0.35522354	-5.982306480407715
T32	7	0058_a_small_dataframe_pipeline_through_the_same_engine_assembly_evidence.md	3	1412	0.336481	-8.243033409118652
T32	8	0081_polars_narrow_integer_dtypes.md	1	2367	0.5148756	-5.422290325164795
T32	8	0081_polars_narrow_integer_dtypes.md	2	2366	0.34877232	-3.6875925064086914
T32	8	0081_polars_narrow_integer_dtypes.md	3	2369	0.3229846	-9.063494682312012
T32	9	0084_polars_function_generic_inputs.md	1	2421	0.5052348	-8.65988540649414
T32	9	0084_polars_function_generic_inputs.md	2	2413	0.37767863	-4.727481842041016
T32	9	0084_polars_function_generic_inputs.md	3	2417	0.28903857	-8.671833038330078
T32	10	0108_polars_v2_rust_api_baseline_evidence.md	1	2832	0.50018317	-1.3484781980514526
T32	10	0108_polars_v2_rust_api_baseline_evidence.md	2	2830	0.45514902	-4.892181396484375
T32	10	0108_polars_v2_rust_api_baseline_evidence.md	3	2831	0.41239157	-5.388679504394531
T32	11	0118_polars_in_memory_io_evidence.md	1	3074	0.5001247	-6.607382774353027
T32	11	0118_polars_in_memory_io_evidence.md	2	3073	0.36008862	-8.960695266723633
T32	11	0118_polars_in_memory_io_evidence.md	3	3070	0.32961103	-9.925520896911621
T32	12	0125_loading_evidence.md	1	3257	0.49651432	-5.268514156341553
T32	12	0125_loading_evidence.md	2	3258	0.47431168	-3.6519722938537598
T32	12	0125_loading_evidence.md	3	3253	0.33602867	-8.06210708618164
T32	13	0119_polars_arrow_value_layer_evidence.md	1	3097	0.49385154	-3.5714244842529297
T32	13	0119_polars_arrow_value_layer_evidence.md	2	3098	0.43019733	-4.023210048675537
T32	13	0119_polars_arrow_value_layer_evidence.md	3	3104	0.40144747	-6.790335178375244
T32	14	0114_polars_gen_module_split.md	1	2946	0.49328703	-7.968343734741211
T32	14	0114_polars_gen_module_split.md	2	2952	0.42117384	-8.49997329711914
T32	14	0114_polars_gen_module_split.md	3	2944	0.3680851	-4.454054832458496
T32	15	0071_polars_version.md	1	2039	0.49142787	-7.013971328735352
T32	15	0071_polars_version.md	2	2040	0.39831004	-9.015769958496094
T32	16	0091_polars_bounded_integer_indices_evidence.md	1	2525	0.49030614	-3.267834424972534
T32	16	0091_polars_bounded_integer_indices_evidence.md	2	2529	0.33630115	-5.288226127624512
T32	16	0091_polars_bounded_integer_indices_evidence.md	3	2533	0.28773484	-11.381088256835938
T32	17	0095_polars_typed_left_division_and_remainder.md	1	2593	0.4898851	-6.534552097320557
T32	17	0095_polars_typed_left_division_and_remainder.md	2	2597	0.3677327	-7.64698600769043
T32	17	0095_polars_typed_left_division_and_remainder.md	3	2595	0.34122774	-7.512703895568848
T32	18	0088_polars_owned_cow_chunked_returns.md	1	2477	0.48519027	-0.1468389481306076
T32	18	0088_polars_owned_cow_chunked_returns.md	2	2478	0.3952396	-5.053943634033203
T32	18	0088_polars_owned_cow_chunked_returns.md	3	2476	0.34743017	-6.316727161407471
T32	19	0092_polars_typed_left_subtraction.md	1	2535	0.48320752	-2.5903100967407227
T32	19	0092_polars_typed_left_subtraction.md	2	2536	0.40152845	-4.017596244812012
T32	19	0092_polars_typed_left_subtraction.md	3	2537	0.33746588	-11.297460556030273
T32	20	0062_an_adapter_name_becomes_a_declaration_implementation_evidence.md	1	1576	0.4822223	-1.2092840671539307
T32	20	0062_an_adapter_name_becomes_a_declaration_implementation_evidence.md	2	1575	0.40575203	-7.076899528503418
T32	20	0062_an_adapter_name_becomes_a_declaration_implementation_evidence.md	3	1577	0.36236718	-8.44083023071289
T32	21	0075_polars_coverage_two_evidence.md	1	2180	0.47758976	-10.677148818969727
T32	21	0075_polars_coverage_two_evidence.md	2	2173	0.43323398	-4.321995735168457
T32	21	0075_polars_coverage_two_evidence.md	3	2164	0.4181589	-4.778611183166504
T32	22	0086_polars_validated_bitmap_inputs.md	1	2447	0.47716275	-1.6701295375823975
T32	22	0086_polars_validated_bitmap_inputs.md	2	2448	0.41577154	-2.7646594047546387
T32	22	0086_polars_validated_bitmap_inputs.md	3	2446	0.4117108	-4.074407577514648
T32	23	0097_polars_sized_self_slices.md	1	2631	0.47705272	-5.9792609214782715
T32	23	0097_polars_sized_self_slices.md	2	2632	0.46523082	-5.798032760620117
T32	23	0097_polars_sized_self_slices.md	3	2633	0.4190072	-7.580178737640381
T32	24	0093_polars_checked_integer_readback_evidence.md	1	2560	0.4765094	-6.109994888305664
T32	24	0093_polars_checked_integer_readback_evidence.md	2	2557	0.43306845	-2.776155710220337
T32	24	0093_polars_checked_integer_readback_evidence.md	3	2562	0.3518523	-6.661127090454102
T32	25	0063_a_session_can_request_its_next_executable.md	1	1583	0.47595143	-9.755054473876953
T32	25	0063_a_session_can_request_its_next_executable.md	2	1595	0.3624701	-5.856132984161377
T32	25	0063_a_session_can_request_its_next_executable.md	3	1584	0.32062012	-5.952269554138184
T32	26	0073_polars_generator_evidence.md	1	2094	0.4741271	-2.863023042678833
T32	26	0073_polars_generator_evidence.md	2	2095	0.46888208	-0.7274462580680847
T32	26	0073_polars_generator_evidence.md	3	2107	0.3783693	-3.6514229774475098
T32	27	0061_projects_share_an_assembled_executable_polars_evidence.md	1	1530	0.46717772	-10.107719421386719
T32	27	0061_projects_share_an_assembled_executable_polars_evidence.md	2	1531	0.38242146	-8.283238410949707
T32	27	0061_projects_share_an_assembled_executable_polars_evidence.md	3	1532	0.23471133	-11.30253791809082
T32	28	0079_polars_callbacks_evidence.md	1	2314	0.46607524	-7.2425432205200195
T32	28	0079_polars_callbacks_evidence.md	2	2316	0.36048734	-7.884479522705078
T32	28	0079_polars_callbacks_evidence.md	3	2321	0.3415931	-4.776961326599121
T32	29	0076_polars_coverage_three_evidence.md	1	2218	0.466044	-5.533351898193359
T32	29	0076_polars_coverage_three_evidence.md	2	2206	0.37318993	-3.8551430702209473
T32	29	0076_polars_coverage_three_evidence.md	3	2215	0.3223241	-8.160385131835938
T32	30	0086_polars_validated_bitmap_inputs_evidence.md	1	2454	0.46350086	-5.271699905395508
T32	30	0086_polars_validated_bitmap_inputs_evidence.md	2	2456	0.28663993	-2.6447854042053223
T32	30	0086_polars_validated_bitmap_inputs_evidence.md	3	2458	0.28559372	-3.7755093574523926
T32	31	0128_polars_shipping_decision.md	1	3330	0.46328434	-2.940706491470337
T32	31	0128_polars_shipping_decision.md	2	3331	0.4592319	-5.115747451782227
T32	31	0128_polars_shipping_decision.md	3	3337	0.37837192	-2.619485378265381
T32	32	0072_binding_surface_probe.md	1	2077	0.4621806	0.8676966428756714
T32	32	0072_binding_surface_probe.md	2	2078	0.40125328	-7.158661365509033
T32	32	0072_binding_surface_probe.md	3	2082	0.35548702	-1.8789010047912598
T32	33	0078_polars_constructors_operators_evidence.md	1	2279	0.46214706	-7.285800457000732
T32	33	0078_polars_constructors_operators_evidence.md	2	2278	0.40932402	-9.959957122802734
T32	33	0078_polars_constructors_operators_evidence.md	3	2266	0.38357338	-3.080559730529785
T32	34	0115_polars_gen_family_registry_evidence.md	1	2995	0.4619389	-9.430018424987793
T32	34	0115_polars_gen_family_registry_evidence.md	2	2999	0.2905532	-9.191986083984375
T32	34	0115_polars_gen_family_registry_evidence.md	3	2986	0.28592288	-8.206650733947754
T32	35	0094_polars_categorical_hash_tokens_evidence.md	1	2585	0.46098438	-5.594087600708008
T32	35	0094_polars_categorical_hash_tokens_evidence.md	2	2579	0.42687166	-2.508544921875
T32	35	0094_polars_categorical_hash_tokens_evidence.md	3	2581	0.39521933	-10.2150297164917
T32	36	0100_polars_scalar_chunk_snapshots_evidence.md	1	2691	0.4598554	-3.905348777770996
T32	36	0100_polars_scalar_chunk_snapshots_evidence.md	2	2692	0.3245686	-7.646829605102539
T32	36	0100_polars_scalar_chunk_snapshots_evidence.md	3	2694	0.28524488	-10.721769332885742
T32	37	0102_polars_single_chunk_array_snapshots.md	1	2725	0.45806766	-6.800516605377197
T32	37	0102_polars_single_chunk_array_snapshots.md	2	2724	0.4182047	-4.235400199890137
T32	37	0102_polars_single_chunk_array_snapshots.md	3	2723	0.3634594	-7.066595554351807
T32	38	0116_polars_generic_methods.md	1	3008	0.45527244	-6.909390449523926
T32	38	0116_polars_generic_methods.md	2	3011	0.3748941	-9.09739875793457
T32	38	0116_polars_generic_methods.md	3	3000	0.3469661	-1.1172250509262085
T32	39	0077_polars_iterator_returns_evidence.md	1	2244	0.4550735	-0.9178913235664368
T32	39	0077_polars_iterator_returns_evidence.md	2	2246	0.3370773	-5.787897109985352
T32	39	0077_polars_iterator_returns_evidence.md	3	2249	0.2880013	-3.7298474311828613
T32	40	0080_polars_callback_bindings.md	1	2345	0.45251557	-6.434060096740723
T32	40	0080_polars_callback_bindings.md	2	2338	0.4278138	-7.738367080688477
T32	40	0080_polars_callback_bindings.md	3	2341	0.42755142	-2.124973773956299
T33	1	0096_polars_null_aware_numeric_vectors.md	1	2615	0.5785421	-1.6979429721832275
T33	1	0096_polars_null_aware_numeric_vectors.md	2	2612	0.4369711	-7.945379257202148
T33	1	0096_polars_null_aware_numeric_vectors.md	3	2617	0.34864417	-4.534981727600098
T33	2	0058_a_small_dataframe_pipeline_through_the_same_engine_assembly_evidence.md	1	1414	0.5438475	-5.265610694885254
T33	2	0058_a_small_dataframe_pipeline_through_the_same_engine_assembly_evidence.md	2	1413	0.42103326	-5.7525529861450195
T33	2	0058_a_small_dataframe_pipeline_through_the_same_engine_assembly_evidence.md	3	1412	0.33981118	-9.656705856323242
T33	3	0075_polars_coverage_two.md	1	2155	0.5409877	3.520421266555786
T33	3	0075_polars_coverage_two.md	2	2156	0.44728962	-0.7282106876373291
T33	3	0075_polars_coverage_two.md	3	2160	0.29976246	-5.945338249206543
T33	4	0073_polars_generator.md	1	2085	0.5405203	-0.2501509189605713
T33	4	0073_polars_generator.md	2	2086	0.42180085	-1.819493293762207
T33	4	0073_polars_generator.md	3	2090	0.36948377	-3.5672640800476074
T33	5	0058_a_small_dataframe_pipeline_through_the_same_engine.md	1	1410	0.51804155	-7.184931755065918
T33	5	0058_a_small_dataframe_pipeline_through_the_same_engine.md	2	1398	0.43288147	-8.459148406982422
T33	5	0058_a_small_dataframe_pipeline_through_the_same_engine.md	3	1393	0.4323057	-8.467337608337402
T33	6	0061_projects_share_an_assembled_executable_polars_evidence.md	1	1530	0.5122587	-8.136341094970703
T33	6	0061_projects_share_an_assembled_executable_polars_evidence.md	2	1531	0.3997892	-8.581558227539063
T33	6	0061_projects_share_an_assembled_executable_polars_evidence.md	3	1533	0.24723679	-10.605440139770508
T33	7	0074_polars_rc2_forward_probe.md	1	2109	0.51042515	-0.9935335516929626
T33	7	0074_polars_rc2_forward_probe.md	2	2110	0.4816309	-1.0813069343566895
T33	7	0074_polars_rc2_forward_probe.md	3	2113	0.47150216	-5.926319122314453
T33	8	0071_polars_version.md	1	2039	0.49862182	-3.247605323791504
T33	8	0071_polars_version.md	2	2040	0.4488828	-8.827925682067871
T33	9	0089_polars_integer_generic_arg_extrema.md	1	2490	0.49075004	-0.5469836592674255
T33	9	0089_polars_integer_generic_arg_extrema.md	2	2493	0.4492403	0.350382924079895
T33	9	0089_polars_integer_generic_arg_extrema.md	3	2489	0.3515056	-5.814423561096191
T33	10	0108_polars_v2_rust_api_baseline.md	1	2824	0.48957658	1.3804843425750732
T33	10	0108_polars_v2_rust_api_baseline.md	2	2823	0.31221977	-8.680343627929688
T33	10	0108_polars_v2_rust_api_baseline.md	3	2825	0.28314194	-3.5208113193511963
T33	11	0078_polars_constructors_operators_evidence.md	1	2278	0.48666143	-7.632525444030762
T33	11	0078_polars_constructors_operators_evidence.md	2	2279	0.47913635	-3.252528667449951
T33	11	0078_polars_constructors_operators_evidence.md	3	2266	0.31349942	-1.935788869857788
T33	12	0084_polars_function_generic_inputs.md	1	2421	0.4847864	-7.453490257263184
T33	12	0084_polars_function_generic_inputs.md	2	2413	0.32001334	-4.308833122253418
T33	12	0084_polars_function_generic_inputs.md	3	2420	0.28006554	-8.041290283203125
T33	13	0058_a_small_dataframe_pipeline_through_the_same_engine_files_evidence.md	1	1439	0.48345703	-5.73641300201416
T33	13	0058_a_small_dataframe_pipeline_through_the_same_engine_files_evidence.md	2	1440	0.28763106	-9.398148536682129
T33	13	0058_a_small_dataframe_pipeline_through_the_same_engine_files_evidence.md	3	1444	0.26652324	-8.504644393920898
T33	14	0112_polars_generic_trait_impls_evidence.md	1	2906	0.479024	-4.295649528503418
T33	14	0112_polars_generic_trait_impls_evidence.md	2	2911	0.40793526	-9.709842681884766
T33	14	0112_polars_generic_trait_impls_evidence.md	3	2915	0.31835973	-8.438638687133789
T33	15	0062_an_adapter_name_becomes_a_declaration_implementation_evidence.md	1	1575	0.47833616	-7.575666427612305
T33	15	0062_an_adapter_name_becomes_a_declaration_implementation_evidence.md	2	1576	0.41252863	-2.7997403144836426
T33	15	0062_an_adapter_name_becomes_a_declaration_implementation_evidence.md	3	1571	0.3373901	-11.153162956237793
T33	16	0061_projects_share_an_assembled_executable_commands_evidence.md	1	1518	0.4779726	-2.7210750579833984
T33	16	0061_projects_share_an_assembled_executable_commands_evidence.md	2	1517	0.44113898	-8.273168563842773
T33	16	0061_projects_share_an_assembled_executable_commands_evidence.md	3	1519	0.3452531	-7.455101013183594
T33	17	0125_loading_evidence.md	1	3257	0.47680587	-4.840695381164551
T33	17	0125_loading_evidence.md	2	3258	0.40911832	-5.657347679138184
T33	17	0125_loading_evidence.md	3	3272	0.30809686	-7.300648212432861
T33	18	0091_polars_bounded_integer_indices_evidence.md	1	2525	0.47306514	-2.0456323623657227
T33	18	0091_polars_bounded_integer_indices_evidence.md	2	2529	0.34116524	-4.941615104675293
T33	18	0091_polars_bounded_integer_indices_evidence.md	3	2532	0.28142208	-10.160039901733398
T33	19	0067_git_source_workflow_evidence.md	1	1867	0.471448	-4.101757049560547
T33	19	0067_git_source_workflow_evidence.md	2	1864	0.25761715	-10.62649917602539
T33	19	0067_git_source_workflow_evidence.md	3	1863	0.24127913	-10.349296569824219
T33	20	0128_polars_shipping_decision.md	1	3330	0.47066474	-0.26644381880760193
T33	20	0128_polars_shipping_decision.md	2	3331	0.4460526	-2.749250888824463
T33	20	0128_polars_shipping_decision.md	3	3337	0.38986742	-9.044746398925781
T33	21	0108_polars_v2_rust_api_baseline_evidence.md	1	2830	0.4701776	-0.7920339107513428
T33	21	0108_polars_v2_rust_api_baseline_evidence.md	2	2831	0.42306292	-3.7071356773376465
T33	21	0108_polars_v2_rust_api_baseline_evidence.md	3	2835	0.4052254	0.6797629594802856
T33	22	0092_polars_typed_left_subtraction.md	1	2535	0.4685528	-5.860533714294434
T33	22	0092_polars_typed_left_subtraction.md	2	2537	0.45115525	-8.616798400878906
T33	22	0092_polars_typed_left_subtraction.md	3	2536	0.36980176	-3.157339572906494
T33	23	0074_polars_rc2_forward_probe_evidence.md	1	2116	0.46507078	-5.119426727294922
T33	23	0074_polars_rc2_forward_probe_evidence.md	2	2115	0.41030777	2.0617477893829346
T33	23	0074_polars_rc2_forward_probe_evidence.md	3	2143	0.34248418	-6.118343830108643
T33	24	0081_polars_narrow_integer_dtypes.md	1	2367	0.46468797	-7.202390670776367
T33	24	0081_polars_narrow_integer_dtypes.md	2	2369	0.35654974	-7.842537879943848
T33	24	0081_polars_narrow_integer_dtypes.md	3	2366	0.32218546	-4.467568397521973
T33	25	0095_polars_typed_left_division_and_remainder.md	1	2593	0.463812	-8.621732711791992
T33	25	0095_polars_typed_left_division_and_remainder.md	2	2597	0.37606156	-8.347522735595703
T33	25	0095_polars_typed_left_division_and_remainder.md	3	2598	0.34740317	-5.565712928771973
T33	26	0097_polars_sized_self_slices.md	1	2631	0.45887718	-7.5002593994140625
T33	26	0097_polars_sized_self_slices.md	2	2636	0.36574596	-5.591678619384766
T33	26	0097_polars_sized_self_slices.md	3	2632	0.35631475	-6.780963897705078
T33	27	0114_polars_gen_module_split_evidence.md	1	2957	0.45487168	-1.4146531820297241
T33	27	0114_polars_gen_module_split_evidence.md	2	2968	0.35219532	-8.723445892333984
T33	27	0114_polars_gen_module_split_evidence.md	3	2962	0.26366168	-10.375370025634766
T33	28	0093_polars_checked_integer_readback.md	1	2550	0.4505754	-9.255773544311523
T33	28	0093_polars_checked_integer_readback.md	2	2555	0.3568509	-3.2221274375915527
T33	28	0093_polars_checked_integer_readback.md	3	2552	0.2451338	-7.824920654296875
T33	29	0086_polars_validated_bitmap_inputs.md	1	2447	0.44940585	-4.707467079162598
T33	29	0086_polars_validated_bitmap_inputs.md	2	2446	0.39174387	-5.850422382354736
T33	29	0086_polars_validated_bitmap_inputs.md	3	2452	0.38016605	-4.932878494262695
T33	30	0120_polars_arrow_concrete_arrays_evidence.md	1	3138	0.4491829	-4.925289630889893
T33	30	0120_polars_arrow_concrete_arrays_evidence.md	2	3139	0.3749347	-3.562893867492676
T33	30	0120_polars_arrow_concrete_arrays_evidence.md	3	3142	0.29898408	-6.600912570953369
T33	31	0096_polars_null_aware_numeric_vectors_evidence.md	1	2622	0.44880638	-0.06514552235603333
T33	31	0096_polars_null_aware_numeric_vectors_evidence.md	2	2624	0.41596568	-4.91709566116333
T33	31	0096_polars_null_aware_numeric_vectors_evidence.md	3	2623	0.3147847	-9.643610000610352
T33	32	0076_polars_coverage_three.md	1	2189	0.44824988	1.1600614786148071
T33	32	0076_polars_coverage_three.md	2	2203	0.43393332	-6.710799217224121
T33	32	0076_polars_coverage_three.md	3	2204	0.4130732	-5.037055492401123
T33	33	0073_polars_generator_evidence.md	1	2094	0.44566897	-4.319735527038574
T33	33	0073_polars_generator_evidence.md	2	2095	0.4222061	-4.060620307922363
T33	33	0073_polars_generator_evidence.md	3	2108	0.3365716	-7.011468887329102
T33	34	0076_polars_coverage_three_evidence.md	1	2218	0.44442335	-2.5568692684173584
T33	34	0076_polars_coverage_three_evidence.md	2	2215	0.3035147	-8.027289390563965
T33	34	0076_polars_coverage_three_evidence.md	3	2206	0.28407577	-4.004327297210693
T33	35	0058_a_small_dataframe_pipeline_through_the_same_engine_boundary_evidence.md	1	1418	0.44301167	-3.621662139892578
T33	35	0058_a_small_dataframe_pipeline_through_the_same_engine_boundary_evidence.md	2	1423	0.38758346	-4.970651626586914
T33	35	0058_a_small_dataframe_pipeline_through_the_same_engine_boundary_evidence.md	3	1424	0.38640636	-9.474387168884277
T33	36	0095_polars_typed_left_division_and_remainder_evidence.md	1	2605	0.4427955	-0.20535586774349213
T33	36	0095_polars_typed_left_division_and_remainder_evidence.md	2	2601	0.40790612	-8.138160705566406
T33	36	0095_polars_typed_left_division_and_remainder_evidence.md	3	2606	0.34243202	-4.212778568267822
T33	37	0101_polars_indexed_chunk_snapshots_evidence.md	1	2720	0.44115233	-1.9411026239395142
T33	37	0101_polars_indexed_chunk_snapshots_evidence.md	2	2710	0.34785986	-6.702085971832275
T33	37	0101_polars_indexed_chunk_snapshots_evidence.md	3	2714	0.34200543	-5.529042720794678
T33	38	0097_polars_sized_self_slices_evidence.md	1	2641	0.44092178	-4.855560302734375
T33	38	0097_polars_sized_self_slices_evidence.md	2	2637	0.36114243	-5.336781024932861
T33	38	0097_polars_sized_self_slices_evidence.md	3	2642	0.35938245	-3.8462109565734863
T33	39	0068_costs_and_regression_evidence.md	1	1909	0.43919644	-7.971959114074707
T33	39	0068_costs_and_regression_evidence.md	2	1910	0.27906924	-8.629371643066406
T33	39	0068_costs_and_regression_evidence.md	3	1908	0.25432354	-7.582357406616211
T33	40	0065_a_launch_checks_each_native_file_once_migration_evidence.md	1	1740	0.43772304	-2.8005144596099854
T33	40	0065_a_launch_checks_each_native_file_once_migration_evidence.md	2	1738	0.3065985	-4.5075154304504395
T33	40	0065_a_launch_checks_each_native_file_once_migration_evidence.md	3	1735	0.26325634	-11.2952880859375
T36	1	0096_polars_null_aware_numeric_vectors.md	1	2615	0.539157	-0.7494491338729858
T36	1	0096_polars_null_aware_numeric_vectors.md	2	2612	0.31774995	-4.585925579071045
T36	1	0096_polars_null_aware_numeric_vectors.md	3	2613	0.2785092	-5.763915061950684
T36	2	0072_binding_surface_evidence.md	1	2061	0.48988193	-0.2860645353794098
T36	2	0072_binding_surface_evidence.md	2	2062	0.4055153	-4.757194519042969
T36	2	0072_binding_surface_evidence.md	3	2050	0.37431833	-7.156859874725342
T36	3	0089_polars_integer_generic_arg_extrema.md	1	2490	0.4790029	1.2686731815338135
T36	3	0089_polars_integer_generic_arg_extrema.md	2	2493	0.34009138	1.5038893222808838
T36	3	0089_polars_integer_generic_arg_extrema.md	3	2495	0.3345915	-4.035236358642578
T36	4	0084_polars_function_generic_inputs.md	1	2421	0.46267295	-2.617659568786621
T36	4	0084_polars_function_generic_inputs.md	2	2416	0.29123592	0.7106342315673828
T36	4	0084_polars_function_generic_inputs.md	3	2417	0.28478816	-4.590036869049072
T36	5	0092_polars_typed_left_subtraction.md	1	2536	0.46009415	3.2308995723724365
T36	5	0092_polars_typed_left_subtraction.md	2	2535	0.4534987	-7.608278751373291
T36	5	0092_polars_typed_left_subtraction.md	3	2537	0.31538612	-11.172155380249023
T36	6	0073_polars_generator.md	1	2089	0.45204756	1.9403557777404785
T36	6	0073_polars_generator.md	2	2085	0.36740276	-5.075859069824219
T36	6	0073_polars_generator.md	3	2086	0.35696095	-0.941426157951355
T36	7	0080_polars_callback_bindings.md	1	2352	0.4271699	-3.0212769508361816
T36	7	0080_polars_callback_bindings.md	2	2345	0.40223196	-1.4846338033676147
T36	7	0080_polars_callback_bindings.md	3	2346	0.2858235	-8.4881591796875
T36	8	0076_polars_coverage_three_evidence.md	1	2218	0.421236	-2.540900468826294
T36	8	0076_polars_coverage_three_evidence.md	2	2215	0.35459214	-3.195286273956299
T36	8	0076_polars_coverage_three_evidence.md	3	2217	0.3446333	-3.2697248458862305
T36	9	0123_schema_display_and_cast.md	1	3185	0.4186298	-5.7588348388671875
T36	9	0123_schema_display_and_cast.md	2	3188	0.38282868	-3.4488024711608887
T36	9	0123_schema_display_and_cast.md	3	3184	0.3176707	-3.398825168609619
T36	10	0074_polars_rc2_forward_probe_evidence.md	1	2127	0.4078904	-9.263145446777344
T36	10	0074_polars_rc2_forward_probe_evidence.md	2	2126	0.39445248	-9.097579956054688
T36	10	0074_polars_rc2_forward_probe_evidence.md	3	2125	0.3714117	-9.989960670471191
T36	11	0083_polars_function_generics_census.md	1	2400	0.40559816	1.403876781463623
T36	11	0083_polars_function_generics_census.md	2	2398	0.28451532	-0.9518827795982361
T36	11	0083_polars_function_generics_census.md	3	2397	0.23766418	0.045648012310266495
T36	12	0073_polars_generator_evidence.md	1	2095	0.40166113	-1.6026402711868286
T36	12	0073_polars_generator_evidence.md	2	2099	0.31627953	-6.037776470184326
T36	12	0073_polars_generator_evidence.md	3	2096	0.25745043	-5.704399585723877
T36	13	0075_polars_coverage_two.md	1	2160	0.40091714	1.9557673931121826
T36	13	0075_polars_coverage_two.md	2	2155	0.3928718	1.108154535293579
T36	13	0075_polars_coverage_two.md	3	2163	0.27827007	-11.104636192321777
T36	14	0091_polars_bounded_integer_indices_evidence.md	1	2525	0.39722317	0.6234053373336792
T36	14	0091_polars_bounded_integer_indices_evidence.md	2	2529	0.29864895	-1.7738633155822754
T36	14	0091_polars_bounded_integer_indices_evidence.md	3	2528	0.2462168	-9.708797454833984
T36	15	0114_polars_gen_module_split.md	1	2946	0.39452758	-8.101804733276367
T36	15	0114_polars_gen_module_split.md	2	2952	0.28034902	-7.83471155166626
T36	15	0114_polars_gen_module_split.md	3	2944	0.25596347	-8.166986465454102
T36	16	0086_polars_validated_bitmap_inputs.md	1	2447	0.39338404	-3.4502482414245605
T36	16	0086_polars_validated_bitmap_inputs.md	2	2448	0.28380904	-5.453168869018555
T36	16	0086_polars_validated_bitmap_inputs.md	3	2449	0.23807018	-8.72296142578125
T36	17	0096_polars_null_aware_numeric_vectors_evidence.md	1	2622	0.39222297	-3.6949493885040283
T36	17	0096_polars_null_aware_numeric_vectors_evidence.md	2	2621	0.3143393	-10.762954711914063
T36	17	0096_polars_null_aware_numeric_vectors_evidence.md	3	2619	0.3070608	-10.10398006439209
T36	18	0079_polars_callbacks_evidence.md	1	2316	0.38863018	-4.711216926574707
T36	18	0079_polars_callbacks_evidence.md	2	2314	0.3708306	-2.1025915145874023
T36	18	0079_polars_callbacks_evidence.md	3	2322	0.2751513	-2.8848161697387695
T36	19	0092_polars_typed_left_subtraction_evidence.md	1	2543	0.38703647	-4.468270301818848
T36	19	0092_polars_typed_left_subtraction_evidence.md	2	2540	0.36668658	-1.0848209857940674
T36	19	0092_polars_typed_left_subtraction_evidence.md	3	2541	0.36426914	-5.947038650512695
T36	20	0125_loading.md	1	3245	0.386482	-5.704287528991699
T36	20	0125_loading.md	2	3247	0.26633	-5.026886940002441
T36	20	0125_loading.md	3	3240	0.2404856	-6.406376361846924
T36	21	0058_a_small_dataframe_pipeline_through_the_same_engine_assembly_evidence.md	1	1414	0.38624018	-5.847003936767578
T36	21	0058_a_small_dataframe_pipeline_through_the_same_engine_assembly_evidence.md	2	1413	0.22568695	-9.614567756652832
T36	21	0058_a_small_dataframe_pipeline_through_the_same_engine_assembly_evidence.md	3	1412	0.16601382	-10.674835205078125
T36	22	0095_polars_typed_left_division_and_remainder_evidence.md	1	2601	0.3839476	-2.363236427307129
T36	22	0095_polars_typed_left_division_and_remainder_evidence.md	2	2605	0.37794572	0.48431670665740967
T36	22	0095_polars_typed_left_division_and_remainder_evidence.md	3	2607	0.2628792	-9.028738975524902
T36	23	0127_pivot_evidence.md	1	3323	0.3823247	-6.772482872009277
T36	23	0127_pivot_evidence.md	2	3319	0.31778765	-8.344425201416016
T36	23	0127_pivot_evidence.md	3	3320	0.283448	-9.723664283752441
T36	24	0098_polars_float_trait_bounds.md	1	2649	0.3777564	-4.500790596008301
T36	24	0098_polars_float_trait_bounds.md	2	2650	0.33493257	-7.61174201965332
T36	24	0098_polars_float_trait_bounds.md	3	2651	0.28119576	-4.510354042053223
T36	25	0097_polars_sized_self_slices.md	1	2631	0.37372535	0.9372010231018066
T36	25	0097_polars_sized_self_slices.md	2	2632	0.34601638	-8.793188095092773
T36	25	0097_polars_sized_self_slices.md	3	2635	0.22768106	-10.426107406616211
T36	26	0123_schema_display_and_cast_evidence.md	1	3200	0.3728434	-9.532556533813477
T36	26	0123_schema_display_and_cast_evidence.md	2	3195	0.36642998	-7.881353378295898
T36	26	0123_schema_display_and_cast_evidence.md	3	3191	0.34103748	-3.111893892288208
T36	27	0084_polars_function_generic_inputs_evidence.md	1	2426	0.37279028	0.3295302987098694
T36	27	0084_polars_function_generic_inputs_evidence.md	2	2425	0.3064459	-3.606898784637451
T36	27	0084_polars_function_generic_inputs_evidence.md	3	2423	0.21595626	-8.014001846313477
T36	28	0004_vars_and_help.md	1	51	0.36981314	-5.44865083694458
T36	28	0004_vars_and_help.md	2	53	0.30959713	-7.556396484375
T36	28	0004_vars_and_help.md	3	49	0.24465272	-9.813383102416992
T36	29	0090_polars_numeric_peak_boundaries.md	1	2506	0.36943376	1.103614091873169
T36	29	0090_polars_numeric_peak_boundaries.md	2	2507	0.32436666	3.320901870727539
T36	29	0090_polars_numeric_peak_boundaries.md	3	2510	0.28299376	0.818555474281311
T36	30	0081_polars_narrow_integer_dtypes.md	1	2367	0.36809942	-1.1837021112442017
T36	30	0081_polars_narrow_integer_dtypes.md	2	2369	0.20506677	-10.367772102355957
T36	30	0081_polars_narrow_integer_dtypes.md	3	2366	0.1970396	-5.843761444091797
T36	31	0075_polars_coverage_two_evidence.md	1	2175	0.3639259	2.0922799110412598
T36	31	0075_polars_coverage_two_evidence.md	2	2174	0.34656832	-7.541600227355957
T36	31	0075_polars_coverage_two_evidence.md	3	2173	0.32296854	-2.374048948287964
T36	32	0106_polars_chunk_layout_snapshots.md	1	2800	0.36219567	0.6660827994346619
T36	32	0106_polars_chunk_layout_snapshots.md	2	2796	0.26627868	-10.33781623840332
T36	32	0106_polars_chunk_layout_snapshots.md	3	2797	0.2566327	-9.938419342041016
T36	33	0119_polars_arrow_value_layer_evidence.md	1	3097	0.36149094	1.6983482837677002
T36	33	0119_polars_arrow_value_layer_evidence.md	2	3108	0.27519363	-3.61431622505188
T36	33	0119_polars_arrow_value_layer_evidence.md	3	3099	0.269225	-6.994411945343018
T36	34	0079_polars_callbacks.md	1	2291	0.35667086	-3.525118589401245
T36	34	0079_polars_callbacks.md	2	2302	0.34969553	-4.354487419128418
T36	34	0079_polars_callbacks.md	3	2283	0.3432757	-4.278423309326172
T36	35	0095_polars_typed_left_division_and_remainder.md	1	2593	0.35329017	-7.678807258605957
T36	35	0095_polars_typed_left_division_and_remainder.md	2	2594	0.34366393	-3.906541109085083
T36	35	0095_polars_typed_left_division_and_remainder.md	3	2597	0.3160051	-4.894669532775879
T36	36	0062_an_adapter_name_becomes_a_declaration_implementation_evidence.md	1	1576	0.35085502	-3.7496705055236816
T36	36	0062_an_adapter_name_becomes_a_declaration_implementation_evidence.md	2	1575	0.30134016	-8.903607368469238
T36	36	0062_an_adapter_name_becomes_a_declaration_implementation_evidence.md	3	1577	0.1908982	-9.84006118774414
T36	37	0127_pivot.md	1	3306	0.34902528	-7.001959800720215
T36	37	0127_pivot.md	2	3307	0.3033622	-4.998351097106934
T36	37	0127_pivot.md	3	3313	0.27806547	-9.405708312988281
T36	38	0118_polars_in_memory_io_evidence.md	1	3074	0.3479988	-4.517442226409912
T36	38	0118_polars_in_memory_io_evidence.md	2	3080	0.21407564	-6.097260475158691
T36	38	0118_polars_in_memory_io_evidence.md	3	3077	0.16920567	-11.377325057983398
T36	39	0119_polars_arrow_value_layer.md	1	3088	0.34687966	-7.696934700012207
T36	39	0119_polars_arrow_value_layer.md	2	3090	0.26488733	-3.960925340652466
T36	39	0119_polars_arrow_value_layer.md	3	3091	0.2619749	-3.874173641204834
T36	40	0097_polars_sized_self_slices_evidence.md	1	2637	0.34551305	2.1288256645202637
T36	40	0097_polars_sized_self_slices_evidence.md	2	2640	0.34100363	-9.958124160766602
T36	40	0097_polars_sized_self_slices_evidence.md	3	2641	0.33633646	-3.4051942825317383
T37	1	0097_polars_sized_self_slices.md	1	2632	0.6000822	-0.7255394458770752
T37	1	0097_polars_sized_self_slices.md	2	2633	0.3919281	-6.034082889556885
T37	1	0097_polars_sized_self_slices.md	3	2635	0.3446214	-2.438978672027588
T37	2	0099_polars_numeric_chunk_snapshots.md	1	2667	0.5699387	1.5153584480285645
T37	2	0099_polars_numeric_chunk_snapshots.md	2	2669	0.45032623	-4.139281272888184
T37	2	0099_polars_numeric_chunk_snapshots.md	3	2666	0.3469721	-2.7757349014282227
T37	3	0119_polars_arrow_value_layer_evidence.md	1	3097	0.5333189	1.4334688186645508
T37	3	0119_polars_arrow_value_layer_evidence.md	2	3104	0.41335034	-5.126695156097412
T37	3	0119_polars_arrow_value_layer_evidence.md	3	3098	0.30718377	-9.77215576171875
T37	4	0089_polars_integer_generic_arg_extrema_evidence.md	1	2498	0.53193206	1.7681591510772705
T37	4	0089_polars_integer_generic_arg_extrema_evidence.md	2	2497	0.38715714	-5.613747596740723
T37	4	0089_polars_integer_generic_arg_extrema_evidence.md	3	2496	0.31757346	-4.208789825439453
T37	5	0090_polars_numeric_peak_boundaries.md	1	2506	0.5284633	1.2421660423278809
T37	5	0090_polars_numeric_peak_boundaries.md	2	2507	0.4113157	-2.7596707344055176
T37	5	0090_polars_numeric_peak_boundaries.md	3	2505	0.29995212	-5.758248329162598
T37	6	0085_polars_validity_bitmap_snapshots_evidence.md	1	2440	0.52740264	1.020857572555542
T37	6	0085_polars_validity_bitmap_snapshots_evidence.md	2	2443	0.30731022	-4.913715839385986
T37	6	0085_polars_validity_bitmap_snapshots_evidence.md	3	2442	0.28158647	-10.91045093536377
T37	7	0100_polars_scalar_chunk_snapshots.md	1	2686	0.5260899	-1.3905160427093506
T37	7	0100_polars_scalar_chunk_snapshots.md	2	2688	0.30010438	-4.916456699371338
T37	7	0100_polars_scalar_chunk_snapshots.md	3	2687	0.2627434	-10.271703720092773
T37	8	0086_polars_validated_bitmap_inputs.md	1	2447	0.52548414	1.2760676145553589
T37	8	0086_polars_validated_bitmap_inputs.md	2	2448	0.47171015	3.1219394207000732
T37	8	0086_polars_validated_bitmap_inputs.md	3	2446	0.34457144	1.9589670896530151
T37	9	0106_polars_chunk_layout_snapshots.md	1	2797	0.52170026	0.9813320636749268
T37	9	0106_polars_chunk_layout_snapshots.md	2	2800	0.44730598	-3.499971866607666
T37	9	0106_polars_chunk_layout_snapshots.md	3	2796	0.39885208	-3.060485363006592
T37	10	0090_polars_numeric_peak_boundaries_evidence.md	1	2512	0.51717174	-0.698674201965332
T37	10	0090_polars_numeric_peak_boundaries_evidence.md	2	2515	0.31606317	-9.195348739624023
T37	10	0090_polars_numeric_peak_boundaries_evidence.md	3	2511	0.29423347	-4.104857444763184
T37	11	0096_polars_null_aware_numeric_vectors.md	1	2613	0.49310002	-0.16875050961971283
T37	11	0096_polars_null_aware_numeric_vectors.md	2	2615	0.4348389	-4.150336265563965
T37	11	0096_polars_null_aware_numeric_vectors.md	3	2612	0.37851083	-1.041024088859558
T37	12	0098_polars_float_trait_bounds.md	1	2650	0.49294397	2.2899692058563232
T37	12	0098_polars_float_trait_bounds.md	2	2649	0.3854121	-0.8719140291213989
T37	12	0098_polars_float_trait_bounds.md	3	2652	0.26652065	-2.6510109901428223
T37	13	0092_polars_typed_left_subtraction.md	1	2535	0.49202907	-1.779870867729187
T37	13	0092_polars_typed_left_subtraction.md	2	2536	0.3997384	-2.1589431762695313
T37	13	0092_polars_typed_left_subtraction.md	3	2534	0.32048103	-5.186139106750488
T37	14	0092_polars_typed_left_subtraction_evidence.md	1	2541	0.4897825	-0.5486438274383545
T37	14	0092_polars_typed_left_subtraction_evidence.md	2	2545	0.37531543	-7.191428184509277
T37	14	0092_polars_typed_left_subtraction_evidence.md	3	2546	0.32866704	1.091164469718933
T37	15	0102_polars_single_chunk_array_snapshots.md	1	2724	0.4797613	-2.584073543548584
T37	15	0102_polars_single_chunk_array_snapshots.md	2	2725	0.45186836	-0.8325881958007813
T37	15	0102_polars_single_chunk_array_snapshots.md	3	2726	0.4079419	-5.196561813354492
T37	16	0074_polars_rc2_forward_probe_evidence.md	1	2139	0.47651297	-8.139007568359375
T37	16	0074_polars_rc2_forward_probe_evidence.md	2	2126	0.45924896	-7.723474502563477
T37	16	0074_polars_rc2_forward_probe_evidence.md	3	2125	0.43417138	-7.309530735015869
T37	17	0101_polars_indexed_chunk_snapshots.md	1	2704	0.47305936	-1.204456090927124
T37	17	0101_polars_indexed_chunk_snapshots.md	2	2706	0.3632877	-6.817584991455078
T37	17	0101_polars_indexed_chunk_snapshots.md	3	2703	0.34424973	-3.1721982955932617
T37	18	0106_polars_chunk_layout_snapshots_evidence.md	1	2804	0.469665	-0.9788572192192078
T37	18	0106_polars_chunk_layout_snapshots_evidence.md	2	2810	0.37553126	-7.398889541625977
T37	18	0106_polars_chunk_layout_snapshots_evidence.md	3	2812	0.346233	-10.951557159423828
T37	19	0127_pivot.md	1	3307	0.45848116	-0.8518476486206055
T37	19	0127_pivot.md	2	3316	0.3969616	-5.917213439941406
T37	19	0127_pivot.md	3	3315	0.32751355	-7.2886643409729
T37	20	0087_polars_chunk_length_snapshots.md	1	2464	0.45710477	-4.620426177978516
T37	20	0087_polars_chunk_length_snapshots.md	2	2463	0.37083986	-4.409513473510742
T37	20	0087_polars_chunk_length_snapshots.md	3	2466	0.20258257	-10.390021324157715
T37	21	0089_polars_integer_generic_arg_extrema.md	1	2490	0.45670733	-3.1046066284179688
T37	21	0089_polars_integer_generic_arg_extrema.md	2	2493	0.36905593	-6.305723190307617
T37	21	0089_polars_integer_generic_arg_extrema.md	3	2491	0.35908526	1.5321389436721802
T37	22	0096_polars_null_aware_numeric_vectors_evidence.md	1	2622	0.45376155	-4.188587665557861
T37	22	0096_polars_null_aware_numeric_vectors_evidence.md	2	2624	0.41472375	-4.853010654449463
T37	22	0096_polars_null_aware_numeric_vectors_evidence.md	3	2618	0.40331414	0.8644410371780396
T37	23	0091_polars_bounded_integer_indices.md	1	2520	0.4520413	-2.0547821521759033
T37	23	0091_polars_bounded_integer_indices.md	2	2519	0.34389457	-5.898091793060303
T37	23	0091_polars_bounded_integer_indices.md	3	2521	0.3166784	-2.9451704025268555
T37	24	0095_polars_typed_left_division_and_remainder.md	1	2594	0.45130363	-0.21395018696784973
T37	24	0095_polars_typed_left_division_and_remainder.md	2	2595	0.4417184	-1.6274547576904297
T37	24	0095_polars_typed_left_division_and_remainder.md	3	2597	0.36583725	-3.519355058670044
T37	25	0079_polars_callbacks.md	1	2285	0.44973284	-3.170978546142578
T37	25	0079_polars_callbacks.md	2	2291	0.40725422	-8.37336540222168
T37	25	0079_polars_callbacks.md	3	2284	0.40512097	-6.512463569641113
T37	26	0103_polars_typed_chunk_iterator_snapshots.md	1	2741	0.4476783	2.102992057800293
T37	26	0103_polars_typed_chunk_iterator_snapshots.md	2	2744	0.34865314	0.3110128343105316
T37	26	0103_polars_typed_chunk_iterator_snapshots.md	3	2742	0.32584998	-8.924970626831055
T37	27	0093_polars_checked_integer_readback_evidence.md	1	2560	0.44653526	-2.3249268531799316
T37	27	0093_polars_checked_integer_readback_evidence.md	2	2561	0.3491821	-6.213102340698242
T37	27	0093_polars_checked_integer_readback_evidence.md	3	2559	0.30239418	-3.6007723808288574
T37	28	0088_polars_owned_cow_chunked_returns.md	1	2478	0.44443244	-1.8457682132720947
T37	28	0088_polars_owned_cow_chunked_returns.md	2	2477	0.3457408	-4.967391014099121
T37	28	0088_polars_owned_cow_chunked_returns.md	3	2476	0.26709935	-4.800464630126953
T37	29	0086_polars_validated_bitmap_inputs_evidence.md	1	2459	0.44373748	-0.30229347944259644
T37	29	0086_polars_validated_bitmap_inputs_evidence.md	2	2455	0.42666468	1.1561191082000732
T37	29	0086_polars_validated_bitmap_inputs_evidence.md	3	2454	0.41661772	1.1586214303970337
T37	30	0098_polars_float_trait_bounds_evidence.md	1	2656	0.4419046	-2.107745409011841
T37	30	0098_polars_float_trait_bounds_evidence.md	2	2661	0.42547733	1.295020341873169
T37	30	0098_polars_float_trait_bounds_evidence.md	3	2662	0.33837444	-6.941129684448242
T37	31	0124_preview_dtypes_and_columns.md	1	3211	0.43888983	-4.345890045166016
T37	31	0124_preview_dtypes_and_columns.md	2	3208	0.3706967	-6.794393062591553
T37	31	0124_preview_dtypes_and_columns.md	3	3210	0.36112627	-8.198293685913086
T37	32	0101_polars_indexed_chunk_snapshots_evidence.md	1	2711	0.43827876	-1.3278610706329346
T37	32	0101_polars_indexed_chunk_snapshots_evidence.md	2	2714	0.37160316	-5.972109794616699
T37	32	0101_polars_indexed_chunk_snapshots_evidence.md	3	2717	0.3569436	-10.613205909729004
T37	33	0099_polars_numeric_chunk_snapshots_evidence.md	1	2674	0.4358964	-1.3276305198669434
T37	33	0099_polars_numeric_chunk_snapshots_evidence.md	2	2673	0.42102164	0.39975690841674805
T37	33	0099_polars_numeric_chunk_snapshots_evidence.md	3	2679	0.29552636	-5.303822994232178
T37	34	0085_polars_validity_bitmap_snapshots.md	1	2434	0.43507093	-1.5137805938720703
T37	34	0085_polars_validity_bitmap_snapshots.md	2	2433	0.3168623	-4.85533332824707
T37	34	0085_polars_validity_bitmap_snapshots.md	3	2438	0.27178547	-8.626480102539063
T37	35	0103_polars_typed_chunk_iterator_snapshots_evidence.md	1	2748	0.4319769	-5.870512008666992
T37	35	0103_polars_typed_chunk_iterator_snapshots_evidence.md	2	2754	0.2985607	-7.852591514587402
T37	35	0103_polars_typed_chunk_iterator_snapshots_evidence.md	3	2747	0.29138252	-5.929642200469971
T37	36	0118_polars_in_memory_io_evidence.md	1	3074	0.42855304	-4.235466957092285
T37	36	0118_polars_in_memory_io_evidence.md	2	3070	0.32817367	-0.39431723952293396
T37	36	0118_polars_in_memory_io_evidence.md	3	3082	0.2826704	-9.569182395935059
T37	37	0120_polars_arrow_concrete_arrays_evidence.md	1	3135	0.42635086	-10.714141845703125
T37	37	0120_polars_arrow_concrete_arrays_evidence.md	2	3125	0.41247255	2.382445812225342
T37	37	0120_polars_arrow_concrete_arrays_evidence.md	3	3138	0.4044886	0.18954788148403168
T37	38	0076_polars_coverage_three.md	1	2199	0.42313397	1.458547592163086
T37	38	0076_polars_coverage_three.md	2	2191	0.3116658	-5.772902488708496
T37	38	0076_polars_coverage_three.md	3	2189	0.2796659	-3.3372156620025635
T37	39	0109_polars_move_semantics.md	1	2844	0.42313296	-3.973236322402954
T37	39	0109_polars_move_semantics.md	2	2846	0.1592642	-11.080533981323242
T37	39	0109_polars_move_semantics.md	3	2843	0.12115441	-11.420982360839844
T37	40	0125_loading.md	1	3245	0.42175424	-2.8191637992858887
T37	40	0125_loading.md	2	3240	0.41843104	-3.8644185066223145
T37	40	0125_loading.md	3	3247	0.3572794	-3.952448844909668
T39	1	0119_polars_arrow_value_layer_evidence.md	1	3097	0.5109243	0.7196389436721802
T39	1	0119_polars_arrow_value_layer_evidence.md	2	3104	0.40593344	-9.066568374633789
T39	1	0119_polars_arrow_value_layer_evidence.md	3	3103	0.32066372	-9.112777709960938
T39	2	0127_pivot.md	1	3307	0.49913773	1.026210904121399
T39	2	0127_pivot.md	2	3316	0.3806942	-2.8141937255859375
T39	2	0127_pivot.md	3	3315	0.3404982	-6.147083282470703
T39	3	0102_polars_single_chunk_array_snapshots.md	1	2725	0.49143124	0.005814254283905029
T39	3	0102_polars_single_chunk_array_snapshots.md	2	2724	0.426088	1.6092400550842285
T39	3	0102_polars_single_chunk_array_snapshots.md	3	2726	0.3489205	-2.328763484954834
T39	4	0079_polars_callbacks.md	1	2311	0.48885992	-6.18499755859375
T39	4	0079_polars_callbacks.md	2	2285	0.45291808	-1.0125176906585693
T39	4	0079_polars_callbacks.md	3	2291	0.44102028	-6.6566057205200195
T39	5	0074_polars_rc2_forward_probe_evidence.md	1	2119	0.4797433	-7.776081562042236
T39	5	0074_polars_rc2_forward_probe_evidence.md	2	2139	0.43519276	-9.243108749389648
T39	5	0074_polars_rc2_forward_probe_evidence.md	3	2122	0.43037438	-8.901050567626953
T39	6	0118_polars_in_memory_io_evidence.md	1	3074	0.47915578	-5.252017974853516
T39	6	0118_polars_in_memory_io_evidence.md	2	3070	0.40650165	-4.813866138458252
T39	6	0118_polars_in_memory_io_evidence.md	3	3082	0.35766897	-10.017387390136719
T39	7	0058_a_small_dataframe_pipeline_through_the_same_engine.md	1	1393	0.47671968	-1.09674072265625
T39	7	0058_a_small_dataframe_pipeline_through_the_same_engine.md	2	1410	0.43805447	-7.270931243896484
T39	7	0058_a_small_dataframe_pipeline_through_the_same_engine.md	3	1398	0.4259644	-7.048174858093262
T39	8	0097_polars_sized_self_slices.md	1	2632	0.47649348	-1.0169051885604858
T39	8	0097_polars_sized_self_slices.md	2	2633	0.41735172	-2.847198247909546
T39	8	0097_polars_sized_self_slices.md	3	2631	0.35519168	-5.411389350891113
T39	9	0088_polars_owned_cow_chunked_returns.md	1	2478	0.4762633	4.908703804016113
T39	9	0088_polars_owned_cow_chunked_returns.md	2	2477	0.40757826	-2.267609119415283
T39	9	0088_polars_owned_cow_chunked_returns.md	3	2476	0.30725282	-0.6245464086532593
T39	10	0063_a_session_can_request_its_next_executable.md	1	1583	0.47227365	-4.376241207122803
T39	10	0063_a_session_can_request_its_next_executable.md	2	1595	0.33194426	-7.827385902404785
T39	10	0063_a_session_can_request_its_next_executable.md	3	1584	0.26769677	-8.325849533081055
T39	11	0062_an_adapter_name_becomes_a_declaration_implementation_evidence.md	1	1576	0.46735546	-3.3155860900878906
T39	11	0062_an_adapter_name_becomes_a_declaration_implementation_evidence.md	2	1577	0.3633561	-7.8224945068359375
T39	11	0062_an_adapter_name_becomes_a_declaration_implementation_evidence.md	3	1575	0.35221398	-5.038844108581543
T39	12	0092_polars_typed_left_subtraction.md	1	2535	0.46686235	-4.3898468017578125
T39	12	0092_polars_typed_left_subtraction.md	2	2536	0.34481224	0.39535436034202576
T39	12	0092_polars_typed_left_subtraction.md	3	2534	0.29566696	-4.426326274871826
T39	13	0093_polars_checked_integer_readback_evidence.md	1	2560	0.4651202	-6.684751987457275
T39	13	0093_polars_checked_integer_readback_evidence.md	2	2561	0.33822608	-7.908394813537598
T39	13	0093_polars_checked_integer_readback_evidence.md	3	2562	0.304737	-7.872631072998047
T39	14	0122_workflow_probe_evidence.md	1	3173	0.4643518	-4.202032089233398
T39	14	0122_workflow_probe_evidence.md	2	3174	0.4476056	-6.804886817932129
T39	14	0122_workflow_probe_evidence.md	3	3171	0.3575176	-8.993436813354492
T39	15	0073_polars_generator.md	1	2085	0.4604064	-7.9956374168396
T39	15	0073_polars_generator.md	2	2086	0.43557575	-5.123156547546387
T39	15	0073_polars_generator.md	3	2090	0.41517034	-5.898704528808594
T39	16	0096_polars_null_aware_numeric_vectors.md	1	2615	0.45708215	0.30258387327194214
T39	16	0096_polars_null_aware_numeric_vectors.md	2	2613	0.39507148	2.343212604522705
T39	16	0096_polars_null_aware_numeric_vectors.md	3	2612	0.3726467	-3.637429714202881
T39	17	0100_polars_scalar_chunk_snapshots.md	1	2686	0.45701304	2.438310146331787
T39	17	0100_polars_scalar_chunk_snapshots.md	2	2688	0.27460158	-9.027854919433594
T39	17	0100_polars_scalar_chunk_snapshots.md	3	2685	0.26411885	-5.783345699310303
T39	18	0089_polars_integer_generic_arg_extrema.md	1	2490	0.4569546	-8.222490310668945
T39	18	0089_polars_integer_generic_arg_extrema.md	2	2489	0.3470945	-5.034437656402588
T39	18	0089_polars_integer_generic_arg_extrema.md	3	2491	0.3000475	-1.6433079242706299
T39	19	0126_eager_group_by.md	1	3278	0.45691392	2.739122152328491
T39	19	0126_eager_group_by.md	2	3281	0.4148559	-1.8193460702896118
T39	19	0126_eager_group_by.md	3	3285	0.37631205	-5.017848968505859
T39	20	0114_polars_gen_module_split.md	1	2952	0.45594022	-8.494344711303711
T39	20	0114_polars_gen_module_split.md	2	2946	0.44125858	-8.941183090209961
T39	20	0114_polars_gen_module_split.md	3	2953	0.3850174	-8.721428871154785
T39	21	0132_concurrent_embed_evidence.md	1	3449	0.45235622	-6.248452663421631
T39	21	0132_concurrent_embed_evidence.md	2	3450	0.26060876	-10.05580997467041
T39	21	0132_concurrent_embed_evidence.md	3	3446	0.2470469	-11.409391403198242
T39	22	0105_polars_consuming_chunk_iterator_snapshots_evidence.md	1	2789	0.45197803	-4.911332130432129
T39	22	0105_polars_consuming_chunk_iterator_snapshots_evidence.md	2	2786	0.3313097	-7.065945625305176
T39	22	0105_polars_consuming_chunk_iterator_snapshots_evidence.md	3	2785	0.27987236	-2.359527349472046
T39	23	0126_eager_group_by_evidence.md	1	3293	0.45084473	-0.8464189767837524
T39	23	0126_eager_group_by_evidence.md	2	3291	0.4118879	-5.506443977355957
T39	23	0126_eager_group_by_evidence.md	3	3292	0.38948265	0.13306458294391632
T39	24	0115_polars_gen_family_registry_evidence.md	1	2995	0.44988292	-7.88238525390625
T39	24	0115_polars_gen_family_registry_evidence.md	2	2986	0.37284032	-8.279040336608887
T39	24	0115_polars_gen_family_registry_evidence.md	3	2994	0.27776888	-11.173307418823242
T39	25	0112_polars_generic_trait_impls_evidence.md	1	2911	0.44701305	-11.450519561767578
T39	25	0112_polars_generic_trait_impls_evidence.md	2	2906	0.39682013	-1.9973316192626953
T39	25	0112_polars_generic_trait_impls_evidence.md	3	2908	0.36661252	-7.794797420501709
T39	26	0129_candle_workflow_evidence.md	1	3361	0.44565254	-7.895177841186523
T39	26	0129_candle_workflow_evidence.md	2	3358	0.3865888	-9.663824081420898
T39	26	0129_candle_workflow_evidence.md	3	3372	0.34716392	-7.875251770019531
T39	27	0108_polars_v2_rust_api_baseline_evidence.md	1	2832	0.44342124	-4.354883670806885
T39	27	0108_polars_v2_rust_api_baseline_evidence.md	2	2830	0.4133395	-8.376548767089844
T39	27	0108_polars_v2_rust_api_baseline_evidence.md	3	2831	0.36011216	-8.891765594482422
T39	28	0071_polars_version.md	1	2039	0.441427	-5.172169208526611
T39	28	0071_polars_version.md	2	2040	0.34530908	-9.477439880371094
T39	29	0099_polars_numeric_chunk_snapshots.md	1	2667	0.43971673	3.143850564956665
T39	29	0099_polars_numeric_chunk_snapshots.md	2	2669	0.3938368	-3.1508517265319824
T39	29	0099_polars_numeric_chunk_snapshots.md	3	2666	0.3377603	-2.8002631664276123
T39	30	0123_schema_display_and_cast_evidence.md	1	3191	0.43886417	-1.4149203300476074
T39	30	0123_schema_display_and_cast_evidence.md	2	3195	0.35887253	-7.822480201721191
T39	30	0123_schema_display_and_cast_evidence.md	3	3192	0.35871145	-8.146961212158203
T39	31	0070_costs_and_regression_evidence.md	1	2013	0.43864328	-7.54160213470459
T39	31	0070_costs_and_regression_evidence.md	2	2012	0.41989222	-8.870399475097656
T39	31	0070_costs_and_regression_evidence.md	3	2011	0.29405364	-8.708568572998047
T39	32	0106_polars_chunk_layout_snapshots_evidence.md	1	2804	0.43858615	-4.18546199798584
T39	32	0106_polars_chunk_layout_snapshots_evidence.md	2	2806	0.28137523	-7.699835300445557
T39	32	0106_polars_chunk_layout_snapshots_evidence.md	3	2810	0.27928266	-10.336261749267578
T39	33	0058_a_small_dataframe_pipeline_through_the_same_engine_cost_evidence.md	1	1430	0.43425104	-0.9095942974090576
T39	33	0058_a_small_dataframe_pipeline_through_the_same_engine_cost_evidence.md	2	1431	0.3622457	-1.5169020891189575
T39	33	0058_a_small_dataframe_pipeline_through_the_same_engine_cost_evidence.md	3	1427	0.35823554	-5.835022926330566
T39	34	0085_polars_validity_bitmap_snapshots_evidence.md	1	2440	0.43410358	-4.344559192657471
T39	34	0085_polars_validity_bitmap_snapshots_evidence.md	2	2439	0.31320187	-1.431488037109375
T39	34	0085_polars_validity_bitmap_snapshots_evidence.md	3	2445	0.2691619	-9.894115447998047
T39	35	0063_a_session_can_request_its_next_executable_dogfood_evidence.md	1	1611	0.4338259	-7.635960102081299
T39	35	0063_a_session_can_request_its_next_executable_dogfood_evidence.md	2	1612	0.39630055	-5.577213287353516
T39	35	0063_a_session_can_request_its_next_executable_dogfood_evidence.md	3	1613	0.30322486	-7.85743522644043
T39	36	0069_shared_compilation_probe_evidence.md	1	1988	0.4332583	-5.285584449768066
T39	36	0069_shared_compilation_probe_evidence.md	2	1990	0.42613903	-0.653130292892456
T39	36	0069_shared_compilation_probe_evidence.md	3	1985	0.4135394	-8.263147354125977
T39	37	0098_polars_float_trait_bounds.md	1	2650	0.43273395	1.7713744640350342
T39	37	0098_polars_float_trait_bounds.md	2	2649	0.34287712	-6.167964458465576
T39	37	0098_polars_float_trait_bounds.md	3	2651	0.266205	-7.39853572845459
T39	38	0067_git_source_workflow_evidence.md	1	1867	0.4312093	-5.571680068969727
T39	38	0067_git_source_workflow_evidence.md	2	1866	0.22451983	-10.529746055603027
T39	38	0067_git_source_workflow_evidence.md	3	1865	0.19493555	-9.493905067443848
T39	39	0058_a_small_dataframe_pipeline_through_the_same_engine_preview_evidence.md	1	1446	0.4308486	-7.340118408203125
T39	39	0058_a_small_dataframe_pipeline_through_the_same_engine_preview_evidence.md	2	1447	0.33875743	-5.258604049682617
T39	39	0058_a_small_dataframe_pipeline_through_the_same_engine_preview_evidence.md	3	1445	0.21216342	-5.7001237869262695
T39	40	0101_polars_indexed_chunk_snapshots.md	1	2704	0.4280584	2.1149001121520996
T39	40	0101_polars_indexed_chunk_snapshots.md	2	2705	0.32129356	-2.3797895908355713
T39	40	0101_polars_indexed_chunk_snapshots.md	3	2706	0.30893704	-6.183033466339111
T40	1	0129_candle_workflow.md	1	3344	0.4163149	-6.1046295166015625
T40	1	0129_candle_workflow.md	2	3345	0.279149	-9.609552383422852
T40	1	0129_candle_workflow.md	3	3342	0.24064912	-10.280155181884766
T40	2	0095_polars_typed_left_division_and_remainder_evidence.md	1	2602	0.36380216	-9.112493515014648
T40	2	0095_polars_typed_left_division_and_remainder_evidence.md	2	2603	0.3503397	-9.860357284545898
T40	2	0095_polars_typed_left_division_and_remainder_evidence.md	3	2608	0.3388816	-10.287420272827148
T40	3	0131_text_embeddings.md	1	3386	0.36367434	-11.190509796142578
T40	3	0131_text_embeddings.md	2	3396	0.2595897	-0.6996456384658813
T40	3	0131_text_embeddings.md	3	3387	0.23531197	-10.589226722717285
T40	4	0124_preview_dtypes_and_columns_evidence.md	1	3220	0.3539883	-7.273151874542236
T40	4	0124_preview_dtypes_and_columns_evidence.md	2	3222	0.25112146	-9.670254707336426
T40	4	0124_preview_dtypes_and_columns_evidence.md	3	3218	0.2361957	-9.126383781433105
T40	5	0089_polars_integer_generic_arg_extrema_evidence.md	1	2498	0.34743163	-11.097400665283203
T40	5	0089_polars_integer_generic_arg_extrema_evidence.md	2	2502	0.33451164	-10.413591384887695
T40	5	0089_polars_integer_generic_arg_extrema_evidence.md	3	2497	0.27130017	-10.674690246582031
T40	6	0010_the_text_helpers.md	1	152	0.3404594	-10.72404956817627
T40	6	0010_the_text_helpers.md	2	149	0.25528246	-7.574337959289551
T40	6	0010_the_text_helpers.md	3	148	0.20524043	-11.263251304626465
T40	7	0033_the_contract_json_parse_never_had.md	1	680	0.32462862	-11.106582641601563
T40	7	0033_the_contract_json_parse_never_had.md	2	675	0.25883767	-9.903879165649414
T40	7	0033_the_contract_json_parse_never_had.md	3	673	0.20943743	-9.708046913146973
T40	8	0091_polars_bounded_integer_indices_evidence.md	1	2530	0.32065874	-10.943593978881836
T40	8	0091_polars_bounded_integer_indices_evidence.md	2	2531	0.3081475	-10.94390869140625
T40	8	0091_polars_bounded_integer_indices_evidence.md	3	2526	0.2708895	-10.76431655883789
T40	9	0127_pivot_evidence.md	1	3324	0.31968033	-10.846219062805176
T40	9	0127_pivot_evidence.md	2	3325	0.23432463	-10.21621322631836
T40	9	0127_pivot_evidence.md	3	3327	0.1778407	-10.86569595336914
T40	10	0093_polars_checked_integer_readback_evidence.md	1	2561	0.3134978	-6.767664909362793
T40	10	0093_polars_checked_integer_readback_evidence.md	2	2559	0.2817291	-10.05024528503418
T40	10	0093_polars_checked_integer_readback_evidence.md	3	2564	0.23470668	-11.155096054077148
T40	11	0011_the_second_port.md	1	168	0.31194234	-10.917613983154297
T40	11	0011_the_second_port.md	2	169	0.26485395	-10.920907974243164
T40	11	0011_the_second_port.md	3	162	0.13490303	-11.35763168334961
T40	12	0076_polars_coverage_three_evidence.md	1	2222	0.31056982	-10.628280639648438
T40	12	0076_polars_coverage_three_evidence.md	2	2230	0.22654562	-10.814471244812012
T40	12	0076_polars_coverage_three_evidence.md	3	2213	0.17306389	-11.381649017333984
T40	13	0008_the_first_port.md	1	126	0.30524185	-10.610322952270508
T40	13	0008_the_first_port.md	2	127	0.2405656	-10.032478332519531
T40	13	0008_the_first_port.md	3	125	0.17906488	-11.409948348999023
T40	14	0129_candle_workflow_evidence.md	1	3360	0.30163276	-10.751487731933594
T40	14	0129_candle_workflow_evidence.md	2	3359	0.2785829	-10.029781341552734
T40	14	0129_candle_workflow_evidence.md	3	3370	0.25603658	-9.735239028930664
T40	15	0124_preview_dtypes_and_columns.md	1	3212	0.29958278	-10.864192962646484
T40	15	0124_preview_dtypes_and_columns.md	2	3213	0.29652297	-9.394858360290527
T40	15	0124_preview_dtypes_and_columns.md	3	3210	0.27847272	-9.998522758483887
T40	16	0077_polars_iterator_returns_evidence.md	1	2250	0.28949475	-11.203899383544922
T40	16	0077_polars_iterator_returns_evidence.md	2	2253	0.19520389	-11.455080032348633
T40	16	0077_polars_iterator_returns_evidence.md	3	2249	0.18964553	-10.831319808959961
T40	17	0120_polars_arrow_concrete_arrays.md	1	3121	0.2835367	-10.86048698425293
T40	17	0120_polars_arrow_concrete_arrays.md	2	3119	0.23096196	-10.839766502380371
T40	17	0120_polars_arrow_concrete_arrays.md	3	3120	0.1998551	-10.879629135131836
T40	18	0040_a_number_on_the_prompt_that_can_start_over_evidence.md	1	888	0.2805353	-10.64111328125
T40	18	0040_a_number_on_the_prompt_that_can_start_over_evidence.md	2	885	0.105397455	-11.431497573852539
T40	18	0040_a_number_on_the_prompt_that_can_start_over_evidence.md	3	887	0.07264724	-11.439233779907227
T40	19	0077_polars_iterator_returns.md	1	2243	0.2798133	-11.470471382141113
T40	19	0077_polars_iterator_returns.md	2	2234	0.25844872	-11.249629974365234
T40	19	0077_polars_iterator_returns.md	3	2241	0.18219604	-11.33697509765625
T40	20	0033_the_contract_json_parse_never_had_evidence.md	1	684	0.2774015	-10.017704963684082
T40	20	0033_the_contract_json_parse_never_had_evidence.md	2	688	0.19288819	-10.909784317016602
T40	20	0033_the_contract_json_parse_never_had_evidence.md	3	685	0.09362415	-9.704889297485352
T40	21	0090_polars_numeric_peak_boundaries_evidence.md	1	2512	0.27676868	-11.209592819213867
T40	21	0090_polars_numeric_peak_boundaries_evidence.md	2	2515	0.24239679	-11.259439468383789
T40	21	0090_polars_numeric_peak_boundaries_evidence.md	3	2516	0.20969862	-11.35998249053955
T40	22	0089_polars_integer_generic_arg_extrema.md	1	2491	0.27365014	-10.819942474365234
T40	22	0089_polars_integer_generic_arg_extrema.md	2	2495	0.22677128	-11.451065063476563
T40	22	0089_polars_integer_generic_arg_extrema.md	3	2490	0.17835015	-10.707430839538574
T40	23	0052_one_query_through_the_extension_interface.md	1	1140	0.2732647	-9.770730972290039
T40	23	0052_one_query_through_the_extension_interface.md	2	1145	0.24507174	-10.933634757995605
T40	23	0052_one_query_through_the_extension_interface.md	3	1138	0.20856099	-10.69167709350586
T40	24	0082_polars_borrowed_slice_bindings_evidence.md	1	2392	0.27263644	-11.227470397949219
T40	24	0082_polars_borrowed_slice_bindings_evidence.md	2	2393	0.24550802	-11.172719955444336
T40	24	0082_polars_borrowed_slice_bindings_evidence.md	3	2394	0.22931756	-10.85715389251709
T40	25	0068_interactive_journey_evidence.md	1	1925	0.27025324	-8.511333465576172
T40	25	0068_interactive_journey_evidence.md	2	1927	0.11507267	-11.461252212524414
T40	25	0068_interactive_journey_evidence.md	3	1924	0.05625759	-11.136314392089844
T40	26	0084_polars_function_generic_inputs_evidence.md	1	2428	0.26885417	-10.396310806274414
T40	26	0084_polars_function_generic_inputs_evidence.md	2	2429	0.25203097	-11.435985565185547
T40	26	0084_polars_function_generic_inputs_evidence.md	3	2430	0.17348874	-11.300044059753418
T40	27	0099_polars_numeric_chunk_snapshots_evidence.md	1	2680	0.2687805	-9.755790710449219
T40	27	0099_polars_numeric_chunk_snapshots_evidence.md	2	2679	0.20128007	-11.228076934814453
T40	27	0099_polars_numeric_chunk_snapshots_evidence.md	3	2681	0.1976157	-11.351367950439453
T40	28	0126_eager_group_by_evidence.md	1	3298	0.26521897	-11.212517738342285
T40	28	0126_eager_group_by_evidence.md	2	3303	0.26213774	-11.115781784057617
T40	28	0126_eager_group_by_evidence.md	3	3299	0.19887477	-11.356461524963379
T40	29	0078_polars_constructors_operators.md	1	2260	0.26163048	-11.321622848510742
T40	29	0078_polars_constructors_operators.md	2	2258	0.1713029	-11.377847671508789
T40	29	0078_polars_constructors_operators.md	3	2263	0.15049353	-10.364505767822266
T40	30	0098_polars_float_trait_bounds_evidence.md	1	2661	0.26150438	-11.258234024047852
T40	30	0098_polars_float_trait_bounds_evidence.md	2	2662	0.22568966	-11.275214195251465
T40	30	0098_polars_float_trait_bounds_evidence.md	3	2656	0.17215948	-10.858999252319336
T40	31	0120_polars_arrow_concrete_arrays_evidence.md	1	3134	0.26091802	-11.213766098022461
T40	31	0120_polars_arrow_concrete_arrays_evidence.md	2	3137	0.23013686	-10.54078483581543
T40	31	0120_polars_arrow_concrete_arrays_evidence.md	3	3136	0.20396179	-10.866867065429688
T40	32	0058_a_small_dataframe_pipeline_through_the_same_engine.md	1	1396	0.25788298	-10.32754135131836
T40	32	0058_a_small_dataframe_pipeline_through_the_same_engine.md	2	1403	0.21693628	-10.456875801086426
T40	32	0058_a_small_dataframe_pipeline_through_the_same_engine.md	3	1392	0.17351477	-11.368757247924805
T40	33	0095_polars_typed_left_division_and_remainder.md	1	2595	0.25614265	-10.982538223266602
T40	33	0095_polars_typed_left_division_and_remainder.md	2	2594	0.24516027	-11.061660766601563
T40	33	0095_polars_typed_left_division_and_remainder.md	3	2598	0.17510201	-11.346428871154785
T40	34	0091_polars_bounded_integer_indices.md	1	2520	0.254842	-10.844894409179688
T40	34	0091_polars_bounded_integer_indices.md	2	2524	0.18886006	-10.885313034057617
T40	34	0091_polars_bounded_integer_indices.md	3	2519	0.09023399	-11.34408950805664
T40	35	0093_polars_checked_integer_readback.md	1	2551	0.25284144	-10.779067993164063
T40	35	0093_polars_checked_integer_readback.md	2	2550	0.21600549	-10.82290267944336
T40	35	0093_polars_checked_integer_readback.md	3	2552	0.18387935	-10.867511749267578
T40	36	0121_polars_oracle_fixtures_evidence.md	1	3162	0.25191084	-10.787814140319824
T40	36	0121_polars_oracle_fixtures_evidence.md	2	3159	0.18166168	-11.430519104003906
T40	36	0121_polars_oracle_fixtures_evidence.md	3	3160	0.17127013	-10.955940246582031
T40	37	0092_polars_typed_left_subtraction_evidence.md	1	2545	0.24820533	-10.164381980895996
T40	37	0092_polars_typed_left_subtraction_evidence.md	2	2546	0.2025215	-10.79891300201416
T40	37	0092_polars_typed_left_subtraction_evidence.md	3	2540	0.14822151	-11.276813507080078
T40	38	0030_answering_before_building_the_context_evidence.md	1	596	0.24470018	-11.299528121948242
T40	38	0030_answering_before_building_the_context_evidence.md	2	595	0.15089354	-11.39398193359375
T40	38	0030_answering_before_building_the_context_evidence.md	3	598	0.07774463	-11.338842391967773
T40	39	0127_pivot.md	1	3314	0.24350695	-9.94327163696289
T40	39	0127_pivot.md	2	3308	0.23663272	-9.564458847045898
T40	39	0127_pivot.md	3	3316	0.18081145	-11.281037330627441
T40	40	0074_polars_rc2_forward_probe_evidence.md	1	2146	0.24302468	-9.745217323303223
T40	40	0074_polars_rc2_forward_probe_evidence.md	2	2147	0.2118829	-9.30891227722168
T40	40	0074_polars_rc2_forward_probe_evidence.md	3	2148	0.16976096	-11.379349708557129
T42	1	0097_polars_sized_self_slices.md	1	2632	0.57816	-4.858097553253174
T42	1	0097_polars_sized_self_slices.md	2	2633	0.42037824	-6.49726676940918
T42	1	0097_polars_sized_self_slices.md	3	2635	0.40389574	-4.310668468475342
T42	2	0089_polars_integer_generic_arg_extrema_evidence.md	1	2498	0.5566667	1.2320051193237305
T42	2	0089_polars_integer_generic_arg_extrema_evidence.md	2	2497	0.34604466	-9.657179832458496
T42	2	0089_polars_integer_generic_arg_extrema_evidence.md	3	2502	0.32575887	-4.485198020935059
T42	3	0127_pivot.md	1	3307	0.5014793	-2.573483467102051
T42	3	0127_pivot.md	2	3316	0.39563888	-6.967883110046387
T42	3	0127_pivot.md	3	3308	0.35879025	-3.985029697418213
T42	4	0119_polars_arrow_value_layer_evidence.md	1	3097	0.49396625	-4.608625411987305
T42	4	0119_polars_arrow_value_layer_evidence.md	2	3104	0.41165087	-4.76606559753418
T42	4	0119_polars_arrow_value_layer_evidence.md	3	3098	0.31932163	-9.486162185668945
T42	5	0116_polars_generic_methods.md	1	3008	0.48253086	-3.4868011474609375
T42	5	0116_polars_generic_methods.md	2	3009	0.3645499	-4.4367218017578125
T42	5	0116_polars_generic_methods.md	3	3011	0.3481864	-8.93675422668457
T42	6	0090_polars_numeric_peak_boundaries_evidence.md	1	2512	0.48243147	-7.428231239318848
T42	6	0090_polars_numeric_peak_boundaries_evidence.md	2	2511	0.28953454	-5.376075267791748
T42	6	0090_polars_numeric_peak_boundaries_evidence.md	3	2514	0.2700945	-9.748085021972656
T42	7	0099_polars_numeric_chunk_snapshots.md	1	2667	0.4779393	-5.77422571182251
T42	7	0099_polars_numeric_chunk_snapshots.md	2	2669	0.38644898	-8.876909255981445
T42	7	0099_polars_numeric_chunk_snapshots.md	3	2666	0.34209436	-6.742125511169434
T42	8	0090_polars_numeric_peak_boundaries.md	1	2506	0.47583985	-5.003849983215332
T42	8	0090_polars_numeric_peak_boundaries.md	2	2507	0.3577325	-5.320866584777832
T42	8	0090_polars_numeric_peak_boundaries.md	3	2505	0.31723523	-5.195815086364746
T42	9	0127_pivot_evidence.md	1	3323	0.47226807	0.32552623748779297
T42	9	0127_pivot_evidence.md	2	3319	0.41143826	-5.34628438949585
T42	9	0127_pivot_evidence.md	3	3318	0.39285797	-5.8834991455078125
T42	10	0118_polars_in_memory_io_evidence.md	1	3074	0.46898556	-6.1701178550720215
T42	10	0118_polars_in_memory_io_evidence.md	2	3070	0.3259591	-6.086600303649902
T42	10	0118_polars_in_memory_io_evidence.md	3	3073	0.27623183	-10.92672348022461
T42	11	0074_polars_rc2_forward_probe_evidence.md	1	2139	0.46692204	-7.997385025024414
T42	11	0074_polars_rc2_forward_probe_evidence.md	2	2125	0.43012542	-7.810277462005615
T42	11	0074_polars_rc2_forward_probe_evidence.md	3	2138	0.41238245	-6.537079811096191
T42	12	0096_polars_null_aware_numeric_vectors.md	1	2613	0.46439034	-6.179367542266846
T42	12	0096_polars_null_aware_numeric_vectors.md	2	2615	0.44496644	-7.717966079711914
T42	12	0096_polars_null_aware_numeric_vectors.md	3	2612	0.3407368	-4.972780227661133
T42	13	0093_polars_checked_integer_readback_evidence.md	1	2560	0.4629198	-8.258731842041016
T42	13	0093_polars_checked_integer_readback_evidence.md	2	2561	0.3511591	-5.59505558013916
T42	13	0093_polars_checked_integer_readback_evidence.md	3	2563	0.3235438	-10.122355461120605
T42	14	0092_polars_typed_left_subtraction.md	1	2535	0.45713526	-4.085186958312988
T42	14	0092_polars_typed_left_subtraction.md	2	2536	0.3758477	-3.345449209213257
T42	14	0092_polars_typed_left_subtraction.md	3	2534	0.36507434	-5.076152801513672
T42	15	0094_polars_categorical_hash_tokens_evidence.md	1	2585	0.44850504	-6.245457649230957
T42	15	0094_polars_categorical_hash_tokens_evidence.md	2	2581	0.3902893	-7.439807415008545
T42	15	0094_polars_categorical_hash_tokens_evidence.md	3	2586	0.31101912	-11.02878189086914
T42	16	0079_polars_callbacks.md	1	2284	0.44766182	-4.2565460205078125
T42	16	0079_polars_callbacks.md	2	2285	0.42682663	-5.734151840209961
T42	16	0079_polars_callbacks.md	3	2291	0.4169321	-4.7986249923706055
T42	17	0089_polars_integer_generic_arg_extrema.md	1	2490	0.44760668	-8.005380630493164
T42	17	0089_polars_integer_generic_arg_extrema.md	2	2491	0.4303382	0.46357131004333496
T42	17	0089_polars_integer_generic_arg_extrema.md	3	2489	0.33514327	-5.5180983543396
T42	18	0096_polars_null_aware_numeric_vectors_evidence.md	1	2622	0.44711432	-6.093264579772949
T42	18	0096_polars_null_aware_numeric_vectors_evidence.md	2	2624	0.42429173	-8.003575325012207
T42	18	0096_polars_null_aware_numeric_vectors_evidence.md	3	2618	0.37576166	-4.79495096206665
T42	19	0102_polars_single_chunk_array_snapshots.md	1	2724	0.444299	-7.257172584533691
T42	19	0102_polars_single_chunk_array_snapshots.md	2	2725	0.42036685	-6.784930229187012
T42	19	0102_polars_single_chunk_array_snapshots.md	3	2726	0.3036802	-10.263713836669922
T42	20	0101_polars_indexed_chunk_snapshots_evidence.md	1	2714	0.44300282	-0.9634938836097717
T42	20	0101_polars_indexed_chunk_snapshots_evidence.md	2	2711	0.34907517	-5.09686279296875
T42	20	0101_polars_indexed_chunk_snapshots_evidence.md	3	2716	0.33912495	-10.118389129638672
T42	21	0091_polars_bounded_integer_indices.md	1	2520	0.4422902	-1.487839698791504
T42	21	0091_polars_bounded_integer_indices.md	2	2519	0.38185835	-4.376134872436523
T42	21	0091_polars_bounded_integer_indices.md	3	2521	0.31753916	-6.598560810089111
T42	22	0058_a_small_dataframe_pipeline_through_the_same_engine_preview_evidence.md	1	1446	0.44108877	-8.398237228393555
T42	22	0058_a_small_dataframe_pipeline_through_the_same_engine_preview_evidence.md	2	1447	0.3199104	-7.153954029083252
T42	22	0058_a_small_dataframe_pipeline_through_the_same_engine_preview_evidence.md	3	1445	0.20388798	-10.65571403503418
T42	23	0098_polars_float_trait_bounds.md	1	2650	0.44081873	-2.7104568481445313
T42	23	0098_polars_float_trait_bounds.md	2	2649	0.34135908	-7.789206027984619
T42	23	0098_polars_float_trait_bounds.md	3	2651	0.2338671	-10.228910446166992
T42	24	0114_polars_gen_module_split.md	1	2946	0.44010416	-8.267620086669922
T42	24	0114_polars_gen_module_split.md	2	2952	0.37334353	-6.386896133422852
T42	24	0114_polars_gen_module_split.md	3	2953	0.27110898	-8.325522422790527
T42	25	0124_preview_dtypes_and_columns.md	1	3211	0.43987694	-1.6158623695373535
T42	25	0124_preview_dtypes_and_columns.md	2	3210	0.3580883	-8.811861991882324
T42	25	0124_preview_dtypes_and_columns.md	3	3208	0.324381	-8.582422256469727
T42	26	0124_preview_dtypes_and_columns_evidence.md	1	3228	0.43444455	-3.061630964279175
T42	26	0124_preview_dtypes_and_columns_evidence.md	2	3237	0.35872176	-7.68065071105957
T42	26	0124_preview_dtypes_and_columns_evidence.md	3	3229	0.3440026	-6.033522129058838
T42	27	0092_polars_typed_left_subtraction_evidence.md	1	2541	0.43319076	-7.119091987609863
T42	27	0092_polars_typed_left_subtraction_evidence.md	2	2546	0.37039408	-5.459195613861084
T42	27	0092_polars_typed_left_subtraction_evidence.md	3	2540	0.29299647	-7.744144439697266
T42	28	0097_polars_sized_self_slices_evidence.md	1	2642	0.4262375	-4.7770795822143555
T42	28	0097_polars_sized_self_slices_evidence.md	2	2641	0.39301124	-7.278643608093262
T42	28	0097_polars_sized_self_slices_evidence.md	3	2638	0.36819312	-8.866540908813477
T42	29	0058_a_small_dataframe_pipeline_through_the_same_engine.md	1	1398	0.42622003	-7.798013210296631
T42	29	0058_a_small_dataframe_pipeline_through_the_same_engine.md	2	1410	0.3811986	-9.294435501098633
T42	29	0058_a_small_dataframe_pipeline_through_the_same_engine.md	3	1393	0.3763073	-7.429384231567383
T42	30	0095_polars_typed_left_division_and_remainder.md	1	2595	0.41960454	-8.396591186523438
T42	30	0095_polars_typed_left_division_and_remainder.md	2	2593	0.3798307	-6.831186294555664
T42	30	0095_polars_typed_left_division_and_remainder.md	3	2594	0.37385446	-8.061834335327148
T42	31	0086_polars_validated_bitmap_inputs.md	1	2448	0.41804215	-2.293882369995117
T42	31	0086_polars_validated_bitmap_inputs.md	2	2447	0.4102402	-5.105995178222656
T42	31	0086_polars_validated_bitmap_inputs.md	3	2446	0.3090616	-6.494806289672852
T42	32	0088_polars_owned_cow_chunked_returns.md	1	2478	0.41774046	-5.282142162322998
T42	32	0088_polars_owned_cow_chunked_returns.md	2	2477	0.33987	-7.215161323547363
T42	32	0088_polars_owned_cow_chunked_returns.md	3	2476	0.23642208	-8.51723861694336
T42	33	0085_polars_validity_bitmap_snapshots_evidence.md	1	2440	0.41457862	-6.959257125854492
T42	33	0085_polars_validity_bitmap_snapshots_evidence.md	2	2439	0.24768457	-9.013710021972656
T42	33	0085_polars_validity_bitmap_snapshots_evidence.md	3	2445	0.19559479	-11.284477233886719
T42	34	0125_loading.md	1	3245	0.41300726	-4.212766647338867
T42	34	0125_loading.md	2	3247	0.3708736	-4.704181671142578
T42	34	0125_loading.md	3	3240	0.36671132	-5.538543701171875
T42	35	0093_polars_checked_integer_readback.md	1	2550	0.40861952	-6.113201141357422
T42	35	0093_polars_checked_integer_readback.md	2	2556	0.35703894	-6.220940589904785
T42	35	0093_polars_checked_integer_readback.md	3	2551	0.35056597	-4.562004566192627
T42	36	0113_polars_nonserde_generic_trait_impls_evidence.md	1	2936	0.40760142	-3.2080793380737305
T42	36	0113_polars_nonserde_generic_trait_impls_evidence.md	2	2935	0.2784647	-7.185362339019775
T42	36	0113_polars_nonserde_generic_trait_impls_evidence.md	3	2938	0.27842742	-7.408638954162598
T42	37	0106_polars_chunk_layout_snapshots_evidence.md	1	2804	0.4072139	-7.907228469848633
T42	37	0106_polars_chunk_layout_snapshots_evidence.md	2	2812	0.33254272	-11.276592254638672
T42	37	0106_polars_chunk_layout_snapshots_evidence.md	3	2810	0.2680347	-11.225972175598145
T42	38	0071_polars_version.md	1	2039	0.40427738	-5.993473052978516
T42	38	0071_polars_version.md	2	2040	0.34913522	-6.142151832580566
T42	39	0013_the_exit_status_and_standard_error.md	1	187	0.40388408	-8.743525505065918
T42	39	0013_the_exit_status_and_standard_error.md	2	186	0.3869083	-8.89845085144043
T42	39	0013_the_exit_status_and_standard_error.md	3	191	0.35972485	-8.925498962402344
T42	40	0101_polars_indexed_chunk_snapshots.md	1	2704	0.4018734	-3.00067138671875
T42	40	0101_polars_indexed_chunk_snapshots.md	2	2705	0.3554879	-2.112072467803955
T42	40	0101_polars_indexed_chunk_snapshots.md	3	2706	0.35051426	-8.333120346069336
T43	1	0040_a_number_on_the_prompt_that_can_start_over.md	1	879	0.3442831	-8.997636795043945
T43	1	0040_a_number_on_the_prompt_that_can_start_over.md	2	884	0.32798526	-10.953119277954102
T43	1	0040_a_number_on_the_prompt_that_can_start_over.md	3	881	0.30490014	-9.897239685058594
T43	2	0008_the_first_port.md	1	127	0.343911	-7.271576881408691
T43	2	0008_the_first_port.md	2	125	0.30705842	-11.079286575317383
T43	2	0008_the_first_port.md	3	126	0.26890787	-7.293832778930664
T43	3	0058_a_small_dataframe_pipeline_through_the_same_engine_boundary_evidence.md	1	1420	0.3413116	-9.183959007263184
T43	3	0058_a_small_dataframe_pipeline_through_the_same_engine_boundary_evidence.md	2	1421	0.052181777	-10.980908393859863
T43	3	0058_a_small_dataframe_pipeline_through_the_same_engine_boundary_evidence.md	3	1422	0.030048734	-11.185562133789063
T43	4	0095_polars_typed_left_division_and_remainder_evidence.md	1	2604	0.32804525	-10.729116439819336
T43	4	0095_polars_typed_left_division_and_remainder_evidence.md	2	2603	0.31074494	-10.206064224243164
T43	4	0095_polars_typed_left_division_and_remainder_evidence.md	3	2608	0.3081615	-10.342386245727539
T43	5	0076_polars_coverage_three_evidence.md	1	2230	0.31046423	-8.22000503540039
T43	5	0076_polars_coverage_three_evidence.md	2	2222	0.23906589	-9.464927673339844
T43	5	0076_polars_coverage_three_evidence.md	3	2208	0.16805205	-9.804237365722656
T43	6	0124_preview_dtypes_and_columns.md	1	3210	0.3088211	-10.268730163574219
T43	6	0124_preview_dtypes_and_columns.md	2	3212	0.26872572	-9.08814811706543
T43	6	0124_preview_dtypes_and_columns.md	3	3213	0.24349594	-8.172389030456543
T43	7	0131_text_embeddings.md	1	3396	0.30746472	-7.607186317443848
T43	7	0131_text_embeddings.md	2	3386	0.22201419	-7.939261436462402
T43	7	0131_text_embeddings.md	3	3394	0.1833947	-10.473803520202637
T43	8	0010_the_text_helpers.md	1	149	0.30449697	-9.263294219970703
T43	8	0010_the_text_helpers.md	2	152	0.29531503	-8.837715148925781
T43	8	0010_the_text_helpers.md	3	153	0.24538939	-10.439226150512695
T43	9	0129_candle_workflow.md	1	3344	0.3031143	-7.514364719390869
T43	9	0129_candle_workflow.md	2	3342	0.17782739	-10.567049026489258
T43	9	0129_candle_workflow.md	3	3343	0.1627912	-9.839860916137695
T43	10	0121_polars_oracle_fixtures.md	1	3148	0.29437447	-9.901737213134766
T43	10	0121_polars_oracle_fixtures.md	2	3150	0.10907592	-11.340879440307617
T43	10	0121_polars_oracle_fixtures.md	3	3149	0.08697808	-10.087198257446289
T43	11	0080_polars_callback_bindings.md	1	2351	0.29337314	-4.109679222106934
T43	11	0080_polars_callback_bindings.md	2	2350	0.22695938	-10.643152236938477
T43	11	0080_polars_callback_bindings.md	3	2356	0.20392747	-11.422364234924316
T43	12	0113_polars_nonserde_generic_trait_impls_evidence.md	1	2938	0.29218733	-7.029633522033691
T43	12	0113_polars_nonserde_generic_trait_impls_evidence.md	2	2934	0.2098031	-10.604083061218262
T43	12	0113_polars_nonserde_generic_trait_impls_evidence.md	3	2940	0.15309963	-11.283525466918945
T43	13	0011_the_second_port.md	1	169	0.29151198	-10.157512664794922
T43	13	0011_the_second_port.md	2	168	0.26324648	-9.722670555114746
T43	13	0011_the_second_port.md	3	163	0.20968418	-10.333433151245117
T43	14	0095_polars_typed_left_division_and_remainder.md	1	2594	0.28470477	-10.4081392288208
T43	14	0095_polars_typed_left_division_and_remainder.md	2	2595	0.27682608	-10.135053634643555
T43	14	0095_polars_typed_left_division_and_remainder.md	3	2598	0.16323487	-11.273002624511719
T43	15	0033_the_contract_json_parse_never_had_evidence.md	1	684	0.27866328	-11.12913703918457
T43	15	0033_the_contract_json_parse_never_had_evidence.md	2	689	0.12845089	-11.422863006591797
T43	15	0033_the_contract_json_parse_never_had_evidence.md	3	688	0.10621628	-11.163544654846191
T43	16	0019_a_value_for_a_human_and_json_when_asked.md	1	287	0.26958925	-9.443222045898438
T43	16	0019_a_value_for_a_human_and_json_when_asked.md	2	279	0.268453	-8.774608612060547
T43	16	0019_a_value_for_a_human_and_json_when_asked.md	3	278	0.23075959	-10.25379753112793
T43	17	0058_a_small_dataframe_pipeline_through_the_same_engine.md	1	1396	0.26814157	-10.049359321594238
T43	17	0058_a_small_dataframe_pipeline_through_the_same_engine.md	2	1403	0.20819876	-9.467975616455078
T43	17	0058_a_small_dataframe_pipeline_through_the_same_engine.md	3	1392	0.19607233	-10.905552864074707
T43	18	0068_interactive_journey_evidence.md	1	1925	0.2666136	-9.702597618103027
T43	18	0068_interactive_journey_evidence.md	2	1927	0.12867068	-11.289216041564941
T43	18	0068_interactive_journey_evidence.md	3	1924	0.031036766	-10.144354820251465
T43	19	0092_polars_typed_left_subtraction_evidence.md	1	2541	0.26204482	-7.919017791748047
T43	19	0092_polars_typed_left_subtraction_evidence.md	2	2545	0.21937157	-10.831575393676758
T43	19	0092_polars_typed_left_subtraction_evidence.md	3	2543	0.16567087	-11.19237232208252
T43	20	0127_pivot.md	1	3306	0.261109	-9.590829849243164
T43	20	0127_pivot.md	2	3314	0.17610097	-8.019902229309082
T43	20	0127_pivot.md	3	3313	0.16992779	-10.492148399353027
T43	21	0081_polars_narrow_integer_dtypes_evidence.md	1	2374	0.25932896	-11.101018905639648
T43	21	0081_polars_narrow_integer_dtypes_evidence.md	2	2376	0.13232471	-10.636778831481934
T43	21	0081_polars_narrow_integer_dtypes_evidence.md	3	2375	0.11610261	-11.302696228027344
T43	22	0124_preview_dtypes_and_columns_evidence.md	1	3220	0.25811175	-7.842723846435547
T43	22	0124_preview_dtypes_and_columns_evidence.md	2	3223	0.2309706	-6.56810188293457
T43	22	0124_preview_dtypes_and_columns_evidence.md	3	3234	0.21488683	-10.098089218139648
T43	23	0121_polars_oracle_fixtures_evidence.md	1	3154	0.2569853	-9.331390380859375
T43	23	0121_polars_oracle_fixtures_evidence.md	2	3162	0.24285418	-10.40878677368164
T43	23	0121_polars_oracle_fixtures_evidence.md	3	3156	0.2220146	-10.739557266235352
T43	24	0097_polars_sized_self_slices_evidence.md	1	2644	0.25622624	-10.288583755493164
T43	24	0097_polars_sized_self_slices_evidence.md	2	2647	0.18202671	-11.361977577209473
T43	24	0097_polars_sized_self_slices_evidence.md	3	2643	0.15282096	-10.334543228149414
T43	25	0077_polars_iterator_returns.md	1	2234	0.2534926	-10.680984497070313
T43	25	0077_polars_iterator_returns.md	2	2243	0.2531929	-11.435928344726563
T43	25	0077_polars_iterator_returns.md	3	2233	0.16631101	-10.599071502685547
T43	26	0052_one_query_through_the_extension_interface.md	1	1144	0.25001302	-10.811653137207031
T43	26	0052_one_query_through_the_extension_interface.md	2	1140	0.22622603	-9.200494766235352
T43	26	0052_one_query_through_the_extension_interface.md	3	1145	0.21340805	-10.951279640197754
T43	27	0127_pivot_evidence.md	1	3324	0.24853188	-10.540184020996094
T43	27	0127_pivot_evidence.md	2	3325	0.1766671	-9.736871719360352
T43	27	0127_pivot_evidence.md	3	3319	0.14992292	-10.501518249511719
T43	28	0101_polars_indexed_chunk_snapshots_evidence.md	1	2717	0.24827643	-8.857379913330078
T43	28	0101_polars_indexed_chunk_snapshots_evidence.md	2	2718	0.19681452	-10.506881713867188
T43	28	0101_polars_indexed_chunk_snapshots_evidence.md	3	2711	0.1472266	-10.868942260742188
T43	29	0076_polars_coverage_three.md	1	2191	0.24805966	-8.36808967590332
T43	29	0076_polars_coverage_three.md	2	2199	0.18314981	-10.109570503234863
T43	29	0076_polars_coverage_three.md	3	2200	0.17057386	-10.252822875976563
T43	30	0033_the_contract_json_parse_never_had.md	1	676	0.24714974	-11.067403793334961
T43	30	0033_the_contract_json_parse_never_had.md	2	675	0.24671985	-9.426546096801758
T43	30	0033_the_contract_json_parse_never_had.md	3	682	0.23533307	-10.04709243774414
T43	31	0075_polars_coverage_two.md	1	2163	0.2470775	-11.138654708862305
T43	31	0075_polars_coverage_two.md	2	2161	0.13378128	-11.22824478149414
T43	31	0075_polars_coverage_two.md	3	2160	0.096578434	-11.32520580291748
T43	32	0084_polars_function_generic_inputs_evidence.md	1	2428	0.24641441	-9.954885482788086
T43	32	0084_polars_function_generic_inputs_evidence.md	2	2429	0.19420548	-11.359285354614258
T43	32	0084_polars_function_generic_inputs_evidence.md	3	2430	0.1636696	-11.274810791015625
T43	33	0042_the_prompt_a_person_lives_at.md	1	906	0.24297301	-9.380645751953125
T43	33	0042_the_prompt_a_person_lives_at.md	2	903	0.18981585	-11.099082946777344
T43	33	0042_the_prompt_a_person_lives_at.md	3	902	0.12900952	-11.39256763458252
T43	34	0119_polars_arrow_value_layer.md	1	3092	0.24195378	-8.950944900512695
T43	34	0119_polars_arrow_value_layer.md	2	3091	0.16586643	-11.354793548583984
T43	34	0119_polars_arrow_value_layer.md	3	3094	0.12540743	-10.603851318359375
T43	35	0010_the_text_helpers_evidence.md	1	158	0.23847942	-11.410429000854492
T43	35	0010_the_text_helpers_evidence.md	2	160	0.16253611	-10.623779296875
T43	35	0010_the_text_helpers_evidence.md	3	156	0.14397055	-11.2108154296875
T43	36	0096_polars_null_aware_numeric_vectors_evidence.md	1	2626	0.23724481	-7.777271270751953
T43	36	0096_polars_null_aware_numeric_vectors_evidence.md	2	2625	0.18932953	-10.600933074951172
T43	36	0096_polars_null_aware_numeric_vectors_evidence.md	3	2628	0.1357373	-11.085359573364258
T43	37	0104_polars_indexed_chunk_view_snapshots_evidence.md	1	2774	0.23634554	-9.001531600952148
T43	37	0104_polars_indexed_chunk_view_snapshots_evidence.md	2	2768	0.1216458	-11.22553825378418
T43	37	0104_polars_indexed_chunk_view_snapshots_evidence.md	3	2773	0.11547515	-10.094121932983398
T43	38	0038_a_moment_is_a_number_and_a_clock_is_named.md	1	817	0.23634079	-10.721900939941406
T43	38	0038_a_moment_is_a_number_and_a_clock_is_named.md	2	831	0.22983254	-10.368795394897461
T43	38	0038_a_moment_is_a_number_and_a_clock_is_named.md	3	821	0.21030776	-11.190742492675781
T43	39	0119_polars_arrow_value_layer_evidence.md	1	3098	0.2341366	-11.098753929138184
T43	39	0119_polars_arrow_value_layer_evidence.md	2	3107	0.14885767	-10.079504013061523
T43	39	0119_polars_arrow_value_layer_evidence.md	3	3108	0.13307758	-11.247308731079102
T43	40	0089_polars_integer_generic_arg_extrema_evidence.md	1	2502	0.23071226	-10.522886276245117
T43	40	0089_polars_integer_generic_arg_extrema_evidence.md	2	2497	0.20004858	-10.033771514892578
T43	40	0089_polars_integer_generic_arg_extrema_evidence.md	3	2503	0.12508963	-11.389368057250977
T50	1	0058_a_small_dataframe_pipeline_through_the_same_engine.md	1	1393	0.60924095	-1.372497797012329
T50	1	0058_a_small_dataframe_pipeline_through_the_same_engine.md	2	1410	0.54517514	-2.144912004470825
T50	1	0058_a_small_dataframe_pipeline_through_the_same_engine.md	3	1395	0.4328391	-1.3190451860427856
T50	2	0073_polars_generator.md	1	2085	0.6019571	-0.542587161064148
T50	2	0073_polars_generator.md	2	2090	0.53965664	-5.742106914520264
T50	2	0073_polars_generator.md	3	2087	0.40409988	-4.537437438964844
T50	3	0074_polars_rc2_forward_probe.md	1	2109	0.56716853	0.9219589233398438
T50	3	0074_polars_rc2_forward_probe.md	2	2111	0.49786937	-6.727319717407227
T50	3	0074_polars_rc2_forward_probe.md	3	2113	0.33191004	-11.003747940063477
T50	4	0128_polars_shipping_decision.md	1	3330	0.56494886	1.7136099338531494
T50	4	0128_polars_shipping_decision.md	2	3331	0.55922043	0.7933443784713745
T50	4	0128_polars_shipping_decision.md	3	3337	0.49949616	-9.183095932006836
T50	5	0072_binding_surface_probe.md	1	2077	0.5643012	-0.6074155569076538
T50	5	0072_binding_surface_probe.md	2	2078	0.5384246	-7.7236175537109375
T50	5	0072_binding_surface_probe.md	3	2082	0.36453977	-8.695503234863281
T50	6	0108_polars_v2_rust_api_baseline.md	1	2823	0.5577259	0.8480322957038879
T50	6	0108_polars_v2_rust_api_baseline.md	2	2824	0.51714057	-2.8003664016723633
T50	6	0108_polars_v2_rust_api_baseline.md	3	2825	0.48256698	-5.079889297485352
T50	7	0108_polars_v2_rust_api_baseline_evidence.md	1	2830	0.5426699	-2.0831596851348877
T50	7	0108_polars_v2_rust_api_baseline_evidence.md	2	2831	0.47224063	-4.917073726654053
T50	7	0108_polars_v2_rust_api_baseline_evidence.md	3	2833	0.3840381	-8.895130157470703
T50	8	0091_polars_bounded_integer_indices_evidence.md	1	2525	0.5388127	-4.586270332336426
T50	8	0091_polars_bounded_integer_indices_evidence.md	2	2530	0.3969449	-9.37493896484375
T50	8	0091_polars_bounded_integer_indices_evidence.md	3	2531	0.39406478	-4.236408710479736
T50	9	0058_a_small_dataframe_pipeline_through_the_same_engine_assembly_evidence.md	1	1413	0.5366601	-0.2628847360610962
T50	9	0058_a_small_dataframe_pipeline_through_the_same_engine_assembly_evidence.md	2	1414	0.43457356	-6.8497233390808105
T50	9	0058_a_small_dataframe_pipeline_through_the_same_engine_assembly_evidence.md	3	1412	0.3805804	-5.723372459411621
T50	10	0031_the_batteries_rnx_ships.md	1	604	0.5328868	-5.374121189117432
T50	10	0031_the_batteries_rnx_ships.md	2	609	0.4804246	-5.953876495361328
T50	10	0031_the_batteries_rnx_ships.md	3	605	0.47005716	-4.969707012176514
T50	11	0075_polars_coverage_two.md	1	2155	0.51483697	0.45249444246292114
T50	11	0075_polars_coverage_two.md	2	2156	0.50383306	-5.088234901428223
T50	11	0075_polars_coverage_two.md	3	2161	0.35155287	-10.089706420898438
T50	12	0069_shared_compilation_probe_evidence.md	1	1988	0.5127741	-4.149130821228027
T50	12	0069_shared_compilation_probe_evidence.md	2	1984	0.4599028	-3.0906124114990234
T50	12	0069_shared_compilation_probe_evidence.md	3	1983	0.40092364	-7.7036590576171875
T50	13	0051_an_executable_assembled_from_its_extensions.md	1	1103	0.5091295	-8.886351585388184
T50	13	0051_an_executable_assembled_from_its_extensions.md	2	1107	0.4428014	-7.4590911865234375
T50	13	0051_an_executable_assembled_from_its_extensions.md	3	1104	0.41010305	-7.820821762084961
T50	14	0026_the_manifest_a_release_needs.md	1	535	0.5062845	-6.198216915130615
T50	14	0026_the_manifest_a_release_needs.md	2	527	0.44643688	-8.672122955322266
T50	14	0026_the_manifest_a_release_needs.md	3	528	0.3678063	-9.17171859741211
T50	15	0058_a_small_dataframe_pipeline_through_the_same_engine_cost_evidence.md	1	1430	0.5038261	-0.054145850241184235
T50	15	0058_a_small_dataframe_pipeline_through_the_same_engine_cost_evidence.md	2	1431	0.4743954	-3.0403566360473633
T50	15	0058_a_small_dataframe_pipeline_through_the_same_engine_cost_evidence.md	3	1429	0.44284594	-5.5047197341918945
T50	16	0062_an_adapter_name_becomes_a_declaration.md	1	1554	0.50354135	-2.8620615005493164
T50	16	0062_an_adapter_name_becomes_a_declaration.md	2	1552	0.3918976	-5.357483863830566
T50	16	0062_an_adapter_name_becomes_a_declaration.md	3	1559	0.3302599	-8.91172981262207
T50	17	0079_polars_callbacks.md	1	2299	0.50304514	0.07415451854467392
T50	17	0079_polars_callbacks.md	2	2293	0.428876	-9.010418891906738
T50	17	0079_polars_callbacks.md	3	2284	0.41884816	-5.79726505279541
T50	18	0031_the_batteries_rnx_ships_evidence.md	1	621	0.50207263	-4.691018104553223
T50	18	0031_the_batteries_rnx_ships_evidence.md	2	618	0.41201246	-9.984458923339844
T50	18	0031_the_batteries_rnx_ships_evidence.md	3	626	0.41054896	-5.286449909210205
T50	19	0110_polars_trait_implementor_dispatch_evidence.md	1	2870	0.50158024	-3.1397430896759033
T50	19	0110_polars_trait_implementor_dispatch_evidence.md	2	2863	0.40866888	-10.219457626342773
T50	19	0110_polars_trait_implementor_dispatch_evidence.md	3	2869	0.25685385	-8.546130180358887
T50	20	0098_polars_float_trait_bounds.md	1	2650	0.50146073	-6.681018829345703
T50	20	0098_polars_float_trait_bounds.md	2	2649	0.34543917	-7.511471748352051
T50	20	0098_polars_float_trait_bounds.md	3	2648	0.32679945	-9.672554016113281
T50	21	0122_workflow_probe_evidence.md	1	3173	0.5007334	-2.906231641769409
T50	21	0122_workflow_probe_evidence.md	2	3171	0.4949275	-1.3619904518127441
T50	21	0122_workflow_probe_evidence.md	3	3179	0.40585005	-9.10486125946045
T50	22	0050_a_program_is_more_than_one_file_evidence.md	1	1097	0.5003278	-5.500508785247803
T50	22	0050_a_program_is_more_than_one_file_evidence.md	2	1098	0.31919378	-9.74578857421875
T50	22	0050_a_program_is_more_than_one_file_evidence.md	3	1099	0.26340955	-11.07473373413086
T50	23	0081_polars_narrow_integer_dtypes.md	1	2367	0.49422082	-4.179034233093262
T50	23	0081_polars_narrow_integer_dtypes.md	2	2369	0.38378495	-9.230903625488281
T50	23	0081_polars_narrow_integer_dtypes.md	3	2366	0.37925956	-4.630509376525879
T50	24	0069_costs_and_regression_evidence.md	1	1970	0.492365	-3.591830253601074
T50	24	0069_costs_and_regression_evidence.md	2	1972	0.41306978	-7.12605619430542
T50	24	0069_costs_and_regression_evidence.md	3	1975	0.38449475	-4.989987373352051
T50	25	0090_polars_numeric_peak_boundaries_evidence.md	1	2511	0.48964363	-3.0412068367004395
T50	25	0090_polars_numeric_peak_boundaries_evidence.md	2	2515	0.39141613	-9.80616569519043
T50	25	0090_polars_numeric_peak_boundaries_evidence.md	3	2512	0.3794658	-9.376914978027344
T50	26	0071_polars_version.md	1	2039	0.48826194	-5.679319381713867
T50	26	0071_polars_version.md	2	2040	0.40429464	-6.927285194396973
T50	27	0061_projects_share_an_assembled_executable_polars_evidence.md	1	1530	0.48639065	-6.363826274871826
T50	27	0061_projects_share_an_assembled_executable_polars_evidence.md	2	1531	0.36110717	-8.842425346374512
T50	27	0061_projects_share_an_assembled_executable_polars_evidence.md	3	1533	0.35377845	-10.41444206237793
T50	28	0109_polars_move_semantics_evidence.md	1	2848	0.48611814	-9.970195770263672
T50	28	0109_polars_move_semantics_evidence.md	2	2852	0.28730452	-9.343822479248047
T50	28	0109_polars_move_semantics_evidence.md	3	2849	0.22672847	-11.131424903869629
T50	29	0097_polars_sized_self_slices_evidence.md	1	2642	0.4845717	-6.507144451141357
T50	29	0097_polars_sized_self_slices_evidence.md	2	2638	0.3626893	-8.471467971801758
T50	29	0097_polars_sized_self_slices_evidence.md	3	2637	0.3308505	-8.955190658569336
T50	30	0064_a_runtime_installation_outlives_its_checkout.md	1	1641	0.48231226	-4.030213356018066
T50	30	0064_a_runtime_installation_outlives_its_checkout.md	2	1639	0.37147325	-10.288606643676758
T50	30	0064_a_runtime_installation_outlives_its_checkout.md	3	1640	0.31630275	-9.081300735473633
T50	31	0092_polars_typed_left_subtraction_evidence.md	1	2540	0.48028603	-6.342390060424805
T50	31	0092_polars_typed_left_subtraction_evidence.md	2	2546	0.45743412	-5.2275800704956055
T50	31	0092_polars_typed_left_subtraction_evidence.md	3	2545	0.32594246	-9.22015380859375
T50	32	0132_concurrent_embed_evidence.md	1	3446	0.47759312	-4.7311015129089355
T50	32	0132_concurrent_embed_evidence.md	2	3438	0.37880695	-7.579812049865723
T50	32	0132_concurrent_embed_evidence.md	3	3443	0.31537488	-10.317424774169922
T50	33	0027_the_latest_released_rune.md	1	540	0.4767513	-5.048910140991211
T50	33	0027_the_latest_released_rune.md	2	539	0.2771631	-9.84681510925293
T50	33	0027_the_latest_released_rune.md	3	538	0.19982955	-11.462608337402344
T50	34	0114_polars_gen_module_split.md	1	2944	0.47670257	-5.543196201324463
T50	34	0114_polars_gen_module_split.md	2	2953	0.38503936	-10.742105484008789
T50	34	0114_polars_gen_module_split.md	3	2952	0.35578611	-9.979180335998535
T50	35	0113_polars_nonserde_generic_trait_impls.md	1	2920	0.47552282	1.7230947017669678
T50	35	0113_polars_nonserde_generic_trait_impls.md	2	2921	0.34001336	-10.260374069213867
T50	35	0113_polars_nonserde_generic_trait_impls.md	3	2925	0.30178022	-11.012123107910156
T50	36	0087_polars_chunk_length_snapshots_evidence.md	1	2469	0.4748228	-5.69080924987793
T50	36	0087_polars_chunk_length_snapshots_evidence.md	2	2471	0.370063	-10.829996109008789
T50	36	0087_polars_chunk_length_snapshots_evidence.md	3	2475	0.3065232	-11.403210639953613
T50	37	0062_an_adapter_name_becomes_a_declaration_authoring_evidence.md	1	1564	0.4738231	-9.021697998046875
T50	37	0062_an_adapter_name_becomes_a_declaration_authoring_evidence.md	2	1568	0.25769797	-11.285701751708984
T50	37	0062_an_adapter_name_becomes_a_declaration_authoring_evidence.md	3	1565	0.1804691	-11.36996841430664
T50	38	0051_an_executable_assembled_from_its_extensions_evidence.md	1	1120	0.47236001	-6.2748613357543945
T50	38	0051_an_executable_assembled_from_its_extensions_evidence.md	2	1121	0.3650492	-11.02907943725586
T50	38	0051_an_executable_assembled_from_its_extensions_evidence.md	3	1123	0.26474473	-10.842899322509766
T50	39	0093_polars_checked_integer_readback.md	1	2550	0.46850926	-4.101493835449219
T50	39	0093_polars_checked_integer_readback.md	2	2554	0.3302199	-10.253378868103027
T50	39	0093_polars_checked_integer_readback.md	3	2555	0.3209593	-10.502522468566895
T50	40	0058_a_small_dataframe_pipeline_through_the_same_engine_boundary_evidence.md	1	1418	0.4683478	-7.195731163024902
T50	40	0058_a_small_dataframe_pipeline_through_the_same_engine_boundary_evidence.md	2	1424	0.4494938	-6.64445161819458
T50	40	0058_a_small_dataframe_pipeline_through_the_same_engine_boundary_evidence.md	3	1423	0.4312335	-4.291595458984375
T51	1	0127_pivot.md	1	3307	0.6322841	3.4912824630737305
T51	1	0127_pivot.md	2	3316	0.42450213	-3.7924845218658447
T51	1	0127_pivot.md	3	3315	0.4022771	-3.3531653881073
T51	2	0079_polars_callbacks.md	1	2311	0.57773584	-2.7851881980895996
T51	2	0079_polars_callbacks.md	2	2291	0.47898224	-3.1699109077453613
T51	2	0079_polars_callbacks.md	3	2285	0.46840072	-2.1084301471710205
T51	3	0127_pivot_evidence.md	1	3318	0.5574167	-0.30381304025650024
T51	3	0127_pivot_evidence.md	2	3319	0.42502156	-0.44233500957489014
T51	3	0127_pivot_evidence.md	3	3323	0.4027046	-2.188323497772217
T51	4	0088_polars_owned_cow_chunked_returns.md	1	2478	0.5463337	3.396423101425171
T51	4	0088_polars_owned_cow_chunked_returns.md	2	2477	0.40943775	-6.608745098114014
T51	4	0088_polars_owned_cow_chunked_returns.md	3	2476	0.2874204	-6.149221420288086
T51	5	0096_polars_null_aware_numeric_vectors.md	1	2615	0.538783	-6.218590259552002
T51	5	0096_polars_null_aware_numeric_vectors.md	2	2613	0.4734423	-2.0954678058624268
T51	5	0096_polars_null_aware_numeric_vectors.md	3	2612	0.39320052	-2.8643150329589844
T51	6	0109_polars_move_semantics.md	1	2844	0.5230334	4.436057090759277
T51	6	0109_polars_move_semantics.md	2	2846	0.40328678	-1.3273231983184814
T51	6	0109_polars_move_semantics.md	3	2843	0.27479008	-7.670070171356201
T51	7	0125_loading.md	1	3245	0.5114471	0.11071506142616272
T51	7	0125_loading.md	2	3240	0.42523634	-5.484299659729004
T51	7	0125_loading.md	3	3247	0.3930726	-2.742372512817383
T51	8	0089_polars_integer_generic_arg_extrema.md	1	2490	0.508951	-6.513360023498535
T51	8	0089_polars_integer_generic_arg_extrema.md	2	2491	0.35505107	-3.375357151031494
T51	8	0089_polars_integer_generic_arg_extrema.md	3	2489	0.3520154	-3.203404426574707
T51	9	0097_polars_sized_self_slices.md	1	2632	0.50880134	-2.850888729095459
T51	9	0097_polars_sized_self_slices.md	2	2633	0.40464303	-5.004544258117676
T51	9	0097_polars_sized_self_slices.md	3	2635	0.35748875	-3.4618730545043945
T51	10	0118_polars_in_memory_io_evidence.md	1	3074	0.49103078	-5.644625663757324
T51	10	0118_polars_in_memory_io_evidence.md	2	3070	0.34024024	-3.1644949913024902
T51	10	0118_polars_in_memory_io_evidence.md	3	3075	0.31015193	-8.610536575317383
T51	11	0105_polars_consuming_chunk_iterator_snapshots_evidence.md	1	2789	0.48719493	-3.399211883544922
T51	11	0105_polars_consuming_chunk_iterator_snapshots_evidence.md	2	2785	0.3419481	2.0989909172058105
T51	11	0105_polars_consuming_chunk_iterator_snapshots_evidence.md	3	2786	0.3324882	-2.727226734161377
T51	12	0119_polars_arrow_value_layer_evidence.md	1	3097	0.48335174	-0.19224143028259277
T51	12	0119_polars_arrow_value_layer_evidence.md	2	3103	0.46557543	-1.5425024032592773
T51	12	0119_polars_arrow_value_layer_evidence.md	3	3102	0.39749396	-0.02892816625535488
T51	13	0099_polars_numeric_chunk_snapshots.md	1	2667	0.4813301	-2.60724139213562
T51	13	0099_polars_numeric_chunk_snapshots.md	2	2669	0.4199958	-7.453566551208496
T51	13	0099_polars_numeric_chunk_snapshots.md	3	2666	0.36096874	-3.1774115562438965
T51	14	0093_polars_checked_integer_readback_evidence.md	1	2560	0.4800886	-6.588052749633789
T51	14	0093_polars_checked_integer_readback_evidence.md	2	2561	0.353626	-4.9167327880859375
T51	14	0093_polars_checked_integer_readback_evidence.md	3	2559	0.3430364	0.2271983027458191
T51	15	0092_polars_typed_left_subtraction.md	1	2535	0.47989362	-2.179757595062256
T51	15	0092_polars_typed_left_subtraction.md	2	2536	0.4399505	-5.914773941040039
T51	15	0092_polars_typed_left_subtraction.md	3	2534	0.35155705	-2.671142816543579
T51	16	0126_eager_group_by.md	1	3278	0.4786046	1.3488283157348633
T51	16	0126_eager_group_by.md	2	3281	0.4780834	-3.642937183380127
T51	16	0126_eager_group_by.md	3	3285	0.4196747	-1.9275426864624023
T51	17	0062_an_adapter_name_becomes_a_declaration_implementation_evidence.md	1	1576	0.47799426	-3.233433246612549
T51	17	0062_an_adapter_name_becomes_a_declaration_implementation_evidence.md	2	1575	0.46523234	-4.753994464874268
T51	17	0062_an_adapter_name_becomes_a_declaration_implementation_evidence.md	3	1577	0.33507589	-7.082505702972412
T51	18	0058_a_small_dataframe_pipeline_through_the_same_engine.md	1	1398	0.47634828	-5.948349952697754
T51	18	0058_a_small_dataframe_pipeline_through_the_same_engine.md	2	1410	0.4507804	-9.377935409545898
T51	18	0058_a_small_dataframe_pipeline_through_the_same_engine.md	3	1393	0.40994847	-6.364865779876709
T51	19	0123_schema_display_and_cast_evidence.md	1	3191	0.47528872	-4.689603805541992
T51	19	0123_schema_display_and_cast_evidence.md	2	3195	0.45635572	-5.706748008728027
T51	19	0123_schema_display_and_cast_evidence.md	3	3200	0.44103482	-2.3240807056427
T51	20	0073_polars_generator.md	1	2086	0.4752724	-6.58272647857666
T51	20	0073_polars_generator.md	2	2085	0.47522503	-8.607379913330078
T51	20	0073_polars_generator.md	3	2088	0.4494321	4.815494537353516
T51	21	0069_shared_compilation_probe_evidence.md	1	1990	0.46813554	-1.5938621759414673
T51	21	0069_shared_compilation_probe_evidence.md	2	1985	0.46137542	-6.07143497467041
T51	21	0069_shared_compilation_probe_evidence.md	3	1988	0.44379464	-5.403200149536133
T51	22	0084_polars_function_generic_inputs_evidence.md	1	2425	0.46746916	2.497854709625244
T51	22	0084_polars_function_generic_inputs_evidence.md	2	2426	0.37872338	-1.163373351097107
T51	22	0084_polars_function_generic_inputs_evidence.md	3	2423	0.28212023	-3.0776288509368896
T51	23	0075_polars_coverage_two.md	1	2155	0.46695247	-7.085282325744629
T51	23	0075_polars_coverage_two.md	2	2156	0.31175685	-7.818879127502441
T51	23	0075_polars_coverage_two.md	3	2158	0.24958156	-11.036659240722656
T51	24	0074_polars_rc2_forward_probe_evidence.md	1	2139	0.46591178	-9.14640998840332
T51	24	0074_polars_rc2_forward_probe_evidence.md	2	2126	0.4627227	-8.766050338745117
T51	24	0074_polars_rc2_forward_probe_evidence.md	3	2140	0.46012565	-8.698659896850586
T51	25	0102_polars_single_chunk_array_snapshots.md	1	2725	0.46542913	-4.818190097808838
T51	25	0102_polars_single_chunk_array_snapshots.md	2	2726	0.4210828	-7.65371036529541
T51	25	0102_polars_single_chunk_array_snapshots.md	3	2724	0.4149404	-3.5505762100219727
T51	26	0090_polars_numeric_peak_boundaries.md	1	2506	0.46533406	-1.5749175548553467
T51	26	0090_polars_numeric_peak_boundaries.md	2	2507	0.37552017	-1.536285400390625
T51	26	0090_polars_numeric_peak_boundaries.md	3	2510	0.31975657	-9.733765602111816
T51	27	0058_a_small_dataframe_pipeline_through_the_same_engine_assembly_evidence.md	1	1414	0.4645165	-6.010778427124023
T51	27	0058_a_small_dataframe_pipeline_through_the_same_engine_assembly_evidence.md	2	1412	0.3309026	-6.567641258239746
T51	27	0058_a_small_dataframe_pipeline_through_the_same_engine_assembly_evidence.md	3	1413	0.32019234	-5.748203754425049
T51	28	0100_polars_scalar_chunk_snapshots.md	1	2686	0.463523	-3.167297840118408
T51	28	0100_polars_scalar_chunk_snapshots.md	2	2688	0.2937293	-8.847713470458984
T51	28	0100_polars_scalar_chunk_snapshots.md	3	2687	0.2697307	-10.301044464111328
T51	29	0101_polars_indexed_chunk_snapshots.md	1	2704	0.45998237	-0.49978873133659363
T51	29	0101_polars_indexed_chunk_snapshots.md	2	2706	0.34648725	-8.297908782958984
T51	29	0101_polars_indexed_chunk_snapshots.md	3	2705	0.33175725	-4.923464298248291
T51	30	0106_polars_chunk_layout_snapshots.md	1	2797	0.45915475	-2.2172884941101074
T51	30	0106_polars_chunk_layout_snapshots.md	2	2798	0.44780537	-4.666173934936523
T51	30	0106_polars_chunk_layout_snapshots.md	3	2800	0.42212048	-6.701750755310059
T51	31	0069_lifetime_evidence.md	1	1979	0.45830223	-1.0047805309295654
T51	31	0069_lifetime_evidence.md	2	1978	0.37641925	-4.60080623626709
T51	31	0069_lifetime_evidence.md	3	1981	0.31780532	-7.414401054382324
T51	32	0118_polars_in_memory_io.md	1	3062	0.45744103	2.3428406715393066
T51	32	0118_polars_in_memory_io.md	2	3060	0.39859417	-4.571743965148926
T51	32	0118_polars_in_memory_io.md	3	3067	0.33742642	-10.906549453735352
T51	33	0114_polars_gen_module_split.md	1	2946	0.45626017	-9.546418190002441
T51	33	0114_polars_gen_module_split.md	2	2952	0.4048854	-8.711557388305664
T51	33	0114_polars_gen_module_split.md	3	2944	0.3872042	-5.275402545928955
T51	34	0076_polars_coverage_three_evidence.md	1	2218	0.45569173	-7.098138809204102
T51	34	0076_polars_coverage_three_evidence.md	2	2215	0.35261998	-8.038249969482422
T51	34	0076_polars_coverage_three_evidence.md	3	2222	0.3511984	-2.392848491668701
T51	35	0123_schema_display_and_cast.md	1	3185	0.4549202	-1.799940586090088
T51	35	0123_schema_display_and_cast.md	2	3188	0.38078886	-7.3704304695129395
T51	35	0123_schema_display_and_cast.md	3	3186	0.37217268	0.4959467351436615
T51	36	0082_polars_borrowed_slice_bindings_evidence.md	1	2387	0.45106676	-4.574897766113281
T51	36	0082_polars_borrowed_slice_bindings_evidence.md	2	2390	0.35113245	-10.118379592895508
T51	36	0082_polars_borrowed_slice_bindings_evidence.md	3	2392	0.34833524	-8.333084106445313
T51	37	0120_polars_arrow_concrete_arrays_evidence.md	1	3135	0.44970477	-8.725370407104492
T51	37	0120_polars_arrow_concrete_arrays_evidence.md	2	3125	0.3885026	-2.5747532844543457
T51	37	0120_polars_arrow_concrete_arrays_evidence.md	3	3132	0.38235092	-8.065957069396973
T51	38	0094_polars_categorical_hash_tokens_evidence.md	1	2581	0.44828296	-9.531404495239258
T51	38	0094_polars_categorical_hash_tokens_evidence.md	2	2585	0.42424202	-4.0022430419921875
T51	38	0094_polars_categorical_hash_tokens_evidence.md	3	2579	0.40050355	-6.493595123291016
T51	39	0063_a_session_can_request_its_next_executable_dogfood_evidence.md	1	1612	0.4478901	-6.573905944824219
T51	39	0063_a_session_can_request_its_next_executable_dogfood_evidence.md	2	1611	0.35051158	-9.37276840209961
T51	39	0063_a_session_can_request_its_next_executable_dogfood_evidence.md	3	1613	0.28934234	-9.730554580688477
T51	40	0105_polars_consuming_chunk_iterator_snapshots.md	1	2779	0.44592115	3.402364730834961
T51	40	0105_polars_consuming_chunk_iterator_snapshots.md	2	2781	0.38953352	-2.165597438812256
T51	40	0105_polars_consuming_chunk_iterator_snapshots.md	3	2778	0.36008188	-2.083615779876709
T53	1	0111_polars_rust_protocols.md	1	2876	0.65703434	2.8403964042663574
T53	1	0111_polars_rust_protocols.md	2	2879	0.64434236	-3.151207447052002
T53	1	0111_polars_rust_protocols.md	3	2877	0.64230514	2.1973166465759277
T53	2	0113_polars_nonserde_generic_trait_impls.md	1	2923	0.65479654	-1.527523398399353
T53	2	0113_polars_nonserde_generic_trait_impls.md	2	2927	0.62634933	0.525249183177948
T53	2	0113_polars_nonserde_generic_trait_impls.md	3	2925	0.61182743	-6.57944393157959
T53	3	0072_binding_surface_evidence.md	1	2069	0.6479812	-7.688358306884766
T53	3	0072_binding_surface_evidence.md	2	2067	0.63283587	-7.6185302734375
T53	3	0072_binding_surface_evidence.md	3	2065	0.59897894	-4.169741630554199
T53	4	0079_polars_callbacks.md	1	2301	0.63108385	-3.4554824829101563
T53	4	0079_polars_callbacks.md	2	2290	0.58719563	-1.81276273727417
T53	4	0079_polars_callbacks.md	3	2312	0.5190244	-6.748378276824951
T53	5	0072_binding_surface_probe.md	1	2081	0.60183424	-7.486029148101807
T53	5	0072_binding_surface_probe.md	2	2077	0.5095254	-6.6633524894714355
T53	5	0072_binding_surface_probe.md	3	2078	0.4241711	-10.938680648803711
T53	6	0111_polars_rust_protocols_evidence.md	1	2883	0.60033405	-8.193840980529785
T53	6	0111_polars_rust_protocols_evidence.md	2	2882	0.53102326	-5.0724945068359375
T53	6	0111_polars_rust_protocols_evidence.md	3	2885	0.48331913	-5.194173336029053
T53	7	0112_polars_generic_trait_impls.md	1	2900	0.5941635	-1.1875910758972168
T53	7	0112_polars_generic_trait_impls.md	2	2895	0.560456	-7.733745574951172
T53	7	0112_polars_generic_trait_impls.md	3	2896	0.48249197	-9.225824356079102
T53	8	0078_polars_constructors_operators.md	1	2260	0.5927383	-8.839614868164063
T53	8	0078_polars_constructors_operators.md	2	2259	0.5795719	-8.19728946685791
T53	8	0078_polars_constructors_operators.md	3	2263	0.54295045	-9.36464786529541
T53	9	0076_polars_coverage_three.md	1	2196	0.5899226	-4.195667266845703
T53	9	0076_polars_coverage_three.md	2	2191	0.50373775	-9.051668167114258
T53	9	0076_polars_coverage_three.md	3	2195	0.49903628	-11.277482986450195
T53	10	0092_polars_typed_left_subtraction.md	1	2538	0.5873771	-4.776411056518555
T53	10	0092_polars_typed_left_subtraction.md	2	2537	0.3270159	-11.427164077758789
T53	10	0092_polars_typed_left_subtraction.md	3	2536	0.26791388	-11.432363510131836
T53	11	0083_polars_function_generics_census.md	1	2400	0.5864454	-5.787949562072754
T53	11	0083_polars_function_generics_census.md	2	2398	0.35519224	-8.811849594116211
T53	11	0083_polars_function_generics_census.md	3	2401	0.3242295	-11.443591117858887
T53	12	0073_polars_generator_evidence.md	1	2102	0.5834974	-6.201412200927734
T53	12	0073_polars_generator_evidence.md	2	2096	0.48634228	-5.028409004211426
T53	12	0073_polars_generator_evidence.md	3	2099	0.4828359	-10.151838302612305
T53	13	0113_polars_nonserde_generic_trait_impls_evidence.md	1	2934	0.573202	-10.720258712768555
T53	13	0113_polars_nonserde_generic_trait_impls_evidence.md	2	2933	0.5704991	-8.33375358581543
T53	13	0113_polars_nonserde_generic_trait_impls_evidence.md	3	2939	0.38468885	-10.609243392944336
T53	14	0084_polars_function_generic_inputs.md	1	2417	0.57260746	-5.471162796020508
T53	14	0084_polars_function_generic_inputs.md	2	2416	0.50373816	-11.109030723571777
T53	14	0084_polars_function_generic_inputs.md	3	2420	0.39708096	-5.610805988311768
T53	15	0030_upstream_enhancement_registration_cost.md	1	599	0.5680896	-3.5801515579223633
T53	15	0030_upstream_enhancement_registration_cost.md	2	601	0.41751784	-9.184059143066406
T53	15	0030_upstream_enhancement_registration_cost.md	3	602	0.2689893	-11.482439041137695
T53	16	0110_polars_trait_implementor_dispatch.md	1	2857	0.5673792	-3.466404676437378
T53	16	0110_polars_trait_implementor_dispatch.md	2	2860	0.5275678	-7.3104047775268555
T53	16	0110_polars_trait_implementor_dispatch.md	3	2858	0.48380294	-8.612890243530273
T53	17	0082_polars_borrowed_slice_bindings.md	1	2381	0.5630327	-7.305081367492676
T53	17	0082_polars_borrowed_slice_bindings.md	2	2382	0.4653857	-7.746694564819336
T53	17	0082_polars_borrowed_slice_bindings.md	3	2385	0.4296497	-6.460016250610352
T53	18	0078_polars_constructors_operators_evidence.md	1	2272	0.560374	-11.080726623535156
T53	18	0078_polars_constructors_operators_evidence.md	2	2273	0.55842704	-8.429422378540039
T53	18	0078_polars_constructors_operators_evidence.md	3	2269	0.46065438	-10.709701538085938
T53	19	0123_schema_display_and_cast_evidence.md	1	3195	0.5588656	-8.392255783081055
T53	19	0123_schema_display_and_cast_evidence.md	2	3193	0.44074634	-3.854142189025879
T53	19	0123_schema_display_and_cast_evidence.md	3	3200	0.41501454	-10.464094161987305
T53	20	0085_polars_validity_bitmap_snapshots.md	1	2437	0.555419	-6.581272125244141
T53	20	0085_polars_validity_bitmap_snapshots.md	2	2438	0.4555301	-10.099953651428223
T53	20	0085_polars_validity_bitmap_snapshots.md	3	2434	0.4186661	-11.085020065307617
T53	21	0073_polars_generator.md	1	2088	0.5546203	-8.569969177246094
T53	21	0073_polars_generator.md	2	2089	0.54736376	-4.8941121101379395
T53	21	0073_polars_generator.md	3	2090	0.538463	-7.570058345794678
T53	22	0019_upstream_enhancement_rtti_field_names.md	1	299	0.54570085	-5.566217422485352
T53	22	0019_upstream_enhancement_rtti_field_names.md	2	302	0.42337525	-9.844173431396484
T53	22	0019_upstream_enhancement_rtti_field_names.md	3	298	0.37232265	-10.413040161132813
T53	23	0094_polars_categorical_hash_tokens.md	1	2576	0.5452348	-9.076082229614258
T53	23	0094_polars_categorical_hash_tokens.md	2	2575	0.5443778	-8.311750411987305
T53	23	0094_polars_categorical_hash_tokens.md	3	2577	0.3647278	-11.35044002532959
T53	24	0027_the_latest_released_rune_evidence.md	1	541	0.5402333	-6.512399673461914
T53	24	0027_the_latest_released_rune_evidence.md	2	543	0.46214893	-9.592691421508789
T53	24	0027_the_latest_released_rune_evidence.md	3	545	0.445807	-6.334683895111084
T53	25	0095_polars_typed_left_division_and_remainder_evidence.md	1	2607	0.5398846	-4.664608955383301
T53	25	0095_polars_typed_left_division_and_remainder_evidence.md	2	2600	0.4239829	-10.437268257141113
T53	25	0095_polars_typed_left_division_and_remainder_evidence.md	3	2608	0.41300836	-11.215453147888184
T53	26	0094_polars_categorical_hash_tokens_evidence.md	1	2582	0.5381662	-10.09815788269043
T53	26	0094_polars_categorical_hash_tokens_evidence.md	2	2588	0.48383942	-7.647198677062988
T53	26	0094_polars_categorical_hash_tokens_evidence.md	3	2589	0.44239146	-10.897782325744629
T53	27	0014_naming_the_missing_method.md	1	207	0.5362653	-9.174113273620605
T53	27	0014_naming_the_missing_method.md	2	206	0.4263978	-10.673006057739258
T53	27	0014_naming_the_missing_method.md	3	210	0.413528	-10.041681289672852
T53	28	0120_polars_arrow_concrete_arrays.md	1	3120	0.53301793	-9.853601455688477
T53	28	0120_polars_arrow_concrete_arrays.md	2	3116	0.46677873	-9.611903190612793
T53	28	0120_polars_arrow_concrete_arrays.md	3	3114	0.44028196	-9.846649169921875
T53	29	0076_polars_coverage_three_evidence.md	1	2215	0.5306375	-4.415688514709473
T53	29	0076_polars_coverage_three_evidence.md	2	2221	0.5205031	-6.202118396759033
T53	29	0076_polars_coverage_three_evidence.md	3	2225	0.41797888	-10.776225090026855
T53	30	0088_polars_owned_cow_chunked_returns.md	1	2480	0.53021526	-10.86650276184082
T53	30	0088_polars_owned_cow_chunked_returns.md	2	2476	0.44961482	-3.844982147216797
T53	30	0088_polars_owned_cow_chunked_returns.md	3	2478	0.41411284	-10.55968189239502
T53	31	0108_polars_v2_rust_api_baseline.md	1	2828	0.5279106	-6.8115105628967285
T53	31	0108_polars_v2_rust_api_baseline.md	2	2825	0.4977819	-9.479867935180664
T53	31	0108_polars_v2_rust_api_baseline.md	3	2829	0.459832	-9.44471263885498
T53	32	0058_a_small_dataframe_pipeline_through_the_same_engine_preview_evidence.md	1	1447	0.5256203	-6.5921173095703125
T53	32	0058_a_small_dataframe_pipeline_through_the_same_engine_preview_evidence.md	2	1448	0.35956225	-10.815720558166504
T53	32	0058_a_small_dataframe_pipeline_through_the_same_engine_preview_evidence.md	3	1446	0.19256598	-11.478521347045898
T53	33	0033_upstream_defect_unsigned_deserialize.md	1	692	0.52404064	-8.081036567687988
T53	33	0033_upstream_defect_unsigned_deserialize.md	2	690	0.47264168	-9.657424926757813
T53	33	0033_upstream_defect_unsigned_deserialize.md	3	691	0.4489133	-11.157143592834473
T53	34	0014_naming_the_missing_method_evidence.md	1	215	0.52337533	-8.217100143432617
T53	34	0014_naming_the_missing_method_evidence.md	2	219	0.40764502	-11.091285705566406
T53	34	0014_naming_the_missing_method_evidence.md	3	213	0.38678393	-11.427286148071289
T53	35	0091_polars_bounded_integer_indices.md	1	2523	0.5177531	-6.454547882080078
T53	35	0091_polars_bounded_integer_indices.md	2	2524	0.32020888	-11.301966667175293
T53	35	0091_polars_bounded_integer_indices.md	3	2520	0.30877182	-11.369367599487305
T53	36	0104_polars_indexed_chunk_view_snapshots_evidence.md	1	2775	0.51702815	-9.357836723327637
T53	36	0104_polars_indexed_chunk_view_snapshots_evidence.md	2	2768	0.333976	-11.219156265258789
T53	36	0104_polars_indexed_chunk_view_snapshots_evidence.md	3	2773	0.29017344	-11.394041061401367
T53	37	0091_polars_bounded_integer_indices_evidence.md	1	2530	0.516941	-5.813417911529541
T53	37	0091_polars_bounded_integer_indices_evidence.md	2	2525	0.43778956	-10.58788776397705
T53	37	0091_polars_bounded_integer_indices_evidence.md	3	2531	0.41493148	-7.511501312255859
T53	38	0096_polars_null_aware_numeric_vectors.md	1	2616	0.5164282	-5.79896354675293
T53	38	0096_polars_null_aware_numeric_vectors.md	2	2613	0.4498281	-9.2308349609375
T53	38	0096_polars_null_aware_numeric_vectors.md	3	2617	0.35074323	-11.344593048095703
T53	39	0077_polars_iterator_returns.md	1	2235	0.5156901	-8.21495246887207
T53	39	0077_polars_iterator_returns.md	2	2234	0.450163	-11.366815567016602
T53	39	0077_polars_iterator_returns.md	3	2243	0.42690834	-10.148639678955078
T53	40	0119_polars_arrow_value_layer_evidence.md	1	3107	0.51306087	-9.071900367736816
T53	40	0119_polars_arrow_value_layer_evidence.md	2	3106	0.4142045	-10.790863037109375
T53	40	0119_polars_arrow_value_layer_evidence.md	3	3098	0.39350623	-5.09393835067749
T55	1	0076_polars_coverage_three_evidence.md	1	2216	0.53997576	3.748751163482666
T55	1	0076_polars_coverage_three_evidence.md	2	2228	0.3811773	-2.2186686992645264
T55	1	0076_polars_coverage_three_evidence.md	3	2217	0.3526944	-4.436929702758789
T55	2	0072_binding_surface_evidence.md	1	2054	0.45147967	-0.41115719079971313
T55	2	0072_binding_surface_evidence.md	2	2062	0.384804	0.46317094564437866
T55	2	0072_binding_surface_evidence.md	3	2061	0.38098225	-3.1219263076782227
T55	3	0075_polars_coverage_two.md	1	2160	0.44892642	3.0460805892944336
T55	3	0075_polars_coverage_two.md	2	2163	0.3886141	2.1823880672454834
T55	3	0075_polars_coverage_two.md	3	2158	0.25779822	-4.722162246704102
T55	4	0083_polars_function_generics_census_evidence.md	1	2403	0.44064838	-2.668515682220459
T55	4	0083_polars_function_generics_census_evidence.md	2	2407	0.29098362	1.5811586380004883
T55	4	0083_polars_function_generics_census_evidence.md	3	2405	0.26524827	-2.8516950607299805
T55	5	0076_polars_coverage_three.md	1	2190	0.43946084	3.860931396484375
T55	5	0076_polars_coverage_three.md	2	2205	0.37989372	-1.9761385917663574
T55	5	0076_polars_coverage_three.md	3	2194	0.36232084	-0.47314465045928955
T55	6	0087_polars_chunk_length_snapshots.md	1	2468	0.43537858	-7.518167495727539
T55	6	0087_polars_chunk_length_snapshots.md	2	2463	0.15963846	-10.003490447998047
T55	6	0087_polars_chunk_length_snapshots.md	3	2466	0.15211745	-9.73094367980957
T55	7	0117_polars_trait_arguments.md	1	3030	0.43265015	0.09443894773721695
T55	7	0117_polars_trait_arguments.md	2	3035	0.3588597	-2.069971799850464
T55	7	0117_polars_trait_arguments.md	3	3034	0.3453417	2.5719285011291504
T55	8	0117_polars_trait_arguments_evidence.md	1	3048	0.43099916	2.013437271118164
T55	8	0117_polars_trait_arguments_evidence.md	2	3047	0.37357786	1.5991544723510742
T55	8	0117_polars_trait_arguments_evidence.md	3	3045	0.37257707	0.3181827664375305
T55	9	0092_polars_typed_left_subtraction_evidence.md	1	2542	0.42016494	4.687395095825195
T55	9	0092_polars_typed_left_subtraction_evidence.md	2	2543	0.3278483	-6.381464958190918
T55	9	0092_polars_typed_left_subtraction_evidence.md	3	2544	0.3117859	-0.28014594316482544
T55	10	0089_polars_integer_generic_arg_extrema_evidence.md	1	2500	0.41787037	-2.7821102142333984
T55	10	0089_polars_integer_generic_arg_extrema_evidence.md	2	2501	0.30339208	-5.483331203460693
T55	10	0089_polars_integer_generic_arg_extrema_evidence.md	3	2499	0.2909306	-0.21532373130321503
T55	11	0110_polars_trait_implementor_dispatch_evidence.md	1	2865	0.41199842	1.8119843006134033
T55	11	0110_polars_trait_implementor_dispatch_evidence.md	2	2872	0.31176594	0.15228748321533203
T55	11	0110_polars_trait_implementor_dispatch_evidence.md	3	2866	0.26437664	-7.161607265472412
T55	12	0079_polars_callbacks.md	1	2302	0.41170725	-1.5165132284164429
T55	12	0079_polars_callbacks.md	2	2313	0.33310586	0.07683081179857254
T55	12	0079_polars_callbacks.md	3	2287	0.28993982	1.4078227281570435
T55	13	0083_polars_function_generics_census.md	1	2398	0.39930427	1.3687032461166382
T55	13	0083_polars_function_generics_census.md	2	2400	0.32062095	3.605074167251587
T55	13	0083_polars_function_generics_census.md	3	2397	0.31122807	-3.8967666625976563
T55	14	0116_polars_generic_methods_evidence.md	1	3027	0.38620782	-0.38779735565185547
T55	14	0116_polars_generic_methods_evidence.md	2	3022	0.31776077	-3.1037540435791016
T55	14	0116_polars_generic_methods_evidence.md	3	3019	0.30006877	-2.5015740394592285
T55	15	0116_polars_generic_methods.md	1	3001	0.38462466	0.19889995455741882
T55	15	0116_polars_generic_methods.md	2	3006	0.35175171	1.3411190509796143
T55	15	0116_polars_generic_methods.md	3	3002	0.26338005	-0.7576904296875
T55	16	polars-parity-map.md	1	3456	0.37425813	-2.305504560470581
T55	16	polars-parity-map.md	2	3455	0.3425753	-2.3114688396453857
T55	16	polars-parity-map.md	3	3458	0.32966968	-5.640697479248047
T55	17	0127_pivot.md	1	3306	0.37258503	-6.8487772941589355
T55	17	0127_pivot.md	2	3313	0.30260304	-3.5527591705322266
T55	17	0127_pivot.md	3	3312	0.22834061	-10.751481056213379
T55	18	0084_polars_function_generic_inputs.md	1	2416	0.36225346	0.7969489693641663
T55	18	0084_polars_function_generic_inputs.md	2	2421	0.26891312	-6.481425762176514
T55	18	0084_polars_function_generic_inputs.md	3	2417	0.25685126	-1.491780161857605
T55	19	0004_vars_and_help.md	1	51	0.3619729	-3.4118359088897705
T55	19	0004_vars_and_help.md	2	48	0.20243712	-5.865385055541992
T55	19	0004_vars_and_help.md	3	53	0.19900337	-8.52083683013916
T55	20	0095_polars_typed_left_division_and_remainder.md	1	2596	0.35798892	0.23154737055301666
T55	20	0095_polars_typed_left_division_and_remainder.md	2	2594	0.19929792	-5.373969078063965
T55	20	0095_polars_typed_left_division_and_remainder.md	3	2597	0.16052513	-3.5876197814941406
T55	21	0120_polars_arrow_concrete_arrays_evidence.md	1	3143	0.35747033	1.643091082572937
T55	21	0120_polars_arrow_concrete_arrays_evidence.md	2	3137	0.27838695	-3.6599087715148926
T55	21	0120_polars_arrow_concrete_arrays_evidence.md	3	3131	0.2667594	-9.789791107177734
T55	22	0041_the_same_name_wherever_the_method_went_missing.md	1	897	0.35282588	-5.707087516784668
T55	22	0041_the_same_name_wherever_the_method_went_missing.md	2	894	0.19765839	-6.991155624389648
T55	22	0041_the_same_name_wherever_the_method_went_missing.md	3	895	0.19268498	-9.11868667602539
T55	23	0098_polars_float_trait_bounds_evidence.md	1	2658	0.3492546	2.79455304145813
T55	23	0098_polars_float_trait_bounds_evidence.md	2	2655	0.23910826	-3.9068379402160645
T55	23	0098_polars_float_trait_bounds_evidence.md	3	2659	0.22734442	2.115652322769165
T55	24	0073_polars_generator.md	1	2089	0.34867606	-2.6877169609069824
T55	24	0073_polars_generator.md	2	2087	0.20344594	-9.036054611206055
T55	24	0073_polars_generator.md	3	2088	0.18996122	-9.859136581420898
T55	25	0097_polars_sized_self_slices_evidence.md	1	2640	0.34407777	1.9322597980499268
T55	25	0097_polars_sized_self_slices_evidence.md	2	2637	0.2913407	2.4325876235961914
T55	25	0097_polars_sized_self_slices_evidence.md	3	2643	0.2434366	-10.666788101196289
T55	26	0110_polars_trait_implementor_dispatch.md	1	2859	0.34275886	1.3014976978302002
T55	26	0110_polars_trait_implementor_dispatch.md	2	2857	0.3102809	0.8502313494682312
T55	26	0110_polars_trait_implementor_dispatch.md	3	2858	0.2899721	-3.977447748184204
T55	27	0095_polars_typed_left_division_and_remainder_evidence.md	1	2605	0.33923203	0.9989148378372192
T55	27	0095_polars_typed_left_division_and_remainder_evidence.md	2	2601	0.29105306	0.8262933492660522
T55	27	0095_polars_typed_left_division_and_remainder_evidence.md	3	2600	0.25098237	3.083552598953247
T55	28	0121_polars_oracle_fixtures_evidence.md	1	3156	0.33375403	-4.765109062194824
T55	28	0121_polars_oracle_fixtures_evidence.md	2	3160	0.2988245	-5.349276542663574
T55	28	0121_polars_oracle_fixtures_evidence.md	3	3155	0.18965925	-9.145183563232422
T55	29	0112_polars_generic_trait_impls.md	1	2899	0.32821277	-0.6888664960861206
T55	29	0112_polars_generic_trait_impls.md	2	2895	0.3104629	1.8545684814453125
T55	29	0112_polars_generic_trait_impls.md	3	2900	0.24920343	-8.138468742370605
T55	30	0078_polars_constructors_operators.md	1	2258	0.3241046	-4.765063285827637
T55	30	0078_polars_constructors_operators.md	2	2255	0.27124956	-6.750324726104736
T55	30	0078_polars_constructors_operators.md	3	2257	0.25038978	-5.768333911895752
T55	31	0123_schema_display_and_cast.md	1	3187	0.32394767	-6.015244007110596
T55	31	0123_schema_display_and_cast.md	2	3186	0.2896057	-3.8192012310028076
T55	31	0123_schema_display_and_cast.md	3	3188	0.26439282	-9.133340835571289
T55	32	0079_polars_callbacks_evidence.md	1	2316	0.321035	-5.555328369140625
T55	32	0079_polars_callbacks_evidence.md	2	2314	0.30372602	0.8244825005531311
T55	32	0079_polars_callbacks_evidence.md	3	2322	0.3024318	-3.639040946960449
T55	33	0090_polars_numeric_peak_boundaries_evidence.md	1	2513	0.31943595	-3.196343421936035
T55	33	0090_polars_numeric_peak_boundaries_evidence.md	2	2511	0.24576011	-1.9848003387451172
T55	33	0090_polars_numeric_peak_boundaries_evidence.md	3	2512	0.22416699	-10.75360107421875
T55	34	0075_polars_coverage_two_evidence.md	1	2170	0.31806347	-5.51959228515625
T55	34	0075_polars_coverage_two_evidence.md	2	2176	0.27340057	-9.02558422088623
T55	34	0075_polars_coverage_two_evidence.md	3	2168	0.26470867	-7.0851359367370605
T55	35	0113_polars_nonserde_generic_trait_impls.md	1	2927	0.31711835	-5.435272216796875
T55	35	0113_polars_nonserde_generic_trait_impls.md	2	2923	0.25268	3.9532783031463623
T55	35	0113_polars_nonserde_generic_trait_impls.md	3	2925	0.1968687	-4.414956569671631
T55	36	0101_polars_indexed_chunk_snapshots_evidence.md	1	2713	0.31633115	3.0443153381347656
T55	36	0101_polars_indexed_chunk_snapshots_evidence.md	2	2719	0.18079506	-5.6687235832214355
T55	36	0101_polars_indexed_chunk_snapshots_evidence.md	3	2711	0.16338778	-10.667140007019043
T55	37	0077_polars_iterator_returns_evidence.md	1	2246	0.31594703	-5.965506553649902
T55	37	0077_polars_iterator_returns_evidence.md	2	2253	0.24536248	-10.47972297668457
T55	37	0077_polars_iterator_returns_evidence.md	3	2249	0.21644464	-10.417783737182617
T55	38	0077_polars_iterator_returns.md	1	2236	0.3143241	-8.284175872802734
T55	38	0077_polars_iterator_returns.md	2	2235	0.31144124	-8.262626647949219
T55	38	0077_polars_iterator_returns.md	3	2243	0.29346287	-8.540790557861328
T55	39	0118_polars_in_memory_io_evidence.md	1	3079	0.31359586	3.49326491355896
T55	39	0118_polars_in_memory_io_evidence.md	2	3080	0.26041958	0.5639416575431824
T55	39	0118_polars_in_memory_io_evidence.md	3	3078	0.18372731	-6.253195762634277
T55	40	0113_polars_nonserde_generic_trait_impls_evidence.md	1	2933	0.3113081	-1.5751888751983643
T55	40	0113_polars_nonserde_generic_trait_impls_evidence.md	2	2935	0.21265729	-10.357765197753906
T55	40	0113_polars_nonserde_generic_trait_impls_evidence.md	3	2942	0.21205072	-7.826444149017334
T57	1	0068_product_port_evidence.md	1	1944	0.48003587	-9.665613174438477
T57	1	0068_product_port_evidence.md	2	1946	0.28886446	-11.097450256347656
T57	1	0068_product_port_evidence.md	3	1945	0.23839039	-11.331558227539063
T57	2	0131_text_embeddings.md	1	3387	0.43571684	-10.98725414276123
T57	2	0131_text_embeddings.md	2	3386	0.3389844	-5.549354553222656
T57	2	0131_text_embeddings.md	3	3399	0.292399	-6.790087699890137
T57	3	0116_polars_generic_methods.md	1	3009	0.43175247	-8.566546440124512
T57	3	0116_polars_generic_methods.md	2	3007	0.30351964	0.2444704920053482
T57	3	0116_polars_generic_methods.md	3	3003	0.2837658	-9.860200881958008
T57	4	0127_pivot_evidence.md	1	3317	0.42965987	-8.10675048828125
T57	4	0127_pivot_evidence.md	2	3318	0.3256006	-7.186031818389893
T57	4	0127_pivot_evidence.md	3	3327	0.31326908	-8.220707893371582
T57	5	0129_candle_workflow_evidence.md	1	3360	0.4090869	-10.429229736328125
T57	5	0129_candle_workflow_evidence.md	2	3359	0.35063627	-9.912160873413086
T57	5	0129_candle_workflow_evidence.md	3	3371	0.31514394	-10.792194366455078
T57	6	0068_interactive_frames_show_a_bounded_preview.md	1	1914	0.40345055	-5.311539649963379
T57	6	0068_interactive_frames_show_a_bounded_preview.md	2	1921	0.3819114	-7.963567733764648
T57	6	0068_interactive_frames_show_a_bounded_preview.md	3	1918	0.20803006	-9.444091796875
T57	7	0002_the_interactive_session.md	1	20	0.40245265	-8.797332763671875
T57	7	0002_the_interactive_session.md	2	23	0.2831945	-9.570196151733398
T57	7	0002_the_interactive_session.md	3	17	0.20757397	-9.465039253234863
T57	8	0058_a_small_dataframe_pipeline_through_the_same_engine.md	1	1403	0.39590958	-10.571436882019043
T57	8	0058_a_small_dataframe_pipeline_through_the_same_engine.md	2	1402	0.36426976	-6.093145370483398
T57	8	0058_a_small_dataframe_pipeline_through_the_same_engine.md	3	1396	0.33361003	-9.511188507080078
T57	9	0058_a_small_dataframe_pipeline_through_the_same_engine_files_evidence.md	1	1441	0.39502087	-5.455720901489258
T57	9	0058_a_small_dataframe_pipeline_through_the_same_engine_files_evidence.md	2	1442	0.1738136	-9.05931282043457
T57	9	0058_a_small_dataframe_pipeline_through_the_same_engine_files_evidence.md	3	1444	0.16459462	-11.35113525390625
T57	10	0072_binding_surface_evidence.md	1	2066	0.38695025	-10.988779067993164
T57	10	0072_binding_surface_evidence.md	2	2072	0.33185703	-11.244885444641113
T57	10	0072_binding_surface_evidence.md	3	2073	0.32645598	-11.288549423217773
T57	11	0118_polars_in_memory_io.md	1	3060	0.3842823	-5.272806167602539
T57	11	0118_polars_in_memory_io.md	2	3059	0.35265094	-8.522188186645508
T57	11	0118_polars_in_memory_io.md	3	3062	0.34132442	-8.30650520324707
T57	12	0079_polars_callbacks.md	1	2285	0.38428137	-8.497203826904297
T57	12	0079_polars_callbacks.md	2	2288	0.3358865	-10.489559173583984
T57	12	0079_polars_callbacks.md	3	2286	0.32591465	-11.07536506652832
T57	13	0129_candle_workflow.md	1	3346	0.383538	-11.15778923034668
T57	13	0129_candle_workflow.md	2	3345	0.34151015	-10.273603439331055
T57	13	0129_candle_workflow.md	3	3349	0.32517508	-7.545410633087158
T57	14	0112_polars_generic_trait_impls_evidence.md	1	2908	0.37514573	-7.817985534667969
T57	14	0112_polars_generic_trait_impls_evidence.md	2	2913	0.36701226	-8.331406593322754
T57	14	0112_polars_generic_trait_impls_evidence.md	3	2912	0.34213653	-6.690367221832275
T57	15	0127_pivot.md	1	3308	0.36736453	-9.810072898864746
T57	15	0127_pivot.md	2	3307	0.35557562	-4.349433898925781
T57	15	0127_pivot.md	3	3305	0.3310818	-10.286020278930664
T57	16	0074_polars_rc2_forward_probe_evidence.md	1	2120	0.3598234	-10.638729095458984
T57	16	0074_polars_rc2_forward_probe_evidence.md	2	2138	0.31180608	-10.586557388305664
T57	16	0074_polars_rc2_forward_probe_evidence.md	3	2123	0.30646306	-11.203397750854492
T57	17	0126_eager_group_by.md	1	3280	0.35635874	-9.313366889953613
T57	17	0126_eager_group_by.md	2	3278	0.33717757	-5.337751388549805
T57	17	0126_eager_group_by.md	3	3287	0.31964397	-10.169100761413574
T57	18	0009_diagnostics_for_the_file_runner_evidence.md	1	142	0.3553492	-9.715873718261719
T57	18	0009_diagnostics_for_the_file_runner_evidence.md	2	139	0.33965468	-7.7200822830200195
T57	18	0009_diagnostics_for_the_file_runner_evidence.md	3	140	0.3065202	-7.191798686981201
T57	19	0118_polars_in_memory_io_evidence.md	1	3081	0.35451475	-8.98614501953125
T57	19	0118_polars_in_memory_io_evidence.md	2	3086	0.34093356	-8.103776931762695
T57	19	0118_polars_in_memory_io_evidence.md	3	3072	0.33009338	-7.927728176116943
T57	20	0022_a_child_that_is_told_what_to_do.md	1	335	0.35436013	-4.451774597167969
T57	20	0022_a_child_that_is_told_what_to_do.md	2	338	0.26413506	-10.592232704162598
T57	20	0022_a_child_that_is_told_what_to_do.md	3	329	0.26118144	-10.027463912963867
T57	21	0093_polars_checked_integer_readback_evidence.md	1	2561	0.3507294	-8.653678894042969
T57	21	0093_polars_checked_integer_readback_evidence.md	2	2559	0.28995714	-7.408421516418457
T57	21	0093_polars_checked_integer_readback_evidence.md	3	2570	0.26807743	-10.59146499633789
T57	22	0012_standard_input_evidence.md	1	183	0.35035113	-4.843051910400391
T57	22	0012_standard_input_evidence.md	2	179	0.31280148	-6.698277950286865
T57	22	0012_standard_input_evidence.md	3	185	0.30455202	-4.754283905029297
T57	23	0036_what_the_process_was_given.md	1	767	0.35000244	-7.803521633148193
T57	23	0036_what_the_process_was_given.md	2	774	0.26814222	-10.779030799865723
T57	23	0036_what_the_process_was_given.md	3	779	0.25302446	-10.568772315979004
T57	24	0132_concurrent_embed.md	1	3436	0.34456107	-10.68785285949707
T57	24	0132_concurrent_embed.md	2	3426	0.2899144	-10.237114906311035
T57	24	0132_concurrent_embed.md	3	3435	0.2471732	-10.691926002502441
T57	25	0126_eager_group_by_evidence.md	1	3299	0.3426809	-10.331371307373047
T57	25	0126_eager_group_by_evidence.md	2	3294	0.29610547	-10.850719451904297
T57	25	0126_eager_group_by_evidence.md	3	3291	0.25357473	-11.328476905822754
T57	26	0068_presentation_seam_evidence.md	1	1937	0.3408458	-7.564230442047119
T57	26	0068_presentation_seam_evidence.md	2	1938	0.2989347	-9.465656280517578
T57	26	0068_presentation_seam_evidence.md	3	1931	0.20447688	-6.700554847717285
T57	27	0124_preview_dtypes_and_columns.md	1	3212	0.3323794	-10.026378631591797
T57	27	0124_preview_dtypes_and_columns.md	2	3209	0.2685028	-10.915596008300781
T57	27	0124_preview_dtypes_and_columns.md	3	3208	0.23195568	-10.582724571228027
T57	28	0035_a_file_is_a_value_and_every_refusal_names_its_path.md	1	751	0.33089855	-8.464336395263672
T57	28	0035_a_file_is_a_value_and_every_refusal_names_its_path.md	2	739	0.32698983	-5.885802268981934
T57	28	0035_a_file_is_a_value_and_every_refusal_names_its_path.md	3	749	0.31181723	-6.866264820098877
T57	29	0083_polars_function_generics_census_evidence.md	1	2409	0.32902002	-6.620316505432129
T57	29	0083_polars_function_generics_census_evidence.md	2	2410	0.21734752	-11.314007759094238
T57	29	0083_polars_function_generics_census_evidence.md	3	2406	0.18549995	-10.769630432128906
T57	30	0023_a_capture_that_ends_when_the_call_does.md	1	360	0.3245657	-10.12622356414795
T57	30	0023_a_capture_that_ends_when_the_call_does.md	2	349	0.2848088	-5.837778091430664
T57	30	0023_a_capture_that_ends_when_the_call_does.md	3	356	0.25701073	-10.12887191772461
T57	31	0001_the_first_release.md	1	2	0.3234771	-7.4367570877075195
T57	31	0001_the_first_release.md	2	9	0.28690314	-10.19441032409668
T57	31	0001_the_first_release.md	3	6	0.25633034	-10.08448600769043
T57	32	0049_the_names_no_longer_begin_with_host.md	1	1066	0.32329482	-8.978788375854492
T57	32	0049_the_names_no_longer_begin_with_host.md	2	1067	0.22552289	-8.692726135253906
T57	32	0049_the_names_no_longer_begin_with_host.md	3	1062	0.1623278	-10.829891204833984
T57	33	0012_standard_input.md	1	172	0.3221793	-2.8728878498077393
T57	33	0012_standard_input.md	2	174	0.29900083	-2.081278085708618
T57	33	0012_standard_input.md	3	173	0.2951726	-4.980158805847168
T57	34	0035_a_file_is_a_value_and_every_refusal_names_its_path_evidence.md	1	763	0.32216495	-9.94403076171875
T57	34	0035_a_file_is_a_value_and_every_refusal_names_its_path_evidence.md	2	759	0.25858164	-9.895027160644531
T57	34	0035_a_file_is_a_value_and_every_refusal_names_its_path_evidence.md	3	765	0.20948087	-10.498716354370117
T57	35	0084_polars_function_generic_inputs.md	1	2415	0.3208387	-10.613655090332031
T57	35	0084_polars_function_generic_inputs.md	2	2416	0.19979577	-11.157999038696289
T57	35	0084_polars_function_generic_inputs.md	3	2417	0.16263716	-11.220663070678711
T57	36	0025_the_same_contracts_on_windows.md	1	377	0.32033247	-9.320062637329102
T57	36	0025_the_same_contracts_on_windows.md	2	404	0.2522213	-11.164987564086914
T57	36	0025_the_same_contracts_on_windows.md	3	373	0.24493687	-11.083959579467773
T57	37	0009_diagnostics_for_the_file_runner.md	1	137	0.31943285	-8.365893363952637
T57	37	0009_diagnostics_for_the_file_runner.md	2	136	0.29783615	-7.1175384521484375
T57	37	0009_diagnostics_for_the_file_runner.md	3	134	0.27722386	-7.320904731750488
T57	38	0046_a_worker_whose_output_has_a_boundary.md	1	980	0.31943274	-9.77254867553711
T57	38	0046_a_worker_whose_output_has_a_boundary.md	2	983	0.262699	-10.321407318115234
T57	38	0046_a_worker_whose_output_has_a_boundary.md	3	974	0.25590914	-10.564287185668945
T57	39	0132_concurrent_embed_evidence.md	1	3447	0.31758404	-11.209247589111328
T57	39	0132_concurrent_embed_evidence.md	2	3438	0.2749232	-10.851147651672363
T57	39	0132_concurrent_embed_evidence.md	3	3441	0.24348855	-11.172428131103516
T57	40	0121_polars_oracle_fixtures_evidence.md	1	3162	0.31601724	-5.850915431976318
T57	40	0121_polars_oracle_fixtures_evidence.md	2	3156	0.2198871	-11.33868408203125
T57	40	0121_polars_oracle_fixtures_evidence.md	3	3159	0.13454586	-11.32054328918457
T58	1	0076_polars_coverage_three.md	1	2204	0.5463768	-1.4207782745361328
T58	1	0076_polars_coverage_three.md	2	2203	0.51647615	-6.70874547958374
T58	1	0076_polars_coverage_three.md	3	2195	0.47870666	-10.471210479736328
T58	2	0007_the_binding_prelude_evidence.md	1	118	0.52845705	-5.883325576782227
T58	2	0007_the_binding_prelude_evidence.md	2	119	0.4067085	-6.237900733947754
T58	2	0007_the_binding_prelude_evidence.md	3	117	0.37516284	-10.101997375488281
T58	3	0073_polars_generator_evidence.md	1	2108	0.5191146	-0.28347456455230713
T58	3	0073_polars_generator_evidence.md	2	2095	0.42472145	-1.5725364685058594
T58	3	0073_polars_generator_evidence.md	3	2096	0.39772514	0.6345046758651733
T58	4	0004_vars_and_help.md	1	53	0.5184674	-7.575069427490234
T58	4	0004_vars_and_help.md	2	50	0.48153108	-4.600576400756836
T58	4	0004_vars_and_help.md	3	51	0.45214456	-9.27651309967041
T58	5	0113_polars_nonserde_generic_trait_impls_evidence.md	1	2937	0.4941278	0.3804481029510498
T58	5	0113_polars_nonserde_generic_trait_impls_evidence.md	2	2932	0.3967266	-8.032550811767578
T58	5	0113_polars_nonserde_generic_trait_impls_evidence.md	3	2942	0.37962458	-0.4179573357105255
T58	6	0119_polars_arrow_value_layer_evidence.md	1	3100	0.49010146	2.593451499938965
T58	6	0119_polars_arrow_value_layer_evidence.md	2	3097	0.4001187	-7.985150337219238
T58	6	0119_polars_arrow_value_layer_evidence.md	3	3105	0.3475047	-9.34345817565918
T58	7	0093_polars_checked_integer_readback_evidence.md	1	2568	0.48949492	0.026701830327510834
T58	7	0093_polars_checked_integer_readback_evidence.md	2	2563	0.46281242	-4.950852870941162
T58	7	0093_polars_checked_integer_readback_evidence.md	3	2557	0.37869486	-3.210892677307129
T58	8	0099_polars_numeric_chunk_snapshots_evidence.md	1	2682	0.4863746	0.34098541736602783
T58	8	0099_polars_numeric_chunk_snapshots_evidence.md	2	2684	0.3207256	-2.3892061710357666
T58	8	0099_polars_numeric_chunk_snapshots_evidence.md	3	2678	0.31398642	-3.9705398082733154
T58	9	0076_polars_coverage_three_evidence.md	1	2229	0.4861199	-6.606721878051758
T58	9	0076_polars_coverage_three_evidence.md	2	2215	0.45821375	-5.927077293395996
T58	9	0076_polars_coverage_three_evidence.md	3	2225	0.43214044	-4.839280605316162
T58	10	0091_polars_bounded_integer_indices_evidence.md	1	2529	0.47676486	-0.013065282255411148
T58	10	0091_polars_bounded_integer_indices_evidence.md	2	2525	0.39804465	-6.993514537811279
T58	10	0091_polars_bounded_integer_indices_evidence.md	3	2528	0.33479682	-7.290201187133789
T58	11	0114_polars_gen_module_split.md	1	2955	0.47157025	-7.346017837524414
T58	11	0114_polars_gen_module_split.md	2	2952	0.46392128	-10.582087516784668
T58	11	0114_polars_gen_module_split.md	3	2956	0.46306142	-9.544095039367676
T58	12	0098_polars_float_trait_bounds_evidence.md	1	2663	0.46959218	-2.3062005043029785
T58	12	0098_polars_float_trait_bounds_evidence.md	2	2658	0.4223958	-7.375676155090332
T58	12	0098_polars_float_trait_bounds_evidence.md	3	2655	0.37284517	-8.614595413208008
T58	13	0096_polars_null_aware_numeric_vectors_evidence.md	1	2623	0.46942502	-4.316747665405273
T58	13	0096_polars_null_aware_numeric_vectors_evidence.md	2	2624	0.45642644	-5.257851600646973
T58	13	0096_polars_null_aware_numeric_vectors_evidence.md	3	2622	0.39841285	-6.379650115966797
T58	14	0080_polars_callback_bindings.md	1	2353	0.46641874	-5.820226669311523
T58	14	0080_polars_callback_bindings.md	2	2345	0.43234128	-4.935485363006592
T58	14	0080_polars_callback_bindings.md	3	2354	0.42607504	-3.2729992866516113
T58	15	0117_polars_trait_arguments_evidence.md	1	3047	0.4660709	-1.1708334684371948
T58	15	0117_polars_trait_arguments_evidence.md	2	3053	0.4529395	-2.2159321308135986
T58	15	0117_polars_trait_arguments_evidence.md	3	3048	0.40559283	-9.286808013916016
T58	16	0092_polars_typed_left_subtraction.md	1	2537	0.4649262	-9.965007781982422
T58	16	0092_polars_typed_left_subtraction.md	2	2538	0.38676596	-4.590754508972168
T58	16	0092_polars_typed_left_subtraction.md	3	2539	0.344589	-11.43069839477539
T58	17	0077_polars_iterator_returns_evidence.md	1	2253	0.46377957	-3.692709445953369
T58	17	0077_polars_iterator_returns_evidence.md	2	2249	0.41138184	-5.764088153839111
T58	17	0077_polars_iterator_returns_evidence.md	3	2251	0.34507143	-6.638579368591309
T58	18	0101_polars_indexed_chunk_snapshots_evidence.md	1	2720	0.4637434	-1.3332009315490723
T58	18	0101_polars_indexed_chunk_snapshots_evidence.md	2	2719	0.34129107	-8.675189971923828
T58	18	0101_polars_indexed_chunk_snapshots_evidence.md	3	2710	0.3326956	-9.169488906860352
T58	19	0082_polars_borrowed_slice_bindings.md	1	2385	0.4632715	1.7488418817520142
T58	19	0082_polars_borrowed_slice_bindings.md	2	2383	0.37748876	-9.550049781799316
T58	19	0082_polars_borrowed_slice_bindings.md	3	2380	0.33625266	-8.838323593139648
T58	20	0123_schema_display_and_cast_evidence.md	1	3194	0.4625002	-1.878435730934143
T58	20	0123_schema_display_and_cast_evidence.md	2	3196	0.42795703	-5.311822891235352
T58	20	0123_schema_display_and_cast_evidence.md	3	3204	0.40895012	-6.015348434448242
T58	21	0022_a_child_that_is_told_what_to_do.md	1	341	0.46054533	-10.184549331665039
T58	21	0022_a_child_that_is_told_what_to_do.md	2	342	0.4099991	-10.434686660766602
T58	21	0022_a_child_that_is_told_what_to_do.md	3	340	0.29007617	-11.425373077392578
T58	22	0030_answering_before_building_the_context.md	1	590	0.45889008	-10.482606887817383
T58	22	0030_answering_before_building_the_context.md	2	593	0.37886834	-11.395624160766602
T58	22	0030_answering_before_building_the_context.md	3	592	0.32810977	-11.100593566894531
T58	23	0007_the_binding_prelude.md	1	109	0.45873153	-6.9949164390563965
T58	23	0007_the_binding_prelude.md	2	112	0.4378972	-5.8667497634887695
T58	23	0007_the_binding_prelude.md	3	108	0.3930892	-4.3521318435668945
T58	24	0127_pivot.md	1	3313	0.45851812	-7.388099193572998
T58	24	0127_pivot.md	2	3312	0.35164374	-11.090761184692383
T58	24	0127_pivot.md	3	3311	0.2717299	-10.177206039428711
T58	25	0041_the_same_name_wherever_the_method_went_missing_evidence.md	1	898	0.45654392	-7.339504241943359
T58	25	0041_the_same_name_wherever_the_method_went_missing_evidence.md	2	899	0.37655956	-9.118305206298828
T58	25	0041_the_same_name_wherever_the_method_went_missing_evidence.md	3	900	0.1437078	-11.44911003112793
T58	26	0097_polars_sized_self_slices_evidence.md	1	2641	0.4560081	-5.0549774169921875
T58	26	0097_polars_sized_self_slices_evidence.md	2	2637	0.42525452	-5.49954891204834
T58	26	0097_polars_sized_self_slices_evidence.md	3	2645	0.4188001	-2.7700366973876953
T58	27	0057_a_project_declares_what_its_executable_contains_loader_evidence.md	1	1374	0.45407662	-9.335489273071289
T58	27	0057_a_project_declares_what_its_executable_contains_loader_evidence.md	2	1373	0.40434462	-7.376363277435303
T58	27	0057_a_project_declares_what_its_executable_contains_loader_evidence.md	3	1375	0.3909712	-9.491947174072266
T58	28	0059_a_project_run_is_an_everyday_launch_default_evidence.md	1	1473	0.4535321	-9.778087615966797
T58	28	0059_a_project_run_is_an_everyday_launch_default_evidence.md	2	1471	0.3434176	-7.366086483001709
T58	28	0059_a_project_run_is_an_everyday_launch_default_evidence.md	3	1472	0.30758923	-7.205237865447998
T58	29	0115_polars_gen_family_registry_evidence.md	1	2999	0.4529604	-4.442051887512207
T58	29	0115_polars_gen_family_registry_evidence.md	2	2986	0.42933244	-6.275028228759766
T58	29	0115_polars_gen_family_registry_evidence.md	3	2985	0.4013582	-9.689842224121094
T58	30	0074_polars_rc2_forward_probe_evidence.md	1	2115	0.45272577	-5.417727470397949
T58	30	0074_polars_rc2_forward_probe_evidence.md	2	2153	0.38540676	-8.858634948730469
T58	30	0074_polars_rc2_forward_probe_evidence.md	3	2149	0.3494518	-9.546188354492188
T58	31	0112_polars_generic_trait_impls.md	1	2900	0.45255253	-7.3310651779174805
T58	31	0112_polars_generic_trait_impls.md	2	2901	0.40016055	-3.639801502227783
T58	31	0112_polars_generic_trait_impls.md	3	2895	0.32627183	-9.748779296875
T58	32	0003_completion.md	1	39	0.4518761	-4.371492385864258
T58	32	0003_completion.md	2	33	0.40113187	-10.819835662841797
T58	32	0003_completion.md	3	34	0.32183254	-10.775849342346191
T58	33	0079_polars_callbacks_evidence.md	1	2323	0.4497514	-3.34322452545166
T58	33	0079_polars_callbacks_evidence.md	2	2322	0.4410755	-6.34099006652832
T58	33	0079_polars_callbacks_evidence.md	3	2314	0.3845173	-7.013530731201172
T58	34	0115_polars_gen_family_registry.md	1	2975	0.44944635	-10.168335914611816
T58	34	0115_polars_gen_family_registry.md	2	2977	0.42807597	-7.659655570983887
T58	34	0115_polars_gen_family_registry.md	3	2972	0.40757078	-9.04891586303711
T58	35	0077_polars_iterator_returns.md	1	2242	0.44877982	-7.793784141540527
T58	35	0077_polars_iterator_returns.md	2	2240	0.35021618	-8.437750816345215
T58	35	0077_polars_iterator_returns.md	3	2237	0.33659315	-8.21685791015625
T58	36	0059_a_project_run_is_an_everyday_launch_stage_one_evidence.md	1	1479	0.447987	-9.319766998291016
T58	36	0059_a_project_run_is_an_everyday_launch_stage_one_evidence.md	2	1480	0.33268112	-8.020469665527344
T58	36	0059_a_project_run_is_an_everyday_launch_stage_one_evidence.md	3	1481	0.29720625	-11.32453727722168
T58	37	0016_a_childs_bytes_evidence.md	1	240	0.4475733	-9.951030731201172
T58	37	0016_a_childs_bytes_evidence.md	2	243	0.2693	-11.334064483642578
T58	37	0016_a_childs_bytes_evidence.md	3	241	0.257953	-11.39871883392334
T58	38	0120_polars_arrow_concrete_arrays_evidence.md	1	3142	0.44613966	-8.920618057250977
T58	38	0120_polars_arrow_concrete_arrays_evidence.md	2	3139	0.41388384	-6.124199867248535
T58	38	0120_polars_arrow_concrete_arrays_evidence.md	3	3125	0.40238607	-7.871654510498047
T58	39	0005_the_allocation_ceiling.md	1	69	0.44595426	-3.8326497077941895
T58	39	0005_the_allocation_ceiling.md	2	66	0.32763365	-8.26234245300293
T58	39	0005_the_allocation_ceiling.md	3	71	0.3206241	-6.164228439331055
T58	40	0078_polars_constructors_operators_evidence.md	1	2272	0.44329682	-7.736816883087158
T58	40	0078_polars_constructors_operators_evidence.md	2	2268	0.36881185	-2.6996910572052
T58	40	0078_polars_constructors_operators_evidence.md	3	2280	0.36792454	-6.772469520568848
T66	1	0089_polars_integer_generic_arg_extrema.md	1	2490	0.45726153	-7.801143646240234
T66	1	0089_polars_integer_generic_arg_extrema.md	2	2489	0.2866079	-10.412040710449219
T66	1	0089_polars_integer_generic_arg_extrema.md	3	2494	0.21610685	-11.229921340942383
T66	2	0074_polars_rc2_forward_probe.md	1	2113	0.43651515	-2.694547414779663
T66	2	0074_polars_rc2_forward_probe.md	2	2109	0.35238302	-6.234654903411865
T66	2	0074_polars_rc2_forward_probe.md	3	2110	0.30368012	-9.783180236816406
T66	3	0081_polars_narrow_integer_dtypes.md	1	2367	0.4321225	-5.6913743019104
T66	3	0081_polars_narrow_integer_dtypes.md	2	2366	0.28757054	-7.868900775909424
T66	3	0081_polars_narrow_integer_dtypes.md	3	2370	0.17748876	-11.36349868774414
T66	4	0075_polars_coverage_two.md	1	2155	0.42672178	-6.371725082397461
T66	4	0075_polars_coverage_two.md	2	2156	0.3406798	-3.350477457046509
T66	4	0075_polars_coverage_two.md	3	2162	0.19876546	-11.434301376342773
T66	5	0078_polars_constructors_operators_evidence.md	1	2279	0.42662293	-5.634099960327148
T66	5	0078_polars_constructors_operators_evidence.md	2	2278	0.33399197	-8.419661521911621
T66	5	0078_polars_constructors_operators_evidence.md	3	2266	0.33157155	-9.308425903320313
T66	6	0075_polars_coverage_two_evidence.md	1	2180	0.41582358	-10.976037979125977
T66	6	0075_polars_coverage_two_evidence.md	2	2164	0.34612617	-3.461740732192993
T66	6	0075_polars_coverage_two_evidence.md	3	2166	0.33622938	-10.422865867614746
T66	7	0058_a_small_dataframe_pipeline_through_the_same_engine.md	1	1410	0.4105716	-10.333440780639648
T66	7	0058_a_small_dataframe_pipeline_through_the_same_engine.md	2	1393	0.3982707	-8.969301223754883
T66	7	0058_a_small_dataframe_pipeline_through_the_same_engine.md	3	1398	0.38134062	-6.910773754119873
T66	8	0073_polars_generator.md	1	2085	0.40198475	-5.173772811889648
T66	8	0073_polars_generator.md	2	2090	0.30360588	-8.706429481506348
T66	8	0073_polars_generator.md	3	2087	0.30135256	-5.34820556640625
T66	9	0058_a_small_dataframe_pipeline_through_the_same_engine_assembly_evidence.md	1	1414	0.40050533	-9.065185546875
T66	9	0058_a_small_dataframe_pipeline_through_the_same_engine_assembly_evidence.md	2	1413	0.30982587	-9.268991470336914
T66	9	0058_a_small_dataframe_pipeline_through_the_same_engine_assembly_evidence.md	3	1416	0.26826105	-10.70181655883789
T66	10	0069_shared_compilation_probe_evidence.md	1	1988	0.39817435	-9.564752578735352
T66	10	0069_shared_compilation_probe_evidence.md	2	1985	0.33787182	-8.868091583251953
T66	10	0069_shared_compilation_probe_evidence.md	3	1990	0.27683723	-7.871837615966797
T66	11	0080_polars_callback_bindings.md	1	2357	0.39261088	-9.226800918579102
T66	11	0080_polars_callback_bindings.md	2	2345	0.31013635	-10.838844299316406
T66	11	0080_polars_callback_bindings.md	3	2341	0.27456087	-9.590252876281738
T66	12	0114_polars_gen_module_split.md	1	2946	0.3917252	-9.515861511230469
T66	12	0114_polars_gen_module_split.md	2	2952	0.34578064	-9.979002952575684
T66	12	0114_polars_gen_module_split.md	3	2944	0.23551951	-10.88178825378418
T66	13	0095_polars_typed_left_division_and_remainder.md	1	2593	0.38445085	-9.912294387817383
T66	13	0095_polars_typed_left_division_and_remainder.md	2	2595	0.25179058	-10.495922088623047
T66	13	0095_polars_typed_left_division_and_remainder.md	3	2596	0.24691142	-8.983526229858398
T66	14	0058_a_small_dataframe_pipeline_through_the_same_engine_engine_thread_evidence.md	1	1436	0.38312304	-9.250185012817383
T66	14	0058_a_small_dataframe_pipeline_through_the_same_engine_engine_thread_evidence.md	2	1437	0.332607	-9.098770141601563
T66	14	0058_a_small_dataframe_pipeline_through_the_same_engine_engine_thread_evidence.md	3	1434	0.3314021	-7.097124099731445
T66	15	0108_polars_v2_rust_api_baseline_evidence.md	1	2830	0.3797432	-8.286947250366211
T66	15	0108_polars_v2_rust_api_baseline_evidence.md	2	2832	0.34291077	-7.051818370819092
T66	15	0108_polars_v2_rust_api_baseline_evidence.md	3	2831	0.2933015	-9.385589599609375
T66	16	0128_polars_shipping_decision.md	1	3330	0.37848368	-7.78786563873291
T66	16	0128_polars_shipping_decision.md	2	3331	0.3236341	-9.100717544555664
T66	16	0128_polars_shipping_decision.md	3	3336	0.2511675	-11.4603853225708
T66	17	0090_polars_numeric_peak_boundaries_evidence.md	1	2512	0.37688082	-8.901686668395996
T66	17	0090_polars_numeric_peak_boundaries_evidence.md	2	2511	0.32961357	-8.511631965637207
T66	17	0090_polars_numeric_peak_boundaries_evidence.md	3	2517	0.21898253	-11.397235870361328
T66	18	0067_git_source_workflow_evidence.md	1	1867	0.37630346	-6.613038063049316
T66	18	0067_git_source_workflow_evidence.md	2	1866	0.18085656	-11.393692970275879
T66	18	0067_git_source_workflow_evidence.md	3	1868	0.16063449	-11.47382926940918
T66	19	0115_polars_gen_family_registry_evidence.md	1	2995	0.37545052	-7.997053146362305
T66	19	0115_polars_gen_family_registry_evidence.md	2	2986	0.33605546	-5.292880058288574
T66	19	0115_polars_gen_family_registry_evidence.md	3	2999	0.22467734	-11.216344833374023
T66	20	0070_costs_and_regression_evidence.md	1	2013	0.37454206	-7.6514410972595215
T66	20	0070_costs_and_regression_evidence.md	2	2012	0.34134805	-9.308792114257813
T66	20	0070_costs_and_regression_evidence.md	3	2011	0.25151837	-9.091462135314941
T66	21	0079_polars_callbacks.md	1	2293	0.37338254	-7.411238670349121
T66	21	0079_polars_callbacks.md	2	2311	0.3620008	-10.951087951660156
T66	21	0079_polars_callbacks.md	3	2299	0.33953	-8.312841415405273
T66	22	0066_removal_is_an_explicit_ownership_decision_closing_evidence.md	1	1816	0.37027985	-8.175735473632813
T66	22	0066_removal_is_an_explicit_ownership_decision_closing_evidence.md	2	1820	0.21171384	-10.640356063842773
T66	22	0066_removal_is_an_explicit_ownership_decision_closing_evidence.md	3	1814	0.17828529	-11.380331993103027
T66	23	0092_polars_typed_left_subtraction.md	1	2535	0.36807758	-9.628439903259277
T66	23	0092_polars_typed_left_subtraction.md	2	2536	0.30993164	-7.551551818847656
T66	23	0092_polars_typed_left_subtraction.md	3	2534	0.22529308	-9.935980796813965
T66	24	0091_polars_bounded_integer_indices_evidence.md	1	2525	0.3668283	-8.894258499145508
T66	24	0091_polars_bounded_integer_indices_evidence.md	2	2531	0.24269104	-8.676122665405273
T66	24	0091_polars_bounded_integer_indices_evidence.md	3	2529	0.21639971	-10.372369766235352
T66	25	0074_polars_rc2_forward_probe_evidence.md	1	2125	0.36587283	-9.99039077758789
T66	25	0074_polars_rc2_forward_probe_evidence.md	2	2122	0.3645018	-9.480474472045898
T66	25	0074_polars_rc2_forward_probe_evidence.md	3	2142	0.35451123	-9.653457641601563
T66	26	0130_polars_test_limit_isolation.md	1	3378	0.36577904	-6.689846038818359
T66	26	0130_polars_test_limit_isolation.md	2	3375	0.27586678	-8.692386627197266
T66	26	0130_polars_test_limit_isolation.md	3	3376	0.17373411	-11.392305374145508
T66	27	0125_loading_evidence.md	1	3257	0.36533388	-1.2628769874572754
T66	27	0125_loading_evidence.md	2	3258	0.3221215	-5.435155868530273
T66	27	0125_loading_evidence.md	3	3253	0.251307	-9.728620529174805
T66	28	0062_an_adapter_name_becomes_a_declaration_implementation_evidence.md	1	1576	0.36354235	-6.700976371765137
T66	28	0062_an_adapter_name_becomes_a_declaration_implementation_evidence.md	2	1575	0.34478825	-5.946418285369873
T66	28	0062_an_adapter_name_becomes_a_declaration_implementation_evidence.md	3	1579	0.2602742	-9.17911148071289
T66	29	0129_candle_workflow_evidence.md	1	3361	0.3622636	-8.817651748657227
T66	29	0129_candle_workflow_evidence.md	2	3372	0.34283322	-7.402945518493652
T66	29	0129_candle_workflow_evidence.md	3	3358	0.31038505	-11.026388168334961
T66	30	0058_a_small_dataframe_pipeline_through_the_same_engine_cost_evidence.md	1	1431	0.36179647	-10.008100509643555
T66	30	0058_a_small_dataframe_pipeline_through_the_same_engine_cost_evidence.md	2	1430	0.3289897	-9.122566223144531
T66	30	0058_a_small_dataframe_pipeline_through_the_same_engine_cost_evidence.md	3	1426	0.23666652	-10.772706985473633
T66	31	0119_polars_arrow_value_layer.md	1	3087	0.3598356	-9.031007766723633
T66	31	0119_polars_arrow_value_layer.md	2	3094	0.23950717	-9.728019714355469
T66	31	0119_polars_arrow_value_layer.md	3	3088	0.23208892	-8.7234525680542
T66	32	0093_polars_checked_integer_readback_evidence.md	1	2560	0.35970673	-7.439668655395508
T66	32	0093_polars_checked_integer_readback_evidence.md	2	2566	0.24831797	-7.024628639221191
T66	32	0093_polars_checked_integer_readback_evidence.md	3	2557	0.23725688	-9.796588897705078
T66	33	0063_a_session_can_request_its_next_executable_acceptance_evidence.md	1	1601	0.35931286	-9.149735450744629
T66	33	0063_a_session_can_request_its_next_executable_acceptance_evidence.md	2	1599	0.30937886	-6.740973472595215
T66	33	0063_a_session_can_request_its_next_executable_acceptance_evidence.md	3	1600	0.20824842	-10.005338668823242
T66	34	0065_a_launch_checks_each_native_file_once_regression_evidence.md	1	1765	0.35889095	-9.263120651245117
T66	34	0065_a_launch_checks_each_native_file_once_regression_evidence.md	2	1766	0.2769312	-5.767683982849121
T66	34	0065_a_launch_checks_each_native_file_once_regression_evidence.md	3	1770	0.27245834	-6.386962413787842
T66	35	0076_polars_coverage_three_evidence.md	1	2222	0.35526508	-9.004751205444336
T66	35	0076_polars_coverage_three_evidence.md	2	2218	0.29333642	-10.162772178649902
T66	35	0076_polars_coverage_three_evidence.md	3	2206	0.25549692	-0.9780466556549072
T66	36	0108_polars_v2_rust_api_baseline.md	1	2824	0.3543338	-6.632233619689941
T66	36	0108_polars_v2_rust_api_baseline.md	2	2823	0.3442293	-8.705223083496094
T66	36	0108_polars_v2_rust_api_baseline.md	3	2829	0.19773456	-8.978477478027344
T66	37	0124_preview_dtypes_and_columns.md	1	3213	0.35244998	-8.954239845275879
T66	37	0124_preview_dtypes_and_columns.md	2	3211	0.3201552	-9.084844589233398
T66	37	0124_preview_dtypes_and_columns.md	3	3207	0.28908193	-11.023904800415039
T66	38	0122_workflow_probe_evidence.md	1	3174	0.3511855	-9.449553489685059
T66	38	0122_workflow_probe_evidence.md	2	3171	0.32502434	-9.705031394958496
T66	38	0122_workflow_probe_evidence.md	3	3173	0.31691998	-9.860672950744629
T66	39	0115_polars_gen_family_registry.md	1	2976	0.35009438	-6.444480895996094
T66	39	0115_polars_gen_family_registry.md	2	2975	0.21203083	-11.432401657104492
T66	39	0115_polars_gen_family_registry.md	3	2974	0.1572223	-11.484453201293945
T66	40	0058_a_small_dataframe_pipeline_through_the_same_engine_boundary_evidence.md	1	1418	0.3499542	-7.966328144073486
T66	40	0058_a_small_dataframe_pipeline_through_the_same_engine_boundary_evidence.md	2	1424	0.3175325	-9.643770217895508
T66	40	0058_a_small_dataframe_pipeline_through_the_same_engine_boundary_evidence.md	3	1423	0.24878198	-10.382335662841797
T67	1	0097_polars_sized_self_slices.md	1	2632	0.5389676	0.8566771745681763
T67	1	0097_polars_sized_self_slices.md	2	2633	0.45505205	1.5048370361328125
T67	1	0097_polars_sized_self_slices.md	3	2631	0.34932774	-2.7791147232055664
T67	2	0103_polars_typed_chunk_iterator_snapshots.md	1	2741	0.5350761	4.788402080535889
T67	2	0103_polars_typed_chunk_iterator_snapshots.md	2	2744	0.44599172	2.4808316230773926
T67	2	0103_polars_typed_chunk_iterator_snapshots.md	3	2746	0.35179952	0.767686665058136
T67	3	0119_polars_arrow_value_layer_evidence.md	1	3097	0.52450573	-1.9503496885299683
T67	3	0119_polars_arrow_value_layer_evidence.md	2	3104	0.3905501	-9.249068260192871
T67	3	0119_polars_arrow_value_layer_evidence.md	3	3098	0.30811983	-10.659709930419922
T67	4	0082_polars_borrowed_slice_bindings_evidence.md	1	2387	0.49967343	-0.5190452933311462
T67	4	0082_polars_borrowed_slice_bindings_evidence.md	2	2390	0.38813868	-2.225310802459717
T67	4	0082_polars_borrowed_slice_bindings_evidence.md	3	2388	0.37940967	-10.865211486816406
T67	5	0058_a_small_dataframe_pipeline_through_the_same_engine.md	1	1398	0.49622494	-2.3255202770233154
T67	5	0058_a_small_dataframe_pipeline_through_the_same_engine.md	2	1393	0.46289793	-4.596724987030029
T67	5	0058_a_small_dataframe_pipeline_through_the_same_engine.md	3	1410	0.42445186	-9.904747009277344
T67	6	0118_polars_in_memory_io_evidence.md	1	3074	0.4860056	-3.4525303840637207
T67	6	0118_polars_in_memory_io_evidence.md	2	3082	0.34343162	-10.612621307373047
T67	6	0118_polars_in_memory_io_evidence.md	3	3080	0.32503867	-6.335419654846191
T67	7	0114_polars_gen_module_split.md	1	2946	0.48313797	-6.160180568695068
T67	7	0114_polars_gen_module_split.md	2	2952	0.47954595	-8.99827766418457
T67	7	0114_polars_gen_module_split.md	3	2949	0.37948757	-8.606379508972168
T67	8	0079_polars_callbacks.md	1	2285	0.48303366	-2.487079381942749
T67	8	0079_polars_callbacks.md	2	2291	0.47564054	-8.790483474731445
T67	8	0079_polars_callbacks.md	3	2311	0.44529328	-8.10486125946045
T67	9	0084_polars_function_generic_inputs_evidence.md	1	2425	0.48139295	3.0461649894714355
T67	9	0084_polars_function_generic_inputs_evidence.md	2	2426	0.39263228	0.11455310881137848
T67	9	0084_polars_function_generic_inputs_evidence.md	3	2432	0.3249177	-9.565357208251953
T67	10	0074_polars_rc2_forward_probe_evidence.md	1	2127	0.4771587	-9.187444686889648
T67	10	0074_polars_rc2_forward_probe_evidence.md	2	2141	0.45175296	-3.4778566360473633
T67	10	0074_polars_rc2_forward_probe_evidence.md	3	2126	0.4491897	-9.455910682678223
T67	11	0085_polars_validity_bitmap_snapshots_evidence.md	1	2440	0.4744808	0.33948564529418945
T67	11	0085_polars_validity_bitmap_snapshots_evidence.md	2	2439	0.29395664	-2.143082857131958
T67	11	0085_polars_validity_bitmap_snapshots_evidence.md	3	2441	0.26396924	-2.7874040603637695
T67	12	0092_polars_typed_left_subtraction.md	1	2535	0.4742335	-6.1140546798706055
T67	12	0092_polars_typed_left_subtraction.md	2	2536	0.40768525	-1.214493989944458
T67	12	0092_polars_typed_left_subtraction.md	3	2534	0.2863294	-5.318158149719238
T67	13	0125_loading.md	1	3245	0.47268754	-2.394338846206665
T67	13	0125_loading.md	2	3239	0.3850321	-7.481729984283447
T67	13	0125_loading.md	3	3240	0.36323422	-7.518228530883789
T67	14	0098_polars_float_trait_bounds.md	1	2650	0.47116315	3.982302188873291
T67	14	0098_polars_float_trait_bounds.md	2	2649	0.36322203	-1.2664194107055664
T67	14	0098_polars_float_trait_bounds.md	3	2648	0.22611743	-5.614780426025391
T67	15	0083_polars_function_generics_census.md	1	2400	0.46876338	-3.4285759925842285
T67	15	0083_polars_function_generics_census.md	2	2399	0.39998874	-3.0925381183624268
T67	15	0083_polars_function_generics_census.md	3	2401	0.3125733	-9.887811660766602
T67	16	0089_polars_integer_generic_arg_extrema.md	1	2490	0.46775243	-8.007125854492188
T67	16	0089_polars_integer_generic_arg_extrema.md	2	2491	0.35952345	-0.4082834720611572
T67	16	0089_polars_integer_generic_arg_extrema.md	3	2493	0.35120487	-4.819299221038818
T67	17	0103_polars_typed_chunk_iterator_snapshots_evidence.md	1	2748	0.46662065	-4.820399761199951
T67	17	0103_polars_typed_chunk_iterator_snapshots_evidence.md	2	2749	0.32788664	1.0755727291107178
T67	17	0103_polars_typed_chunk_iterator_snapshots_evidence.md	3	2747	0.31472862	-2.1787877082824707
T67	18	0109_polars_move_semantics.md	1	2844	0.46619478	0.8070903420448303
T67	18	0109_polars_move_semantics.md	2	2846	0.22744544	-10.805925369262695
T67	18	0109_polars_move_semantics.md	3	2843	0.2116306	-11.256519317626953
T67	19	0087_polars_chunk_length_snapshots.md	1	2464	0.46608612	1.3995853662490845
T67	19	0087_polars_chunk_length_snapshots.md	2	2463	0.340839	-0.3780584931373596
T67	19	0087_polars_chunk_length_snapshots.md	3	2466	0.25920683	-9.211580276489258
T67	20	0122_workflow_probe_evidence.md	1	3173	0.46563575	-7.735028266906738
T67	20	0122_workflow_probe_evidence.md	2	3174	0.44928756	-10.579507827758789
T67	20	0122_workflow_probe_evidence.md	3	3180	0.31829083	-4.824191570281982
T67	21	0096_polars_null_aware_numeric_vectors.md	1	2615	0.46464837	-2.543684959411621
T67	21	0096_polars_null_aware_numeric_vectors.md	2	2613	0.46142036	0.5514190793037415
T67	21	0096_polars_null_aware_numeric_vectors.md	3	2612	0.3407563	-2.9192066192626953
T67	22	0108_polars_v2_rust_api_baseline_evidence.md	1	2832	0.46159783	-4.552529335021973
T67	22	0108_polars_v2_rust_api_baseline_evidence.md	2	2830	0.3959447	-8.313451766967773
T67	22	0108_polars_v2_rust_api_baseline_evidence.md	3	2831	0.2937617	-9.117246627807617
T67	23	0084_polars_function_generic_inputs.md	1	2417	0.45967105	1.4921503067016602
T67	23	0084_polars_function_generic_inputs.md	2	2418	0.37741423	0.1500648409128189
T67	23	0084_polars_function_generic_inputs.md	3	2421	0.37581238	-6.43533992767334
T67	24	0073_polars_generator.md	1	2090	0.45924148	-5.838203430175781
T67	24	0073_polars_generator.md	2	2086	0.44437373	-6.294240951538086
T67	24	0073_polars_generator.md	3	2085	0.44195116	-6.246302604675293
T67	25	0127_pivot.md	1	3316	0.4553563	-6.002461910247803
T67	25	0127_pivot.md	2	3307	0.44814035	-1.9577733278274536
T67	25	0127_pivot.md	3	3306	0.3793916	-8.338935852050781
T67	26	0077_polars_iterator_returns_evidence.md	1	2244	0.45486495	1.2139719724655151
T67	26	0077_polars_iterator_returns_evidence.md	2	2248	0.4316393	-2.253726005554199
T67	26	0077_polars_iterator_returns_evidence.md	3	2247	0.3565219	0.5321993231773376
T67	27	0072_binding_surface_probe.md	1	2077	0.45286146	0.6414002180099487
T67	27	0072_binding_surface_probe.md	2	2078	0.36638403	-7.514081001281738
T67	27	0072_binding_surface_probe.md	3	2080	0.33376357	-9.149580001831055
T67	28	0071_polars_version.md	1	2039	0.45274305	-2.750048875808716
T67	28	0071_polars_version.md	2	2040	0.32698566	-9.413232803344727
T67	29	0082_polars_borrowed_slice_bindings.md	1	2381	0.451517	-0.0028341636061668396
T67	29	0082_polars_borrowed_slice_bindings.md	2	2384	0.4203377	-4.786786079406738
T67	29	0082_polars_borrowed_slice_bindings.md	3	2382	0.40725222	1.4582582712173462
T67	30	0100_polars_scalar_chunk_snapshots.md	1	2686	0.45086652	0.9232028126716614
T67	30	0100_polars_scalar_chunk_snapshots.md	2	2688	0.2868026	-4.248355388641357
T67	30	0100_polars_scalar_chunk_snapshots.md	3	2685	0.19810484	-6.261384010314941
T67	31	0106_polars_chunk_layout_snapshots_evidence.md	1	2804	0.44959635	-1.6626646518707275
T67	31	0106_polars_chunk_layout_snapshots_evidence.md	2	2810	0.23843169	-10.910280227661133
T67	31	0106_polars_chunk_layout_snapshots_evidence.md	3	2809	0.23810346	-11.045486450195313
T67	32	0090_polars_numeric_peak_boundaries_evidence.md	1	2512	0.446681	-8.31082534790039
T67	32	0090_polars_numeric_peak_boundaries_evidence.md	2	2511	0.3113288	-7.019956588745117
T67	32	0090_polars_numeric_peak_boundaries_evidence.md	3	2517	0.22229318	-11.463899612426758
T67	33	0077_polars_iterator_returns.md	1	2235	0.44613224	1.3830015659332275
T67	33	0077_polars_iterator_returns.md	2	2236	0.38984326	-4.929258346557617
T67	33	0077_polars_iterator_returns.md	3	2243	0.38942033	-5.166278839111328
T67	34	0096_polars_null_aware_numeric_vectors_evidence.md	1	2622	0.4445326	-4.377833366394043
T67	34	0096_polars_null_aware_numeric_vectors_evidence.md	2	2618	0.33900955	-1.0623633861541748
T67	34	0096_polars_null_aware_numeric_vectors_evidence.md	3	2625	0.32258913	-10.442968368530273
T67	35	0068_interactive_frames_show_a_bounded_preview.md	1	1913	0.44444802	-5.796003818511963
T67	35	0068_interactive_frames_show_a_bounded_preview.md	2	1914	0.42066473	-3.1130282878875732
T67	35	0068_interactive_frames_show_a_bounded_preview.md	3	1915	0.41819358	-5.785553932189941
T67	36	0090_polars_numeric_peak_boundaries.md	1	2506	0.44409394	0.3085111081600189
T67	36	0090_polars_numeric_peak_boundaries.md	2	2510	0.29151952	-8.45257568359375
T67	36	0090_polars_numeric_peak_boundaries.md	3	2507	0.2877918	-6.06496524810791
T67	37	0106_polars_chunk_layout_snapshots.md	1	2797	0.44221836	-2.532623767852783
T67	37	0106_polars_chunk_layout_snapshots.md	2	2800	0.36953193	-2.481260299682617
T67	37	0106_polars_chunk_layout_snapshots.md	3	2796	0.3264009	-6.323508262634277
T67	38	0093_polars_checked_integer_readback_evidence.md	1	2560	0.44189233	-9.084571838378906
T67	38	0093_polars_checked_integer_readback_evidence.md	2	2563	0.35366648	-1.9730221033096313
T67	38	0093_polars_checked_integer_readback_evidence.md	3	2557	0.30505598	-0.9045313596725464
T67	39	0102_polars_single_chunk_array_snapshots.md	1	2725	0.4410523	-2.3287034034729004
T67	39	0102_polars_single_chunk_array_snapshots.md	2	2724	0.4247512	-0.4120257794857025
T67	39	0102_polars_single_chunk_array_snapshots.md	3	2726	0.31466138	-5.505609035491943
T67	40	0079_polars_callbacks_evidence.md	1	2314	0.44067258	-5.541444778442383
T67	40	0079_polars_callbacks_evidence.md	2	2316	0.4177729	-8.66450309753418
T67	40	0079_polars_callbacks_evidence.md	3	2315	0.38196728	-7.463125705718994
T68	1	0072_binding_surface_evidence.md	1	2061	0.5516866	-9.213178634643555
T68	1	0072_binding_surface_evidence.md	2	2050	0.4158959	-7.747397422790527
T68	1	0072_binding_surface_evidence.md	3	2062	0.40233544	-5.9919562339782715
T68	2	0096_polars_null_aware_numeric_vectors.md	1	2615	0.5258813	-3.815096378326416
T68	2	0096_polars_null_aware_numeric_vectors.md	2	2612	0.38417292	-9.037609100341797
T68	2	0096_polars_null_aware_numeric_vectors.md	3	2613	0.34286296	-8.779895782470703
T68	3	0092_polars_typed_left_subtraction.md	1	2536	0.50796396	-2.5747036933898926
T68	3	0092_polars_typed_left_subtraction.md	2	2535	0.451256	-6.590326309204102
T68	3	0092_polars_typed_left_subtraction.md	3	2534	0.3519007	-7.61644172668457
T68	4	0089_polars_integer_generic_arg_extrema.md	1	2490	0.50337565	-4.112088680267334
T68	4	0089_polars_integer_generic_arg_extrema.md	2	2489	0.36860096	-5.962092399597168
T68	4	0089_polars_integer_generic_arg_extrema.md	3	2491	0.326408	-7.487318515777588
T68	5	0074_polars_rc2_forward_probe_evidence.md	1	2126	0.4778938	-7.171147346496582
T68	5	0074_polars_rc2_forward_probe_evidence.md	2	2127	0.47321728	-8.201594352722168
T68	5	0074_polars_rc2_forward_probe_evidence.md	3	2139	0.44999012	-7.77217435836792
T68	6	0123_schema_display_and_cast.md	1	3185	0.46571884	-5.667192459106445
T68	6	0123_schema_display_and_cast.md	2	3188	0.3770327	-5.276821613311768
T68	6	0123_schema_display_and_cast.md	3	3186	0.34456718	-3.6497931480407715
T68	7	0073_polars_generator.md	1	2089	0.45956725	1.134246826171875
T68	7	0073_polars_generator.md	2	2086	0.39254734	-3.2099015712738037
T68	7	0073_polars_generator.md	3	2085	0.3846075	-5.426831245422363
T68	8	0076_polars_coverage_three_evidence.md	1	2218	0.45289773	-5.08507776260376
T68	8	0076_polars_coverage_three_evidence.md	2	2228	0.36968186	-6.896604537963867
T68	8	0076_polars_coverage_three_evidence.md	3	2215	0.36211038	-7.298225402832031
T68	9	0075_polars_coverage_two.md	1	2155	0.45111328	-5.287640571594238
T68	9	0075_polars_coverage_two.md	2	2160	0.3585133	-5.428590774536133
T68	9	0075_polars_coverage_two.md	3	2161	0.256947	-5.3951826095581055
T68	10	0096_polars_null_aware_numeric_vectors_evidence.md	1	2622	0.45034808	-2.663105010986328
T68	10	0096_polars_null_aware_numeric_vectors_evidence.md	2	2621	0.34593922	-11.154380798339844
T68	10	0096_polars_null_aware_numeric_vectors_evidence.md	3	2624	0.3353334	-7.469394683837891
T68	11	0086_polars_validated_bitmap_inputs.md	1	2447	0.44959614	-2.7146077156066895
T68	11	0086_polars_validated_bitmap_inputs.md	2	2448	0.32467556	-6.431293487548828
T68	11	0086_polars_validated_bitmap_inputs.md	3	2446	0.25243303	-7.15740966796875
T68	12	0106_polars_chunk_layout_snapshots.md	1	2800	0.44347322	-6.697602272033691
T68	12	0106_polars_chunk_layout_snapshots.md	2	2796	0.31297603	-8.450515747070313
T68	12	0106_polars_chunk_layout_snapshots.md	3	2797	0.30373025	-9.858391761779785
T68	13	0125_loading.md	1	3245	0.44255206	1.6003551483154297
T68	13	0125_loading.md	2	3240	0.3036095	-7.88028621673584
T68	13	0125_loading.md	3	3239	0.3007486	-7.03821325302124
T68	14	0079_polars_callbacks_evidence.md	1	2316	0.4411606	-5.11004638671875
T68	14	0079_polars_callbacks_evidence.md	2	2314	0.39815292	-3.4349188804626465
T68	14	0079_polars_callbacks_evidence.md	3	2324	0.3269681	-6.8978118896484375
T68	15	0095_polars_typed_left_division_and_remainder_evidence.md	1	2601	0.44066334	-6.217137336730957
T68	15	0095_polars_typed_left_division_and_remainder_evidence.md	2	2605	0.39827058	-3.019434690475464
T68	15	0095_polars_typed_left_division_and_remainder_evidence.md	3	2607	0.27379993	-10.806926727294922
T68	16	0058_a_small_dataframe_pipeline_through_the_same_engine.md	1	1398	0.43541515	-9.20207405090332
T68	16	0058_a_small_dataframe_pipeline_through_the_same_engine.md	2	1393	0.4041011	-6.191563129425049
T68	16	0058_a_small_dataframe_pipeline_through_the_same_engine.md	3	1410	0.39965773	-9.949151039123535
T68	17	0081_polars_narrow_integer_dtypes.md	1	2367	0.4320732	-3.5452253818511963
T68	17	0081_polars_narrow_integer_dtypes.md	2	2366	0.25726023	-6.908902645111084
T68	17	0081_polars_narrow_integer_dtypes.md	3	2369	0.21773957	-7.97701358795166
T68	18	0109_polars_move_semantics.md	1	2844	0.42918497	0.965352475643158
T68	18	0109_polars_move_semantics.md	2	2843	0.15689021	-11.446571350097656
T68	18	0109_polars_move_semantics.md	3	2846	0.11815853	-11.296293258666992
T68	19	0114_polars_gen_module_split.md	1	2946	0.42419615	-8.554573059082031
T68	19	0114_polars_gen_module_split.md	2	2952	0.3373005	-8.295283317565918
T68	19	0114_polars_gen_module_split.md	3	2944	0.27877355	-9.793514251708984
T68	20	0098_polars_float_trait_bounds.md	1	2649	0.4238396	-4.63151741027832
T68	20	0098_polars_float_trait_bounds.md	2	2650	0.41694683	-5.524983882904053
T68	20	0098_polars_float_trait_bounds.md	3	2651	0.33645993	-6.273211479187012
T68	21	0127_pivot_evidence.md	1	3319	0.41994947	-7.224775791168213
T68	21	0127_pivot_evidence.md	2	3323	0.4067332	-7.359052658081055
T68	21	0127_pivot_evidence.md	3	3327	0.31801668	-9.561622619628906
T68	22	0091_polars_bounded_integer_indices_evidence.md	1	2525	0.41752815	-3.390407085418701
T68	22	0091_polars_bounded_integer_indices_evidence.md	2	2529	0.30337465	-4.837601661682129
T68	22	0091_polars_bounded_integer_indices_evidence.md	3	2526	0.26083887	-11.313756942749023
T68	23	0092_polars_typed_left_subtraction_evidence.md	1	2543	0.41533655	-6.664431571960449
T68	23	0092_polars_typed_left_subtraction_evidence.md	2	2540	0.3977519	-3.084963798522949
T68	23	0092_polars_typed_left_subtraction_evidence.md	3	2541	0.36503705	-6.837313652038574
T68	24	0082_polars_borrowed_slice_bindings.md	1	2381	0.41302475	-8.484888076782227
T68	24	0082_polars_borrowed_slice_bindings.md	2	2384	0.38852274	-11.310907363891602
T68	24	0082_polars_borrowed_slice_bindings.md	3	2382	0.27716815	-9.991134643554688
T68	25	0058_a_small_dataframe_pipeline_through_the_same_engine_assembly_evidence.md	1	1414	0.40795803	-5.570906639099121
T68	25	0058_a_small_dataframe_pipeline_through_the_same_engine_assembly_evidence.md	2	1413	0.27662617	-7.570366859436035
T68	25	0058_a_small_dataframe_pipeline_through_the_same_engine_assembly_evidence.md	3	1412	0.26241758	-9.966487884521484
T68	26	0083_polars_function_generics_census.md	1	2400	0.40696284	-7.168918609619141
T68	26	0083_polars_function_generics_census.md	2	2401	0.29941288	-9.983543395996094
T68	26	0083_polars_function_generics_census.md	3	2398	0.288203	-11.174150466918945
T68	27	0090_polars_numeric_peak_boundaries_evidence.md	1	2512	0.40644738	-6.257045269012451
T68	27	0090_polars_numeric_peak_boundaries_evidence.md	2	2511	0.29688784	-3.057577133178711
T68	27	0090_polars_numeric_peak_boundaries_evidence.md	3	2513	0.28417692	-10.138466835021973
T68	28	0095_polars_typed_left_division_and_remainder.md	1	2593	0.40602055	-7.933673858642578
T68	28	0095_polars_typed_left_division_and_remainder.md	2	2594	0.36357516	-8.520074844360352
T68	28	0095_polars_typed_left_division_and_remainder.md	3	2595	0.3617969	-7.297232627868652
T68	29	0084_polars_function_generic_inputs.md	1	2421	0.40089092	-7.426578521728516
T68	29	0084_polars_function_generic_inputs.md	2	2417	0.33106256	-4.471403121948242
T68	29	0084_polars_function_generic_inputs.md	3	2416	0.3012335	-9.5413236618042
T68	30	0091_polars_bounded_integer_indices.md	1	2521	0.39968982	-7.530488014221191
T68	30	0091_polars_bounded_integer_indices.md	2	2520	0.37585598	-6.137540817260742
T68	30	0091_polars_bounded_integer_indices.md	3	2519	0.3603745	-5.37376594543457
T68	31	0097_polars_sized_self_slices.md	1	2632	0.39947477	-7.626460075378418
T68	31	0097_polars_sized_self_slices.md	2	2631	0.39230844	-5.764344215393066
T68	31	0097_polars_sized_self_slices.md	3	2633	0.30177042	-8.130836486816406
T68	32	0127_pivot.md	1	3306	0.39879727	-7.235326766967773
T68	32	0127_pivot.md	2	3307	0.35152233	-8.276981353759766
T68	32	0127_pivot.md	3	3316	0.3359695	-9.788084983825684
T68	33	0097_polars_sized_self_slices_evidence.md	1	2640	0.39815974	-10.9223051071167
T68	33	0097_polars_sized_self_slices_evidence.md	2	2641	0.34659752	-7.775798320770264
T68	33	0097_polars_sized_self_slices_evidence.md	3	2644	0.33898827	-9.808326721191406
T68	34	0062_an_adapter_name_becomes_a_declaration_implementation_evidence.md	1	1576	0.39650843	-4.264482498168945
T68	34	0062_an_adapter_name_becomes_a_declaration_implementation_evidence.md	2	1575	0.34230217	-7.027335166931152
T68	34	0062_an_adapter_name_becomes_a_declaration_implementation_evidence.md	3	1577	0.22240506	-6.734507083892822
T68	35	0073_polars_generator_evidence.md	1	2099	0.3958281	-4.342300891876221
T68	35	0073_polars_generator_evidence.md	2	2095	0.34375164	-3.423872947692871
T68	35	0073_polars_generator_evidence.md	3	2094	0.29591888	-7.254006862640381
T68	36	0123_schema_display_and_cast_evidence.md	1	3200	0.39506447	-8.536428451538086
T68	36	0123_schema_display_and_cast_evidence.md	2	3191	0.38155967	-3.751680374145508
T68	36	0123_schema_display_and_cast_evidence.md	3	3195	0.36392117	-10.018362045288086
T68	37	0118_polars_in_memory_io_evidence.md	1	3074	0.38906917	-8.039316177368164
T68	37	0118_polars_in_memory_io_evidence.md	2	3079	0.23670137	-11.348028182983398
T68	37	0118_polars_in_memory_io_evidence.md	3	3078	0.2174306	-11.35886001586914
T68	38	0090_polars_numeric_peak_boundaries.md	1	2506	0.38633135	-2.2987399101257324
T68	38	0090_polars_numeric_peak_boundaries.md	2	2507	0.32610127	-4.171902656555176
T68	38	0090_polars_numeric_peak_boundaries.md	3	2510	0.27534646	-6.277626037597656
T68	39	0126_eager_group_by.md	1	3285	0.38414934	-7.358931541442871
T68	39	0126_eager_group_by.md	2	3281	0.33040705	-6.429998397827148
T68	39	0126_eager_group_by.md	3	3283	0.31451392	-7.466890335083008
T68	40	0093_polars_checked_integer_readback_evidence.md	1	2560	0.38075116	-9.243522644042969
T68	40	0093_polars_checked_integer_readback_evidence.md	2	2564	0.2842506	-11.356115341186523
T68	40	0093_polars_checked_integer_readback_evidence.md	3	2557	0.2810785	-5.303865432739258
T70	1	0004_vars_and_help.md	1	54	0.41144466	-6.985391616821289
T70	1	0004_vars_and_help.md	2	47	0.3017263	-7.721946716308594
T70	1	0004_vars_and_help.md	3	53	0.2404775	-9.461910247802734
T70	2	0019_a_value_for_a_human_and_json_when_asked.md	1	267	0.39785418	-1.7215344905853271
T70	2	0019_a_value_for_a_human_and_json_when_asked.md	2	280	0.39014387	-2.855849504470825
T70	2	0019_a_value_for_a_human_and_json_when_asked.md	3	279	0.3492672	0.23249123990535736
T70	3	0036_what_the_process_was_given.md	1	774	0.31777737	-10.19293212890625
T70	3	0036_what_the_process_was_given.md	2	784	0.2528986	-8.106143951416016
T70	3	0036_what_the_process_was_given.md	3	775	0.23027894	-9.066237449645996
T70	4	0010_the_text_helpers.md	1	148	0.30573067	-10.036084175109863
T70	4	0010_the_text_helpers.md	2	151	0.25688723	-8.831884384155273
T70	4	0010_the_text_helpers.md	3	149	0.22905596	-5.261676788330078
T70	5	0002_the_interactive_session.md	1	16	0.29939836	-6.848238945007324
T70	5	0002_the_interactive_session.md	2	17	0.24057335	-8.464200973510742
T70	5	0002_the_interactive_session.md	3	13	0.15752193	-9.598175048828125
T70	6	0004_vars_and_help_evidence.md	1	61	0.2936927	-8.366907119750977
T70	6	0004_vars_and_help_evidence.md	2	55	0.25853992	-9.115907669067383
T70	6	0004_vars_and_help_evidence.md	3	57	0.23026145	-8.896919250488281
T70	7	0014_naming_the_missing_method_evidence.md	1	220	0.2916216	-11.259309768676758
T70	7	0014_naming_the_missing_method_evidence.md	2	216	0.21360551	-10.68313980102539
T70	7	0014_naming_the_missing_method_evidence.md	3	213	0.17622612	-11.457898139953613
T70	8	0019_upstream_enhancement_rtti_field_names.md	1	303	0.29148462	-5.1123504638671875
T70	8	0019_upstream_enhancement_rtti_field_names.md	2	302	0.28029504	-6.53166389465332
T70	8	0019_upstream_enhancement_rtti_field_names.md	3	301	0.27811378	-10.682254791259766
T70	9	0030_upstream_enhancement_registration_cost.md	1	603	0.28674304	-9.183736801147461
T70	9	0030_upstream_enhancement_registration_cost.md	2	599	0.12448823	-11.167966842651367
T70	9	0030_upstream_enhancement_registration_cost.md	3	602	0.08788894	-11.449485778808594
T70	10	0052_one_query_through_the_extension_interface.md	1	1146	0.28367427	-11.339881896972656
T70	10	0052_one_query_through_the_extension_interface.md	2	1141	0.262983	-7.025577545166016
T70	10	0052_one_query_through_the_extension_interface.md	3	1134	0.23214431	-11.246318817138672
T70	11	0123_schema_display_and_cast_evidence.md	1	3201	0.2781005	-9.952388763427734
T70	11	0123_schema_display_and_cast_evidence.md	2	3202	0.2092875	-11.149152755737305
T70	11	0123_schema_display_and_cast_evidence.md	3	3193	0.20772651	-8.2273530960083
T70	12	0034_a_bounded_request_with_no_second_json.md	1	715	0.27736953	-10.15538215637207
T70	12	0034_a_bounded_request_with_no_second_json.md	2	716	0.27204117	-9.141164779663086
T70	12	0034_a_bounded_request_with_no_second_json.md	3	712	0.26722115	-5.607563018798828
T70	13	0052_one_query_through_the_extension_interface_implementation_evidence.md	1	1163	0.27635142	-9.808612823486328
T70	13	0052_one_query_through_the_extension_interface_implementation_evidence.md	2	1164	0.19255011	-10.996707916259766
T70	13	0052_one_query_through_the_extension_interface_implementation_evidence.md	3	1165	0.16887163	-10.983842849731445
T70	14	0037_paths_are_strings_until_a_script_needs_them_not_to_be.md	1	797	0.27416757	-10.666501998901367
T70	14	0037_paths_are_strings_until_a_script_needs_them_not_to_be.md	2	806	0.22713377	-10.016448020935059
T70	14	0037_paths_are_strings_until_a_script_needs_them_not_to_be.md	3	793	0.20667017	-10.289432525634766
T70	15	0124_preview_dtypes_and_columns.md	1	3208	0.268836	-10.53427505493164
T70	15	0124_preview_dtypes_and_columns.md	2	3214	0.25566286	-10.359445571899414
T70	15	0124_preview_dtypes_and_columns.md	3	3212	0.22167382	-11.23266315460205
T70	16	0016_a_childs_bytes.md	1	235	0.26720202	-8.359241485595703
T70	16	0016_a_childs_bytes.md	2	233	0.24322888	-6.118012428283691
T70	16	0016_a_childs_bytes.md	3	230	0.21570954	-10.207695960998535
T70	17	0079_polars_callbacks_evidence.md	1	2318	0.26515672	-11.283327102661133
T70	17	0079_polars_callbacks_evidence.md	2	2321	0.15893205	-10.652979850769043
T70	17	0079_polars_callbacks_evidence.md	3	2314	0.15769589	-11.48634147644043
T70	18	0012_standard_input.md	1	171	0.26418018	-9.215778350830078
T70	18	0012_standard_input.md	2	175	0.215906	-6.758608341217041
T70	18	0012_standard_input.md	3	173	0.21424717	-9.589006423950195
T70	19	0054_a_server_owns_more_than_a_handler.md	1	1212	0.26127705	-5.606999397277832
T70	19	0054_a_server_owns_more_than_a_handler.md	2	1211	0.14478306	-7.915650367736816
T70	19	0054_a_server_owns_more_than_a_handler.md	3	1209	0.1316445	-9.994132995605469
T70	20	0122_workflow_probe_evidence.md	1	3176	0.26057476	-10.031208038330078
T70	20	0122_workflow_probe_evidence.md	2	3178	0.15898336	-11.467216491699219
T70	20	0122_workflow_probe_evidence.md	3	3180	0.13536662	-10.702180862426758
T70	21	0001_the_first_release.md	1	4	0.2604086	-9.484065055847168
T70	21	0001_the_first_release.md	2	3	0.19772546	-8.019657135009766
T70	21	0001_the_first_release.md	3	5	0.1354723	-10.854299545288086
T70	22	0016_a_childs_bytes_evidence.md	1	243	0.25787997	-5.773275375366211
T70	22	0016_a_childs_bytes_evidence.md	2	240	0.15474147	-10.919010162353516
T70	22	0016_a_childs_bytes_evidence.md	3	244	0.15404022	-10.641021728515625
T70	23	0003_completion.md	1	39	0.2490157	-6.159426689147949
T70	23	0003_completion.md	2	34	0.21185827	-7.899929523468018
T70	23	0003_completion.md	3	36	0.18011877	-10.603111267089844
T70	24	0123_schema_display_and_cast.md	1	3184	0.2458274	-7.9015679359436035
T70	24	0123_schema_display_and_cast.md	2	3189	0.24077696	-6.838490962982178
T70	24	0123_schema_display_and_cast.md	3	3190	0.20314087	-10.683639526367188
T70	25	0018_a_failure_is_a_failure_from_either_entry_point.md	1	262	0.24581793	-6.704924583435059
T70	25	0018_a_failure_is_a_failure_from_either_entry_point.md	2	257	0.24304505	-6.8344292640686035
T70	25	0018_a_failure_is_a_failure_from_either_entry_point.md	3	258	0.2328106	-10.19334602355957
T70	26	0011_the_second_port.md	1	167	0.24557927	-9.836397171020508
T70	26	0011_the_second_port.md	2	170	0.21969144	-11.311029434204102
T70	26	0011_the_second_port.md	3	162	0.18639904	-10.974842071533203
T70	27	0074_polars_rc2_forward_probe_evidence.md	1	2150	0.245503	-9.674742698669434
T70	27	0074_polars_rc2_forward_probe_evidence.md	2	2143	0.1418402	-11.377694129943848
T70	27	0074_polars_rc2_forward_probe_evidence.md	3	2119	0.14170799	-11.52951717376709
T70	28	0006_what_a_retained_value_pins_evidence.md	1	104	0.2448025	-11.29117202758789
T70	28	0006_what_a_retained_value_pins_evidence.md	2	103	0.15689756	-11.47542953491211
T70	28	0006_what_a_retained_value_pins_evidence.md	3	97	0.14561915	-11.37813949584961
T70	29	0033_the_contract_json_parse_never_had.md	1	679	0.24371669	-10.435373306274414
T70	29	0033_the_contract_json_parse_never_had.md	2	671	0.23482983	-9.888383865356445
T70	29	0033_the_contract_json_parse_never_had.md	3	677	0.19609652	-10.965036392211914
T70	30	0058_a_small_dataframe_pipeline_through_the_same_engine.md	1	1403	0.23936324	-11.181421279907227
T70	30	0058_a_small_dataframe_pipeline_through_the_same_engine.md	2	1396	0.22020268	-11.20707893371582
T70	30	0058_a_small_dataframe_pipeline_through_the_same_engine.md	3	1401	0.20684981	-10.150632858276367
T70	31	0076_polars_coverage_three.md	1	2199	0.23553962	-8.606234550476074
T70	31	0076_polars_coverage_three.md	2	2197	0.2299022	-10.93930435180664
T70	31	0076_polars_coverage_three.md	3	2198	0.16899057	-11.475360870361328
T70	32	0112_polars_generic_trait_impls_evidence.md	1	2917	0.23546757	-10.473113059997559
T70	32	0112_polars_generic_trait_impls_evidence.md	2	2913	0.21858665	-10.177568435668945
T70	32	0112_polars_generic_trait_impls_evidence.md	3	2918	0.18670282	-10.026056289672852
T70	33	0007_the_binding_prelude_evidence.md	1	121	0.23401046	-11.19129753112793
T70	33	0007_the_binding_prelude_evidence.md	2	116	0.23077427	-11.184341430664063
T70	33	0007_the_binding_prelude_evidence.md	3	115	0.18224989	-11.475540161132813
T70	34	0058_a_small_dataframe_pipeline_through_the_same_engine_boundary_evidence.md	1	1422	0.23074932	-11.316285133361816
T70	34	0058_a_small_dataframe_pipeline_through_the_same_engine_boundary_evidence.md	2	1421	0.1738622	-10.761839866638184
T70	34	0058_a_small_dataframe_pipeline_through_the_same_engine_boundary_evidence.md	3	1420	0.120730855	-11.338373184204102
T70	35	0025_the_same_contracts_on_windows.md	1	385	0.22720334	-9.094653129577637
T70	35	0025_the_same_contracts_on_windows.md	2	412	0.17509416	-8.240008354187012
T70	35	0025_the_same_contracts_on_windows.md	3	410	0.17155112	-10.424893379211426
T70	36	0079_polars_callbacks.md	1	2301	0.22714105	-10.407896041870117
T70	36	0079_polars_callbacks.md	2	2308	0.18192492	-11.400113105773926
T70	36	0079_polars_callbacks.md	3	2289	0.1759973	-11.03288459777832
T70	37	0007_the_binding_prelude.md	1	114	0.2261681	-11.347894668579102
T70	37	0007_the_binding_prelude.md	2	112	0.19733949	-11.320169448852539
T70	37	0007_the_binding_prelude.md	3	113	0.1972635	-11.081323623657227
T70	38	0068_interactive_frames_show_a_bounded_preview.md	1	1918	0.22585528	-10.450163841247559
T70	38	0068_interactive_frames_show_a_bounded_preview.md	2	1913	0.21869987	-9.813490867614746
T70	38	0068_interactive_frames_show_a_bounded_preview.md	3	1915	0.1975173	-10.29677963256836
T70	39	0032_upstream_enhancement_halt_visibility.md	1	667	0.22549085	-8.345256805419922
T70	39	0032_upstream_enhancement_halt_visibility.md	2	664	0.16453722	-9.834142684936523
T70	39	0032_upstream_enhancement_halt_visibility.md	3	666	0.15727335	-2.2135021686553955
T70	40	0058_a_small_dataframe_pipeline_through_the_same_engine_files_evidence.md	1	1441	0.22368622	-10.871312141418457
T70	40	0058_a_small_dataframe_pipeline_through_the_same_engine_files_evidence.md	2	1442	0.15580274	-11.347291946411133
T70	40	0058_a_small_dataframe_pipeline_through_the_same_engine_files_evidence.md	3	1440	0.11817765	-11.371779441833496
