ticket	passage	label	contradiction	entailment	neutral
2	0	bug	-0.50273335	-2.9263368	3.4576268
2	0	feature	-0.64615655	-2.8561423	3.5844138
2	0	question	-0.6432947	-2.2159212	2.964387
2	0	documentation	-0.25383142	-2.9424212	3.2065475
2	0	performance	-0.5998389	-2.975432	3.6146135
5	0	bug	3.8946817	-4.3817415	0.052969787
5	0	feature	3.4352968	-3.4368837	-0.25348693
5	0	question	2.4783816	-3.101278	0.39958912
5	0	documentation	4.2147956	-3.9731092	-0.55996495
5	0	performance	3.5731845	-4.709943	0.5972444
6	0	bug	-0.5951808	-1.9913396	2.6369557
6	0	feature	-0.5498285	-1.8015889	2.4607248
6	0	question	-0.7518375	-1.4259254	2.2867637
6	0	documentation	-0.26885083	-1.6029917	1.920651
6	0	performance	-0.50228024	-2.0622184	2.6122444
6	1	bug	-0.29212287	-1.8264233	2.112105
6	1	feature	-0.8262931	-1.8724197	2.8251061
6	1	question	-1.2177141	-1.0324935	2.4324203
6	1	documentation	0.28870064	-1.7662742	1.4580464
6	1	performance	-0.71544236	-2.2497742	2.9993286
7	0	bug	0.9627662	-3.34743	2.1993618
7	0	feature	0.50247794	-3.1074748	2.4991713
7	0	question	0.4817988	-2.543167	1.9912692
7	0	documentation	2.2677171	-3.2393656	0.79612756
7	0	performance	0.78054583	-3.1906517	2.2657814
8	0	bug	0.01216696	-3.1105347	3.0021915
8	0	feature	-0.60676926	-2.395352	3.0927477
8	0	question	-0.7665416	-1.5473617	2.439613
8	0	documentation	1.0868257	-2.9900029	1.7751594
8	0	performance	-0.5296942	-3.2864144	3.843967
9	0	bug	-1.3975594	-2.255776	3.8247616
9	0	feature	-1.6955414	-1.8550836	3.8527231
9	0	question	-2.234526	-0.7321345	3.2140026
9	0	documentation	-1.03631	-1.8875313	3.0617747
9	0	performance	-1.6660347	-2.3367345	4.2438316
10	0	bug	-1.4238003	-1.5388285	3.102558
10	0	feature	-1.0208365	-2.3675644	3.5257506
10	0	question	-1.3193417	-1.4509873	2.9496126
10	0	documentation	-0.6721708	-1.5210203	2.2612894
10	0	performance	-0.8112579	-2.536701	3.359306
10	1	bug	-0.3491669	-1.3483976	1.7008348
10	1	feature	-0.47383827	-2.4604266	3.002984
10	1	question	-0.86356366	-1.6340152	2.6396213
10	1	documentation	0.015360175	-0.8058951	0.7673451
10	1	performance	1.7002463	-2.9080877	1.0934501
13	0	bug	-0.1200646	-1.6583203	1.77397
13	0	feature	-1.1364396	-0.28541023	1.5251758
13	0	question	-0.84584296	-0.8477719	1.8115828
13	0	documentation	2.3676586	-2.164295	-0.26753566
13	0	performance	1.3316557	-3.3757577	1.7746408
15	0	bug	-1.2579036	-1.8529822	3.1742651
15	0	feature	-1.1653975	-2.3575442	3.6427565
15	0	question	-1.763843	-1.1411144	3.0697386
15	0	documentation	-0.8430731	-2.066453	2.9104905
15	0	performance	0.61006	-3.2292275	2.355198
19	0	bug	-1.0812564	-1.8269256	3.0281398
19	0	feature	-2.0058658	-0.0057586622	2.1292021
19	0	question	-1.1137674	-0.7852876	2.0592291
19	0	documentation	-0.56941134	-1.3162333	1.9343634
19	0	performance	-1.801378	-1.9419066	3.9806643
21	0	bug	-1.5241752	0.44821307	0.8334723
21	0	feature	-0.5583929	-1.8686408	2.6003306
21	0	question	-2.4363387	1.4065529	0.42016062
21	0	documentation	1.1239195	-1.2660929	0.16365586
21	0	performance	-0.7410095	-2.0093775	2.8310275
21	1	bug	1.0987036	-2.8218868	1.6403894
21	1	feature	1.1366415	-2.680385	1.5249599
21	1	question	-0.8342558	-1.3281646	2.2393486
21	1	documentation	2.6219409	-3.1640007	0.40012354
21	1	performance	-0.20035084	-2.5827632	2.8282518
23	0	bug	-0.99940264	-1.7260885	2.8029265
23	0	feature	-0.9783874	-0.13702624	1.1469889
23	0	question	-1.8164841	-0.5573806	2.535296
23	0	documentation	0.04333973	-1.4278926	1.424799
23	0	performance	-1.1072938	-1.798997	2.9890203
25	0	bug	-0.37446526	-2.4267397	2.7393355
25	0	feature	0.9454798	-2.9283657	1.8182342
25	0	question	-0.8070873	-1.8125135	2.6882858
25	0	documentation	0.3931809	-2.6294324	2.1074352
25	0	performance	-0.11888631	-2.6939702	2.688045
25	1	bug	-0.51936734	-0.7166072	1.1925781
25	1	feature	0.23571026	-2.233818	1.924929
25	1	question	-1.4238871	0.028538939	1.3364079
25	1	documentation	1.7080436	-1.256368	-0.45435277
25	1	performance	-0.44715118	-1.6371564	2.1547222
26	0	bug	0.10660802	-3.4608293	3.228735
26	0	feature	0.08438422	-2.1124566	2.0349782
26	0	question	-0.615494	-1.7746121	2.4909525
26	0	documentation	1.7234427	-3.7619271	1.7911859
26	0	performance	-0.18475302	-3.3786135	3.5031488
27	0	bug	-0.64776605	-2.7484105	3.4105523
27	0	feature	-0.06650154	-2.6213868	2.678898
27	0	question	-0.7959908	-2.2672338	3.1453943
27	0	documentation	-0.02128564	-2.7726336	2.7539756
27	0	performance	-0.2563692	-2.920804	3.12922
27	1	bug	2.0620105	-3.3284774	0.9738117
27	1	feature	1.3151997	-2.8426356	1.3511777
27	1	question	1.7840087	-2.4918094	0.58309424
27	1	documentation	2.78567	-2.732461	-0.20761265
27	1	performance	1.1820471	-3.3279717	1.8453145
33	0	bug	-2.1932714	-0.6682443	2.9694395
33	0	feature	-2.118797	-0.40118486	2.639001
33	0	question	-2.3627613	-0.13524076	2.6047735
33	0	documentation	-1.8297955	-0.6970233	2.6326194
33	0	performance	-2.2633173	-0.7681278	3.169572
37	0	bug	-2.9046059	0.0419998	2.833292
37	0	feature	-0.77802426	-2.4262428	3.323747
37	0	question	-0.79743665	-1.0980797	2.0317261
37	0	documentation	-1.4895651	-0.17207183	1.6774193
37	0	performance	-2.4465694	-0.7882229	3.4759068
38	0	bug	-1.2532685	-0.48091954	1.8706225
38	0	feature	-1.5216665	-1.1626412	3.062378
38	0	question	-1.4696825	-0.7038128	2.4231873
38	0	documentation	-0.6132761	-0.4787444	1.1122165
38	0	performance	-1.8032242	-0.7808973	2.8189607
39	0	bug	-0.9175259	-1.9967446	3.0132303
39	0	feature	-0.94321764	-1.9395101	3.038399
39	0	question	-1.2670124	-1.1479858	2.5884552
39	0	documentation	-0.67989105	-1.6439968	2.4146929
39	0	performance	-1.1481196	-2.200891	3.4679842
42	0	bug	-1.3500869	-1.6735221	3.076709
42	0	feature	-1.0846426	-1.4795815	2.6808212
42	0	question	-1.7039063	-0.83387727	2.6687014
42	0	documentation	-0.8755407	-1.2300001	2.1598077
42	0	performance	-1.7360227	-1.4076504	3.3017273
43	0	bug	1.9706373	-3.2529202	1.0482453
43	0	feature	3.292806	-2.4403641	-0.9071046
43	0	question	1.8253644	-2.0800219	0.24811211
43	0	documentation	3.7080252	-3.6499925	-0.31423974
43	0	performance	2.70525	-3.794527	0.7230994
44	0	bug	1.6484541	-3.011508	1.2578944
44	0	feature	0.1550414	-1.4188042	1.3668623
44	0	question	-2.4815834	1.5992268	0.10722904
44	0	documentation	2.6017077	-2.7324035	0.10858534
44	0	performance	2.1050384	-3.596604	1.2822044
45	0	bug	0.24833384	-2.8847327	2.4634936
45	0	feature	-0.68449306	-2.9077196	3.6296613
45	0	question	-2.7831078	-0.26487002	3.2034686
45	0	documentation	2.941581	-3.6635783	0.44660726
45	0	performance	-0.44120315	-3.5159473	3.8884423
46	0	bug	-0.622	-2.9592009	3.5885417
46	0	feature	-0.9727068	-2.8763368	3.9722934
46	0	question	-2.0160217	-1.1727784	3.459887
46	0	documentation	-0.70175946	-2.1148863	2.8576374
46	0	performance	-0.4775828	-3.6279955	4.080129
58	0	bug	-2.3252995	-0.7673751	3.232574
58	0	feature	-2.286358	-1.351885	3.9481606
58	0	question	-2.3502162	-0.3370676	2.8797767
58	0	documentation	-0.9954703	-0.98382795	2.0335608
58	0	performance	-2.4405897	-1.0628191	3.7325654
70	0	bug	-0.7621873	-1.7558687	2.558204
70	0	feature	-0.7268446	-2.3912234	3.1979167
70	0	question	-1.2673454	-1.0113738	2.4413447
70	0	documentation	0.22097619	-1.9437302	1.7255622
70	0	performance	-0.9691831	-2.589478	3.6018672
70	1	bug	0.27763477	-2.5034149	2.098187
70	1	feature	-1.298145	-1.4463701	2.9212296
70	1	question	-1.2293408	-0.8014208	2.1278143
70	1	documentation	2.1307817	-2.3257022	0.12154588
70	1	performance	-0.11507084	-3.0840244	3.1222134
73	0	bug	-1.2808096	-1.7753267	3.1584451
73	0	feature	-0.5404604	-1.6314317	2.302268
73	0	question	-1.5361781	-1.0395592	2.7450218
73	0	documentation	-1.4838135	0.03146739	1.2749686
73	0	performance	-1.0824099	-2.3918538	3.525406
73	1	bug	-1.3606257	-1.1491978	2.6137605
73	1	feature	-1.3334204	-1.674745	3.2019007
73	1	question	-2.102083	-0.5564234	2.8344316
73	1	documentation	-0.30219907	-1.0242888	1.2830796
73	1	performance	-1.4083366	-1.9443551	3.50949
79	0	bug	-1.1123831	-1.2087786	2.4336944
79	0	feature	-2.5032303	0.58507514	1.837225
79	0	question	-2.8621705	0.774051	1.9827285
79	0	documentation	1.2329484	-1.5449806	0.31146845
79	0	performance	-0.9104117	-2.4528432	3.4295971
91	0	bug	2.4135907	-3.6523936	0.9368317
91	0	feature	3.4422615	-3.9016461	0.13392891
91	0	question	2.1315458	-3.289822	0.9241978
91	0	documentation	3.0277145	-3.6907017	0.38186443
91	0	performance	2.3636029	-3.723445	1.0315311
91	1	bug	1.0597812	-2.6248116	1.5060606
91	1	feature	1.1058784	-2.6734965	1.5146315
91	1	question	0.98422277	-2.3663304	1.3595982
91	1	documentation	1.5924375	-2.7092984	1.0448563
91	1	performance	0.98783815	-2.5011883	1.4621845
91	2	bug	-0.25853255	-2.2872458	2.550512
91	2	feature	-0.66089344	-1.4636223	2.2817483
91	2	question	-0.6870339	-0.97754484	1.7697856
91	2	documentation	2.1783967	-2.2232537	0.0020256666
91	2	performance	0.7286417	-3.07942	2.272041
96	0	bug	-0.05652301	-2.716004	2.6776466
96	0	feature	-0.6963326	-1.1781318	2.0489867
96	0	question	-0.8235564	-1.1458662	2.10418
96	0	documentation	0.61238855	-2.3251662	1.6718738
96	0	performance	0.32336733	-3.2821765	2.7526042
96	1	bug	2.5361392	-3.7124429	0.8817336
96	1	feature	-0.17927197	-1.9553448	2.1233506
96	1	question	-0.36131272	-1.3058243	1.7202451
96	1	documentation	3.1593606	-3.0184398	-0.25521263
96	1	performance	1.2798834	-4.0931826	2.501165
150	0	bug	-0.1713703	-2.7742507	2.8840113
150	0	feature	-0.2507486	-2.4141796	2.7152581
150	0	question	-0.87225306	-1.4261178	2.427061
150	0	documentation	0.95654714	-2.5502238	1.5251333
150	0	performance	0.07162234	-3.2186656	3.0490036
154	0	bug	-0.4730116	-2.4948812	2.9885714
154	0	feature	-0.51849866	-2.298347	2.8988469
154	0	question	-0.39334735	-1.7713345	2.2646084
154	0	documentation	-0.13666795	-1.7997428	1.9913232
154	0	performance	-0.567762	-2.3913274	3.0047872
158	0	bug	0.31531742	-2.930598	2.4531791
158	0	feature	1.2660735	-3.1436753	1.6573465
158	0	question	1.1462994	-2.3986883	1.1531694
158	0	documentation	1.4818016	-2.9391217	1.2493961
158	0	performance	0.24779108	-3.0728395	2.6327941
158	1	bug	-1.1881733	-1.5444033	2.8841228
158	1	feature	-1.4240131	-0.80084777	2.4269195
158	1	question	-1.3152587	-0.88595283	2.4239793
158	1	documentation	-0.48796743	-0.8426077	1.3916293
158	1	performance	-1.2729946	-1.2771157	2.711288
160	0	bug	-0.24348971	-3.4905343	3.6162066
160	0	feature	-0.8037405	-2.9627314	3.8446636
160	0	question	-0.43339267	-2.6678548	3.106022
160	0	documentation	0.30717835	-3.6203134	3.12449
160	0	performance	-0.22750562	-3.6941998	3.7753253
162	0	bug	0.5811294	-2.7190156	2.1143522
162	0	feature	1.2307959	-3.0304713	1.685844
162	0	question	0.34095547	-1.7853118	1.5114582
162	0	documentation	0.65785825	-2.770042	2.0949879
162	0	performance	-0.350045	-2.3345463	2.7299876
162	1	bug	-1.2418693	-1.875909	3.1361642
162	1	feature	-1.1044465	-1.7368621	2.9529657
162	1	question	-1.4857787	-0.3730173	1.9268558
162	1	documentation	-0.23413788	-1.9414476	2.0847676
162	1	performance	-1.1652462	-2.5712473	3.7578173
165	0	bug	0.03681691	-2.5528178	2.3668015
165	0	feature	-0.798531	-1.6485846	2.547366
165	0	question	-3.2963207	1.3226761	1.5311315
165	0	documentation	3.4407458	-3.5437365	-0.16120592
165	0	performance	-0.5762427	-3.1687386	3.6993604
166	0	bug	-0.439783	-2.3095615	2.837519
166	0	feature	-0.65612775	-2.440021	3.1820397
166	0	question	-1.5816191	-0.7727988	2.577045
166	0	documentation	0.1793014	-1.846143	1.7143679
166	0	performance	-0.8952999	-2.2456007	3.3103468
179	0	bug	-2.9329531	-0.7199513	3.7175274
179	0	feature	-3.1523445	-0.782402	4.1851215
179	0	question	-2.7238708	-1.1618221	4.158248
179	0	documentation	-2.938982	0.021061432	2.825188
179	0	performance	-3.1525772	-0.62752825	3.926275
182	0	bug	2.5736754	-2.8779125	0.17855929
182	0	feature	1.8786883	-2.680666	0.6964128
182	0	question	2.2294648	-2.3133707	0.04028744
182	0	documentation	2.8765543	-2.8408065	-0.16191499
182	0	performance	1.8768857	-2.6680555	0.66025376
182	1	bug	1.1097665	-2.648877	1.3889997
182	1	feature	1.3033414	-2.6297889	1.2040846
182	1	question	0.8752122	-1.9959872	1.1064882
182	1	documentation	2.025017	-2.6887257	0.5392467
182	1	performance	1.0461469	-2.6245608	1.4340718
182	2	bug	-1.1901226	-1.6319317	2.9707677
182	2	feature	-0.36913475	-2.381465	2.809338
182	2	question	-1.3284886	-0.8346187	2.3251452
182	2	documentation	0.7174734	-1.7985779	1.0150634
182	2	performance	-0.57786715	-2.85001	3.4648194
200	0	bug	-0.92578626	-1.2017423	2.2266958
200	0	feature	-0.34595278	-2.1995957	2.598043
200	0	question	-0.77756166	-1.2109462	2.1006713
200	0	documentation	0.5450929	-1.8339188	1.2798982
200	0	performance	-0.6122198	-2.1394129	2.7520165
200	1	bug	-1.5528244	-0.70647395	2.3483706
200	1	feature	-1.0258262	-1.2981207	2.4998338
200	1	question	-1.6257489	-0.5726879	2.3822923
200	1	documentation	-0.9721132	-0.33175948	1.2832115
200	1	performance	-0.8288876	-2.00724	2.876058
200	2	bug	-1.6367457	-0.6158191	2.3583996
200	2	feature	-1.5607772	-1.2295663	3.087945
200	2	question	-1.912987	-0.54554987	2.6502604
200	2	documentation	-1.2689922	0.038847614	1.1361942
200	2	performance	-1.0802631	-1.9329023	3.1359923
200	3	bug	-1.2674937	-0.21150629	1.445725
200	3	feature	-0.36505973	-1.2561319	1.7764609
200	3	question	-1.6112128	-0.5164894	2.3025005
200	3	documentation	0.63990533	-0.50783795	-0.12910992
200	3	performance	-0.5805205	-1.6819791	2.336574
200	4	bug	-0.95387	-0.36864215	1.3618588
200	4	feature	-0.092717424	-2.1142087	2.3442545
200	4	question	-1.5165474	-0.6253902	2.3714488
200	4	documentation	2.0489476	-1.5526224	-0.43823826
200	4	performance	-0.9104984	-2.1436307	3.1723845
207	0	bug	1.1803014	-2.767757	1.3939035
207	0	feature	0.5634344	-2.5144718	1.8712578
207	0	question	0.86062634	-2.084434	1.1710078
207	0	documentation	1.1645594	-1.7998451	0.5729482
207	0	performance	0.46755627	-3.0672755	2.3774319
212	0	bug	-0.8672835	-1.7148343	2.6275437
212	0	feature	-0.7380399	-2.5223396	3.3426106
212	0	question	-1.1178042	-1.4882529	2.7301826
212	0	documentation	0.07929871	-2.106534	2.0308404
212	0	performance	-0.6875903	-2.9395936	3.6130419
212	1	bug	-0.0192256	-1.4017577	1.4696069
212	1	feature	-0.16401418	-1.3304095	1.5644618
212	1	question	-0.11267647	-1.3627421	1.5414736
212	1	documentation	0.4190195	-1.61752	1.2188283
212	1	performance	-0.12100031	-1.378189	1.5583768
212	2	bug	-2.4480274	-1.0694219	3.788319
212	2	feature	-2.0108924	-1.593609	3.8866165
212	2	question	-1.9439796	-0.6837044	2.9039903
212	2	documentation	-1.3627763	-1.4591362	2.9975457
212	2	performance	-2.0661218	-1.7438388	4.0845203
224	0	bug	-0.52208495	-2.5274398	3.0457501
224	0	feature	-1.4024899	-0.50823116	2.0330563
224	0	question	-3.289119	0.99599314	2.107429
224	0	documentation	0.7333391	-2.2044306	1.3996437
224	0	performance	-1.1358393	-2.5679295	3.8638353
225	0	bug	-1.138917	-1.8140875	3.028038
225	0	feature	-0.7353227	-1.7581335	2.558082
225	0	question	-2.1464837	-0.058439452	2.3265326
225	0	documentation	0.5450314	-1.3434184	0.75327945
225	0	performance	-1.2893572	-1.958434	3.3467762
226	0	bug	-1.0885648	-2.823399	4.051696
226	0	feature	-1.8007686	-2.1110544	4.1893263
226	0	question	-1.7466788	-1.7077209	3.7275543
226	0	documentation	-0.9713884	-2.6884844	3.8149261
226	0	performance	-1.0408921	-3.126288	4.2886457
236	0	bug	-0.6191608	-2.139426	2.8864818
236	0	feature	-0.9052379	-2.0401564	3.2114296
236	0	question	-0.9958086	-1.4669966	2.6917455
236	0	documentation	-0.477566	-1.0449829	1.6023823
236	0	performance	-1.0722973	-2.4013305	3.7261107
237	0	bug	-0.59449816	-1.8930042	2.5515597
237	0	feature	0.38915095	-0.92212266	0.5563306
237	0	question	-0.6652987	-1.4445962	2.209678
237	0	documentation	0.068979725	-1.8962578	1.8626285
237	0	performance	-0.67340815	-2.041239	2.7781014
237	1	bug	-0.8452328	-1.2563012	2.2137866
237	1	feature	-0.89707726	-1.2356238	2.292247
237	1	question	-0.87627625	-0.946863	1.9756577
237	1	documentation	-0.783702	-1.1239264	2.054161
237	1	performance	-0.9539489	-1.1283942	2.2144485
237	2	bug	-0.7577829	-2.8406553	3.5598063
237	2	feature	-0.75349486	-2.5012727	3.267943
237	2	question	-1.1049385	-2.0243356	3.2222998
237	2	documentation	-0.55419475	-2.770544	3.2776928
237	2	performance	-0.8964395	-2.743311	3.6458726
238	0	bug	-1.7965932	-1.572615	3.515325
238	0	feature	-1.2359233	-2.0031533	3.4413686
238	0	question	-1.6359972	-0.976971	2.8080237
238	0	documentation	-1.4966713	-0.80460036	2.3884063
238	0	performance	-1.751569	-1.8013884	3.7314498
238	1	bug	-1.0834234	-0.07522336	1.0921563
238	1	feature	-0.9976547	-1.3866274	2.5313249
238	1	question	-1.2755885	-0.6388273	2.0393293
238	1	documentation	0.74826795	-0.8109808	0.09142229
238	1	performance	-1.1266658	-1.2288126	2.4825554
244	0	bug	-0.9847747	-2.4493372	3.4618444
244	0	feature	-1.7336711	-1.398429	3.2962904
244	0	question	-2.2264884	-0.83122504	3.2266529
244	0	documentation	-0.43172547	-2.4506426	2.8599415
244	0	performance	-1.1862639	-2.8137684	4.0642014
251	0	bug	-0.43305442	-3.4480712	3.820323
251	0	feature	1.4851834	-3.5945528	1.8004726
251	0	question	-1.072155	-2.0036669	3.2688158
251	0	documentation	0.7025545	-4.0482335	3.0649228
251	0	performance	-0.6938455	-3.364327	4.0501075
252	0	bug	-1.1444677	-2.0612457	3.370518
252	0	feature	-1.2641034	-2.3044262	3.8478222
252	0	question	-1.6998034	-1.3622472	3.3961403
252	0	documentation	-0.1926572	-2.4397278	2.6761248
252	0	performance	-1.3263227	-2.4311376	4.006977
256	0	bug	-1.4673618	-0.33417773	1.7849218
256	0	feature	-1.0821975	-1.5399498	2.788138
256	0	question	-1.8340554	-0.57574093	2.586045
256	0	documentation	-1.0727408	-0.767867	1.936121
256	0	performance	-1.6425991	-1.3541228	3.1509614
256	1	bug	-0.981218	-0.30307436	1.3357931
256	1	feature	-0.5000514	-0.83652675	1.4081362
256	1	question	-1.244694	-0.49210557	1.8804002
256	1	documentation	-1.1086521	-0.16421759	1.3054965
256	1	performance	-0.92934966	-0.45785838	1.4483956
256	2	bug	-1.84542	-0.8438677	2.761189
256	2	feature	-1.3987365	-1.9164027	3.4470916
256	2	question	-2.1221364	-0.5985702	2.8846304
256	2	documentation	-0.51767945	-1.165367	1.648613
256	2	performance	-1.5465603	-1.55588	3.1546488
257	0	bug	-0.643208	-2.6341457	3.3351078
257	0	feature	-1.5801373	-1.0108427	2.7724874
257	0	question	-3.026221	0.91220963	1.9265523
257	0	documentation	-0.3939521	-1.016837	1.4660026
257	0	performance	-1.3772948	-2.4403355	4.0329046
261	0	bug	0.34529796	-3.1897025	2.744427
261	0	feature	0.52289814	-2.8913364	2.3367767
261	0	question	-0.6771865	-1.5849844	2.3833423
261	0	documentation	2.6103432	-2.7629774	0.08260921
261	0	performance	-0.11966306	-3.389388	3.4578652
262	0	bug	1.2573603	-2.713488	1.3383518
262	0	feature	0.7674992	-2.4573486	1.6187148
262	0	question	0.30246958	-1.6019924	1.324486
262	0	documentation	3.0353491	-2.740934	-0.43784577
262	0	performance	1.4713097	-3.4286299	1.7440274
263	0	bug	-0.15398037	-2.3477635	2.5016913
263	0	feature	0.45968327	-3.1859336	2.6898563
263	0	question	-0.44989425	-2.0233128	2.5607257
263	0	documentation	2.2854662	-2.8280761	0.5184046
263	0	performance	-0.22835988	-3.0511847	3.226724
263	1	bug	-0.2215716	-1.4781362	1.7181355
263	1	feature	-0.11369019	-1.8168739	1.9860573
263	1	question	-0.11893255	-1.3949906	1.5611936
263	1	documentation	-0.004020752	-1.3908252	1.408824
263	1	performance	-0.79326385	-1.387245	2.2429903
263	2	bug	0.024637727	-2.8709464	2.7162924
263	2	feature	0.042774253	-3.1674542	3.0167904
263	2	question	0.036083594	-1.6624084	1.634722
263	2	documentation	2.8795984	-3.2126756	0.16064698
263	2	performance	0.79902506	-3.003752	2.0457196
264	0	bug	-0.97521865	-1.3190626	2.4410725
264	0	feature	-1.3467283	-1.2927126	2.8680606
264	0	question	-1.390985	-0.42292857	1.9689686
264	0	documentation	-0.57854927	-0.4181047	1.0238109
264	0	performance	-1.2766044	-1.4800771	2.9278963
264	1	bug	-0.15192437	-2.0015914	2.1044402
264	1	feature	0.64529145	-3.1302006	2.3142538
264	1	question	1.6760215	-2.9150605	1.0484853
264	1	documentation	2.0817845	-3.2636807	0.91859275
264	1	performance	1.5421188	-3.8185043	1.9473069
266	0	bug	-0.51382166	-2.4763775	3.0217419
266	0	feature	0.13079122	-2.739147	2.6046138
266	0	question	-1.9015446	-1.1438577	3.2650971
266	0	documentation	-1.0597687	-1.3462546	2.4920516
266	0	performance	1.1164746	-3.5994916	2.325929
270	0	bug	-1.127178	-1.3145031	2.5862505
270	0	feature	-0.85934055	-2.1850653	3.215586
270	0	question	-1.861213	-0.4644218	2.542751
270	0	documentation	-0.31416062	-1.3326509	1.7287009
270	0	performance	-1.2940639	-1.7833809	3.235616
273	0	bug	-1.9010339	-1.5344392	3.5167162
273	0	feature	-1.7429045	-1.5984986	3.446134
273	0	question	-2.1565611	-0.99055934	3.3135457
273	0	documentation	-0.99333006	-1.4940335	2.498307
273	0	performance	-1.8753299	-1.5984665	3.550451
273	1	bug	0.45957896	-1.6844156	1.2318835
273	1	feature	-0.39015317	-1.3395356	1.837251
273	1	question	-0.9632672	-0.19267015	1.1966553
273	1	documentation	1.6911442	-1.1643163	-0.5028951
273	1	performance	-0.38708934	-1.8678689	2.2963645
273	2	bug	-0.9144591	-1.1771182	2.1509082
273	2	feature	-0.8222434	-2.1777325	3.1140296
273	2	question	-1.1446457	-0.69900095	1.9730545
273	2	documentation	0.26441595	-0.8234444	0.5450679
273	2	performance	-1.5711372	-1.2295505	2.9507673
273	3	bug	-0.13132593	-0.5378759	0.66523755
273	3	feature	0.0814829	-0.5453814	0.47851145
273	3	question	-1.6272864	1.3592414	-0.24534254
273	3	documentation	0.14020249	-0.48092142	0.31921884
273	3	performance	-0.2625992	-0.66501224	0.95832837
279	0	bug	-1.4836708	-2.2022243	3.9034665
279	0	feature	-1.361974	-2.0339916	3.633076
279	0	question	-1.7652817	-1.5306426	3.608364
279	0	documentation	-1.6434855	-1.2149695	3.0259068
279	0	performance	-1.6978724	-2.2362137	4.1641846
283	0	bug	0.7705559	-3.63554	2.6176515
283	0	feature	0.61441386	-3.1180973	2.383734
283	0	question	0.47212875	-1.7981352	1.3635437
283	0	documentation	2.5500162	-3.4943726	0.70600986
283	0	performance	0.09129013	-3.4955664	3.25842
284	0	bug	-1.5921973	-1.4304744	3.2133029
284	0	feature	-1.250792	-2.204824	3.658274
284	0	question	-1.6396697	-0.93203217	2.7725482
284	0	documentation	-1.0028827	-1.5401646	2.7145758
284	0	performance	-1.6088939	-1.8107117	3.6463242
286	0	bug	-0.99570036	-2.6477025	3.6735296
286	0	feature	-2.1242344	-0.99085426	3.3426833
286	0	question	-2.9502182	0.033364993	3.003999
286	0	documentation	-1.8895216	-1.0522829	3.070681
286	0	performance	-1.1729985	-2.2812786	3.5105972
288	0	bug	1.4319174	-3.6716485	1.9302224
288	0	feature	0.20576213	-2.9854321	2.6407566
288	0	question	-0.67250574	-1.4073355	2.154678
288	0	documentation	1.068343	-3.257492	1.9317298
288	0	performance	0.64853096	-3.5714831	2.6178367
289	0	bug	-1.2205534	-1.9019655	3.2515652
289	0	feature	-0.97640157	-1.8498784	3.030412
289	0	question	-1.2192566	-1.198108	2.580989
289	0	documentation	-0.02725743	-1.7254497	1.79563
289	0	performance	-1.0277495	-1.9557275	3.0994866
290	0	bug	-0.6347219	-1.1231159	1.8229585
290	0	feature	-0.10260252	-2.4744887	2.574627
290	0	question	-1.1579763	-0.25815624	1.4788663
290	0	documentation	0.17559035	-1.5417577	1.3905782
290	0	performance	-0.35337833	-2.258249	2.600504
290	1	bug	-0.010968329	-1.5912664	1.5590315
290	1	feature	0.20510717	-1.9291131	1.6956439
290	1	question	-1.2865467	-0.5756691	1.9985505
290	1	documentation	0.61726105	-1.1396064	0.478037
290	1	performance	0.16820344	-2.5678692	2.2500787
292	0	bug	-1.1648961	-0.50334746	1.7070192
292	0	feature	-1.5252292	-1.4517031	3.1903403
292	0	question	-1.6819222	0.03351603	1.7159271
292	0	documentation	0.58049774	-1.2962162	0.6972124
292	0	performance	-0.28047326	-2.7586346	2.9456291
292	1	bug	0.21873501	-3.5625806	3.1144958
292	1	feature	-1.6123154	-0.8229005	2.5841064
292	1	question	-1.79086	-0.5533235	2.4681423
292	1	documentation	0.35174772	-2.5223486	2.0442364
292	1	performance	1.1690853	-2.5895543	1.2358007
293	0	bug	0.63691354	-2.4488301	1.6950822
293	0	feature	-1.8708341	-0.019456703	1.9471036
293	0	question	-2.3283343	0.3104388	2.0163918
293	0	documentation	1.2316551	-2.2086756	0.9009391
293	0	performance	-0.6684712	-2.6409369	3.3476396
294	0	bug	-0.7157039	-3.0040941	3.6369052
294	0	feature	-0.63885	-3.002247	3.5800347
294	0	question	-1.4051486	-1.6206013	3.1560335
294	0	documentation	-0.010901721	-3.3648052	3.156672
294	0	performance	-0.84498745	-3.0592325	3.8169146
294	1	bug	0.13568388	-2.1365	1.9282287
294	1	feature	-0.72282887	-1.7424127	2.5612302
294	1	question	-1.4573178	-0.39675885	2.0104854
294	1	documentation	0.6583815	-1.8481543	1.1957684
294	1	performance	-1.4778118	-2.166902	3.8240807
299	0	bug	3.4711196	-3.5727615	-0.15311469
299	0	feature	2.8930585	-3.1462514	0.018350367
299	0	question	1.3551145	-1.7702951	0.35308164
299	0	documentation	3.233586	-3.169145	-0.26623413
299	0	performance	4.2097487	-4.113442	-0.45190823
300	0	bug	-0.3246456	-2.3543684	2.730671
300	0	feature	-0.65650856	-2.3479943	3.136938
300	0	question	-2.2428324	0.48842698	1.643816
300	0	documentation	0.42926982	-2.368729	1.9166265
300	0	performance	-0.45939988	-3.1735017	3.6567981
302	0	bug	-1.4807816	-2.166724	3.809496
302	0	feature	-1.5286794	-1.5309422	3.259891
302	0	question	-1.7845873	-1.1575983	3.1684718
302	0	documentation	-1.5941356	-1.058209	2.7680497
302	0	performance	-1.4918067	-2.2832546	3.916591
302	1	bug	1.4509156	-2.585289	0.95229554
302	1	feature	0.046351746	-2.5018368	2.3512845
302	1	question	-0.009165125	-1.7844085	1.7273676
302	1	documentation	2.289551	-2.6224995	0.18500163
302	1	performance	2.0238032	-3.5877879	1.2093039
316	0	bug	-1.5482111	-1.0481386	2.6922255
316	0	feature	-1.2700672	-2.0263178	3.4746037
316	0	question	-1.6122873	-1.2248402	3.061944
316	0	documentation	-1.0279119	-1.4066112	2.535726
316	0	performance	-1.7802093	-1.7134025	3.668747
324	0	bug	-2.3145187	0.40457767	1.725099
324	0	feature	-1.3364168	-2.112887	3.742103
324	0	question	-1.5207653	-1.1945695	3.0229907
324	0	documentation	-0.9178019	-1.0286223	2.123886
324	0	performance	-1.7902263	-1.2178751	3.2394788
324	1	bug	-1.1674763	-1.5049814	2.8120103
324	1	feature	-1.3327196	-1.7843404	3.3460321
324	1	question	-1.7023547	-0.9196521	2.8296704
324	1	documentation	0.041955948	-1.5937957	1.5288253
324	1	performance	-1.1037691	-2.6349778	3.9230373
325	0	bug	-0.775392	-0.31392312	0.9793557
325	0	feature	0.31919912	-1.93029	1.625587
325	0	question	-0.36667296	-1.1415371	1.5689939
325	0	documentation	1.8016083	-1.4565244	-0.34471935
325	0	performance	0.13635385	-2.091066	1.9073491
326	0	bug	-0.8085752	-1.3718563	2.30058
326	0	feature	-0.7242296	-2.5918941	3.486576
326	0	question	-1.4847516	-0.65496093	2.3678586
326	0	documentation	0.5913743	-2.4252367	1.8734457
326	0	performance	-1.3858848	-1.6227087	3.163804
326	1	bug	0.42585477	-1.8065131	1.3570986
326	1	feature	0.66251725	-1.9827065	1.2954357
326	1	question	0.37928525	-1.6035446	1.234857
326	1	documentation	1.3574872	-2.0728927	0.6688678
326	1	performance	0.53924793	-2.024941	1.4511764
326	2	bug	-0.68901026	-0.85195565	1.628128
326	2	feature	-0.461496	-1.3339181	1.9616119
326	2	question	-1.0419973	-0.39834732	1.5770507
326	2	documentation	0.16701485	-0.6347897	0.49543568
326	2	performance	-0.20454508	-1.5628818	1.8373909
326	3	bug	-1.0222149	-1.2820551	2.436006
326	3	feature	-1.3500183	-1.8322868	3.434333
326	3	question	-1.5674936	-0.9677036	2.7436552
326	3	documentation	-0.06695072	-0.9648354	1.0564373
326	3	performance	-0.64336264	-2.302386	3.060808
344	0	bug	-0.5451343	-1.2617048	1.8367661
344	0	feature	1.7490516	-3.0646958	1.1977857
344	0	question	0.10016148	-1.3931221	1.3466172
344	0	documentation	2.4433277	-2.294527	-0.14185357
344	0	performance	0.8404199	-3.0692039	2.040056
344	1	bug	0.9817651	-0.96017015	-0.03815212
344	1	feature	0.26089188	-0.67898595	0.42885932
344	1	question	-0.3904418	0.124852635	0.1840739
344	1	documentation	1.1034948	-0.89923227	-0.2139844
344	1	performance	0.78227365	-1.2198853	0.4337704
344	2	bug	0.9724455	-1.6238747	0.62265563
344	2	feature	0.69144803	-1.4474837	0.7473304
344	2	question	0.9704526	-1.5784849	0.5838351
344	2	documentation	1.1829603	-1.7138481	0.49915004
344	2	performance	0.9959712	-1.6662383	0.6385852
344	3	bug	-1.0493324	-2.122561	3.2628078
344	3	feature	-1.033678	-1.8823675	3.0818944
344	3	question	-1.3872983	-0.81589866	2.4398637
344	3	documentation	-0.23660871	-1.4533045	1.7056792
344	3	performance	-1.5398638	-2.175642	3.9306893
348	0	bug	-1.1309274	-2.167592	3.3833141
348	0	feature	-1.4439065	-2.0970547	3.7125206
348	0	question	-1.2730564	-1.4507554	2.8709574
348	0	documentation	-0.8118714	-2.0994232	2.9719062
348	0	performance	-1.1667315	-2.1584764	3.4065344
355	0	bug	-0.02741249	-2.7898257	2.7749972
355	0	feature	-0.4154969	-2.138029	2.6860423
355	0	question	-1.2526886	-0.7672501	2.1973534
355	0	documentation	-0.034369767	-1.1739146	1.279
355	0	performance	-0.027301164	-3.3217213	3.274815
368	0	bug	-1.804904	-1.1957327	3.160493
368	0	feature	-1.8521913	-2.109961	4.284129
368	0	question	-2.2988667	-0.63740706	3.1697161
368	0	documentation	-1.4523385	-0.76905966	2.3247685
368	0	performance	-2.189731	-1.6004955	4.043269
372	0	bug	-1.2737565	-0.40021223	1.6538115
372	0	feature	-1.2554975	-2.0460484	3.5552692
372	0	question	-2.2132273	-0.10790757	2.4269173
372	0	documentation	-0.50944066	-0.9178195	1.5295942
372	0	performance	-1.0536885	-2.3621092	3.5538554
374	0	bug	-1.1362414	-2.2059135	3.4566088
374	0	feature	-1.3592179	-2.1515458	3.699464
374	0	question	-1.5061936	-1.4501373	3.1878912
374	0	documentation	-0.9632095	-2.076134	3.1406872
374	0	performance	-1.5312972	-1.9078476	3.603503
377	0	bug	-3.2386723	1.1598862	1.5023415
377	0	feature	-1.621717	-2.4969535	4.387827
377	0	question	-1.9406114	-1.2948606	3.5590258
377	0	documentation	-1.7890971	-1.5237724	3.5503755
377	0	performance	-1.9565675	-2.0146565	4.213931
378	0	bug	-1.7612195	-0.8664433	2.7716231
378	0	feature	-1.24135	-1.0154048	2.4560435
378	0	question	-1.250453	-0.8987014	2.3169918
378	0	documentation	-2.234686	0.81495166	1.0694864
378	0	performance	-2.3337016	-1.2264801	3.8396761
381	0	bug	0.077918336	-2.0927625	2.0423672
381	0	feature	-0.8210356	-1.5264463	2.536888
381	0	question	-1.158546	-0.37326583	1.6669345
381	0	documentation	-0.167179	-0.8233168	1.0506821
381	0	performance	-0.13945514	-2.9055135	3.0269966
386	0	bug	-1.1446373	-1.4872378	2.648491
386	0	feature	-1.4213376	-1.4335195	3.0236175
386	0	question	-1.3217576	-1.2319273	2.6505437
386	0	documentation	-0.5784252	-1.4093705	2.0144334
386	0	performance	-1.041708	-2.2477734	3.2844076
386	1	bug	0.09047653	-1.1603686	1.0943234
386	1	feature	0.19152683	-1.2912319	1.1382946
386	1	question	-0.039330065	-1.0588607	1.1423488
386	1	documentation	0.2930824	-1.2551044	0.98943037
386	1	performance	0.23648915	-1.2093707	0.9949361
386	2	bug	1.3462873	-3.7545257	2.0777507
386	2	feature	0.12179802	-3.4120512	3.1600225
386	2	question	-0.56719875	-1.9655466	2.5591981
386	2	documentation	1.4281129	-2.8271418	1.1955686
386	2	performance	-0.43195763	-3.5112076	3.8595796
387	0	bug	-1.5133669	-2.5204425	4.1472454
387	0	feature	-1.4527555	-2.5505664	4.1720204
387	0	question	-2.1550934	-1.2042965	3.5936012
387	0	documentation	-0.47625375	-2.9756782	3.421861
387	0	performance	-1.1878968	-3.2242665	4.477986
390	0	bug	-1.0157917	-1.9698509	3.0906315
390	0	feature	-0.4861367	-2.7828002	3.2993298
390	0	question	-0.87065494	-2.229804	3.2369409
390	0	documentation	-0.20920388	-2.7376957	2.948253
390	0	performance	-1.1011297	-2.755546	3.9532595
399	0	bug	-0.115586415	-1.5356978	1.7245297
399	0	feature	0.1778614	-2.205638	2.09149
399	0	question	-0.09983298	-1.4404906	1.6466173
399	0	documentation	1.5508015	-2.5261605	1.0066373
399	0	performance	0.3497625	-2.607302	2.254752
399	1	bug	-1.0371168	-1.3573588	2.456458
399	1	feature	-1.4698775	-1.5120355	3.200002
399	1	question	-1.3252033	-1.2234226	2.7079523
399	1	documentation	0.053698733	-1.0955855	1.0206164
399	1	performance	-1.2581683	-1.878205	3.3149285
400	0	bug	-1.2248371	-1.3346001	2.755424
400	0	feature	-0.8583451	-2.1714084	3.2361555
400	0	question	-1.0692751	-1.0668813	2.3373427
400	0	documentation	-0.51637715	-0.7093405	1.329068
400	0	performance	-1.1713552	-2.1261888	3.4660673
400	1	bug	-1.0475955	-0.48580465	1.5575386
400	1	feature	-1.0231172	-0.97785366	2.2355702
400	1	question	-1.3512659	-0.44527805	1.9541719
400	1	documentation	-0.9608845	0.42247555	0.3035555
400	1	performance	-0.84512824	-1.0182413	1.9748007
400	2	bug	1.3549008	-2.1124356	0.74479455
400	2	feature	1.8359103	-2.759137	0.87649417
400	2	question	1.3514017	-1.7759827	0.4888555
400	2	documentation	2.2285664	-1.7580807	-0.4283516
400	2	performance	1.7884789	-2.8260767	0.91217977
400	3	bug	-0.34347546	-0.57726187	0.9357632
400	3	feature	0.5376185	-1.8895997	1.4335204
400	3	question	0.5673418	-1.133666	0.682264
400	3	documentation	0.74782985	-0.54963374	-0.22506079
400	3	performance	0.328535	-2.1345978	1.7959359
400	4	bug	-1.3238577	-0.9140313	2.3148794
400	4	feature	-1.385577	-1.2537166	2.827868
400	4	question	-1.7769358	-0.39257666	2.3025448
400	4	documentation	-0.10743261	-0.96586096	1.047446
400	4	performance	-0.79677016	-2.3267586	3.2395306
402	0	bug	-0.80177116	-2.346984	3.215327
402	0	feature	-1.2923589	-1.8947433	3.4171567
402	0	question	-2.8254297	1.1291206	1.3084514
402	0	documentation	0.1320842	-2.4361672	2.2604904
402	0	performance	-1.0463907	-2.7034936	3.8209403
402	1	bug	0.014702318	-1.48908	1.4973943
402	1	feature	-0.72219485	-1.0962353	1.9432523
402	1	question	-1.2736135	0.12524106	1.1530263
402	1	documentation	0.4786837	-1.5509478	1.08637
402	1	performance	0.5256526	-1.7219543	1.181873
407	0	bug	-1.1593733	-2.3606184	3.6507726
407	0	feature	-1.1419716	-2.7254677	4.030715
407	0	question	-1.5172527	-1.2935647	2.9687572
407	0	documentation	-0.8541584	-2.3314018	3.2550697
407	0	performance	-1.3763242	-2.6093192	4.136692
409	0	bug	-0.82876617	-2.9778857	3.848064
409	0	feature	-1.0812693	-2.8385904	4.079093
409	0	question	-1.2444668	-2.1371536	3.5773625
409	0	documentation	-0.7723684	-2.4795647	3.3070867
409	0	performance	-1.294186	-2.5851376	3.990852
413	0	bug	0.17064527	-2.9892626	2.7341554
413	0	feature	-0.3767812	-2.5681982	3.0135643
413	0	question	-0.6722609	-1.7436557	2.561967
413	0	documentation	0.2785951	-1.731311	1.4667954
413	0	performance	-0.3124921	-3.1246638	3.4121027
422	0	bug	-0.55009556	-2.8219717	3.3582618
422	0	feature	-0.2460474	-3.3244812	3.5056744
422	0	question	-0.5344211	-2.9052534	3.4464278
422	0	documentation	-0.17713284	-3.126989	3.2296808
422	0	performance	-0.6477847	-3.06271	3.7079492
424	0	bug	-2.9177086	1.4965595	0.6976193
424	0	feature	-1.2698584	-1.5352768	2.9682097
424	0	question	-1.757261	-0.8157981	2.7420764
424	0	documentation	-1.095786	0.035711017	0.9174396
424	0	performance	-2.0054324	-0.8650566	2.9340363
424	1	bug	0.33002073	-0.89167094	0.5572356
424	1	feature	-0.13997516	-1.1054231	1.3245518
424	1	question	-0.090659425	-0.6040731	0.7320203
424	1	documentation	1.0249662	-1.0516316	0.03917234
424	1	performance	0.72270674	-1.6852309	0.9553249
424	2	bug	0.65836984	-1.6317135	0.9192231
424	2	feature	-0.28757945	-1.8934375	2.1886725
424	2	question	0.32579988	-1.237814	0.94483393
424	2	documentation	1.8117839	-1.885506	0.07284084
424	2	performance	1.1924945	-2.8752484	1.4614961
424	3	bug	0.95578426	-1.473683	0.5195074
424	3	feature	0.06318865	-1.7800946	1.7582388
424	3	question	-0.34123334	-0.9349036	1.3539921
424	3	documentation	1.9062512	-1.5237406	-0.3280136
424	3	performance	0.48483488	-2.608265	1.9549361
424	4	bug	0.6720668	-1.0411323	0.34568524
424	4	feature	0.53433084	-1.4901091	0.9634599
424	4	question	0.2292586	-0.8882224	0.6901299
424	4	documentation	1.3564525	-1.2362589	-0.13318548
424	4	performance	1.0289729	-1.5412575	0.46466678
424	5	bug	0.8456936	-1.291355	0.42882192
424	5	feature	0.8945439	-1.6067846	0.7045208
424	5	question	0.55336624	-1.1177171	0.5853205
424	5	documentation	1.6557084	-1.502293	-0.15877225
424	5	performance	1.1392376	-1.7980162	0.6082714
424	6	bug	-1.118295	-0.44079578	1.4687524
424	6	feature	-1.0782342	-1.3752059	2.5657768
424	6	question	-1.8000318	-0.55545133	2.4775248
424	6	documentation	-0.29528633	-0.3979442	0.57868093
424	6	performance	-0.7281323	-1.4776772	2.1535134
424	7	bug	-0.056622244	-0.9808782	1.0116824
424	7	feature	-0.5525974	-1.610481	2.2370167
424	7	question	-0.62704927	-0.89424807	1.5828314
424	7	documentation	0.7879584	-1.048565	0.2487299
424	7	performance	0.19860387	-1.7766083	1.5093155
424	8	bug	0.54998815	-0.8328722	0.2522282
424	8	feature	-0.048453912	-1.0762284	1.1295525
424	8	question	0.013322523	-0.59648025	0.61212635
424	8	documentation	1.6079218	-1.1074282	-0.5083087
424	8	performance	1.0002456	-1.4624101	0.38710335
424	9	bug	0.21209097	-0.71866703	0.4771035
424	9	feature	0.132735	-1.0707015	0.9548645
424	9	question	-0.053950846	-0.53800774	0.5910192
424	9	documentation	1.157362	-1.1330173	-0.041420225
424	9	performance	0.78538716	-1.4381536	0.6144068
424	10	bug	0.047153823	-0.9564317	0.9446739
424	10	feature	-0.10893675	-1.4748206	1.7089478
424	10	question	-0.256636	-0.860408	1.2118869
424	10	documentation	1.2287546	-1.0019511	-0.1686553
424	10	performance	0.57620066	-1.9272468	1.3547856
424	11	bug	0.2891751	-0.70791185	0.41281086
424	11	feature	0.67440706	-1.367383	0.7332871
424	11	question	0.71252865	-0.85083973	0.17609048
424	11	documentation	1.7588776	-1.1359993	-0.5970544
424	11	performance	1.3806862	-1.5732151	0.20025042
424	12	bug	-0.7733846	-0.6248866	1.3518924
424	12	feature	-0.51983833	-1.7030298	2.3034773
424	12	question	-1.0789444	-0.64634067	1.8226948
424	12	documentation	1.0040573	-0.9785489	-0.027405132
424	12	performance	0.15050219	-2.594318	2.3117924
424	13	bug	0.24494174	-1.2468969	0.9914997
424	13	feature	-0.09576203	-1.5548948	1.7138684
424	13	question	-0.087872624	-1.2249292	1.3600187
424	13	documentation	1.3484797	-1.1930848	-0.16110922
424	13	performance	0.43914196	-1.9779159	1.4798481
424	14	bug	0.32754138	-0.9795616	0.63127184
424	14	feature	0.13741645	-1.1103731	0.9996139
424	14	question	0.016906729	-0.81235075	0.8400624
424	14	documentation	1.1576579	-1.0448499	-0.12940149
424	14	performance	0.2061743	-1.261702	1.0359083
424	15	bug	0.4402961	-1.1270893	0.6562568
424	15	feature	0.6468206	-1.4885192	0.8433076
424	15	question	0.30123723	-1.0102745	0.72528386
424	15	documentation	0.512067	-0.5198966	-0.077591345
424	15	performance	0.8640235	-1.5394089	0.6201389
424	16	bug	0.4441066	-1.2919985	0.75985956
424	16	feature	0.18263204	-1.8034182	1.5349565
424	16	question	-0.26125315	-0.9129281	1.1664771
424	16	documentation	0.5270986	-0.73858327	0.08295833
424	16	performance	1.0456891	-1.7945541	0.5466678
424	17	bug	-0.55981565	-0.52221143	1.0140619
424	17	feature	-0.4481081	-1.1443281	1.6583546
424	17	question	-0.76644695	-0.40792668	1.203298
424	17	documentation	-0.4731094	0.13902399	0.10694508
424	17	performance	-0.078248665	-1.5332797	1.5325432
424	18	bug	1.1316549	-1.5912815	0.43559563
424	18	feature	0.9032061	-2.1041772	1.1576068
424	18	question	0.4613384	-1.3156089	0.8770771
424	18	documentation	1.3785946	-1.1549274	-0.25178075
424	18	performance	1.6367426	-1.9785837	0.25594047
424	19	bug	0.5717952	-1.2567283	0.60034406
424	19	feature	0.51642	-1.955865	1.3448844
424	19	question	0.13323879	-0.96789706	0.8200588
424	19	documentation	0.8702712	-0.90874994	-0.0715964
424	19	performance	1.2817136	-1.7047225	0.272152
424	20	bug	-0.26749948	-0.95515037	1.2384024
424	20	feature	-0.5261659	-1.4436246	2.0371761
424	20	question	-0.7361556	-0.78398335	1.6201527
424	20	documentation	-0.16820621	-0.35384864	0.45833048
424	20	performance	-0.12629727	-1.3474498	1.4009233
424	21	bug	-0.23806714	-0.90079814	1.1363716
424	21	feature	-0.19432777	-1.708068	1.9457604
424	21	question	-0.40985012	-0.9943489	1.4881101
424	21	documentation	-0.45454314	-0.33356845	0.72190213
424	21	performance	0.5779944	-1.8365026	1.1681684
424	22	bug	0.8147299	-1.4335669	0.55414677
424	22	feature	0.8251231	-2.0763922	1.1521606
424	22	question	0.31443033	-1.117735	0.79955065
424	22	documentation	0.9412385	-1.0552106	0.025876466
424	22	performance	1.5799196	-1.9751458	0.2366522
424	23	bug	0.6927273	-1.114391	0.40070975
424	23	feature	0.8500081	-1.541216	0.68629616
424	23	question	0.59891725	-1.0778013	0.5033252
424	23	documentation	0.9350291	-0.7549217	-0.23882836
424	23	performance	1.2149069	-1.5158224	0.2458358
424	24	bug	0.17616948	-1.0240171	0.7778301
424	24	feature	0.19176453	-1.5952647	1.3445692
424	24	question	-0.09110603	-0.92771035	1.0118978
424	24	documentation	0.46775562	-0.66891336	0.10836858
424	24	performance	0.79034233	-1.5127703	0.59833467
424	25	bug	0.26194248	-1.588572	1.2275981
424	25	feature	-0.15684271	-1.9821062	2.069386
424	25	question	-0.16013733	-1.2252778	1.3727353
424	25	documentation	0.28415087	-0.8677329	0.49634695
424	25	performance	0.49080077	-2.1759198	1.4869076
424	26	bug	-0.6178927	-0.9670726	1.5105251
424	26	feature	-0.18207487	-1.8473625	1.9633026
424	26	question	-0.34075764	-1.1903678	1.5237029
424	26	documentation	-0.18263811	-0.61761713	0.67268366
424	26	performance	0.51082015	-2.3010454	1.545256
424	27	bug	0.17776603	-0.9565352	0.728081
424	27	feature	-0.06412196	-1.4240059	1.5098449
424	27	question	-0.30299744	-0.70836574	1.0245583
424	27	documentation	0.2512107	-0.5011388	0.14918981
424	27	performance	0.3026777	-1.2272314	0.8521986
424	28	bug	0.16842848	-1.275755	1.0764269
424	28	feature	-0.14053592	-1.7046324	1.8473752
424	28	question	-0.48699883	-0.8940159	1.44111
424	28	documentation	0.21214138	-0.60757875	0.29805458
424	28	performance	0.54359293	-2.0732222	1.3739668
424	29	bug	1.3558507	-1.698908	0.283456
424	29	feature	1.035315	-1.803001	0.720502
424	29	question	1.0457305	-1.5758853	0.503054
424	29	documentation	1.3165414	-1.1960603	-0.16917808
424	29	performance	1.347479	-1.8867191	0.45193785
424	30	bug	0.15158312	-1.209104	0.99069357
424	30	feature	-0.7763691	-0.581723	1.4137424
424	30	question	-0.19450441	-1.076412	1.2804198
424	30	documentation	0.06281701	-0.56774485	0.3810125
424	30	performance	0.43530253	-1.852238	1.2884779
424	31	bug	-0.22851169	-0.96813977	1.1632788
424	31	feature	-0.40492055	-1.5490764	1.9733033
424	31	question	-0.65020347	-0.8854771	1.6071985
424	31	documentation	-0.34845257	-0.48584965	0.77368087
424	31	performance	0.12586492	-1.612908	1.3835187
424	32	bug	-0.09100823	-0.93181074	0.9370327
424	32	feature	-0.21763882	-1.4580967	1.6339289
424	32	question	-0.6414702	-0.6032917	1.2299535
424	32	documentation	-0.06834238	-0.32635725	0.2015792
424	32	performance	0.5257951	-1.5967678	0.8831024
424	33	bug	0.20484117	-0.98944885	0.74140817
424	33	feature	-0.23920701	-1.1348594	1.4193246
424	33	question	-0.26413435	-0.7797519	1.0742719
424	33	documentation	0.35076624	-0.5143951	0.06472361
424	33	performance	0.73817503	-1.8896483	1.0426469
424	34	bug	-0.40562513	-0.36477357	0.70268565
424	34	feature	-0.36807528	-1.1419946	1.5787994
424	34	question	-0.2795492	-0.58437	0.90810347
424	34	documentation	-0.1500701	-0.12826271	0.15636797
424	34	performance	0.30436793	-1.2178646	0.8696335
424	35	bug	0.32316965	-1.0383502	0.64803314
424	35	feature	0.41253757	-1.905571	1.4379027
424	35	question	0.5232841	-0.99565625	0.49737942
424	35	documentation	0.25089702	-0.59909743	0.24664238
424	35	performance	1.1852498	-2.2602386	0.8883724
424	36	bug	-1.2197804	-0.82302284	2.0411584
424	36	feature	-1.2151237	-1.4844817	2.7826552
424	36	question	-1.4249942	-0.7170304	2.2472496
424	36	documentation	-1.2047648	-0.26260558	1.3986747
424	36	performance	-0.96157885	-1.551233	2.4213443
424	37	bug	-0.59582806	-0.82185334	1.3394263
424	37	feature	-0.49874866	-1.5718559	2.0633988
424	37	question	-0.93664366	-0.7319868	1.697967
424	37	documentation	-0.79652655	-0.18165216	0.8148924
424	37	performance	-0.23927648	-1.4804856	1.5695937
424	38	bug	-0.7691424	-1.0557443	1.7224306
424	38	feature	-0.8797848	-1.7968025	2.6033685
424	38	question	-0.8380637	-0.9325106	1.7575758
424	38	documentation	-0.9701223	-0.5306971	1.3809794
424	38	performance	-0.45942095	-1.7832986	1.9784142
424	39	bug	-1.0155776	-0.8593637	1.8558036
424	39	feature	-1.0416205	-1.5155498	2.6149035
424	39	question	-1.2439464	-0.7281334	2.0588682
424	39	documentation	-1.0289571	-0.3412651	1.297931
424	39	performance	-0.7615943	-1.5652264	2.2124639
424	40	bug	-0.056183644	-1.2242566	1.2345086
424	40	feature	-0.2822552	-1.7841344	2.052618
424	40	question	-0.3439621	-1.1438072	1.533889
424	40	documentation	-0.22202727	-0.6343734	0.7898505
424	40	performance	0.4705626	-2.0666254	1.4438689
424	41	bug	-0.805454	-0.8646407	1.6052802
424	41	feature	-0.92405164	-1.4980963	2.4242043
424	41	question	-1.2925094	-0.6799297	2.0245044
424	41	documentation	-1.1912786	-0.050189476	1.0953314
424	41	performance	-0.68408823	-1.2940446	1.751157
424	42	bug	0.25247484	-0.7074547	0.4050915
424	42	feature	0.52733463	-0.9678978	0.4154023
424	42	question	0.491873	-0.77321655	0.25084978
424	42	documentation	0.33699057	-0.4492918	0.016474247
424	42	performance	0.5097914	-0.9901285	0.42698544
424	43	bug	0.034203365	-1.3342882	1.2227942
424	43	feature	0.123553395	-1.945223	1.7714161
424	43	question	-0.38368326	-1.1635044	1.5717579
424	43	documentation	-0.027205871	-0.63863945	0.5653033
424	43	performance	0.55700016	-2.4120674	1.6105056
424	44	bug	-0.73280954	-1.0142174	1.6901455
424	44	feature	-0.46923575	-1.4055005	1.8569441
424	44	question	-1.0110252	-0.7157395	1.7831142
424	44	documentation	-0.8445298	-0.43466097	1.1984196
424	44	performance	-0.24458002	-2.1362967	2.1587129
424	45	bug	0.39207515	-1.5044774	1.0229105
424	45	feature	0.22779313	-1.9902958	1.6831
424	45	question	-0.16389829	-1.1560915	1.3226002
424	45	documentation	0.51384884	-0.9595721	0.34694073
424	45	performance	0.8861964	-2.4341173	1.3079175
424	46	bug	0.87788665	-1.4370124	0.49694473
424	46	feature	1.0321751	-1.5923334	0.51995146
424	46	question	0.8127625	-1.3224906	0.48643556
424	46	documentation	0.5163853	-0.85062796	0.26668894
424	46	performance	1.3074894	-1.9638424	0.54868495
424	47	bug	-0.6392428	-0.90553164	1.4856006
424	47	feature	-0.5122247	-1.62001	2.108476
424	47	question	-0.6267197	-0.70748013	1.345417
424	47	documentation	-0.43358716	-0.30599082	0.5764028
424	47	performance	-0.15595189	-1.7104057	1.691839
424	48	bug	0.58104783	-1.4361509	0.82150394
424	48	feature	0.26156858	-1.412438	1.1821611
424	48	question	0.05171801	-1.0727324	1.0656537
424	48	documentation	0.28736535	-0.8466959	0.5074042
424	48	performance	1.0038924	-2.5106997	1.3280723
424	49	bug	0.016864149	-0.7987168	0.7562665
424	49	feature	0.2198503	-1.114523	0.90212405
424	49	question	0.049609356	-0.824625	0.7928113
424	49	documentation	-0.030898446	-0.37328106	0.32747185
424	49	performance	0.40151796	-1.228864	0.7825998
424	50	bug	0.45167872	-1.5167843	0.9941172
424	50	feature	0.6091137	-2.3838475	1.6531456
424	50	question	0.5652809	-1.7276163	1.1628078
424	50	documentation	0.483371	-1.021944	0.4590752
424	50	performance	1.3348584	-2.7813358	1.1661046
424	51	bug	0.15870206	-1.3068308	1.1178749
424	51	feature	0.19185239	-1.6889132	1.519082
424	51	question	-0.2825263	-1.0425756	1.3661296
424	51	documentation	0.667482	-0.7170004	-0.028231096
424	51	performance	1.1314471	-2.6725044	1.3557906
424	52	bug	0.36615944	-0.76255673	0.36607796
424	52	feature	0.29205146	-0.75538874	0.45837107
424	52	question	0.6373936	-0.8187316	0.16028617
424	52	documentation	0.87015593	-0.78740513	-0.13138187
424	52	performance	0.6712845	-1.0360018	0.3366957
424	53	bug	0.2124518	-1.0560402	0.8296262
424	53	feature	-0.23553932	-1.2470223	1.5432975
424	53	question	1.1364334	-1.4572228	0.3675356
424	53	documentation	1.6467235	-1.3212514	-0.30776036
424	53	performance	0.46948418	-1.953761	1.4526668
424	54	bug	-0.097406484	-0.76625174	0.8517782
424	54	feature	-0.083549194	-1.2045509	1.3499017
424	54	question	0.2991902	-1.0045292	0.74135906
424	54	documentation	1.4884423	-1.1629285	-0.33074075
424	54	performance	0.8729267	-2.428666	1.4623599
424	55	bug	0.19845606	-0.5120613	0.26509914
424	55	feature	0.5225027	-0.57866555	0.05317983
424	55	question	-0.40802118	0.12481939	0.1312178
424	55	documentation	2.0131588	-0.998744	-1.0370241
424	55	performance	0.95362467	-1.2246729	0.27485344
424	56	bug	-0.27930623	-0.54550505	0.7803359
424	56	feature	-0.9122306	-1.2244717	2.2540538
424	56	question	-0.8367971	-0.58224416	1.4586414
424	56	documentation	1.1093944	-0.7479391	-0.38225907
424	56	performance	-0.6465238	-1.2394989	1.9000416
424	57	bug	0.4718292	-1.5973955	1.1119756
424	57	feature	1.4763659	-2.3927565	0.8610242
424	57	question	0.5802527	-1.5054452	0.979352
424	57	documentation	1.4790206	-1.7846724	0.29146752
424	57	performance	-0.9320712	-1.6262034	2.729108
426	0	bug	-1.5267739	0.4674124	0.75591296
426	0	feature	-0.6499561	-1.2868764	2.053256
426	0	question	-0.961522	-0.6950337	1.72589
426	0	documentation	0.33049282	-0.37769204	0.019629676
426	0	performance	-0.6847013	-1.833468	2.5477097
426	1	bug	-1.561596	0.58794624	0.6189226
426	1	feature	-0.4327884	-0.752427	1.2295766
426	1	question	-1.2643976	0.036476027	1.1563202
426	1	documentation	1.0797771	-0.8076143	-0.3065918
426	1	performance	-0.7759069	-0.9268067	1.6865426
426	2	bug	-0.8332125	-1.0708376	2.003341
426	2	feature	-0.8974068	-1.1336554	2.2276466
426	2	question	-1.3283863	-0.5544345	2.0357466
426	2	documentation	-2.0744333	0.79909456	0.9429928
426	2	performance	-1.1422061	-2.0348632	3.337603
428	0	bug	-0.7452195	-1.422079	2.2028456
428	0	feature	-0.81334496	-1.9112189	2.8705387
428	0	question	-0.9288453	-1.29168	2.320041
428	0	documentation	0.7206844	-1.3892982	0.63992673
428	0	performance	-0.9000331	-2.0598824	3.021541
429	0	bug	-2.1769612	-1.6606727	4.0568733
429	0	feature	-2.4693787	-0.97552514	3.7804039
429	0	question	-2.3248296	-1.1206168	3.7241225
429	0	documentation	-1.8178748	-1.4387451	3.4299932
429	0	performance	-1.9328408	-2.2513452	4.416676
430	0	bug	-1.0274383	-1.1896046	2.318676
430	0	feature	-0.676087	-2.2755628	3.080827
430	0	question	-0.9609376	-1.5566772	2.668857
430	0	documentation	-0.23136142	-1.159055	1.4559315
430	0	performance	-0.90987754	-2.2667096	3.2612462
430	1	bug	-1.0515232	-1.2468024	2.4078093
430	1	feature	-1.6171432	-1.3042067	3.1946602
430	1	question	-1.3729	-1.4175798	3.0056005
430	1	documentation	0.6967833	-1.6419456	0.9130292
430	1	performance	-0.089190945	-2.674513	2.7501283
433	0	bug	0.28063342	-3.5225303	3.1260526
433	0	feature	-0.73524845	-2.6284485	3.4628918
433	0	question	-1.1263106	-1.4823261	2.7982216
433	0	documentation	0.56727326	-3.20585	2.5642662
433	0	performance	-0.7313725	-2.905527	3.6849492
434	0	bug	-0.3340261	-2.9821427	3.2596478
434	0	feature	-0.8483765	-1.8346874	2.7715943
434	0	question	-1.5623293	-0.50846666	2.2007756
434	0	documentation	0.60614866	-2.9245381	2.1414614
434	0	performance	-0.37191156	-2.9417152	3.2367327
435	0	bug	0.037917867	-1.8512429	1.8045646
435	0	feature	0.65492517	-2.885652	2.1626651
435	0	question	-0.7369815	-1.222093	2.1032164
435	0	documentation	1.8979702	-2.2659676	0.34117335
435	0	performance	-0.86431587	-2.669787	3.6103606
436	0	bug	-1.1192122	-0.67277384	1.8837515
436	0	feature	-0.5583635	-1.9927851	2.6609473
436	0	question	-0.84623677	-1.2859279	2.2771397
436	0	documentation	0.66062737	-1.538869	0.9066688
436	0	performance	-0.6520721	-1.9986066	2.7108045
437	0	bug	-1.0312408	-1.3772992	2.527452
437	0	feature	-0.5901046	-2.4453173	3.1826541
437	0	question	-1.2268074	-1.4611332	2.9075913
437	0	documentation	0.01621019	-0.99568456	1.060665
437	0	performance	-0.7563343	-2.7528405	3.5621266
438	0	bug	0.9963088	-2.602429	1.5643342
438	0	feature	-0.12893069	-1.6657325	1.9167248
438	0	question	-0.6246734	-1.2102127	1.9553533
438	0	documentation	-0.62708	-0.49911743	1.1451275
438	0	performance	-0.6903261	-2.1524765	2.9412422
443	0	bug	-1.1221855	-1.6652371	2.948834
443	0	feature	-1.1492982	-1.6841683	3.0413294
443	0	question	-1.2965612	-0.9577864	2.4452407
443	0	documentation	-0.9440434	-1.4915576	2.5865445
443	0	performance	-0.9204681	-1.9890106	3.0263612
443	1	bug	-0.62089705	-1.2460817	1.9160686
443	1	feature	-1.0998471	-1.4997284	2.8427067
443	1	question	-0.9106057	-0.9692035	2.0366583
443	1	documentation	0.7439373	-1.1485251	0.37324935
443	1	performance	0.12516367	-1.9410115	1.8379283
444	0	bug	-0.486545	-2.423505	2.9167156
444	0	feature	-1.4529407	0.41558462	0.85789394
444	0	question	-3.1609952	1.654637	0.8280335
444	0	documentation	-1.5547383	0.28019366	1.0379686
444	0	performance	0.42096928	-2.7214646	2.165712
450	0	bug	1.6981568	-4.037413	2.0054836
450	0	feature	-0.6950971	-1.9622349	2.7694814
450	0	question	-1.3654449	-0.7512575	2.2314198
450	0	documentation	-2.0982444	0.20661993	1.7050078
450	0	performance	1.8820188	-4.4928527	2.2309756
451	0	bug	-1.7246869	-1.6409962	3.5080886
451	0	feature	-2.6372378	-0.38912445	3.217576
451	0	question	-2.2906525	-0.3822906	2.8164937
451	0	documentation	-1.4765906	-1.4396434	3.0477674
451	0	performance	-1.7997332	-1.8899939	3.856967
452	0	bug	-0.7158208	-2.7425873	3.414012
452	0	feature	-0.74696416	-2.789381	3.5437605
452	0	question	-0.82869834	-2.2542894	3.1406007
452	0	documentation	-0.4726866	-2.6771607	3.0968268
452	0	performance	-1.0842537	-2.7150278	3.8067076
452	1	bug	-0.019580605	-2.559447	2.5104237
452	1	feature	-0.51394284	-1.6104096	2.1844938
452	1	question	-1.2704022	-0.8422266	2.259159
452	1	documentation	-0.7774286	-1.9422373	2.842736
452	1	performance	-0.9488759	-2.4749708	3.5634582
453	0	bug	-1.2285125	-0.5863002	1.8598888
453	0	feature	-0.7588707	-2.3032942	3.191042
453	0	question	-1.4373827	-0.7843795	2.405727
453	0	documentation	-0.110609375	-0.52959603	0.617479
453	0	performance	-1.2575315	-2.0618548	3.4726233
454	0	bug	-1.170926	-1.491098	2.8390887
454	0	feature	-0.80255497	-2.6937103	3.6739755
454	0	question	-0.9567908	-1.6240414	2.782436
454	0	documentation	0.06748085	-1.8621001	1.8554366
454	0	performance	-0.88354486	-2.5953407	3.6086822
456	0	bug	-0.75529224	-2.8980784	3.686297
456	0	feature	-0.7994575	-3.02849	3.8977935
456	0	question	-1.0859216	-2.4198143	3.6431942
456	0	documentation	-0.851877	-2.712145	3.640602
456	0	performance	-1.0309467	-2.9563594	4.0600147
460	0	bug	-0.685246	-3.0044556	3.777488
460	0	feature	-0.9671636	-2.4144335	3.5839443
460	0	question	-1.2469487	-1.6123921	3.1148577
460	0	documentation	-1.3878323	-2.0292907	3.6230052
460	0	performance	-1.0784822	-3.081862	4.302369
463	0	bug	2.168339	-2.3907456	0.12759283
463	0	feature	1.4953988	-3.1196291	1.4792421
463	0	question	0.44785312	-2.0856001	1.5860366
463	0	documentation	2.720246	-2.5673304	-0.2039948
463	0	performance	1.7484387	-3.3692307	1.4058375
465	0	bug	-1.0022146	-1.957976	3.1001883
465	0	feature	-0.9115854	-1.6750139	2.7723923
465	0	question	-1.3905332	-1.2696704	2.8723817
465	0	documentation	-1.0305676	-0.5358111	1.593262
465	0	performance	-1.3995206	-1.9666411	3.541689
465	1	bug	-0.07471923	-3.0407202	3.0094147
465	1	feature	-0.36451143	-2.8955543	3.2556772
465	1	question	-0.77314556	-2.2569618	3.1152434
465	1	documentation	0.58338904	-3.2978022	2.5306053
465	1	performance	0.27708542	-3.5561483	3.0990298
465	2	bug	0.011032848	-1.4740908	1.4273636
465	2	feature	-0.37915346	-1.6770462	2.12055
465	2	question	-0.31080195	-1.2444509	1.6055441
465	2	documentation	0.70438504	-1.3786601	0.63786983
465	2	performance	0.28700817	-2.7419004	2.2444448
465	3	bug	-1.3255347	-2.3041046	3.816955
465	3	feature	-1.1948102	-1.6742493	3.1129992
465	3	question	-1.6556662	-1.5428201	3.472152
465	3	documentation	-2.1049242	-0.7005063	2.9720473
465	3	performance	-1.4514673	-2.2792945	3.9499846
468	0	bug	-1.6713884	-1.355574	3.2665827
468	0	feature	-1.6141145	-1.8215268	3.7691734
468	0	question	-2.9997973	-0.15352808	3.3474143
468	0	documentation	-0.7934428	-1.5323106	2.4934762
468	0	performance	-1.3003494	-2.0564651	3.547287
469	0	bug	-0.8168941	-2.55739	3.4265237
469	0	feature	-0.80359364	-2.6100984	3.489482
469	0	question	-0.9021727	-2.2274704	3.2189233
469	0	documentation	-0.5501702	-2.681479	3.2406058
469	0	performance	-1.0512339	-2.6000657	3.7346048
469	1	bug	-1.2859818	-0.9090445	2.3344183
469	1	feature	-1.6307199	-1.4373899	3.3549466
469	1	question	-1.7754991	-0.8391485	2.8490658
469	1	documentation	-0.4252849	-0.8466057	1.2835943
469	1	performance	-1.2351375	-1.9788184	3.4075298
486	0	bug	-1.0530777	-2.0826693	3.234383
486	0	feature	-1.1178696	-1.2543935	2.53104
486	0	question	-2.462806	0.38430896	2.004395
486	0	documentation	-1.8027301	-0.18901886	2.018908
486	0	performance	-1.0965632	-2.5081644	3.6953297
487	0	bug	-1.160382	-2.3044949	3.5668125
487	0	feature	-1.0974785	-2.4957619	3.7492056
487	0	question	-1.2477045	-2.1986341	3.612202
487	0	documentation	-0.74191517	-2.119905	2.9202814
487	0	performance	-0.97817206	-2.8075116	3.8651571
521	0	bug	-1.721025	0.7681246	0.63244206
521	0	feature	-1.180135	-1.2381914	2.6728296
521	0	question	-1.3962041	-0.40246642	1.9815154
521	0	documentation	-0.46709675	-0.060000174	0.43695182
521	0	performance	-1.6616573	-0.08922278	1.813781
525	0	bug	-0.39643934	-1.8696285	2.2793288
525	0	feature	-0.5622883	-1.8129671	2.4574077
525	0	question	-0.7834942	-1.3325685	2.2146966
525	0	documentation	-0.017109917	-1.1533916	1.2118416
525	0	performance	-0.6908405	-2.2488735	2.9768343
525	1	bug	-0.13333884	-1.2828474	1.410806
525	1	feature	-0.8754675	-0.295789	1.2147534
525	1	question	-1.2309483	-0.6565463	1.9993613
525	1	documentation	1.5871516	-1.5263845	-0.03653786
525	1	performance	-0.62016916	-2.356894	3.0145657
527	0	bug	-1.3688693	-1.2119347	2.695892
527	0	feature	-1.1230576	-1.8574051	3.167957
527	0	question	-1.9625041	-0.63882184	2.7763586
527	0	documentation	-1.5106136	0.17687091	1.1786747
527	0	performance	-1.2096165	-2.293646	3.6698487
529	0	bug	-1.3067713	-1.3841981	2.7178636
529	0	feature	-0.92739505	-1.2323688	2.2916956
529	0	question	-1.7412906	-0.5741508	2.4282107
529	0	documentation	-0.7642269	-1.2534988	2.0447953
529	0	performance	-1.0709623	-2.2534702	3.373505
529	1	bug	-1.2419453	-2.412339	3.7572832
529	1	feature	-0.5559945	-2.14813	2.7226596
529	1	question	-1.1632802	-1.4974506	2.7802594
529	1	documentation	0.38316253	-2.3500972	1.8421746
529	1	performance	-0.85062563	-3.090883	3.9778757
530	0	bug	-1.471632	-2.074382	3.6896634
530	0	feature	-1.7546496	-1.6588594	3.6552706
530	0	question	-1.991009	-0.5664995	2.729621
530	0	documentation	-0.6965306	-2.0408769	2.7868028
530	0	performance	-1.5288434	-2.6566215	4.3600774
533	0	bug	1.2320652	-2.7709184	1.4910643
533	0	feature	1.9149425	-1.9107583	0.053083647
533	0	question	-0.15745318	-0.9694608	1.1873529
533	0	documentation	2.4853263	-2.1658554	-0.33043978
533	0	performance	0.49873665	-3.1041691	2.6150892
534	0	bug	-1.5358837	-1.6996106	3.4148998
534	0	feature	-1.5878499	0.24899508	1.3223813
534	0	question	-1.6031761	-1.2373548	3.090026
534	0	documentation	0.54964656	-1.9823275	1.4055085
534	0	performance	-0.2796805	-3.1176734	3.362182
535	0	bug	1.1196803	-3.3457568	2.020405
535	0	feature	-0.14710411	-1.8195537	2.0286322
535	0	question	-0.34682715	-1.3327829	1.7489262
535	0	documentation	1.7998631	-2.3267052	0.43456465
535	0	performance	-0.0564209	-3.5032654	3.4700832
536	0	bug	-0.570005	-1.0384976	1.7127516
536	0	feature	-0.49632317	-1.5273489	2.1873622
536	0	question	-0.9433975	-0.86096776	1.9552451
536	0	documentation	1.2823632	-1.5395278	0.30327773
536	0	performance	-0.28053662	-2.0358038	2.3692334
536	1	bug	-1.2439196	-1.962515	3.3862185
536	1	feature	-1.9876738	-0.7238378	3.0038588
536	1	question	-1.8949379	-0.55447966	2.7119608
536	1	documentation	-0.5647712	-2.2909417	2.9023328
536	1	performance	-0.88998973	-2.684988	3.658469
537	0	bug	-0.7733036	-1.9276141	2.7755246
537	0	feature	-0.547968	-2.3256586	2.9124336
537	0	question	-2.89153	0.6243284	2.2110229
537	0	documentation	-1.6111546	-0.25124565	1.8893162
537	0	performance	-1.0458343	-2.6520386	3.8343072
538	0	bug	1.9759321	-3.8861938	1.7158825
538	0	feature	1.4525461	-2.4464974	0.903997
538	0	question	0.15990743	-1.5913564	1.4633652
538	0	documentation	3.4060295	-3.6446133	0.10009596
538	0	performance	0.5004811	-3.499601	2.9040763
540	0	bug	2.039519	-3.2443714	1.008595
540	0	feature	-2.747966	1.4613918	0.75042343
540	0	question	-2.9082453	0.8745264	1.9317341
540	0	documentation	3.111294	-2.8655024	-0.33322215
540	0	performance	0.11606844	-3.1281538	2.9586825
541	0	bug	-0.65189064	-2.1348069	2.873858
541	0	feature	-1.3504994	-0.6164363	2.179172
541	0	question	-1.4147793	-0.6737186	2.2457943
541	0	documentation	0.62508106	-1.5537349	0.94498575
541	0	performance	-0.6855455	-2.7826874	3.5687778
547	0	bug	-0.089123264	-2.8671606	2.8349473
547	0	feature	0.043608226	-2.8417716	2.7180617
547	0	question	-0.5550215	-1.2973036	1.9348774
547	0	documentation	0.7913445	-3.1698704	2.1948164
547	0	performance	-0.39232042	-2.8475432	3.158122
547	1	bug	-1.202018	-2.8818898	4.196413
547	1	feature	0.811651	-3.3541307	2.3518357
547	1	question	-1.1137807	-2.4733038	3.7199383
547	1	documentation	-0.7892858	-3.002668	3.8286831
547	1	performance	-1.1495994	-3.219322	4.464201
559	0	bug	-1.0877638	-1.6764016	2.8333707
559	0	feature	-0.9656917	-1.3317968	2.4019313
559	0	question	-2.8102818	0.5982813	2.0795527
559	0	documentation	-0.4581863	-1.5525492	2.0356326
559	0	performance	-1.1101158	-2.4102314	3.6181428
560	0	bug	-0.49248612	-1.0533344	1.5962679
560	0	feature	0.05467798	-2.3912048	2.3499336
560	0	question	-0.03869851	-1.6821566	1.7734041
560	0	documentation	0.971357	-2.1415105	1.1717061
560	0	performance	0.07312699	-2.183825	2.1166668
560	1	bug	-2.3726058	0.8565829	1.092275
560	1	feature	-0.9342015	-1.5116938	2.6831625
560	1	question	-1.6474863	-0.824125	2.6790576
560	1	documentation	-0.49097452	-0.03180742	0.43833208
560	1	performance	-1.0395819	-2.3300438	3.5342867
566	0	bug	-1.9267261	-0.7736383	2.7106411
566	0	feature	-2.2164218	-1.085088	3.5142837
566	0	question	-3.0854027	1.328457	1.2756207
566	0	documentation	-2.8765035	0.87343127	1.605261
566	0	performance	-2.1503077	-1.1824436	3.4723735
566	1	bug	-0.20144081	-2.1228306	2.31597
566	1	feature	-0.40277168	-2.5959828	3.0542912
566	1	question	-2.282995	0.2820741	1.996648
566	1	documentation	0.9238731	-2.2518888	1.2861121
566	1	performance	-0.7783534	-2.537469	3.3446596
568	0	bug	-0.545081	-2.2579396	2.794888
568	0	feature	-2.6944683	-0.0035448119	2.7687774
568	0	question	-2.3060148	-0.035422344	2.4348657
568	0	documentation	2.7405732	-3.013126	0.10847299
568	0	performance	-0.7368488	-3.008726	3.7847075
569	0	bug	-0.25978434	-3.0171227	3.1622362
569	0	feature	-1.2450845	-1.9326006	3.3442507
569	0	question	-2.6976516	1.0201722	1.3351648
569	0	documentation	-2.462246	-0.28596228	2.7686372
569	0	performance	-1.2007167	-2.2667274	3.5413954
580	0	bug	-1.0958586	-1.1636871	2.3199537
580	0	feature	-1.9208878	-0.5855177	2.7068005
580	0	question	-1.9454544	-0.42389557	2.5467894
580	0	documentation	0.866412	-1.6138674	0.7112332
580	0	performance	-1.2024782	-2.507103	3.883175
581	0	bug	1.4853687	-1.8340689	0.3554782
581	0	feature	-0.83737767	-0.9163346	1.8801007
581	0	question	-1.3841512	-0.5638539	2.1083455
581	0	documentation	1.3348848	-1.1698166	-0.16927958
581	0	performance	-0.4132953	-2.184283	2.7571945
582	0	bug	-0.7767037	-2.4987886	3.3032084
582	0	feature	-1.5634161	-1.1554227	2.9637356
582	0	question	-1.8560765	-0.23350559	2.208903
582	0	documentation	-0.12132714	-2.0485325	2.1424716
582	0	performance	-0.9659233	-2.484188	3.5245552
583	0	bug	-0.75772744	-2.5011382	3.3108199
583	0	feature	-1.1699675	-1.6922194	3.0770893
583	0	question	-1.113699	-1.7128203	2.9956007
583	0	documentation	-0.20928043	-2.5867972	2.7838786
583	0	performance	-0.59594554	-2.9946194	3.5820541
583	1	bug	-0.6327178	-1.3916631	2.0808117
583	1	feature	-1.4124641	-0.91176265	2.5641353
583	1	question	-1.6807126	-0.46452305	2.3042026
583	1	documentation	0.1780129	-0.83416426	0.6378755
583	1	performance	-0.4988563	-2.7102735	3.228527
588	0	bug	-0.11560826	-2.3444202	2.4211555
588	0	feature	-0.5276605	-2.173024	2.8018963
588	0	question	-0.9667833	-1.0215861	2.1732965
588	0	documentation	0.9728816	-2.2980757	1.3149744
588	0	performance	-0.12993513	-3.2298748	3.2329154
588	1	bug	1.8598642	-1.9788419	0.09656961
588	1	feature	1.719858	-2.197584	0.4520994
588	1	question	1.429417	-1.7460084	0.33480355
588	1	documentation	2.0670211	-1.6694766	-0.3926188
588	1	performance	1.8348203	-2.3460543	0.4281559
588	2	bug	0.34224102	-0.89208883	0.552191
588	2	feature	0.26575282	-0.74340844	0.4823329
588	2	question	0.24645248	-0.5747385	0.32468042
588	2	documentation	0.32555598	-0.7772126	0.45836914
588	2	performance	0.21619383	-0.86801255	0.663725
588	3	bug	-0.46102104	-2.0502703	2.5161982
588	3	feature	0.41933632	-3.1128826	2.5385184
588	3	question	-0.7813524	-1.6034708	2.4849937
588	3	documentation	2.2680082	-2.8372576	0.38805026
588	3	performance	0.48606992	-2.5225527	1.9611174
590	0	bug	-0.96163905	-2.7467952	3.7742958
590	0	feature	-0.9330829	-2.4008725	3.4633553
590	0	question	-1.1774212	-1.8556757	3.1841385
590	0	documentation	-1.0711884	-2.1570387	3.3067853
590	0	performance	-1.1761332	-2.7535748	4.001505
595	0	bug	-1.9654582	-0.27568218	2.3591247
595	0	feature	-1.7299266	-1.1878332	3.1944628
595	0	question	-2.0456364	-0.0874513	2.2891588
595	0	documentation	-2.2839	0.5794414	1.5446475
595	0	performance	-1.791111	-1.1479166	3.1536806
595	1	bug	-0.55284816	-2.196651	2.7496758
595	1	feature	-0.71606827	-2.0614924	2.8697667
595	1	question	-1.7202046	-0.31359968	2.144926
595	1	documentation	-0.7627977	-1.0140245	1.840723
595	1	performance	-0.258368	-3.0761795	3.2857287
597	0	bug	-0.38282812	-0.66703	1.0549994
597	0	feature	-1.0195407	-1.2449492	2.4459634
597	0	question	-1.8017862	-0.04294813	1.9443414
597	0	documentation	0.34301797	-0.7763283	0.46851897
597	0	performance	-0.79254496	-2.2908921	3.1145701
598	0	bug	-0.1589257	-2.51133	2.6514072
598	0	feature	-0.20211542	-2.4120984	2.6545558
598	0	question	-1.1876628	-0.87681985	2.2507637
598	0	documentation	1.3153415	-2.538637	1.1428801
598	0	performance	-0.55936193	-3.0612192	3.646284
629	0	bug	-0.58059144	-1.879615	2.4411783
629	0	feature	-2.0914786	-1.0278074	3.4128163
629	0	question	-2.7604902	0.25159663	2.5656648
629	0	documentation	-0.37698412	-1.2936832	1.6565189
629	0	performance	-1.4751703	-1.7139908	3.3152928
633	0	bug	2.4485154	-3.0351794	0.42871904
633	0	feature	1.9275639	-2.7826357	0.7343824
633	0	question	-0.7649465	-1.4348191	2.322021
633	0	documentation	2.6000216	-2.6185026	-0.059755135
633	0	performance	1.5634894	-3.4616084	1.6621834
634	0	bug	-0.18554737	-2.165135	2.349045
634	0	feature	-1.0732894	-1.1969903	2.4695454
634	0	question	-1.7396435	-0.09208105	1.92064
634	0	documentation	2.2539587	-2.4331489	0.08189386
634	0	performance	0.22674173	-2.9714394	2.6599097
636	0	bug	-0.58913666	-2.420395	3.0270705
636	0	feature	0.3161902	-1.8390813	1.5273807
636	0	question	-0.8300962	-1.8982542	2.8342772
636	0	documentation	0.2350576	-2.2158256	1.9620764
636	0	performance	-0.7015575	-2.6320307	3.3564606
636	1	bug	0.25011152	-1.0487872	0.80347335
636	1	feature	0.2344461	-0.9943543	0.7715392
636	1	question	0.34544772	-1.0196961	0.6803345
636	1	documentation	0.3831667	-1.1030016	0.7264981
636	1	performance	0.337526	-1.0632495	0.7283658
636	2	bug	-0.2230036	-2.5571494	2.729484
636	2	feature	0.08930197	-2.1956458	2.1338768
636	2	question	-0.8803175	-0.945996	1.9364775
636	2	documentation	1.4742222	-1.9529	0.43651342
636	2	performance	-0.2073164	-2.8324633	3.0198321
640	0	bug	-0.16026239	-3.058854	3.1463332
640	0	feature	1.2771246	-3.1531463	1.677306
640	0	question	-1.975554	-0.37526798	2.4784977
640	0	documentation	2.9171183	-3.429315	0.27292037
640	0	performance	0.5872311	-3.980167	3.207295
644	0	bug	1.6207969	-3.3390899	1.4670155
644	0	feature	0.3968003	-2.580467	2.1364198
644	0	question	-2.9896069	0.77264786	2.0683722
644	0	documentation	2.6323254	-3.4180615	0.5935855
644	0	performance	0.5484338	-3.6186063	2.804367
645	0	bug	-1.6307447	0.15691508	1.413843
645	0	feature	-0.8627717	-1.4319484	2.4829233
645	0	question	-1.5862646	-0.34632593	2.0863757
645	0	documentation	1.2702565	-1.5686787	0.33423117
645	0	performance	-1.2895939	-1.3168569	2.8007226
648	0	bug	-0.4204426	-2.2302847	2.7084832
648	0	feature	-0.47411618	-2.2635555	2.8342395
648	0	question	-0.8595058	-1.6867801	2.6910381
648	0	documentation	-1.3413465	0.48035395	0.60100216
648	0	performance	-0.52540463	-2.2324948	2.816322
648	1	bug	1.6531606	-2.3074107	0.59229577
648	1	feature	0.5903842	-2.3798137	1.763675
648	1	question	-0.24630244	-1.1321824	1.4223702
648	1	documentation	1.8476657	-1.611197	-0.23517102
648	1	performance	0.9985839	-2.50077	1.3633707
648	2	bug	-0.33588168	-1.3898779	1.7277629
648	2	feature	0.91204125	-2.446145	1.449398
648	2	question	-0.5029778	-1.0299815	1.5820358
648	2	documentation	0.59192157	-1.4186541	0.81360316
648	2	performance	-0.3797105	-2.2933302	2.7535532
650	0	bug	-0.4840717	-2.0684214	2.5853834
650	0	feature	0.35763127	-3.368724	2.9682026
650	0	question	-0.8762088	-1.7691592	2.8154905
650	0	documentation	-1.1476196	-1.5067908	2.782752
650	0	performance	-0.80961215	-3.0627213	3.9485703
653	0	bug	-1.8359579	-0.425636	2.333166
653	0	feature	-0.51363045	-1.4905891	2.1323738
653	0	question	-3.3358662	1.3258818	1.6107686
653	0	documentation	-0.018170776	-1.1546588	1.216131
653	0	performance	-1.425392	-2.3114154	3.9799542
656	0	bug	-3.0441139	2.238875	-0.30962607
656	0	feature	0.6232231	-2.9263234	2.244013
656	0	question	-0.2719222	-1.3474809	1.763994
656	0	documentation	1.3217847	-1.6634905	0.34837732
656	0	performance	-0.343016	-1.9330539	2.3205776
658	0	bug	-1.0219107	-1.63094	2.7973099
658	0	feature	-0.5664153	-2.3612752	3.0195782
658	0	question	-1.8061693	0.15389173	1.6823758
658	0	documentation	2.1059084	-2.8446167	0.6415694
658	0	performance	-0.5540291	-2.8063812	3.4393578
659	0	bug	-1.3354949	-1.453662	2.9225416
659	0	feature	-1.3536601	-1.3991716	3.0096848
659	0	question	-1.5343456	-0.72005063	2.4448423
659	0	documentation	-1.0906395	-0.2303781	1.298691
659	0	performance	-1.5021799	-1.6321459	3.2907958
659	1	bug	-1.2190257	-0.3144752	1.5198967
659	1	feature	-0.03288749	-1.8886441	2.0252247
659	1	question	-0.23722246	-1.4238981	1.7711561
659	1	documentation	0.88911635	-0.99046344	0.10259731
659	1	performance	-0.6866	-1.6166618	2.379655
659	2	bug	-1.245867	-0.88998365	2.2811475
659	2	feature	-0.45008928	-2.0041575	2.6048663
659	2	question	-1.2365875	-0.83697265	2.2548783
659	2	documentation	0.046975084	-0.5721398	0.53288096
659	2	performance	-1.2036183	-1.8453937	3.2317638
662	0	bug	-0.52618724	-1.7253653	2.2270665
662	0	feature	-2.5643368	0.57212013	1.8716682
662	0	question	-1.8156601	-0.10170781	1.9772679
662	0	documentation	1.5789809	-2.3237443	0.6365503
662	0	performance	-1.446962	-1.73257	3.342999
671	0	bug	-0.43797022	-1.9968566	2.461661
671	0	feature	-0.6060817	-1.9660738	2.617249
671	0	question	-0.70079565	-1.7846626	2.5460196
671	0	documentation	-0.7830019	-1.5637153	2.4245262
671	0	performance	-0.7511822	-1.9122658	2.7112021
671	1	bug	0.27845562	-1.6511549	1.3687167
671	1	feature	-0.1105194	-1.2946161	1.4664713
671	1	question	0.093778126	-1.2412304	1.197414
671	1	documentation	0.6352161	-1.785139	1.1375844
671	1	performance	0.21218762	-1.6647949	1.4378958
673	0	bug	0.9371611	-2.8103793	1.6978741
673	0	feature	3.1552517	-4.022417	0.5215221
673	0	question	-2.5668514	0.3190478	2.2325363
673	0	documentation	2.655773	-2.2728877	-0.44924742
673	0	performance	-0.4345105	-3.007087	3.4159918
674	0	bug	-0.5848544	-2.7292318	3.3582902
674	0	feature	-0.6430164	-3.0081294	3.7303796
674	0	question	-1.230098	-1.0290184	2.4029586
674	0	documentation	-1.2467624	-1.4720384	2.8178167
674	0	performance	-0.68567806	-2.8286197	3.5782936
679	0	bug	-1.8250664	-0.99058986	3.0191875
679	0	feature	-1.2683725	-1.4372114	2.9564562
679	0	question	-2.132723	0.19651657	1.9775121
679	0	documentation	-0.68222475	-1.5561675	2.3548217
679	0	performance	-1.4420581	-1.6647865	3.3125844
681	0	bug	-0.66238743	-2.1657212	2.9087636
681	0	feature	0.24131757	-2.081602	1.8276337
681	0	question	0.20145369	-2.6407375	2.4070601
681	0	documentation	0.9240102	-3.263411	2.1688602
681	0	performance	-0.39027175	-3.2361612	3.6039753
683	0	bug	0.70365196	-3.3053565	2.4399126
683	0	feature	-0.24066594	-2.543733	2.7769122
683	0	question	-0.29767266	-1.1087846	1.5034258
683	0	documentation	0.54038984	-3.1579099	2.4670067
683	0	performance	-1.1082329	-2.5393183	3.6886034
684	0	bug	-1.2737195	-0.09557646	1.3602589
684	0	feature	-0.56587195	-1.8695877	2.592814
684	0	question	-0.704784	-1.2723721	2.140044
684	0	documentation	-0.8935108	0.62444675	0.025624912
684	0	performance	-0.8161263	-1.5443029	2.4722338
690	0	bug	-1.4503278	-1.3600281	2.9563303
690	0	feature	-2.036878	-0.5588869	2.8042743
690	0	question	-1.7220784	-0.98904526	2.9251535
690	0	documentation	-0.4803596	-1.058125	1.53178
690	0	performance	-0.93717563	-2.4409149	3.4127083
692	0	bug	-0.6671376	-3.150608	3.8470168
692	0	feature	-0.9610081	-2.8689954	3.9474998
692	0	question	-2.0090446	-0.84224725	3.0422046
692	0	documentation	-0.78651506	-2.7993693	3.6521153
692	0	performance	-0.4333147	-3.2433329	3.6414075
692	1	bug	-0.34144703	-2.746491	3.0079381
692	1	feature	0.28439394	-1.115049	0.8656088
692	1	question	-2.5769234	0.78535545	1.5596623
692	1	documentation	3.0502226	-2.807415	-0.3466227
692	1	performance	-0.60818714	-3.3977873	3.9913123
693	0	bug	3.247379	-2.336993	-0.930108
693	0	feature	3.7558744	-3.3876843	-0.5479836
693	0	question	3.479541	-2.8540854	-0.6824732
693	0	documentation	3.9260943	-2.7995396	-1.1925023
693	0	performance	2.301098	-2.7184136	0.30675364
693	1	bug	-0.89687437	-0.75238645	1.6864427
693	1	feature	-0.6585647	-1.9600055	2.7085695
693	1	question	-1.2876266	-0.9408632	2.3576922
693	1	documentation	-1.1166676	-0.31565255	1.4591079
693	1	performance	-0.7949653	-1.9944371	2.8315315
693	2	bug	-0.27621564	-2.5672345	2.783587
693	2	feature	-0.0792838	-2.3148966	2.3783908
693	2	question	-1.7453871	-0.39100158	2.271027
693	2	documentation	0.50846577	-2.4869745	1.9170151
693	2	performance	-0.95505005	-2.9367287	3.9935637
696	0	bug	0.43434688	-3.2891912	2.679646
696	0	feature	-1.2992806	-0.9392375	2.423224
696	0	question	-1.269377	-0.62759316	2.0282905
696	0	documentation	2.541069	-2.8452084	0.13753136
696	0	performance	-0.3379736	-3.3098392	3.6205602
700	0	bug	-1.7685931	-1.9464443	3.9262438
700	0	feature	-1.7282808	-2.038633	3.9953141
700	0	question	-1.7198217	-1.4553608	3.4197676
700	0	documentation	-1.473933	-1.8999213	3.574121
700	0	performance	-1.8109556	-2.1632626	4.1883435
703	0	bug	-1.719064	-0.7692977	2.6313977
703	0	feature	-1.5807605	-1.3035161	3.0945554
703	0	question	-1.8400223	-0.82167774	2.8723886
703	0	documentation	-0.7979635	-0.080621146	0.768667
703	0	performance	-1.0820858	-2.1368246	3.2728853
719	0	bug	-0.47346398	-1.1247944	1.6759872
719	0	feature	0.12274653	-2.0392141	1.9594831
719	0	question	-0.89192826	-1.2549855	2.3194904
719	0	documentation	0.08118151	-1.3195282	1.2989981
719	0	performance	-0.6945082	-1.9721081	2.7480621
719	1	bug	3.2612164	-3.0152268	-0.32859835
719	1	feature	3.0632646	-3.0312278	-0.110823706
719	1	question	2.6222217	-2.7119145	0.03287703
719	1	documentation	3.5498812	-3.093576	-0.5370407
719	1	performance	2.9497173	-3.2210436	0.14254823
724	0	bug	-0.64152265	-1.6124414	2.3286724
724	0	feature	0.70106715	-3.037037	2.2621906
724	0	question	-0.55831856	-1.4005095	2.0757296
724	0	documentation	0.6150774	-1.9094377	1.3211693
724	0	performance	-0.27990133	-2.914907	3.1434371
724	1	bug	-0.7011707	0.28608093	0.16700946
724	1	feature	-0.4611505	-1.096441	1.6793768
724	1	question	-0.61294687	-0.65584654	1.3464965
724	1	documentation	1.0099273	-0.5468621	-0.51478
724	1	performance	-0.28442475	-1.7030088	2.0077968
724	2	bug	0.1516156	-0.98474485	0.85298115
724	2	feature	0.74862134	-1.7939004	1.0620675
724	2	question	0.3800247	-1.3104742	0.9778416
724	2	documentation	0.54286945	-1.3314579	0.80414486
724	2	performance	0.42303175	-1.629983	1.2249455
724	3	bug	0.89498174	-1.2475652	0.3140936
724	3	feature	0.19603392	-1.7113231	1.5105438
724	3	question	0.12379244	-0.973114	0.87720346
724	3	documentation	2.2978451	-1.6164657	-0.67172325
724	3	performance	1.4633746	-2.6686547	1.0248573
724	4	bug	0.20257287	-0.72205913	0.45311797
724	4	feature	-0.521842	-1.3750652	1.9407995
724	4	question	-0.8073044	-0.6176773	1.4655924
724	4	documentation	1.3785083	-1.0096277	-0.39020967
724	4	performance	0.242605	-2.3794553	1.9972314
724	5	bug	-0.11892427	-1.7158519	1.8551197
724	5	feature	0.12960315	-2.1138337	2.0307631
724	5	question	-0.34287852	-1.3297242	1.7521107
724	5	documentation	0.7983668	-1.8970068	1.1185904
724	5	performance	-0.26635638	-1.9976584	2.2996802
730	0	bug	-1.7937195	-1.2265254	3.197857
730	0	feature	-1.5832642	-2.1333919	3.9944203
730	0	question	-1.7931166	-1.5314723	3.5833051
730	0	documentation	-1.6236162	-1.0549483	2.853776
730	0	performance	-1.607766	-2.1067586	3.9365888
731	0	bug	-2.4282873	-1.7148896	4.3362193
731	0	feature	-2.6228833	-1.1338383	3.9772177
731	0	question	-2.894419	-0.77054226	3.8513641
731	0	documentation	-2.267389	-1.5306631	3.9750648
731	0	performance	-2.3961728	-1.8617407	4.456526
731	1	bug	0.44305673	-3.172927	2.598948
731	1	feature	-0.6340663	-1.1643016	1.8869402
731	1	question	-0.90547526	-1.2210962	2.259859
731	1	documentation	1.0459328	-2.7869353	1.6649888
731	1	performance	0.51482797	-3.2382617	2.6040628
732	0	bug	-0.042483956	-1.7294657	1.7952185
732	0	feature	1.899353	-2.6224785	0.59592813
732	0	question	0.9826838	-1.870329	0.8989032
732	0	documentation	1.5573347	-2.2410102	0.66591096
732	0	performance	0.1432128	-2.1503277	2.0248098
732	1	bug	-0.512965	-1.4131439	1.9980215
732	1	feature	-1.0219746	-0.83860505	2.0303168
732	1	question	-0.45348462	-1.5192567	2.057663
732	1	documentation	0.101256475	-2.2049546	2.0628757
732	1	performance	-0.66122085	-1.9775244	2.7059543
734	0	bug	-1.3511183	-0.35343954	1.7836282
734	0	feature	-0.792115	-1.2797234	2.2914205
734	0	question	-1.4451791	0.060467254	1.4534011
734	0	documentation	-0.75132096	-0.6197638	1.452354
734	0	performance	-1.37282	-1.2736378	2.8583994
740	0	bug	-0.94216704	-1.604709	2.67412
740	0	feature	-0.6535875	-2.602403	3.3728418
740	0	question	-0.7460353	-1.8432935	2.731476
740	0	documentation	0.021054951	-2.3802676	2.4041283
740	0	performance	-0.6314676	-2.662255	3.3617132
740	1	bug	1.3803569	-2.8659797	1.2540245
740	1	feature	1.7467084	-3.5448549	1.4931422
740	1	question	1.0320418	-2.8642025	1.6332467
740	1	documentation	0.9816041	-2.2596083	1.1653495
740	1	performance	1.3049567	-3.446007	1.8405405
742	0	bug	-0.5915253	-1.5489923	2.2136126
742	0	feature	-0.28241926	-2.2213874	2.5456562
742	0	question	-0.8047315	-1.425382	2.3538737
742	0	documentation	-1.07944	-0.4333573	1.5628664
742	0	performance	-0.7680703	-2.0073495	2.8955128
743	0	bug	-0.5345292	-0.7900352	1.3693495
743	0	feature	-0.72762823	-1.499011	2.3551044
743	0	question	-1.106172	-0.9241734	2.1983974
743	0	documentation	-0.68688345	-0.8402837	1.6043546
743	0	performance	-0.95319974	-1.2588316	2.338842
745	0	bug	-2.3862846	-0.5958273	3.129034
745	0	feature	-1.7060331	-2.3193364	4.24369
745	0	question	-1.8293989	-1.7612277	3.835527
745	0	documentation	-1.4500488	-1.9953698	3.6190395
745	0	performance	-2.0245056	-1.8580176	4.090184
745	1	bug	1.6043421	-2.0097644	0.27507433
745	1	feature	3.3272798	-3.1845787	-0.3846847
745	1	question	3.1761296	-2.8810034	-0.47183892
745	1	documentation	3.0114796	-2.912407	-0.3027673
745	1	performance	2.3994617	-2.8136106	0.20108174
745	2	bug	-0.8124529	-1.5587335	2.4359813
745	2	feature	-0.49843818	-2.4991493	3.0156271
745	2	question	-0.8791261	-2.0905163	3.080984
745	2	documentation	0.9518322	-2.6083002	1.5881534
745	2	performance	-0.65235794	-2.4671898	3.1362271
745	3	bug	-0.122240566	-1.0678492	1.238169
745	3	feature	0.7436284	-2.3754845	1.6289829
745	3	question	-0.28891993	-1.299528	1.7156037
745	3	documentation	2.1428697	-2.2312508	0.092660934
745	3	performance	1.6642611	-3.0763152	1.2606761
746	0	bug	-1.8874323	-0.36060506	2.2836785
746	0	feature	-1.4765264	-1.491665	3.2597542
746	0	question	-1.6350045	-0.69634056	2.545119
746	0	documentation	-1.4349486	0.37935188	0.84477675
746	0	performance	-1.5166001	-1.5549675	3.274362
747	0	bug	-1.3355813	0.3484484	0.78322583
747	0	feature	1.4221005	-2.615577	1.241652
747	0	question	-0.8681017	-0.50248224	1.4462082
747	0	documentation	1.863872	-1.4644407	-0.3705399
747	0	performance	-0.12494834	-2.3449306	2.5009055
747	1	bug	-0.6937827	-1.963748	2.6999345
747	1	feature	-0.21863204	-1.332169	1.636641
747	1	question	-1.0764741	-0.1731938	1.2705967
747	1	documentation	1.1417868	-1.2398864	0.13191766
747	1	performance	-0.45105675	-2.0948813	2.5642548
747	2	bug	1.2043334	-1.3838531	0.19448298
747	2	feature	3.209719	-3.2143912	-0.1258581
747	2	question	2.060951	-2.125367	0.08506729
747	2	documentation	2.8705091	-2.293233	-0.57451427
747	2	performance	1.8617978	-2.6465058	0.68390965
747	3	bug	-2.7248757	1.9685538	-0.1536837
747	3	feature	-0.9567507	-0.7576768	1.8608748
747	3	question	-0.9765608	-0.30749658	1.341474
747	3	documentation	-0.31829935	0.1618319	0.0011815606
747	3	performance	-0.56600016	-1.2214179	1.8656015
747	4	bug	-1.6518717	-0.059214216	1.5764483
747	4	feature	-1.1375117	-0.8518448	2.0889795
747	4	question	-1.8185319	-0.2386129	2.0683541
747	4	documentation	-0.42950463	-0.45765805	0.81254995
747	4	performance	-0.88745517	-2.0826576	2.9731836
747	5	bug	0.32331035	-1.5680808	1.2244368
747	5	feature	-0.12032837	-1.9420987	2.058937
747	5	question	-0.30447787	-1.2642876	1.6067927
747	5	documentation	1.3174224	-1.4945003	0.17389044
747	5	performance	1.1693581	-2.4804163	1.2077351
747	6	bug	-0.7895421	-0.9710474	1.7898071
747	6	feature	-1.0377936	-1.3245127	2.5060587
747	6	question	-1.5683868	-0.85575265	2.5828905
747	6	documentation	0.067774236	-0.8006513	0.73410034
747	6	performance	-0.200291	-2.0773454	2.2573748
747	7	bug	0.49987593	-1.9207627	1.3683054
747	7	feature	-0.38179332	-1.9008926	2.3322403
747	7	question	-0.69608825	-1.1778064	1.950542
747	7	documentation	1.4685581	-1.7844099	0.29950058
747	7	performance	0.21484526	-2.884449	2.52462
747	8	bug	-0.7080913	-0.876596	1.5972279
747	8	feature	-0.8287899	-1.6859268	2.6513033
747	8	question	-1.2809043	-0.7604408	2.1768255
747	8	documentation	0.6774929	-1.057016	0.3910305
747	8	performance	-0.3449895	-1.9302877	2.2890306
747	9	bug	-0.67237186	-1.0033257	1.6471865
747	9	feature	-1.0832875	-1.5660352	2.7511437
747	9	question	-1.1606269	-0.836337	2.0483525
747	9	documentation	0.79834455	-1.1231635	0.31851798
747	9	performance	-0.49987274	-2.1849504	2.6090193
747	10	bug	-1.6263368	-0.2680289	1.8470815
747	10	feature	-1.8400254	-0.9941236	3.0730016
747	10	question	-2.2099216	-0.19156832	2.4902377
747	10	documentation	-0.3305767	-0.3389493	0.60647035
747	10	performance	-1.2882475	-2.016848	3.442219
747	11	bug	0.13143964	-1.0946685	0.9525955
747	11	feature	-0.40962118	-1.6568782	2.125827
747	11	question	-0.7225474	-0.7783704	1.563628
747	11	documentation	1.5381994	-1.4572359	-0.06532368
747	11	performance	0.33002794	-2.2353897	1.8459283
747	12	bug	1.2635667	-1.8378516	0.53848064
747	12	feature	0.5767214	-2.3782187	1.7343551
747	12	question	0.4404483	-1.6109171	1.1963711
747	12	documentation	2.4090354	-2.1157346	-0.30212197
747	12	performance	2.0055442	-2.8702374	0.7141871
747	13	bug	-0.8641254	-1.0909814	1.9696641
747	13	feature	-1.0596839	-1.299806	2.4906611
747	13	question	-1.6383946	-0.58742106	2.3355455
747	13	documentation	0.2192406	-1.0838876	0.8363097
747	13	performance	-0.8217032	-2.4335992	3.2475777
747	14	bug	-0.5369971	-1.3079956	1.8518139
747	14	feature	-0.92839444	-1.606173	2.6476176
747	14	question	-1.2273556	-0.8998883	2.235691
747	14	documentation	0.47158805	-1.38609	0.9168048
747	14	performance	-0.6880771	-2.5093043	3.191699
747	15	bug	0.50565404	-1.2174041	0.71586436
747	15	feature	-0.021583783	-1.731924	1.8201386
747	15	question	-0.2487555	-0.9620374	1.2954996
747	15	documentation	1.8310845	-1.5642643	-0.24379414
747	15	performance	0.73956954	-2.260924	1.4814174
747	16	bug	-0.93741065	-0.79036343	1.7049052
747	16	feature	-1.1764783	-0.6363751	1.8986176
747	16	question	-1.4685955	-0.5281851	2.0566204
747	16	documentation	0.43278253	-0.7815752	0.30609885
747	16	performance	-0.7720612	-2.1595647	2.8952088
747	17	bug	-1.0806925	-1.087294	2.255566
747	17	feature	-0.6094913	-1.0120933	1.8114312
747	17	question	-1.239499	-0.52926123	1.9027219
747	17	documentation	0.94140065	-0.7722899	-0.19793738
747	17	performance	-0.5613627	-2.5629063	3.2033136
750	0	bug	-0.37218145	-1.7806476	2.1987686
750	0	feature	-0.88696975	-1.7338054	2.7674296
750	0	question	-1.4279364	-1.0253843	2.6282845
750	0	documentation	-0.41594324	-1.7061826	2.197964
750	0	performance	-0.7232765	-2.242822	3.003202
751	0	bug	-1.1761458	-1.8584338	3.130002
751	0	feature	-1.4110851	-2.3854563	3.9756246
751	0	question	-1.3506589	-1.5385098	3.0907137
751	0	documentation	-1.0145818	-1.9080848	3.0224423
751	0	performance	-1.1374555	-2.2395656	3.4794073
752	0	bug	-1.4572368	-0.103270985	1.5654249
752	0	feature	0.6943456	-2.0173419	1.3528212
752	0	question	-0.457083	-1.0423807	1.6350658
752	0	documentation	2.0378683	-1.6747891	-0.34580132
752	0	performance	-0.17122889	-1.984243	2.1675403
752	1	bug	-2.025337	0.08480699	1.8963436
752	1	feature	-0.6399256	-1.6736282	2.3767486
752	1	question	-1.3500065	-1.0968761	2.5876393
752	1	documentation	-1.0163243	-0.71144474	1.7626557
752	1	performance	-1.145751	-1.8575016	3.0388036
752	2	bug	-0.6672731	0.31398827	0.13340047
752	2	feature	1.7596643	-4.0709395	2.017616
752	2	question	0.15679276	-2.2409124	2.0892231
752	2	documentation	2.4277334	-3.1510456	0.56769097
752	2	performance	1.7793926	-3.5533412	1.5646868
753	0	bug	0.19881605	-2.6381786	2.3593047
753	0	feature	-1.7247573	-1.548289	3.4471242
753	0	question	-2.6865432	1.5992248	0.39891747
753	0	documentation	-0.17956865	-1.6784248	1.8583777
753	0	performance	-0.9752727	-2.3464432	3.3842273
754	0	bug	-0.77675295	-2.6259449	3.4239383
754	0	feature	0.5827385	-1.918828	1.354286
754	0	question	-1.8661234	-0.28843325	2.3011293
754	0	documentation	-1.5235487	-1.0354514	2.7104125
754	0	performance	-1.0775949	-2.9263015	4.0505104
755	0	bug	-1.1762159	-0.6336344	1.8738678
755	0	feature	-0.053505763	-2.5529878	2.6749022
755	0	question	-0.8706649	-1.3937869	2.4357047
755	0	documentation	0.60382974	-1.2050886	0.6295308
755	0	performance	-0.5299012	-1.9927062	2.5792985
755	1	bug	1.1239383	-1.2293128	0.0734896
755	1	feature	0.8991537	-1.3692081	0.47551432
755	1	question	0.53428274	-0.951238	0.43310216
755	1	documentation	1.6790884	-1.4556777	-0.25389224
755	1	performance	1.053294	-1.5222367	0.42094046
755	2	bug	4.392335	-3.4817991	-1.1146479
755	2	feature	4.3701	-3.7928305	-0.8184519
755	2	question	3.7956848	-3.142394	-0.78697234
755	2	documentation	3.2990115	-2.551606	-0.8209373
755	2	performance	4.724662	-3.8875735	-1.1053871
757	0	bug	-1.2825506	-1.8317406	3.1888628
757	0	feature	-2.0428813	-0.81593424	3.026162
757	0	question	-2.4565375	-0.12083035	2.6681793
757	0	documentation	-0.44104782	-1.2069275	1.6245288
757	0	performance	-1.3632047	-1.9405264	3.378358
768	0	bug	-0.6229687	-3.0985937	3.6699636
768	0	feature	-0.85086554	-2.9295192	3.7779717
768	0	question	-0.9448402	-2.2262802	3.2122982
768	0	documentation	-0.5998176	-2.8601096	3.4269388
768	0	performance	-0.79230464	-3.2102284	3.9723904
771	0	bug	0.09415291	-3.2542071	3.0570483
771	0	feature	0.3022013	-2.881559	2.4958782
771	0	question	0.15724517	-2.831997	2.6061249
771	0	documentation	0.7168696	-3.3388865	2.481216
771	0	performance	0.017251832	-3.2013385	3.0945816
771	1	bug	1.7598293	-3.6728756	1.5266857
771	1	feature	2.0661852	-3.7302566	1.3093209
771	1	question	1.5055282	-3.2964156	1.5006664
771	1	documentation	2.0243375	-3.5292687	1.1738641
771	1	performance	1.4263475	-3.873413	2.048336
775	0	bug	-2.4746027	0.587741	1.5910196
775	0	feature	-1.4826297	-1.6489652	3.373402
775	0	question	-1.830813	-0.6443137	2.6737633
775	0	documentation	-0.88351274	-0.5874306	1.5332258
775	0	performance	-2.2167256	-1.1779149	3.5733092
775	1	bug	-0.016760452	-0.32932678	0.13148093
775	1	feature	-1.0319097	-0.50501907	1.5254228
775	1	question	-1.1163135	-0.2891219	1.3237275
775	1	documentation	1.2697554	-0.58771193	-0.8162771
775	1	performance	-0.110412925	-1.5702841	1.4641969
775	2	bug	-1.2438293	-2.0843468	3.4652085
775	2	feature	-1.2284372	-2.0624323	3.4792655
775	2	question	-1.3276925	-1.3804953	2.8978224
775	2	documentation	-0.59711367	-2.25358	2.8941746
775	2	performance	-1.2595733	-2.5609908	3.9543326
782	0	bug	-1.4758034	-1.9368722	3.552423
782	0	feature	-1.2764223	-2.1508934	3.5756316
782	0	question	-1.5054312	-1.9015192	3.5864682
782	0	documentation	-1.3237058	-1.5573273	2.9938688
782	0	performance	-1.1337495	-2.4370518	3.649119
782	1	bug	0.061938897	-0.4840848	0.33783838
782	1	feature	0.4613187	-1.1589432	0.73521405
782	1	question	-0.40637136	-0.5323453	0.9441943
782	1	documentation	1.1469808	-0.73325557	-0.4700642
782	1	performance	0.93804663	-1.9325633	0.95802015
782	2	bug	-0.8016435	0.34879118	0.030139726
782	2	feature	0.31294975	-1.0714934	0.72865295
782	2	question	-0.76929384	-0.14693515	0.7474134
782	2	documentation	0.58270454	-0.26839933	-0.5027766
782	2	performance	0.56965774	-2.0365782	1.3472562
782	3	bug	0.22550052	-1.3260058	1.1015255
782	3	feature	-0.88580245	-0.5836706	1.5986829
782	3	question	-1.8177214	-0.04720113	1.9591945
782	3	documentation	-0.64324284	0.18459515	0.23187311
782	3	performance	-0.26645988	-2.2227921	2.489851
783	0	bug	-0.55390155	-1.0105916	1.583744
783	0	feature	-0.7080492	-2.1914625	3.0057178
783	0	question	-0.7741753	-0.65132	1.5115573
783	0	documentation	0.7474593	-1.7216028	1.0225133
783	0	performance	-1.669991	-1.5843385	3.2870045
783	1	bug	-0.9239112	-0.84248173	1.7967393
783	1	feature	-1.1114609	-1.1643747	2.4161944
783	1	question	-1.100568	-0.965338	2.213063
783	1	documentation	-0.28674075	-0.75240666	1.0146503
783	1	performance	-0.46491814	-1.3782047	1.8388251
800	0	bug	-0.90563095	-2.4346933	3.4160862
800	0	feature	-1.0967255	-2.1488175	3.3531795
800	0	question	-1.2309155	-1.1497846	2.5187256
800	0	documentation	-0.9144633	-2.3057413	3.3123803
800	0	performance	-1.1060432	-2.6103354	3.831523
801	0	bug	-1.3936796	-0.047209594	1.3776044
801	0	feature	-1.2754182	-0.529947	1.8840938
801	0	question	-1.7403791	-0.13652533	1.9369978
801	0	documentation	-1.2022341	0.5173482	0.38674563
801	0	performance	-1.1139228	-0.41226572	1.4902697
801	1	bug	0.30792767	-1.5164716	1.1888572
801	1	feature	0.2649789	-1.7637088	1.5118529
801	1	question	-0.15192974	-1.3347291	1.5347619
801	1	documentation	1.1486831	-1.2863176	0.094338
801	1	performance	0.86165726	-2.121684	1.2007596
801	2	bug	0.40917233	-1.1002599	0.6944358
801	2	feature	1.5317776	-1.7946789	0.2347034
801	2	question	0.44888368	-1.0525086	0.6213918
801	2	documentation	0.25387716	-0.56980187	0.3011161
801	2	performance	1.220767	-2.153797	0.878517
802	0	bug	0.23819877	-2.7865067	2.4909325
802	0	feature	-0.653578	-0.98621225	1.771838
802	0	question	-1.1566107	-0.89800787	2.2341037
802	0	documentation	2.4929512	-2.9887164	0.42066726
802	0	performance	0.42281425	-3.237803	2.6453848
810	0	bug	1.0390799	-1.192061	0.2540318
810	0	feature	-0.6792457	-0.7102997	1.5531496
810	0	question	0.24658838	-0.8368311	0.72536224
810	0	documentation	1.5652214	-1.4179124	-0.03175086
810	0	performance	1.2833018	-2.229331	0.9584982
810	1	bug	-0.42025495	-1.8686007	2.3673148
810	1	feature	-0.107929535	-2.716846	2.8934188
810	1	question	-1.385045	-0.7082396	2.310917
810	1	documentation	0.64273036	-1.9200457	1.3068702
810	1	performance	-0.5786822	-2.7072587	3.3552399
810	2	bug	1.1251744	-1.2108259	0.048692677
810	2	feature	2.4126923	-3.1425698	0.50897276
810	2	question	1.1886911	-1.8382487	0.6554728
810	2	documentation	2.9063108	-2.1532364	-0.8099115
810	2	performance	2.2721946	-2.944837	0.37228566
810	3	bug	-0.7620316	-0.5795286	1.4439262
810	3	feature	0.27177992	-1.699004	1.4653844
810	3	question	-0.58360183	-0.9226782	1.6274754
810	3	documentation	0.24526379	-1.2022351	0.98043513
810	3	performance	-0.6037157	-1.724809	2.4355578
811	0	bug	-0.42550576	-2.5777588	2.968797
811	0	feature	-1.976544	-1.6069492	3.811981
811	0	question	-3.1895208	2.1320271	0.058424015
811	0	documentation	-0.4481359	-1.3001977	1.7638763
811	0	performance	-1.0310919	-2.7952132	3.8950796
821	0	bug	0.1484872	-2.7620301	2.4613233
821	0	feature	-0.013685124	-2.8684983	2.7984767
821	0	question	-2.5493922	0.9271479	1.3568302
821	0	documentation	-0.67517453	-0.9102373	1.5819277
821	0	performance	-0.3082297	-3.1940522	3.3644588
822	0	bug	-1.4949722	-1.439943	3.047593
822	0	feature	-1.8930857	-1.4364965	3.5643892
822	0	question	-2.3427231	-0.11670632	2.5238488
822	0	documentation	-0.16819204	-1.2599925	1.4338697
822	0	performance	-1.0047433	-2.8237152	3.8420172
825	0	bug	-1.0831237	-0.5662466	1.6431016
825	0	feature	-0.6426304	-2.2314444	2.965588
825	0	question	-0.9574883	-1.4694406	2.536091
825	0	documentation	-0.48688507	-1.3728637	1.8384017
825	0	performance	-0.87577045	-1.875523	2.8035421
829	0	bug	-1.782515	0.1893702	1.4392505
829	0	feature	-1.1421186	-0.43937543	1.7139041
829	0	question	-1.7439632	0.04110278	1.7161093
829	0	documentation	-0.9483369	0.43434697	0.25798553
829	0	performance	-1.3095528	-0.43987092	1.7469501
830	0	bug	2.9288652	-2.0255258	-0.88520956
830	0	feature	2.983083	-2.1629946	-0.81424767
830	0	question	2.7875292	-2.0611901	-0.698564
830	0	documentation	3.202038	-2.0233274	-1.1597376
830	0	performance	2.9615576	-2.3405747	-0.65700907
835	0	bug	2.7376935	-2.57347	-0.2541162
835	0	feature	2.764733	-2.6681128	-0.17872018
835	0	question	2.171057	-2.1538403	-0.03002062
835	0	documentation	3.2581918	-2.4985037	-0.79527795
835	0	performance	2.7027738	-3.146767	0.21476617
835	1	bug	0.17164116	-1.2509226	1.077282
835	1	feature	-0.56213284	-1.1306239	1.8231869
835	1	question	-0.43817827	-0.42026168	0.89723134
835	1	documentation	0.6469187	-0.6490188	-0.037158705
835	1	performance	0.3927262	-1.7552569	1.3276125
835	2	bug	0.11911257	-1.706051	1.561312
835	2	feature	-0.85043246	-1.3711616	2.4146423
835	2	question	-0.98862845	-0.92169416	2.0669432
835	2	documentation	0.72891665	-1.4724833	0.7349665
835	2	performance	-0.17707026	-2.2854247	2.4495373
838	0	bug	-2.187194	-0.3624149	2.5814605
838	0	feature	-1.13589	-1.6921791	3.0450447
838	0	question	-1.7493699	-0.21087123	2.0280485
838	0	documentation	-0.28553402	-0.8736603	1.1941328
838	0	performance	-1.3075781	-1.3090336	2.7913086
844	0	bug	0.28609666	-3.055911	2.6145127
844	0	feature	-0.36459845	-2.4438715	2.832394
844	0	question	-0.2691492	-1.9187144	2.2087772
844	0	documentation	1.4855809	-3.034632	1.3794025
844	0	performance	-0.2048036	-3.1739595	3.265274
844	1	bug	-1.1264522	-0.98	2.145543
844	1	feature	-0.93160754	-0.99272025	2.035551
844	1	question	-1.6988025	-0.4437919	2.251367
844	1	documentation	-0.94426066	-0.096421964	0.8971021
844	1	performance	-0.6935837	-2.1129973	2.8699188
858	0	bug	-1.9018482	-0.86202013	2.8819876
858	0	feature	-1.5269691	-1.3312559	3.0778837
858	0	question	-1.4887431	-0.709553	2.3510995
858	0	documentation	-0.54063016	-1.3084118	1.9535712
858	0	performance	-1.0900363	-2.3809066	3.6267009
891	0	bug	-1.677278	0.08790029	1.5534606
891	0	feature	-0.19936457	-1.508984	1.873699
891	0	question	-1.4643476	-0.3911983	2.049024
891	0	documentation	-0.19185719	-0.59189326	0.8314923
891	0	performance	-1.529346	-1.8403763	3.5513349
891	1	bug	-0.67172873	-1.8854676	2.6341765
891	1	feature	-0.81518483	-1.6516267	2.6165113
891	1	question	-1.4303194	0.024608072	1.4522675
891	1	documentation	-1.3152072	0.2599596	0.9434753
891	1	performance	-0.7493405	-2.4254055	3.2320056
892	0	bug	-0.6063121	-0.76998717	1.4222088
892	0	feature	-0.9033685	-1.4342991	2.56583
892	0	question	-1.3273823	-0.9039625	2.4343417
892	0	documentation	-1.0424811	-0.06498301	1.0815902
892	0	performance	-0.6635704	-2.1993804	2.9403923
892	1	bug	0.7015644	-1.4503347	0.7283523
892	1	feature	-0.25922504	-0.98740447	1.3210843
892	1	question	-0.50891984	-0.5401424	1.0934975
892	1	documentation	0.09013657	-0.64262587	0.5377999
892	1	performance	-0.28748792	-1.0220481	1.3556743
893	0	bug	3.0554776	-2.8325996	-0.34616208
893	0	feature	1.8013257	-2.5128708	0.64463997
893	0	question	0.8607471	-1.6071392	0.79197454
893	0	documentation	0.705842	-0.9971942	0.306602
893	0	performance	2.8201702	-3.072217	0.06552051
893	1	bug	0.24837232	-2.457501	2.1789978
893	1	feature	0.029017298	-2.1477616	2.191803
893	1	question	-0.7424619	-0.6011994	1.4661648
893	1	documentation	0.38579074	-2.4293933	2.031379
893	1	performance	-0.9367664	-1.8098174	2.9333673
897	0	bug	-1.0378224	-2.3366318	3.4957595
897	0	feature	-1.1628895	-2.292319	3.6381555
897	0	question	-1.713828	-1.0790952	3.0178804
897	0	documentation	-0.9149935	-2.0870037	3.1310978
897	0	performance	-1.3143735	-2.4191418	3.898067
900	0	bug	-0.46339914	-3.1025333	3.4983118
900	0	feature	-0.69661117	-2.4390163	3.1789298
900	0	question	-1.5379689	-1.0445483	2.8020363
900	0	documentation	0.030983044	-3.1076818	2.9470248
900	0	performance	-1.3968365	-1.6512675	3.1611013
901	0	bug	0.22768946	-3.0628638	2.6481156
901	0	feature	-0.9812227	-2.0175035	3.1345885
901	0	question	-1.8937569	-0.052839536	2.0096717
901	0	documentation	0.5362906	-1.9889554	1.3874344
901	0	performance	-0.3207294	-3.1836083	3.4048727
905	0	bug	2.2870924	-2.6085992	0.23178701
905	0	feature	1.449225	-2.421181	0.9297729
905	0	question	1.9507246	-2.3745942	0.39600602
905	0	documentation	2.8241098	-2.6391366	-0.2244439
905	0	performance	1.6060638	-2.7873628	1.0634294
905	1	bug	0.6098312	-1.4710562	0.8708934
905	1	feature	0.43158868	-1.6448746	1.2235417
905	1	question	0.38558134	-1.5363476	1.1657257
905	1	documentation	0.92566204	-1.5889494	0.6722449
905	1	performance	0.60376906	-1.5471689	0.94524914
905	2	bug	-0.22398481	-2.7027307	2.865965
905	2	feature	-0.12695746	-2.7014256	2.7959142
905	2	question	-0.624648	-1.9098915	2.6244788
905	2	documentation	0.02766822	-1.2527299	1.247885
905	2	performance	-0.28484777	-2.988238	3.2271016
909	0	bug	1.147833	-1.4847021	0.34472534
909	0	feature	2.5690475	-3.5051506	0.70895165
909	0	question	1.9629333	-2.3343985	0.33452135
909	0	documentation	3.5235412	-2.8185205	-0.7775531
909	0	performance	0.90273976	-2.0580614	1.1414745
910	0	bug	3.6392443	-4.173713	0.18498796
910	0	feature	3.0998166	-3.5413594	0.17812951
910	0	question	2.6654682	-3.2730503	0.40848804
910	0	documentation	4.115193	-3.672926	-0.6786637
910	0	performance	3.0012949	-4.5201745	1.0795269
911	0	bug	-0.1682417	-2.888586	3.0211053
911	0	feature	-0.22591595	-2.259489	2.499806
911	0	question	-1.0337011	-1.0028032	2.2372055
911	0	documentation	0.15779379	-3.040215	2.804048
911	0	performance	0.6193768	-3.641282	2.7944627
912	0	bug	-1.2469604	-0.6102992	1.9412506
912	0	feature	-0.7635684	-1.6529114	2.6173902
912	0	question	-1.1757579	-0.5909647	1.9365697
912	0	documentation	0.4149886	-0.6291659	0.25823176
912	0	performance	-0.9873613	-1.9545957	3.0722706
912	1	bug	-0.77429366	0.16015066	0.55065316
912	1	feature	-0.27248514	-0.46704847	0.7978585
912	1	question	-0.5545945	-0.12062694	0.691483
912	1	documentation	-0.4221336	0.016837291	0.3531112
912	1	performance	-0.8281498	-0.02104165	0.8543595
912	2	bug	-1.3480167	-0.012137999	1.3658148
912	2	feature	-1.0209364	-1.3313079	2.6267753
912	2	question	-1.7878463	-0.48926604	2.5769773
912	2	documentation	-0.8110173	-0.37698278	1.2959901
912	2	performance	-1.5340176	-1.4275495	3.2583127
913	0	bug	3.4840336	-3.3149076	-0.4167817
913	0	feature	3.5367124	-3.3669903	-0.39245832
913	0	question	1.3070621	-1.3031831	0.030821051
913	0	documentation	3.3660314	-3.0875113	-0.474549
913	0	performance	2.9679515	-3.4929953	0.18342099
924	0	bug	-0.7159642	-1.7552508	2.5657973
924	0	feature	-0.65840125	-1.6519743	2.4338474
924	0	question	-1.338903	-0.78612113	2.2730932
924	0	documentation	-0.7401463	-1.1925366	2.0231733
924	0	performance	-0.84181046	-1.6796057	2.6317697
924	1	bug	2.074196	-3.1204853	0.81290674
924	1	feature	-0.20650409	-2.100348	2.3804169
924	1	question	-1.1463286	-0.4771759	1.7727025
924	1	documentation	2.0225704	-2.3209963	0.21899909
924	1	performance	2.2011056	-3.9520175	1.3863856
930	0	bug	-0.9455905	-1.7686709	2.7900095
930	0	feature	-1.129725	-1.0437587	2.3435895
930	0	question	-1.477045	-0.2090848	1.7968364
930	0	documentation	-0.4741824	-1.2773309	1.7699118
930	0	performance	-1.1976023	-2.0341618	3.3664336
952	0	bug	-1.489125	-1.099791	2.7228754
952	0	feature	-1.5076182	-1.7546978	3.4937515
952	0	question	-2.165737	-0.75915504	3.1585941
952	0	documentation	-0.53752494	-1.1640428	1.7444688
952	0	performance	-1.616734	-1.7634825	3.530151
952	1	bug	-1.1899816	-1.433265	2.7108614
952	1	feature	-1.2976282	-2.0136573	3.5198278
952	1	question	-1.8092518	-0.5975335	2.5875618
952	1	documentation	0.7069004	-1.6760696	0.99461555
952	1	performance	-0.69410795	-3.1048188	3.8247871
956	0	bug	-1.1152732	-0.5196104	1.6857231
956	0	feature	-0.34913507	-2.1221557	2.5698876
956	0	question	-1.0635478	-0.81219316	2.0359185
956	0	documentation	0.39960393	-1.0582856	0.67244095
956	0	performance	-0.64060426	-1.7371262	2.4530888
958	0	bug	-2.2105775	-0.51278245	2.7883253
958	0	feature	-1.0314255	-2.0673661	3.3136368
958	0	question	-2.2182548	-0.74195933	3.1701198
958	0	documentation	-2.5169044	0.04706086	2.3734326
958	0	performance	-1.4874165	-1.9844223	3.685257
960	0	bug	-0.57569957	-2.3910427	2.968246
960	0	feature	-1.2476087	-2.4449785	3.8785994
960	0	question	-1.1695282	-1.775568	3.1285236
960	0	documentation	-0.33025283	-2.776005	3.1056066
960	0	performance	-1.2287817	-2.4860127	3.8362026
961	0	bug	2.191847	-4.1656413	1.6896721
961	0	feature	2.7401052	-3.2348158	0.38027424
961	0	question	0.6729995	-1.5604371	0.89951533
961	0	documentation	2.4602706	-3.8257477	1.1322875
961	0	performance	1.7583647	-4.2660565	2.1820006
962	0	bug	1.1342943	-2.6536846	1.3826463
962	0	feature	0.41400316	-3.027684	2.5244908
962	0	question	-1.2490528	-0.42869607	1.7294886
962	0	documentation	2.4162881	-4.1479135	1.4258071
962	0	performance	0.39185113	-3.840583	3.2358398
964	0	bug	1.3923643	-3.1212912	1.5523255
964	0	feature	0.7982962	-2.9104629	1.9789991
964	0	question	-1.2301064	-0.5984596	1.9655044
964	0	documentation	2.4791172	-3.0659435	0.42604208
964	0	performance	1.2252485	-3.4462664	1.9330654
975	0	bug	-0.54979134	-1.6515794	2.2524061
975	0	feature	-0.38080642	-1.2674116	1.7008306
975	0	question	-2.9350955	1.2100583	1.2944825
975	0	documentation	1.432528	-2.052151	0.56132984
975	0	performance	0.51784045	-3.5680175	2.843779
976	0	bug	-2.9611583	0.26236916	2.556652
976	0	feature	-1.6819378	-1.382569	3.344491
976	0	question	-1.8566527	-0.61361074	2.6619546
976	0	documentation	-2.270588	0.5303769	1.4988683
976	0	performance	-1.9726243	-1.6293255	3.8010004
978	0	bug	-1.4381549	-2.3386612	3.9719267
978	0	feature	-1.5275326	-2.27293	4.036636
978	0	question	-1.5229754	-1.8502471	3.6056845
978	0	documentation	-1.2001799	-2.3840995	3.7612605
978	0	performance	-1.5164325	-2.2077925	3.915773
978	1	bug	-0.9699193	-1.7603115	2.7553315
978	1	feature	-0.7699911	-2.6869838	3.5219164
978	1	question	-1.4634702	-1.2775847	2.8899114
978	1	documentation	1.3898697	-2.016909	0.52277577
978	1	performance	-1.0364603	-2.1528199	3.2675052
984	0	bug	2.583288	-2.8688073	0.16192111
984	0	feature	2.8170388	-3.2358816	0.2659707
984	0	question	2.449431	-2.4499521	-0.0048170956
984	0	documentation	2.8706462	-2.5328207	-0.34720492
984	0	performance	1.452424	-2.8564558	1.2665443
984	1	bug	-1.0508671	-0.14679363	1.181352
984	1	feature	-0.034597695	-1.7954136	1.8984659
984	1	question	-1.2177988	-0.96329796	2.3782825
984	1	documentation	0.045828223	-0.30582774	0.1809619
984	1	performance	-0.24763064	-1.5945382	1.8826839
986	0	bug	-1.2506614	-1.0172912	2.404768
986	0	feature	-1.37099	-1.5255349	3.1476314
986	0	question	-1.2684721	-0.7487539	2.203182
986	0	documentation	0.53581274	-1.1301732	0.5839715
986	0	performance	-1.4020832	-1.1787372	2.7772927
987	0	bug	-1.5512824	-0.2740803	1.851264
987	0	feature	-1.7157719	-0.6094263	2.552485
987	0	question	-1.440393	-0.6553701	2.2721524
987	0	documentation	-0.7152134	0.08626104	0.5278486
987	0	performance	-1.218984	-1.4528654	2.72391
987	1	bug	-0.43421614	-1.3045971	1.8710734
987	1	feature	-0.18229447	-2.4026146	2.7285337
987	1	question	-0.12841679	-1.1811621	1.4825534
987	1	documentation	1.3017569	-1.489396	0.2862106
987	1	performance	-0.05461649	-2.061218	2.2029757
987	2	bug	-1.5861295	-0.8763694	2.6215734
987	2	feature	-1.4397984	-1.6697952	3.368408
987	2	question	-1.8474332	-0.060271967	2.0269644
987	2	documentation	-0.26058254	-1.1557366	1.4755628
987	2	performance	-1.3305793	-1.5703686	3.1247506
990	0	bug	1.6489573	-3.0047808	1.2548811
990	0	feature	-1.2591041	-2.340066	3.7107244
990	0	question	-2.8210912	0.35346362	2.4554372
990	0	documentation	2.9926074	-2.7571921	-0.29904035
990	0	performance	-0.82411575	-2.677414	3.6171455
993	0	bug	-0.7301818	-0.9275199	1.6450431
993	0	feature	-1.3661251	-1.2195204	2.7825246
993	0	question	-1.7425914	-0.2902444	2.1271064
993	0	documentation	1.290394	-2.2136972	0.8467838
993	0	performance	-0.7967258	-1.7586561	2.6205764
1011	0	bug	-1.5111818	-2.539535	4.249074
1011	0	feature	-1.5244287	-2.7212424	4.450698
1011	0	question	-2.6829226	0.74575543	1.7811954
1011	0	documentation	-1.6951301	-1.8120652	3.7503815
1011	0	performance	-1.9697869	-2.3864493	4.6147785
1016	0	bug	-1.4116619	-1.9725872	3.525652
1016	0	feature	-0.8155724	-3.1213546	4.021861
1016	0	question	-1.2293603	-2.3112426	3.719101
1016	0	documentation	-0.51288384	-2.9064279	3.4529328
1016	0	performance	-1.3320241	-2.4588692	3.9477625
1016	1	bug	0.55032146	-1.0026401	0.44707873
1016	1	feature	0.4994705	-1.0429574	0.551514
1016	1	question	0.41604826	-0.91486466	0.5082259
1016	1	documentation	0.84832615	-1.096809	0.24395582
1016	1	performance	0.50019205	-1.059204	0.5536777
1016	2	bug	0.6944355	-2.193713	1.4395015
1016	2	feature	-0.1430009	-1.409774	1.6227369
1016	2	question	-0.23458536	-1.470377	1.7884815
1016	2	documentation	0.81952155	-1.7901899	0.97342855
1016	2	performance	-0.12257134	-1.7521693	1.9202998
1021	0	bug	3.0503678	-3.1160703	-0.08983533
1021	0	feature	2.9741933	-3.4755225	0.2963969
1021	0	question	2.7245018	-2.6738343	-0.12941054
1021	0	documentation	3.280515	-2.550854	-0.77868724
1021	0	performance	3.1529157	-3.7473712	0.3288298
1030	0	bug	-1.7490776	0.8327453	0.43764403
1030	0	feature	-0.8425621	-1.4570265	2.4857755
1030	0	question	-0.916382	-0.44046235	1.4479821
1030	0	documentation	0.2604821	-0.5421856	0.29708028
1030	0	performance	-1.0608941	-1.509035	2.6264157
1030	1	bug	-0.07424636	-0.30947083	0.35445946
1030	1	feature	1.9811196	-2.352355	0.33946988
1030	1	question	1.6981273	-1.9863309	0.29497597
1030	1	documentation	2.4169805	-2.2298431	-0.21234065
1030	1	performance	1.6023977	-2.1162953	0.49430388
1030	2	bug	-4.042612	1.6048156	1.8488226
1030	2	feature	-1.0148175	-2.8752048	4.0216446
1030	2	question	-1.4565895	-1.8779078	3.5858345
1030	2	documentation	-0.6594748	-2.7770467	3.5190783
1030	2	performance	-1.2584271	-2.7017527	4.115873
1039	0	bug	-2.4699347	0.41656107	1.7598412
1039	0	feature	-2.1975195	-0.53794324	2.8569589
1039	0	question	-2.0779002	-0.15168603	2.2365513
1039	0	documentation	-1.5082004	0.893801	0.11427551
1039	0	performance	-2.3190958	-0.4498486	2.804247
1039	1	bug	-1.3339751	-0.94531035	2.3975635
1039	1	feature	-0.44266245	-2.822575	3.359949
1039	1	question	-0.62552696	-2.1410227	2.8835077
1039	1	documentation	0.8908001	-2.819481	1.8850858
1039	1	performance	-0.6911397	-2.6674895	3.4366274
1040	0	bug	-0.9793649	0.029516336	0.8140616
1040	0	feature	0.07302256	-2.0988088	2.092093
1040	0	question	0.018914012	-1.6041508	1.7002101
1040	0	documentation	1.5656235	-1.8311818	0.29543278
1040	0	performance	-1.1885922	-1.078717	2.3987012
1040	1	bug	-1.0314504	-1.6937914	2.833287
1040	1	feature	-0.10185288	-3.2546947	3.361799
1040	1	question	-0.6344209	-2.4772294	3.2165878
1040	1	documentation	0.84692585	-3.1086206	2.1843963
1040	1	performance	-0.63035715	-2.915681	3.6094668
1047	0	bug	-0.49623588	-2.5088968	3.0466897
1047	0	feature	-0.27673513	-3.0216622	3.3594732
1047	0	question	-0.4367242	-2.700248	3.2008338
1047	0	documentation	0.23625457	-2.8651261	2.647629
1047	0	performance	-0.40767342	-2.906665	3.3476906
1047	1	bug	0.5628879	-1.1809819	0.6421615
1047	1	feature	1.5578041	-2.3365188	0.76242864
1047	1	question	0.09285129	-1.0222219	1.0150853
1047	1	documentation	2.0721025	-1.8317813	-0.22420269
1047	1	performance	0.31203195	-1.9203602	1.6024401
1047	2	bug	2.550313	-3.0224729	0.29511672
1047	2	feature	2.9589489	-3.4128284	0.2490618
1047	2	question	2.194776	-2.8567057	0.53648156
1047	2	documentation	3.1619534	-3.0066397	-0.268358
1047	2	performance	2.7320132	-3.4259748	0.4885588
1051	0	bug	-0.33726153	-2.8518949	3.1048822
1051	0	feature	0.06578861	-2.8829975	2.7613912
1051	0	question	-2.830769	1.2768258	1.0861573
1051	0	documentation	1.8372761	-2.6745908	0.7063635
1051	0	performance	-0.73365784	-3.204091	3.974085
