task	ticket	k	p	position	id	top_ids	top_logits
triage	2	0	351	351	2313	2313,46773,7841,12753,14582	24.653376,22.677698,21.332933,19.28276,19.039167
triage	2	1	351	352	151645	151645,11,25,198,271	22.261219,14.537077,12.156256,12.075214,11.532734
triage	5	0	232	232	2313	2313,46773,7841,61244,12753	23.746403,21.09031,20.934065,19.57748,19.115402
triage	5	1	232	233	151645	151645,11,198,271,25	22.354376,14.640379,12.700674,12.53574,11.240198
triage	6	0	442	442	2313	2313,46773,7841,12753,56176	26.117374,22.963148,20.322836,19.99607,19.377037
triage	6	1	442	443	151645	151645,25,11,198,271	22.52343,12.633109,12.429779,12.003658,11.809168
triage	7	0	240	240	2313	2313,46773,7841,12753,61244	24.638699,21.98669,19.731722,19.628113,19.458138
triage	7	1	240	241	151645	151645,11,198,271,25	22.337105,14.817646,12.401541,12.221645,11.925004
triage	8	0	206	206	2313	2313,46773,7841,12753,64334	24.787916,22.31374,20.462471,19.89274,18.812073
triage	8	1	206	207	151645	151645,11,198,25,271	22.278383,15.210097,12.811935,12.576239,12.210015
triage	9	0	226	226	2313	2313,46773,7841,12753,61244	25.110683,22.531023,21.17584,20.525936,19.432743
triage	9	1	226	227	151645	151645,11,25,198,271	22.379753,14.932056,12.484062,12.246072,12.05906
triage	10	0	388	388	2313	2313,46773,61244,7841,56176	24.82378,21.540817,19.503376,18.988733,18.560032
triage	10	1	388	389	151645	151645,11,198,13,25	22.46746,12.925926,12.283135,11.900662,11.767744
triage	13	0	310	310	2313	2313,12753,46773,7841,13859	25.395403,22.795341,22.610266,20.259386,19.056938
triage	13	1	310	311	151645	151645,11,198,25,13	22.437357,13.672773,12.323639,12.109045,11.642525
triage	15	0	258	258	2313	2313,46773,7841,56176,64334	25.226328,21.588354,19.296696,19.008543,18.142418
triage	15	1	258	259	151645	151645,11,25,198,13	22.307903,14.821347,11.902224,11.764208,11.688629
triage	19	0	202	202	2313	2313,46773,7841,12753,61244	25.670918,22.4238,19.444157,18.727568,18.146698
triage	19	1	202	203	151645	151645,11,13,25,198	22.46791,14.049133,12.308584,11.9815445,11.7556095
triage	21	0	383	383	2313	2313,46773,61244,7841,56176	23.697979,20.56842,19.109186,18.981691,17.621689
triage	21	1	383	384	151645	151645,11,13,198,25	22.345127,13.814822,12.661139,11.828314,11.085796
triage	23	0	368	368	2313	2313,12753,46773,7841,13859	24.139368,23.674885,21.180107,20.658117,18.955008
triage	23	1	368	369	151645	151645,11,198,25,271	22.717098,12.706136,12.428494,12.006856,11.558252
triage	25	0	382	382	2313	2313,12753,46773,7841,76303	23.587275,22.740002,21.086052,20.516037,19.0643
triage	25	1	382	383	151645	151645,11,198,271,151644	22.8544,12.040532,12.013624,11.689367,11.406153
triage	26	0	238	238	2313	2313,12753,46773,7841,64334	23.485878,22.016815,21.441448,21.058235,18.950436
triage	26	1	238	239	151645	151645,11,198,25,13	22.195105,16.022467,12.456168,12.048883,12.009876
triage	27	0	406	406	2313	2313,46773,12753,7841,56176	25.202188,22.160973,21.7039,18.902126,18.390743
triage	27	1	406	407	151645	151645,11,198,13,271	22.779514,12.201062,12.162818,12.118653,11.733003
triage	33	0	316	316	12753	12753,2313,7841,46773,13859	23.243835,22.80566,20.980637,20.866924,20.22432
triage	33	1	316	317	151645	151645,11,25,13,271	22.552767,14.075589,13.742696,13.038538,12.205751
triage	37	0	192	192	2313	2313,61244,46773,7841,56176	24.800976,21.387901,21.234762,20.67312,18.773134
triage	37	1	192	193	151645	151645,11,13,476,198	21.867382,16.815603,13.428505,11.947611,11.462804
triage	38	0	241	241	2313	2313,46773,56176,7841,12753	26.226263,22.67473,19.528746,18.560266,18.479052
triage	38	1	241	242	151645	151645,11,13,198,25	22.220049,15.188089,14.527175,12.085996,12.005648
triage	39	0	350	350	2313	2313,46773,7841,12753,64334	24.936014,22.666336,21.091137,20.34869,18.90161
triage	39	1	350	351	151645	151645,11,198,25,13	22.545567,12.552815,12.0120735,11.337248,11.133216
triage	42	0	187	187	2313	2313,46773,7841,12753,56176	24.80565,21.97332,20.53463,20.37333,17.653187
triage	42	1	187	188	151645	151645,11,198,13,25	22.184526,14.407587,11.773891,11.445305,11.285801
triage	43	0	299	299	12753	12753,2313,46773,7841,64334	23.717625,23.705996,20.813242,19.943432,19.096157
triage	43	1	299	300	151645	151645,11,25,13,271	22.672138,14.400363,13.428268,12.204028,11.613239
triage	44	0	337	337	2313	2313,7841,12753,46773,64334	22.29496,22.155388,21.991333,20.176449,19.072817
triage	44	1	337	338	151645	151645,11,198,271,13	22.224586,14.068831,12.968314,12.512073,11.6988325
triage	45	0	186	186	2313	2313,7841,46773,12753,28402	22.456675,20.860962,19.94723,19.137712,19.023983
triage	45	1	186	187	151645	151645,11,13,198,25	22.02481,15.419126,12.537421,11.394124,10.983061
triage	46	0	240	240	2313	2313,46773,7841,12753,11159	24.662483,22.00434,20.61331,20.187283,18.076935
triage	46	1	240	241	151645	151645,11,198,13,25	22.459463,12.652805,12.029621,11.710482,10.966785
triage	58	0	286	286	2313	2313,46773,7841,56176,12753	26.438019,22.760696,19.428143,19.20357,19.059906
triage	58	1	286	287	151645	151645,11,198,13,25	22.31482,14.35223,11.41363,11.296151,11.063635
triage	70	0	400	400	2313	2313,46773,5743,12753,56176	25.901682,22.592924,20.82534,20.143063,20.131638
triage	70	1	400	401	151645	151645,11,271,198,13	22.592283,12.638226,12.475797,12.16178,11.877569
triage	73	0	376	376	2313	2313,12753,46773,7841,76303	23.395535,21.914038,20.713667,20.690287,19.798332
triage	73	1	376	377	151645	151645,198,11,25,13	22.650879,13.0766945,12.834772,12.493647,12.177131
triage	79	0	294	294	2313	2313,12753,46773,7841,13859	24.20256,23.654615,21.209433,21.113781,19.260235
triage	79	1	294	295	151645	151645,198,271,11,151644	22.941036,13.294369,12.046873,11.618221,11.427421
triage	91	0	373	373	2313	2313,46773,12753,7841,64334	24.608973,22.433294,21.291533,20.316889,18.602278
triage	91	1	373	374	151645	151645,198,271,11,151644	22.943024,12.009785,11.460212,11.381757,11.2719
triage	96	0	392	392	2313	2313,12753,46773,7841,13859	24.859703,22.543833,22.39622,19.806734,19.111414
triage	96	1	392	393	151645	151645,11,271,198,13	22.478977,12.436649,12.243713,12.072363,12.051636
triage	150	0	266	266	2313	2313,12753,7841,46773,11159	24.511316,21.512081,21.310247,20.945532,18.1541
triage	150	1	266	267	151645	151645,198,11,25,271	22.401695,13.56464,13.5174675,12.355919,11.799409
triage	154	0	353	353	2313	2313,46773,7841,12753,56176	25.846039,22.580835,20.02271,19.363626,19.328392
triage	154	1	353	354	151645	151645,11,198,25,271	22.36416,12.9028015,11.969952,11.934132,11.402511
triage	158	0	379	379	2313	2313,46773,7841,12753,11159	24.75093,21.70426,21.391006,20.775866,18.288427
triage	158	1	379	380	151645	151645,11,198,13,271	22.384855,13.290687,12.732964,12.437048,12.221345
triage	160	0	286	286	2313	2313,46773,12753,7841,64334	25.068476,22.099,21.036293,20.981915,19.59775
triage	160	1	286	287	151645	151645,11,198,25,271	22.536478,13.06231,12.115555,12.041838,11.337161
triage	162	0	385	385	2313	2313,46773,12753,56176,61244	24.859581,21.556797,19.243181,19.00827,18.33438
triage	162	1	385	386	151645	151645,11,271,198,13	21.906403,15.345335,12.643123,12.3561535,12.269286
triage	165	0	206	206	2313	2313,7841,64334,46773,61244	22.82666,21.482262,20.935902,20.850245,20.178272
triage	165	1	206	207	151645	151645,11,25,198,13	22.418661,14.144057,12.996632,11.836325,11.796814
triage	166	0	277	277	2313	2313,46773,7841,12753,56176	25.900177,22.974092,19.867352,19.510283,18.710121
triage	166	1	277	278	151645	151645,11,13,198,25	22.560154,13.442932,11.930838,11.7606125,11.743376
triage	179	0	197	197	2313	2313,7841,61244,46773,12753	22.643581,21.686018,21.459455,19.310497,17.975248
triage	179	1	197	198	151645	151645,11,13,476,25	22.285719,14.702469,12.9595585,12.119718,11.715957
triage	182	0	370	370	2313	2313,12753,46773,7841,64334	23.372454,21.224617,21.174873,21.097662,19.212143
triage	182	1	370	371	151645	151645,11,198,25,13	22.259829,14.251326,13.477785,13.309513,12.712412
triage	200	0	409	409	2313	2313,46773,7841,56176,61244	25.199345,22.595306,19.360098,18.712736,18.523981
triage	200	1	409	410	151645	151645,11,13,198,25	22.474003,13.896449,12.633971,12.299157,11.8748045
triage	207	0	326	326	2313	2313,46773,56176,7841,12753	25.954027,22.944103,19.168135,18.848755,18.600147
triage	207	1	326	327	151645	151645,11,13,198,271	22.484283,13.22229,12.11611,11.766366,10.934534
triage	212	0	364	364	2313	2313,12753,46773,7841,11159	25.133335,21.627428,21.557835,20.316355,18.51419
triage	212	1	364	365	151645	151645,11,198,25,13	22.402424,13.846696,13.324289,12.040643,11.668476
triage	224	0	214	214	2313	2313,46773,12753,7841,64334	23.670702,21.375631,21.04428,20.756212,18.143818
triage	224	1	214	215	151645	151645,11,198,13,25	22.291027,14.546615,11.811891,11.585994,11.335382
triage	225	0	269	269	2313	2313,46773,64334,7841,12753	24.354414,21.962824,20.988886,20.798443,20.776094
triage	225	1	269	270	151645	151645,11,25,198,13	22.32856,14.76802,12.635161,12.082153,11.721709
triage	226	0	213	213	2313	2313,7841,46773,12753,64334	23.2489,21.746546,21.503128,20.764742,19.641085
triage	226	1	213	214	151645	151645,11,198,25,271	22.445812,14.936552,12.734814,12.241265,12.221402
triage	236	0	246	246	2313	2313,46773,7841,56176,12753	26.660316,23.187397,19.728552,19.157303,18.40664
triage	236	1	246	247	151645	151645,11,13,25,198	22.373852,13.534274,13.18293,11.802374,11.426079
triage	237	0	405	405	12753	12753,2313,7841,46773,13859	24.025661,22.698107,20.901316,20.165821,18.947071
triage	237	1	405	406	151645	151645,25,11,198,151644	22.614368,15.118973,13.754819,11.674566,11.403108
triage	238	0	397	397	2313	2313,46773,61244,56176,7841	25.27023,22.221464,17.949936,17.870646,17.736326
triage	238	1	397	398	151645	151645,13,11,198,25	22.593967,13.154958,12.945679,12.570307,11.977171
triage	244	0	195	195	2313	2313,46773,7841,12753,64334	24.554806,21.80364,21.06608,20.789242,18.041782
triage	244	1	195	196	151645	151645,11,13,25,198	22.321756,14.1639805,12.568968,12.093655,12.092801
triage	251	0	298	298	2313	2313,46773,12753,7841,14582	24.149687,22.809994,21.67231,21.142258,18.889359
triage	251	1	298	299	151645	151645,11,13,198,271	22.558962,13.095575,12.21758,12.08177,11.608728
triage	252	0	210	210	2313	2313,46773,7841,12753,56176	25.843887,22.990494,19.321016,18.960022,18.630917
triage	252	1	210	211	151645	151645,11,13,25,198	22.206066,14.534709,12.680841,12.2199335,11.703732
triage	256	0	374	374	2313	2313,46773,61244,7841,56176	24.831947,20.928509,20.259558,19.95963,18.687466
triage	256	1	374	375	151645	151645,11,13,25,198	22.722496,12.604547,12.570135,12.222327,11.944639
triage	257	0	207	207	2313	2313,7841,46773,12753,64334	24.052649,21.811722,20.83499,19.598324,19.063519
triage	257	1	207	208	151645	151645,13,11,198,25	22.456257,13.498702,13.155426,11.793982,11.729619
triage	261	0	279	279	2313	2313,46773,12753,7841,13859	23.787983,21.418169,21.30601,20.606758,18.249235
triage	261	1	279	280	151645	151645,11,198,13,271	22.427683,14.1625395,12.465757,12.429962,11.99665
triage	262	0	265	265	64334	64334,76303,2313,7841,61244	23.650654,22.594595,21.95663,20.437067,20.16407
triage	262	1	265	266	151645	151645,11,13,25,198	20.835693,14.743249,14.585943,13.676825,11.616536
triage	263	0	383	383	2313	2313,7841,46773,12753,61244	24.206371,21.51278,20.919415,20.08276,20.033113
triage	263	1	383	384	151645	151645,198,11,25,151644	22.805292,13.301829,12.344896,11.603486,11.559097
triage	264	0	376	376	2313	2313,46773,61244,7841,12753	25.028439,21.774492,20.44598,19.93486,19.356194
triage	264	1	376	377	151645	151645,198,11,13,271	22.67527,13.418646,12.248428,11.875825,11.538808
triage	266	0	244	244	2313	2313,46773,7841,64334,14582	23.712532,21.334873,19.598328,18.66258,17.748274
triage	266	1	244	245	151645	151645,11,13,25,198	22.289442,15.351535,12.500552,11.598223,11.36315
triage	270	0	293	293	2313	2313,46773,7841,12753,56176	26.284637,22.849234,20.583178,19.265926,18.619146
triage	270	1	293	294	151645	151645,198,11,271,13	22.522923,12.656864,12.402849,12.332909,11.769526
triage	273	0	379	379	2313	2313,46773,61244,56176,12753	24.967117,21.762215,20.442348,19.435295,19.074566
triage	273	1	379	380	151645	151645,11,198,13,25	22.484314,14.784332,13.501641,12.582534,12.396931
triage	279	0	293	293	2313	2313,46773,64334,76303,7841	25.164474,21.984539,20.418636,19.869097,19.521963
triage	279	1	293	294	151645	151645,11,25,198,271	22.45566,13.251163,12.263066,11.983845,11.840297
triage	283	0	325	325	2313	2313,12753,46773,7841,13859	23.555206,23.252644,21.476357,20.796633,19.524918
triage	283	1	325	326	151645	151645,11,198,13,25	22.288572,15.0667,12.123144,11.882744,11.810681
triage	284	0	312	312	2313	2313,46773,56176,7841,11159	25.326797,22.197775,18.685812,18.35084,18.235182
triage	284	1	312	313	151645	151645,13,11,271,198	22.3765,12.305219,12.276609,11.611668,11.414224
triage	286	0	252	252	2313	2313,7841,46773,12753,64334	23.664255,22.58213,21.643814,20.912941,18.23094
triage	286	1	252	253	151645	151645,11,13,25,198	22.22164,14.644627,13.24827,12.476143,12.135898
triage	288	0	312	312	2313	2313,46773,7841,12753,64334	24.23013,22.329487,21.648561,20.403624,19.38261
triage	288	1	312	313	151645	151645,198,271,13,25	22.457079,13.378501,12.827352,12.784394,12.58345
triage	289	0	251	251	2313	2313,46773,12753,7841,56176	25.828176,23.01566,19.550709,19.402561,19.202173
triage	289	1	251	252	151645	151645,11,198,271,25	22.260475,14.410747,12.634895,12.486345,11.590521
triage	290	0	384	384	2313	2313,7841,46773,61244,64334	24.16402,21.976135,21.424368,20.21982,19.866655
triage	290	1	384	385	151645	151645,13,198,271,11	22.713404,13.272922,12.957039,12.949908,12.407404
triage	292	0	342	342	2313	2313,46773,7841,12753,64334	24.566557,21.936293,21.688366,20.280186,18.488497
triage	292	1	342	343	151645	151645,198,11,13,25	22.424805,12.869744,12.804924,11.831893,11.684982
triage	293	0	263	263	2313	2313,46773,7841,64334,12753	24.626045,22.270866,20.542034,20.028437,19.54484
triage	293	1	263	264	151645	151645,11,198,271,13	22.624968,12.824776,12.473393,12.112944,12.055901
triage	294	0	391	391	2313	2313,12753,46773,7841,56176	25.04474,21.73611,21.72712,20.769825,18.160007
triage	294	1	391	392	151645	151645,11,198,25,271	22.393541,13.322054,13.004647,12.815924,12.761083
triage	299	0	224	224	2313	2313,46773,7841,12753,56176	24.494358,21.550018,20.471563,19.150408,17.71981
triage	299	1	224	225	151645	151645,11,198,13,25	22.488983,13.166203,12.409759,12.051838,11.976637
triage	300	0	273	273	2313	2313,46773,7841,12753,14582	24.53415,22.026758,22.014967,19.960869,18.574282
triage	300	1	273	274	151645	151645,13,271,11,198	22.480795,13.253733,12.851908,12.78818,12.74327
triage	302	0	393	393	2313	2313,46773,12753,7841,64334	25.216991,22.673464,20.740492,20.085226,18.169346
triage	302	1	393	394	151645	151645,11,25,198,13	22.59925,13.614315,12.380219,11.972117,11.699875
triage	316	0	370	370	2313	2313,46773,7841,56176,11159	24.910065,21.878325,20.295645,18.196138,17.8574
triage	316	1	370	371	151645	151645,13,198,11,271	22.609085,13.731156,12.889956,12.871841,12.140833
triage	324	0	374	374	2313	2313,46773,7841,12753,11159	25.535194,21.79957,19.712418,19.231468,18.506165
triage	324	1	374	375	151645	151645,198,11,13,25	22.436354,13.176974,13.036563,12.752167,11.836081
triage	325	0	372	372	2313	2313,46773,7841,56176,12753	25.969336,22.48749,19.695803,19.360493,17.744968
triage	325	1	372	373	151645	151645,11,13,198,271	22.447956,13.585591,13.370217,12.153255,11.657338
triage	326	0	407	407	2313	2313,46773,7841,12753,56176	25.666117,21.980186,18.969564,18.764374,18.36232
triage	326	1	407	408	151645	151645,13,198,11,151644	22.599052,14.466157,11.974924,11.676711,11.095194
triage	344	0	357	357	2313	2313,46773,12753,7841,61244	24.24281,21.215282,20.477821,20.128098,19.398066
triage	344	1	357	358	151645	151645,198,13,11,25	22.447752,13.670165,12.784344,12.766043,12.278355
triage	348	0	311	311	2313	2313,12753,46773,7841,13859	23.273752,22.291983,21.899517,21.663916,19.517214
triage	348	1	311	312	151645	151645,11,271,198,25	22.355938,14.267784,13.263272,12.807411,12.688158
triage	355	0	287	287	2313	2313,46773,7841,12753,61244	24.589142,21.892035,21.304085,20.469048,20.201576
triage	355	1	287	288	151645	151645,11,198,271,25	22.387403,14.871421,12.368731,12.019578,11.761896
triage	368	0	267	267	2313	2313,46773,61244,7841,56176	24.782953,21.234558,19.452034,18.689,17.859474
triage	368	1	267	268	151645	151645,13,11,198,271	22.474346,12.428502,12.327716,11.890766,11.218185
triage	372	0	285	285	2313	2313,46773,7841,12753,11159	24.904278,21.928192,20.400578,18.372337,17.73786
triage	372	1	285	286	151645	151645,11,198,13,25	22.5154,12.893133,12.090764,12.031063,11.534135
triage	374	0	270	270	2313	2313,46773,61244,56176,8349	25.978424,23.320036,18.466967,18.125769,17.65981
triage	374	1	270	271	151645	151645,11,13,198,271	22.458197,13.050951,12.013233,11.909201,11.841259
triage	377	0	327	327	2313	2313,46773,7841,56176,11159	25.927818,23.270721,19.103802,18.296349,18.115206
triage	377	1	327	328	151645	151645,11,13,198,25	22.47232,12.673323,12.296781,11.629178,11.340361
triage	378	0	216	216	2313	2313,46773,7841,56176,12753	26.493708,22.977077,19.590008,18.77856,18.021265
triage	378	1	216	217	151645	151645,11,13,198,25	22.52569,12.457906,12.239357,11.482692,11.020094
triage	381	0	371	371	2313	2313,46773,12753,7841,64334	22.94327,21.458235,21.216532,21.12655,18.899055
triage	381	1	371	372	151645	151645,11,198,25,271	22.398663,14.436798,13.17008,12.886958,12.288664
triage	386	0	393	393	2313	2313,12753,46773,7841,13859	24.447592,23.19612,21.956127,20.796675,18.866549
triage	386	1	393	394	151645	151645,11,25,198,13	22.588182,13.193423,12.666338,12.650211,12.333501
triage	387	0	266	266	2313	2313,7841,46773,64334,76303	23.20409,21.556408,21.324352,20.17356,19.7083
triage	387	1	266	267	151645	151645,11,13,198,25	22.417671,15.741294,12.641046,11.970688,11.455529
triage	390	0	273	273	2313	2313,46773,56176,7841,12753	25.967596,23.383194,18.346563,18.235031,17.867779
triage	390	1	273	274	151645	151645,11,198,13,25	22.450993,12.962099,11.883813,11.861978,11.548983
triage	399	0	378	378	2313	2313,46773,61244,7841,12753	24.830418,21.797197,19.945135,19.489513,18.830181
triage	399	1	378	379	151645	151645,198,11,13,271	22.519075,13.941544,13.311381,12.68739,12.512454
triage	400	0	397	397	2313	2313,46773,61244,56176,12753	25.089447,21.784973,18.75217,18.53262,18.347109
triage	400	1	397	398	151645	151645,13,198,11,271	22.643648,13.380882,12.918935,12.617112,11.431362
triage	402	0	385	385	2313	2313,12753,7841,46773,64334	22.925798,22.146402,20.61564,20.531157,18.01091
triage	402	1	385	386	151645	151645,11,198,25,13	22.231283,13.754512,12.710026,12.084569,11.726852
triage	407	0	265	265	2313	2313,46773,7841,61244,64334	23.80552,21.334831,20.682753,19.102278,18.560572
triage	407	1	265	266	151645	151645,198,271,11,13	22.524658,12.90056,12.393651,12.312305,12.157467
triage	409	0	242	242	2313	2313,46773,7841,12753,64334	24.987041,22.159506,20.27386,19.439226,19.30421
triage	409	1	242	243	151645	151645,11,25,198,271	22.217255,14.792023,12.94605,12.003286,11.891974
triage	413	0	249	249	2313	2313,46773,7841,12753,64334	25.131908,22.536442,19.506016,19.404346,18.858927
triage	413	1	249	250	151645	151645,11,198,25,271	22.317842,13.871,12.404699,11.93047,11.471395
triage	422	0	413	413	2313	2313,46773,7841,56176,61244	25.216608,22.062326,19.208092,18.847107,18.614233
triage	422	1	413	414	151645	151645,11,13,198,271	22.502863,13.109605,12.893157,12.240418,12.207132
triage	424	0	420	420	2313	2313,46773,61244,7841,12753	25.17181,22.214878,20.000774,19.930922,18.841675
triage	424	1	420	421	151645	151645,11,25,198,13	22.377771,13.394549,11.887135,11.832358,11.594732
triage	426	0	402	402	2313	2313,46773,7841,56176,12753	26.044815,22.535118,19.075659,18.000359,17.896114
triage	426	1	402	403	151645	151645,13,11,198,25	22.444496,14.036908,13.103568,12.249837,11.810621
triage	428	0	268	268	2313	2313,46773,56176,7841,11159	26.635214,22.991405,19.570585,18.911705,18.442802
triage	428	1	268	269	151645	151645,11,198,13,271	22.433863,13.580275,12.421426,12.299355,11.593926
triage	429	0	264	264	2313	2313,46773,7841,12753,11159	25.471943,22.408604,20.917408,20.914951,18.527885
triage	429	1	264	265	151645	151645,11,198,25,271	22.133608,14.3796425,13.247447,12.409453,12.395002
triage	430	0	391	391	2313	2313,46773,12753,56176,61244	25.211166,21.890308,19.495575,19.301628,18.197458
triage	430	1	391	392	151645	151645,11,198,13,25	22.469196,14.170137,13.036836,12.193645,12.001687
triage	433	0	286	286	2313	2313,46773,7841,12753,61244	24.314577,21.545202,21.290438,20.006893,19.30399
triage	433	1	286	287	151645	151645,11,198,25,13	22.49612,13.324513,12.175348,11.717332,11.500251
triage	434	0	355	355	2313	2313,7841,12753,46773,14582	22.91733,22.789448,21.422308,21.345272,19.555616
triage	434	1	355	356	151645	151645,11,198,271,25	22.383411,13.868654,12.3155365,12.261509,11.732038
triage	435	0	319	319	2313	2313,46773,7841,12753,14582	24.629526,22.045168,20.841145,19.567715,18.015259
triage	435	1	319	320	151645	151645,11,198,271,25	22.223284,13.501371,13.304006,12.499036,12.159329
triage	436	0	363	363	2313	2313,46773,7841,56176,8349	26.430714,23.198132,19.281736,19.249548,17.721365
triage	436	1	363	364	151645	151645,11,13,198,271	22.57807,13.48293,13.150457,12.244816,11.673601
triage	437	0	281	281	2313	2313,46773,7841,61244,56176	25.545223,22.413546,19.820993,19.351334,18.788448
triage	437	1	281	282	151645	151645,13,11,198,25	22.458017,13.405222,13.097063,11.5518,11.460606
triage	438	0	233	233	2313	2313,46773,7841,11159,12753	24.8901,22.023693,19.275043,17.838501,17.605165
triage	438	1	233	234	151645	151645,11,13,198,271	22.231663,13.982993,13.377836,12.03346,11.505822
triage	443	0	387	387	2313	2313,7841,46773,61244,12753	25.08348,21.109444,21.094923,20.758081,19.940603
triage	443	1	387	388	151645	151645,11,13,25,198	22.042757,14.105885,12.256317,11.655602,11.454729
triage	444	0	306	306	7841	7841,2313,64334,14582,46773	23.359356,22.424007,20.331615,20.043228,19.922338
triage	444	1	306	307	151645	151645,11,13,25,151644	22.635427,14.465712,13.303058,13.069599,11.236421
triage	450	0	231	231	2313	2313,7841,46773,64334,76303	24.283781,22.282387,21.53801,20.372465,19.857477
triage	450	1	231	232	151645	151645,11,25,198,13	22.39815,14.239609,12.789672,12.28055,12.019468
triage	451	0	235	235	2313	2313,7841,12753,46773,14582	24.782228,22.582623,22.113808,22.02125,18.60189
triage	451	1	235	236	151645	151645,11,198,13,25	22.32515,14.271007,12.305952,12.300748,11.932885
triage	452	0	374	374	2313	2313,46773,12753,7841,11159	25.160187,22.26196,19.40931,19.220861,17.828394
triage	452	1	374	375	151645	151645,13,11,198,25	22.17479,14.409483,13.550768,12.403124,12.0438795
triage	453	0	270	270	2313	2313,46773,7841,11159,56176	25.264498,21.636679,20.010231,19.130667,18.312632
triage	453	1	270	271	151645	151645,11,198,13,151644	22.344965,13.366997,11.4376745,11.230986,11.017992
triage	454	0	267	267	2313	2313,46773,56176,11159,8349	27.351532,23.408226,20.055792,17.907492,17.894209
triage	454	1	267	268	151645	151645,11,13,198,25	22.255116,13.327211,12.473809,12.27407,12.097603
triage	456	0	367	367	2313	2313,7841,46773,12753,11159	24.837566,21.724693,21.428158,20.815556,19.328838
triage	456	1	367	368	151645	151645,11,198,13,25	22.227379,13.807993,12.25308,11.861818,11.735203
triage	460	0	286	286	2313	2313,46773,7841,12753,61244	26.005978,22.50707,18.7533,18.495993,18.386797
triage	460	1	286	287	151645	151645,11,198,13,25	22.565655,12.5824175,11.664425,11.388915,11.317312
triage	463	0	315	315	2313	2313,46773,7841,12753,56176	24.60193,21.791697,20.188639,19.756895,18.515749
triage	463	1	315	316	151645	151645,13,11,198,271	22.4336,14.244204,13.698555,13.245175,13.144743
triage	465	0	375	375	2313	2313,76303,64334,61244,46773	22.767696,21.580812,21.048504,19.75706,19.65
triage	465	1	375	376	151645	151645,11,13,198,271	22.517664,13.436202,13.126588,12.627893,12.134638
triage	468	0	225	225	2313	2313,46773,7841,12753,64334	24.57766,22.499952,21.060452,18.935205,18.635239
triage	468	1	225	226	151645	151645,11,13,25,198	22.267529,16.059273,13.663222,12.300739,11.961411
triage	469	0	377	377	2313	2313,7841,46773,12753,61244	23.832672,21.226894,20.951542,20.24095,20.188171
triage	469	1	377	378	151645	151645,198,11,25,13	22.468622,13.596579,13.351137,12.782355,12.001829
triage	486	0	299	299	2313	2313,7841,46773,12753,64334	23.268406,21.626888,21.603123,20.309036,19.749466
triage	486	1	299	300	151645	151645,11,198,271,13	22.384943,13.507807,12.83024,12.703483,11.792651
triage	487	0	343	343	2313	2313,46773,7841,64334,12753	23.390728,21.57854,20.388372,19.656822,19.631687
triage	487	1	343	344	151645	151645,11,198,271,25	22.134293,14.084787,12.266184,12.082884,11.930442
triage	521	0	297	297	2313	2313,46773,56176,7841,12753	26.333212,22.312431,19.928892,19.746506,19.163792
triage	521	1	297	298	151645	151645,11,13,198,25	22.293034,14.247938,13.402181,12.46997,11.807326
triage	525	0	385	385	2313	2313,46773,12753,56176,7841	26.276354,23.429209,19.06807,18.568214,18.331223
triage	525	1	385	386	151645	151645,11,13,271,198	22.306236,13.536545,12.66081,11.761982,11.718131
triage	527	0	230	230	2313	2313,46773,56176,11159,12753	26.736938,23.433384,18.959558,17.654835,17.402138
triage	527	1	230	231	151645	151645,11,13,198,25	22.339872,13.993178,12.601603,11.354933,11.186204
triage	529	0	380	380	2313	2313,46773,7841,12753,61244	24.32315,21.562431,21.328117,20.95793,19.339352
triage	529	1	380	381	151645	151645,11,198,25,13	22.549725,13.243762,13.100641,12.737469,11.607404
triage	530	0	296	296	2313	2313,46773,12753,7841,64334	24.730858,22.543673,21.276228,20.618763,18.426115
triage	530	1	296	297	151645	151645,11,25,198,13	22.37808,14.07519,11.886566,11.75518,11.658063
triage	533	0	236	236	2313	2313,46773,7841,61244,12753	24.77979,21.935102,19.42704,18.634192,18.565964
triage	533	1	236	237	151645	151645,11,13,198,25	22.377338,15.07942,13.425686,12.431262,11.330021
triage	534	0	224	224	2313	2313,46773,12753,8349,7841	25.132502,21.730642,20.637568,20.571222,19.075516
triage	534	1	224	225	151645	151645,11,198,271,13	22.154041,15.592861,12.260707,11.932174,11.882903
triage	535	0	246	246	2313	2313,46773,7841,12753,64334	24.115133,21.967503,20.969685,20.393673,18.728182
triage	535	1	246	247	151645	151645,11,13,198,25	22.392729,13.664559,13.382388,12.914566,12.265837
triage	536	0	370	370	2313	2313,12753,7841,46773,61244	23.396109,21.713993,21.48165,20.300404,18.947994
triage	536	1	370	371	151645	151645,198,11,25,271	22.775154,13.582877,12.293444,11.751,11.686071
triage	537	0	207	207	2313	2313,7841,46773,64334,76303	24.165686,21.70312,21.247353,20.117207,19.689095
triage	537	1	207	208	151645	151645,11,13,198,25	22.153078,14.816723,12.630174,12.216737,12.097031
triage	538	0	260	260	2313	2313,46773,7841,12753,64334	25.195717,22.619953,21.346025,19.917278,18.390553
triage	538	1	260	261	151645	151645,11,13,198,271	22.392363,13.990272,12.484701,12.385279,12.064184
triage	540	0	194	194	2313	2313,7841,46773,12753,14582	24.834452,21.936876,21.763222,20.344105,17.912083
triage	540	1	194	195	151645	151645,11,25,13,198	22.376163,13.9414425,12.237697,12.024426,11.787812
triage	541	0	229	229	2313	2313,46773,7841,12753,64334	24.680048,21.969692,21.055187,20.382282,18.455502
triage	541	1	229	230	151645	151645,11,198,25,13	22.409811,14.223709,12.257936,12.198872,12.187956
triage	547	0	367	367	2313	2313,46773,7841,12753,61244	25.173485,22.342188,20.867382,20.111343,17.812565
triage	547	1	367	368	151645	151645,13,11,198,25	22.547623,13.136444,12.677283,12.346781,11.647968
triage	559	0	177	177	2313	2313,46773,7841,12753,61244	25.366276,22.008633,19.118256,17.837183,17.81496
triage	559	1	177	178	151645	151645,13,11,198,25	22.474794,12.08718,12.002206,11.596642,11.290745
triage	560	0	372	372	2313	2313,46773,56176,7841,12753	25.927011,21.864958,19.321247,19.070091,17.972555
triage	560	1	372	373	151645	151645,13,11,198,271	22.23161,13.561162,12.936312,12.484148,12.250793
triage	566	0	415	415	2313	2313,61244,46773,7841,64334	22.821217,20.781548,20.48317,20.23602,19.884398
triage	566	1	415	416	151645	151645,198,271,11,25	22.47605,12.967491,12.172369,12.054635,11.949529
triage	568	0	195	195	2313	2313,46773,7841,12753,64334	25.039871,21.905163,21.879389,20.648108,19.765877
triage	568	1	195	196	151645	151645,11,13,25,198	22.376774,13.572402,12.554638,12.507047,12.355495
triage	569	0	294	294	2313	2313,7841,12753,46773,64334	22.839045,21.43012,20.674984,20.58114,19.183477
triage	569	1	294	295	151645	151645,11,198,271,25	22.378454,14.333256,13.332076,12.819587,12.213308
triage	580	0	191	191	2313	2313,46773,7841,56176,12753	25.665693,22.348871,19.02474,18.22552,17.891113
triage	580	1	191	192	151645	151645,11,13,198,25	22.289864,13.46779,12.295513,11.842799,11.485123
triage	581	0	200	200	2313	2313,46773,7841,12753,61244	25.114702,22.282537,20.265036,18.73806,18.640984
triage	581	1	200	201	151645	151645,11,13,198,25	22.32584,13.602673,13.14281,11.984923,11.67218
triage	582	0	284	284	2313	2313,46773,7841,12753,64334	23.939634,21.671677,21.492702,20.790607,18.838505
triage	582	1	284	285	151645	151645,25,11,13,198	22.333435,13.106807,12.950005,12.2289505,12.039155
triage	583	0	378	378	2313	2313,46773,7841,12753,11159	24.220854,20.996572,20.975588,20.500414,18.571608
triage	583	1	378	379	151645	151645,11,198,25,13	22.333284,13.816639,13.088741,12.912108,12.056385
triage	588	0	364	364	2313	2313,7841,46773,12753,11159	24.031998,20.978554,20.71546,20.202461,18.145191
triage	588	1	364	365	151645	151645,198,11,25,13	22.435648,13.425297,13.000547,12.518433,11.719111
triage	590	0	369	369	2313	2313,12753,46773,7841,64334	24.189404,21.833523,21.401587,21.380716,18.517046
triage	590	1	369	370	151645	151645,11,198,25,271	22.486162,12.741926,12.627194,12.330043,12.046605
triage	595	0	372	372	2313	2313,46773,61244,7841,8349	23.79434,20.497807,18.65628,18.193687,17.498735
triage	595	1	372	373	151645	151645,198,13,11,25	22.484547,12.777423,12.33319,12.255151,11.393126
triage	597	0	375	375	2313	2313,46773,7841,61244,56176	25.605028,22.199177,21.048191,19.286106,19.080751
triage	597	1	375	376	151645	151645,198,11,13,271	22.49789,12.998042,12.732187,12.663539,12.545166
triage	598	0	243	243	2313	2313,46773,12753,7841,64334	25.200005,22.645344,21.139948,20.795683,17.854485
triage	598	1	243	244	151645	151645,11,13,198,271	22.506054,13.5125475,12.481737,12.025473,11.627201
triage	629	0	188	188	2313	2313,7841,46773,12753,64334	23.887165,22.02899,21.461172,20.424833,18.503218
triage	629	1	188	189	151645	151645,11,13,198,25	22.405651,13.759205,12.818601,12.070517,11.197156
triage	633	0	252	252	2313	2313,7841,46773,12753,56176	24.982647,21.87672,21.512348,21.072824,18.357544
triage	633	1	252	253	151645	151645,11,198,271,13	22.555002,13.670517,13.400124,12.276818,12.16089
triage	634	0	243	243	2313	2313,46773,7841,12753,14582	24.28761,21.71453,21.19442,20.569592,17.882126
triage	634	1	243	244	151645	151645,11,13,25,198	22.396454,13.145606,12.444638,12.047556,12.001149
triage	636	0	376	376	2313	2313,46773,7841,64334,61244	24.421328,21.847754,21.227592,19.585693,19.58036
triage	636	1	376	377	151645	151645,11,25,198,13	22.678354,13.193519,11.834724,11.800093,11.348346
triage	640	0	234	234	2313	2313,12753,46773,64334,7841	22.728926,21.990139,21.176352,20.225441,20.021715
triage	640	1	234	235	151645	151645,11,13,198,25	22.192322,15.246709,12.70468,12.132994,11.833025
triage	644	0	219	219	2313	2313,46773,7841,64334,12753	24.749615,22.42343,21.284134,20.212505,19.590357
triage	644	1	219	220	151645	151645,11,198,13,271	22.206675,15.12958,12.558163,12.541154,12.268307
triage	645	0	365	365	2313	2313,46773,7841,56176,11159	25.993124,22.409855,18.619106,18.468615,18.01588
triage	645	1	365	366	151645	151645,11,13,198,271	22.66841,12.903649,12.474011,12.337992,11.816932
triage	648	0	402	402	64334	64334,76303,2313,61244,6062	22.979183,22.949495,22.267088,20.276691,20.111977
triage	648	1	402	403	151645	151645,13,58529,11,18142	20.5689,13.328038,13.165857,12.537985,12.467892
triage	650	0	257	257	2313	2313,46773,7841,64334,56176	25.629616,22.340864,20.144707,18.446562,18.273197
triage	650	1	257	258	151645	151645,11,13,198,25	22.33377,12.843331,12.286442,11.929115,11.549114
triage	653	0	267	267	2313	2313,46773,7841,12753,11159	24.989048,21.751581,20.755627,20.299902,18.35633
triage	653	1	267	268	151645	151645,11,198,13,25	22.451551,13.487604,12.16246,11.966398,11.71215
triage	656	0	316	316	2313	2313,46773,56176,7841,8349	26.10375,22.940346,19.095463,18.758703,17.931747
triage	656	1	316	317	151645	151645,198,13,11,271	22.550467,12.632116,12.294461,12.281042,11.568125
triage	658	0	264	264	2313	2313,46773,12753,7841,5743	25.200872,23.235962,21.038012,20.346598,20.064503
triage	658	1	264	265	151645	151645,11,25,13,198	22.271185,14.1941805,12.362041,11.840278,11.82886
triage	659	0	367	367	2313	2313,46773,7841,12753,11159	25.032585,21.231867,20.338507,19.612556,18.396294
triage	659	1	367	368	151645	151645,198,11,13,25	22.42142,13.241755,13.042286,12.37974,11.695715
triage	662	0	185	185	2313	2313,46773,12753,7841,61244	24.34828,21.752121,21.415876,20.484087,18.375965
triage	662	1	185	186	151645	151645,11,13,198,25	22.527647,13.861251,12.569046,11.876038,11.552648
triage	671	0	370	370	2313	2313,46773,7841,12753,56176	24.825047,22.759737,19.767336,19.687128,18.855093
triage	671	1	370	371	151645	151645,11,13,25,198	22.395008,13.756374,12.41777,12.189403,11.90626
triage	673	0	210	210	2313	2313,46773,7841,12753,56176	24.977531,22.111788,20.9534,19.91782,18.277233
triage	673	1	210	211	151645	151645,11,13,25,198	22.116705,15.569563,13.808368,12.070763,11.495637
triage	674	0	352	352	64334	64334,2313,76303,7841,61244	22.583498,22.211443,21.244276,20.641418,19.745358
triage	674	1	352	353	151645	151645,13,11,25,198	21.822376,16.002554,13.968517,13.457148,11.517371
triage	679	0	415	415	2313	2313,46773,7841,56176,64334	25.489786,23.134274,19.420355,18.501043,18.45494
triage	679	1	415	416	151645	151645,11,271,13,198	22.562794,13.136173,12.863003,12.836748,12.488864
triage	681	0	363	363	2313	2313,46773,7841,12753,56176	25.20884,22.775486,20.320023,18.4718,18.404903
triage	681	1	363	364	151645	151645,11,198,271,25	22.366827,14.315932,12.191095,11.393466,11.316553
triage	683	0	368	368	2313	2313,46773,7841,64334,61244	23.874542,21.985725,21.228243,20.103973,19.417091
triage	683	1	368	369	151645	151645,11,198,271,25	22.660896,13.4133215,12.617264,12.101506,11.833852
triage	684	0	365	365	2313	2313,46773,7841,11159,56176	25.561493,21.930853,19.019726,18.853083,18.486177
triage	684	1	365	366	151645	151645,11,13,198,271	22.452898,13.073946,12.459905,12.201465,11.826462
triage	690	0	246	246	2313	2313,46773,12753,7841,56176	25.996593,21.932396,20.49751,19.686218,18.707836
triage	690	1	246	247	151645	151645,11,198,13,25	22.516636,13.545907,13.161825,12.872434,11.949654
triage	692	0	387	387	2313	2313,7841,46773,12753,64334	23.879906,22.085108,21.220127,19.86752,18.412369
triage	692	1	387	388	151645	151645,13,198,151644,11	22.85233,13.310248,11.659606,11.341705,11.039831
triage	693	0	370	370	2313	2313,46773,7841,61244,11159	25.639822,21.721155,20.140339,19.089508,18.550102
triage	693	1	370	371	151645	151645,198,11,13,271	22.376762,13.695579,13.155216,12.829433,12.482801
triage	696	0	238	238	2313	2313,46773,12753,7841,64334	24.119415,21.796068,21.251514,20.296953,18.681818
triage	696	1	238	239	151645	151645,11,13,198,271	22.24025,14.754852,13.16067,12.632351,12.386999
triage	700	0	356	356	2313	2313,46773,7841,56176,11159	26.345654,23.155485,20.132544,19.294867,18.265835
triage	700	1	356	357	151645	151645,11,271,198,25	22.37624,13.094695,12.042707,11.977043,11.863969
triage	703	0	247	247	2313	2313,46773,7841,12753,56176	25.963127,22.064249,19.927269,19.656698,18.807003
triage	703	1	247	248	151645	151645,11,13,198,25	22.517172,14.130325,13.0351925,12.68588,11.755475
triage	719	0	358	358	2313	2313,46773,7841,56176,11159	24.607462,21.625101,19.17113,17.835453,17.781315
triage	719	1	358	359	151645	151645,11,13,198,25	22.5816,14.507235,12.245457,11.651093,11.571949
triage	724	0	439	439	2313	2313,46773,7841,61244,12753	24.002214,20.67781,19.763746,19.638186,18.478466
triage	724	1	439	440	151645	151645,198,25,13,11	22.668219,12.115771,11.616154,11.577189,11.542397
triage	730	0	358	358	2313	2313,46773,7841,56176,8349	26.256496,22.825695,20.27108,19.318481,18.220247
triage	730	1	358	359	151645	151645,13,11,198,271	22.601171,12.475467,12.405874,12.0061455,11.782269
triage	731	0	390	390	2313	2313,12753,46773,13859,7841	23.684889,22.912655,21.789722,20.458357,19.93903
triage	731	1	390	391	151645	151645,11,25,198,13	22.414438,13.289321,11.91493,11.820548,11.490441
triage	732	0	365	365	2313	2313,46773,7841,12753,11159	25.156061,22.891079,19.653387,19.23596,19.122208
triage	732	1	365	366	151645	151645,13,11,198,271	22.664742,13.236557,12.8540745,12.607916,12.286697
triage	734	0	402	402	2313	2313,46773,7841,12753,11159	24.75936,21.66119,20.785389,19.68495,18.1774
triage	734	1	402	403	151645	151645,11,13,198,271	22.112238,14.621005,13.132634,12.812547,12.8099375
triage	740	0	368	368	2313	2313,46773,7841,56176,11159	26.166744,22.220425,19.401354,19.047636,18.118717
triage	740	1	368	369	151645	151645,11,198,271,13	22.519953,12.986987,12.410972,12.204468,12.1492
triage	742	0	267	267	2313	2313,46773,56176,12753,8349	26.37861,23.616096,18.616623,17.598299,17.395916
triage	742	1	267	268	151645	151645,198,271,13,11	22.713974,12.868633,12.042864,11.817577,11.728449
triage	743	0	288	288	2313	2313,46773,56176,8349,12753	26.03944,23.053577,18.004625,17.497688,17.204216
triage	743	1	288	289	151645	151645,198,271,13,11	22.761911,12.956907,12.409167,12.012592,11.341239
triage	745	0	416	416	2313	2313,46773,61244,12753,7841	24.038498,21.346714,19.69114,18.483248,18.426758
triage	745	1	416	417	151645	151645,13,11,198,25	22.41769,13.161666,12.855347,12.249935,11.779171
triage	746	0	292	292	2313	2313,46773,56176,7841,12753	26.213654,23.023495,19.365376,19.198921,18.515436
triage	746	1	292	293	151645	151645,11,198,13,271	22.692066,12.38387,12.326773,11.924767,11.399025
triage	747	0	360	360	2313	2313,46773,12753,7841,61244	24.531994,21.224398,19.56772,19.07698,18.735268
triage	747	1	360	361	151645	151645,11,198,13,25	22.699278,13.675691,13.310504,12.426595,12.068914
triage	750	0	339	339	2313	2313,46773,7841,12753,56176	24.920586,22.111197,21.621433,19.931435,18.582294
triage	750	1	339	340	151645	151645,198,11,25,271	22.35633,12.719635,12.717641,12.002625,11.7659025
triage	751	0	350	350	2313	2313,46773,56176,7841,12753	26.226574,23.150255,18.832365,18.587006,18.370243
triage	751	1	350	351	151645	151645,13,198,271,11	22.59715,12.970713,12.4634,12.413663,11.730675
triage	752	0	359	359	2313	2313,46773,7841,61244,12753	24.841002,21.532272,19.844479,18.041523,17.859278
triage	752	1	359	360	151645	151645,13,11,198,271	22.38312,13.465005,13.14654,12.7718115,12.254293
triage	753	0	287	287	2313	2313,46773,7841,12753,64334	24.0683,22.211096,21.345364,20.478323,20.386484
triage	753	1	287	288	151645	151645,11,198,25,271	22.473892,13.219646,12.417282,12.362925,12.153264
triage	754	0	298	298	2313	2313,64334,76303,61244,6062	22.19698,21.063828,20.834484,19.68859,18.793987
triage	754	1	298	299	151645	151645,198,271,13,11	22.691158,12.186338,12.030379,11.479643,11.443909
triage	755	0	364	364	2313	2313,46773,7841,12753,56176	25.532253,21.770372,20.440336,19.620392,18.591558
triage	755	1	364	365	151645	151645,13,11,198,25	22.381569,12.649511,12.636563,12.52115,11.385168
triage	757	0	266	266	2313	2313,46773,12753,7841,64334	23.982834,21.880554,20.654036,20.505325,19.931967
triage	757	1	266	267	151645	151645,11,198,13,25	22.250204,13.7686,12.287387,12.17647,11.808664
triage	768	0	415	415	2313	2313,7841,46773,12753,64334	22.898846,21.772993,20.682552,20.17576,19.533684
triage	768	1	415	416	151645	151645,11,13,198,271	22.423277,14.005595,12.8577795,12.505434,11.881981
triage	771	0	409	409	2313	2313,46773,12753,7841,56176	25.096186,22.588577,20.542927,19.873955,18.035135
triage	771	1	409	410	151645	151645,11,198,25,271	22.577518,13.493919,12.284808,11.743231,11.409822
triage	775	0	383	383	2313	2313,46773,7841,61244,12753	24.390377,21.287455,20.259554,19.907955,19.31528
triage	775	1	383	384	151645	151645,11,198,25,13	22.593637,12.907694,12.7494545,11.973636,11.844891
triage	782	0	413	413	2313	2313,61244,46773,12753,56176	24.757977,22.084108,20.888231,19.535313,18.918118
triage	782	1	413	414	151645	151645,13,11,25,198	22.329353,12.8001585,12.723208,12.721351,12.032112
triage	783	0	356	356	2313	2313,46773,7841,61244,12753	25.103811,22.41644,20.702076,19.013203,18.894915
triage	783	1	356	357	151645	151645,11,198,13,271	22.650515,12.851315,12.757028,12.460487,11.476353
triage	800	0	336	336	2313	2313,46773,56176,12753,7841	24.719898,21.849867,18.2257,18.136417,18.082457
triage	800	1	336	337	151645	151645,271,198,11,25	22.375162,12.815913,12.451824,12.189754,12.038044
triage	801	0	356	356	2313	2313,46773,7841,56176,12753	25.673672,22.563198,19.815634,19.419811,18.504496
triage	801	1	356	357	151645	151645,11,25,198,13	22.417513,12.974019,12.755014,12.739929,12.561697
triage	802	0	377	377	2313	2313,46773,7841,12753,11159	25.043072,22.527266,21.639177,19.933441,18.391098
triage	802	1	377	378	151645	151645,11,198,13,271	22.494347,12.405212,11.88827,11.550051,11.269526
triage	810	0	380	380	2313	2313,46773,12753,7841,13859	23.975647,22.108835,21.492878,20.335836,18.339539
triage	810	1	380	381	151645	151645,11,25,198,13	22.449986,13.717027,13.0520115,12.884232,12.202548
triage	811	0	303	303	2313	2313,46773,7841,12753,64334	24.128763,21.80992,21.590784,21.121883,19.206005
triage	811	1	303	304	151645	151645,11,198,25,13	22.494791,13.269051,12.419119,12.005628,11.897211
triage	821	0	265	265	2313	2313,7841,46773,12753,64334	22.978106,21.956104,19.978155,19.719,19.07695
triage	821	1	265	266	151645	151645,198,11,13,25	22.572086,14.045908,13.983156,13.05116,12.519433
triage	822	0	276	276	2313	2313,12753,7841,46773,64334	23.109547,21.399843,21.224058,20.10158,19.580711
triage	822	1	276	277	151645	151645,11,198,13,271	22.394224,13.910312,13.562447,12.392053,12.358892
triage	825	0	249	249	2313	2313,46773,64334,76303,61244	24.282642,20.962688,20.948837,20.23571,18.991999
triage	825	1	249	250	151645	151645,11,13,198,25	22.425146,13.366273,13.075003,12.165955,11.568661
triage	829	0	335	335	2313	2313,46773,7841,61244,56176	24.409325,21.25117,20.138996,19.275076,18.186949
triage	829	1	335	336	151645	151645,198,11,271,25	22.384655,13.246106,13.105745,11.855839,11.688353
triage	830	0	413	413	2313	2313,46773,7841,61244,56176	25.063858,22.020826,19.732588,18.937145,18.838339
triage	830	1	413	414	151645	151645,13,11,25,198	22.50242,13.599342,13.571749,12.820708,12.523058
triage	835	0	372	372	2313	2313,46773,12753,7841,56176	25.254202,21.869513,19.627678,19.426529,18.425135
triage	835	1	372	373	151645	151645,11,198,25,13	22.402014,13.427532,13.122206,12.22942,11.48654
triage	838	0	236	236	2313	2313,46773,61244,7841,56176	24.778137,21.629904,19.42523,18.955284,18.327488
triage	838	1	236	237	151645	151645,198,11,13,271	22.501846,12.98095,12.696393,12.562191,12.049391
triage	844	0	421	421	2313	2313,46773,7841,12753,64334	24.666868,22.054188,21.38604,20.975794,18.675787
triage	844	1	421	422	151645	151645,25,11,198,271	22.698544,12.834568,12.423474,12.071534,11.909736
triage	858	0	281	281	2313	2313,46773,56176,7841,12753	26.270575,22.842567,18.807419,18.682182,18.66663
triage	858	1	281	282	151645	151645,11,198,13,25	22.469837,13.28858,12.25655,12.2232895,11.261876
triage	891	0	398	398	2313	2313,46773,7841,11159,56176	25.690437,22.339424,19.27659,18.497757,18.136457
triage	891	1	398	399	151645	151645,11,198,13,271	22.583767,12.647709,12.522826,11.672421,11.653215
triage	892	0	356	356	2313	2313,46773,7841,12753,56176	25.497429,21.579918,20.469448,19.590565,19.0006
triage	892	1	356	357	151645	151645,11,13,198,25	22.56553,13.76807,13.46604,12.197412,12.067476
triage	893	0	383	383	2313	2313,46773,7841,12753,56176	25.936987,22.373621,19.15165,18.637852,18.360811
triage	893	1	383	384	151645	151645,11,198,13,25	22.331337,13.628052,13.253329,12.85066,12.474717
triage	897	0	342	342	2313	2313,46773,7841,12753,56176	25.34684,22.314938,21.38992,18.839039,18.63489
triage	897	1	342	343	151645	151645,11,198,13,25	22.520006,13.147795,11.495931,11.478162,11.048353
triage	900	0	377	377	2313	2313,7841,46773,12753,64334	23.749897,22.330557,21.638447,21.033918,20.013405
triage	900	1	377	378	151645	151645,11,198,25,271	22.616514,13.568622,12.669247,12.106553,11.962687
triage	901	0	281	281	2313	2313,46773,12753,7841,64334	23.411379,21.438297,20.910585,20.705935,19.518442
triage	901	1	281	282	151645	151645,11,198,271,25	22.579767,12.919346,12.495505,12.412417,11.862178
triage	905	0	346	346	2313	2313,46773,12753,7841,61244	25.22823,21.48804,20.466711,20.331749,19.607424
triage	905	1	346	347	151645	151645,198,11,13,25	22.57757,12.818185,12.088481,12.056292,11.854304
triage	909	0	314	314	2313	2313,46773,61244,7841,56176	25.857391,22.05359,19.516865,19.482117,18.859142
triage	909	1	314	315	151645	151645,13,11,198,25	22.477583,12.809724,12.729928,12.22888,11.592238
triage	910	0	350	350	2313	2313,7841,46773,12753,76303	25.063034,22.055502,21.792128,19.245756,19.221008
triage	910	1	350	351	151645	151645,11,198,13,25	22.296083,13.820988,12.777677,12.465466,11.589453
triage	911	0	326	326	2313	2313,46773,7841,12753,14582	24.838552,22.305668,21.673855,21.004578,18.841803
triage	911	1	326	327	151645	151645,11,198,13,271	22.57755,12.644438,12.602465,12.292505,12.053132
triage	912	0	325	325	2313	2313,46773,7841,12753,61244	24.88109,21.34578,20.348011,19.566393,19.226618
triage	912	1	325	326	151645	151645,11,198,13,151644	22.627626,13.80467,13.1067505,12.113764,11.405836
triage	913	0	357	357	7841	7841,2313,12753,46773,14582	22.913376,22.07435,21.165653,19.953646,19.65846
triage	913	1	357	358	151645	151645,25,13,11,151644	22.754948,13.947296,13.905556,13.297468,11.218272
triage	924	0	389	389	2313	2313,64334,7841,46773,76303	22.984106,21.20558,20.93861,20.400305,20.345428
triage	924	1	389	390	151645	151645,11,13,198,271	22.29249,14.398069,12.68564,12.254659,11.384749
triage	930	0	294	294	2313	2313,46773,7841,12753,64334	24.329243,22.171085,21.273476,20.395523,19.221321
triage	930	1	294	295	151645	151645,11,198,13,271	22.421326,14.379984,12.330828,12.214609,11.873954
triage	952	0	406	406	2313	2313,46773,7841,56176,61244	25.17176,22.528166,17.595127,17.53113,17.272655
triage	952	1	406	407	151645	151645,11,198,13,271	22.59971,12.757434,12.49765,12.122914,11.9756155
triage	956	0	367	367	2313	2313,46773,7841,56176,11159	26.202408,22.37559,20.247744,19.513939,18.666615
triage	956	1	367	368	151645	151645,11,13,198,271	22.317211,14.815648,12.795149,12.242026,11.844896
triage	958	0	260	260	2313	2313,64334,76303,46773,61244	23.497568,22.016167,21.551712,20.216908,19.303934
triage	958	1	260	261	151645	151645,11,13,198,25	22.458641,12.465804,12.161327,11.885441,11.356085
triage	960	0	357	357	2313	2313,46773,7841,56176,14582	25.334282,22.97407,20.683104,18.22851,18.039135
triage	960	1	357	358	151645	151645,11,13,198,25	22.400711,13.225676,12.472007,12.006156,11.798084
triage	961	0	265	265	2313	2313,46773,7841,12753,64334	24.330992,21.713049,21.46493,19.457764,18.750607
triage	961	1	265	266	151645	151645,11,25,198,13	22.284992,14.332239,12.116518,12.020874,11.82111
triage	962	0	222	222	2313	2313,7841,46773,12753,11159	25.115993,22.454836,21.523247,18.778706,18.69629
triage	962	1	222	223	151645	151645,11,198,13,151644	22.318432,13.425772,11.610641,11.551054,10.74851
triage	964	0	326	326	2313	2313,46773,7841,12753,64334	24.045437,21.358128,20.90023,19.516266,18.208632
triage	964	1	326	327	151645	151645,11,271,198,25	22.270931,13.623049,13.456779,13.275898,12.962665
triage	975	0	370	370	2313	2313,12753,46773,7841,13859	22.563766,22.298899,21.260338,20.838879,20.439943
triage	975	1	370	371	151645	151645,11,25,198,13	22.634188,12.890722,12.0318985,11.826898,11.81552
triage	976	0	249	249	2313	2313,46773,7841,56176,12753	25.588955,21.936375,19.761694,18.661139,18.453978
triage	976	1	249	250	151645	151645,11,13,198,25	22.359259,14.955964,14.470884,12.874269,11.58459
triage	978	0	370	370	2313	2313,46773,61244,12753,56176	25.617064,23.136005,19.07413,18.711298,18.324778
triage	978	1	370	371	151645	151645,11,13,198,25	22.508127,13.13516,12.432598,11.95267,11.645494
triage	984	0	344	344	2313	2313,7841,12753,46773,61244	23.616163,21.461319,20.89243,20.624395,19.613913
triage	984	1	344	345	151645	151645,198,13,25,11	22.612324,13.300106,12.44725,11.634221,11.497816
triage	986	0	228	228	2313	2313,46773,12753,7841,56176	25.514917,22.230354,18.238604,17.90871,17.794567
triage	986	1	228	229	151645	151645,13,11,198,25	22.359756,13.421991,12.706998,11.94851,10.9920635
triage	987	0	333	333	2313	2313,46773,7841,12753,56176	24.62343,21.731274,20.990778,19.819855,18.275963
triage	987	1	333	334	151645	151645,11,198,13,25	22.593845,13.949899,13.333491,12.065187,11.983479
triage	990	0	218	218	2313	2313,12753,46773,7841,64334	23.80202,21.08763,20.992065,20.147602,18.257635
triage	990	1	218	219	151645	151645,11,13,198,25	22.342953,15.434465,13.466543,11.946307,11.709311
triage	993	0	173	173	2313	2313,7841,46773,14582,12753	23.829458,23.571053,21.138103,20.324171,18.833525
triage	993	1	173	174	151645	151645,13,11,198,25	22.494162,13.195593,12.846538,11.801468,11.341982
triage	1011	0	280	280	2313	2313,46773,7841,64334,61244	24.333855,21.898262,19.135687,19.034718,18.502493
triage	1011	1	280	281	151645	151645,11,13,25,198	22.328314,13.569552,12.454428,11.579076,11.533178
triage	1016	0	385	385	2313	2313,46773,12753,7841,56176	24.954548,22.611624,18.575733,17.592564,17.412388
triage	1016	1	385	386	151645	151645,13,11,25,198	22.247421,13.082338,13.019978,12.5650625,12.241644
triage	1021	0	240	240	2313	2313,46773,12753,7841,56176	25.86891,22.516129,19.797325,19.511848,19.25582
triage	1021	1	240	241	151645	151645,11,13,25,198	22.263468,14.568341,12.563439,12.215239,11.862041
triage	1030	0	381	381	2313	2313,46773,7841,12753,61244	24.710752,20.675793,20.54436,19.745226,19.289377
triage	1030	1	381	382	151645	151645,198,11,271,25	22.418625,14.182186,13.778862,12.137574,11.663505
triage	1039	0	383	383	2313	2313,46773,61244,8349,56176	26.70519,22.750671,19.688923,18.947855,18.752449
triage	1039	1	383	384	151645	151645,13,198,271,11	22.63417,12.976228,12.079144,11.772635,11.684261
triage	1040	0	357	357	2313	2313,46773,7841,8349,56176	25.295877,22.419031,18.221642,17.627132,17.555948
triage	1040	1	357	358	151645	151645,13,11,198,25	22.615627,12.6405325,12.089384,11.740057,11.109354
triage	1047	0	381	381	2313	2313,46773,61244,12753,7841	25.211256,22.214949,20.425537,19.056366,18.6052
triage	1047	1	381	382	151645	151645,198,11,151644,271	22.811604,12.77081,12.365142,11.460226,11.444396
triage	1051	0	240	240	2313	2313,7841,46773,61244,12753	24.244244,21.900677,21.842129,18.58974,18.478464
triage	1051	1	240	241	151645	151645,11,13,198,25	22.137974,15.198723,12.185104,11.647924,10.8048115
summary	2	0	226	226	2008	2008,25958,785,50,1282	19.90597,17.613865,16.34177,15.691414,15.432183
summary	2	1	226	227	46836	46836,960,351,19586,538	21.64737,19.416239,18.432556,16.434074,15.592006
summary	2	2	226	228	7600	7600,17792,1465,10995,323	18.311478,18.227917,16.51791,15.791807,15.332244
summary	2	3	226	229	27454	27454,3501,7445,1459,323	25.729582,18.500711,18.338846,16.401102,16.393667
summary	2	4	226	230	389	389,369,323,311,304	24.29945,22.57383,21.980581,21.76192,20.842518
summary	2	5	226	231	5975	5975,15592,17792,1465,3312	20.169939,17.197712,16.159824,15.202869,14.746115
summary	2	6	226	232	311	311,323,11,369,476	21.253899,20.730145,20.20087,19.22771,18.104837
summary	2	7	226	233	2138	2138,8651,42123,3754,7283	20.375387,19.904415,19.657343,18.47357,18.326164
summary	2	8	226	234	369	369,45415,24737,8651,49445	17.963383,17.886353,17.13517,17.081255,15.861258
summary	2	9	226	235	8651	8651,49445,24737,2664,45415	18.466503,17.781168,17.350418,16.804472,16.793049
summary	2	10	226	236	15592	15592,45415,1584,39298,11	19.978619,17.845676,17.40175,16.645351,16.09721
summary	2	11	226	237	1584	1584,5302,323,14849,2266	22.606642,20.997498,18.948307,16.370821,16.28691
summary	2	12	226	238	11589	11589,14849,323,13,6240	16.84396,16.818687,15.8279085,15.364438,15.203771
summary	2	13	226	239	13	13,304,323,369,151645	19.162853,18.803873,17.475147,17.353579,17.203062
summary	2	14	226	240	151645	151645,1096,320,4710,22406	22.521847,14.507004,11.149719,11.0498085,10.899309
summary	10	0	262	262	16794	16794,49,785,6076,1986	19.900452,16.906733,16.782654,15.465036,15.360985
summary	10	1	262	263	5916	5916,304,448,429,8482	23.328785,20.434122,20.299004,19.329218,18.921484
summary	10	2	262	264	448	448,264,476,323,304	26.145294,18.649687,18.58528,18.441011,17.714117
summary	10	3	262	265	458	458,1633,1565,264,5175	19.982122,18.873875,18.287432,17.917183,17.755608
summary	10	4	262	266	1633	1633,1565,5175,671,13979	22.136515,17.095762,16.303047,15.757471,15.673064
summary	10	5	262	267	23141	23141,34100,476,35785,75275	27.366703,17.533972,17.42528,17.23132,16.766384
summary	10	6	262	268	525	525,304,323,476,646	23.116405,22.209864,21.468729,20.68841,19.678959
summary	10	7	262	269	8177	8177,537,8789,1660,9434	21.84684,18.630594,17.53225,17.215693,16.819187
summary	10	8	262	270	553	553,304,11,979,4152	24.622751,21.266928,20.180777,20.144745,19.19317
summary	10	9	262	271	10688	10688,1565,13979,279,73192	18.512144,17.92224,15.954279,15.863575,15.415777
summary	10	10	262	272	2190	2190,4574,7134,33640,5236	27.004839,18.425896,18.308779,18.007986,17.696215
summary	10	11	262	273	11	11,13,979,369,1393	20.721344,19.328583,18.035952,17.983332,17.681725
summary	10	12	262	274	1393	1393,892,14381,39903,714	19.338148,18.025991,17.186014,17.120684,17.092781
summary	10	13	262	275	63499	63499,70778,5128,2038,1555	19.726215,18.964909,18.43998,16.78158,16.267986
summary	10	14	262	276	1633	1633,6171,594,8471,75275	20.419151,18.353209,17.63556,16.792797,16.618927
summary	10	15	262	277	75275	75275,23141,49643,2852,7332	27.930685,23.275951,17.479816,17.467573,17.216972
summary	10	16	262	278	1191	1191,525,1083,646,39903	22.204613,21.13439,21.048706,20.793852,19.338272
summary	10	17	262	279	448	448,264,5175,323,21303	25.971645,18.079933,17.749996,17.441404,16.98342
summary	10	18	262	280	264	264,5175,671,1565,50257	25.774338,21.74284,20.942228,19.630268,19.064075
summary	10	19	262	281	5175	5175,1565,671,2038,2155	26.364424,17.793186,17.480682,16.700245,16.396029
summary	10	20	262	282	13	13,11,323,429,525	19.722076,18.042582,17.45846,15.960522,15.751377
summary	10	21	262	283	151645	151645,1096,576,4220,4354	21.013866,16.022507,14.093668,13.2129965,11.464657
summary	25	0	256	256	20470	20470,32,1249,20444,785	20.011818,18.606045,17.197323,16.904583,16.579369
summary	25	1	256	257	264	264,287,323,75129,32169	21.264631,19.270603,18.503231,16.726381,16.13925
summary	25	2	256	258	32169	32169,75129,4982,501,4922	19.531576,17.943909,15.914899,15.7852,15.415527
summary	25	3	256	259	75129	75129,3561,4982,4922,5944	20.270863,19.229347,16.331535,15.9700365,14.428928
summary	25	4	256	260	3561	3561,47443,4982,36566,369	25.053686,19.235489,18.660606,16.951317,16.77257
summary	25	5	256	261	369	369,3561,448,311,14452	24.340736,18.008083,17.938263,17.727179,17.60461
summary	25	6	256	262	8153	8153,63499,70778,79918,4982	19.684607,17.048038,16.557215,16.21906,16.1142
summary	25	7	256	263	11	11,311,13,429,448	20.075256,19.524937,19.22151,19.113258,18.76152
summary	25	8	256	264	2670	2670,10693,448,892,51813	21.711824,21.144848,20.487877,20.348528,20.221764
summary	25	9	256	265	11221	11221,5175,7600,5746,72355	20.546593,19.29494,19.120045,18.816795,18.347765
summary	25	10	256	266	11	11,323,5175,8500,369	25.807358,21.19873,18.532698,18.525055,17.507427
summary	25	11	256	267	5175	5175,729,5746,943,50257	21.180616,21.031204,20.8528,20.251701,19.812014
summary	25	12	256	268	4686	4686,1995,14043,44817,12731	22.60938,19.725538,19.353321,19.070658,19.059189
summary	25	13	256	269	33749	33749,77430,25858,12,10604	25.3933,23.197037,20.953033,20.045061,19.825138
summary	25	14	256	270	323	323,11,2415,12731,14043	21.616995,21.098648,18.683811,18.51235,18.087175
summary	25	15	256	271	943	943,5175,4494,2415,311	26.245476,21.07823,20.34589,19.618963,18.864454
summary	25	16	256	272	1995	1995,44817,14043,12731,3546	23.235725,20.835634,20.709904,19.726847,18.425941
summary	25	17	256	273	11	11,14043,13,12731,44817	24.412941,22.606712,21.51369,20.30098,20.21579
summary	25	18	256	274	323	323,2266,1099,18146,24748	23.00328,19.364641,19.064878,18.914936,18.788612
summary	25	19	256	275	7390	7390,27703,10101,24748,2266	22.050768,21.376257,21.138214,18.455612,18.413969
summary	25	20	256	276	1995	1995,3546,821,3565,2606	23.74919,19.535254,19.093836,18.692577,17.398787
summary	25	21	256	277	13	13,369,11,311,151645	21.558205,18.937258,17.77948,17.531786,16.36473
summary	25	22	256	278	151645	151645,1096,576,4710,2014	22.56778,13.718368,11.483627,11.308694,11.0108385
summary	39	0	224	224	7916	7916,2212,785,28933,34058	20.70404,17.610643,17.450659,17.437418,16.915855
summary	39	1	224	225	369	369,16319,60753,287,7842	19.36288,18.000221,17.899725,17.867912,17.67166
summary	39	2	224	226	60753	60753,10350,7842,5675,31788	19.216429,17.740288,17.636286,17.628504,17.353722
summary	39	3	224	227	311	311,5043,2070,2750,6171	21.222042,21.05561,19.725107,18.037655,17.697603
summary	39	4	224	228	5043	5043,2070,1633,14405,6171	20.892124,20.601217,19.999603,19.044682,18.988262
summary	39	5	224	229	323	323,315,304,389,476	22.479557,22.3944,21.5013,21.254509,18.957376
summary	39	6	224	230	45225	45225,14405,31788,5424,5043	21.086271,19.39327,19.360209,19.145664,18.663282
summary	39	7	224	231	304	304,374,702,1265,1667	22.536188,21.009636,19.88203,18.673273,17.942678
summary	39	8	224	232	33789	33789,6171,23071,1633,62845	20.764637,18.186615,16.909979,16.564068,15.270455
summary	39	9	224	233	6171	6171,374,702,594,7525	20.087858,19.09398,17.308212,16.762989,16.140818
summary	39	10	224	234	323	323,374,702,1265,13	21.078148,19.939365,17.867865,16.84341,16.474564
summary	39	11	224	235	45225	45225,18386,4494,34254,1565	24.636757,18.880865,18.27826,16.893696,16.818733
summary	39	12	224	236	374	374,702,13,1265,686	20.7892,18.321762,18.193737,17.933096,16.37944
summary	39	13	224	237	11223	11223,4362,2567,5023,1660	20.321398,19.598186,18.683678,18.3643,18.301714
summary	39	14	224	238	13	13,11,369,311,304	21.097263,19.661577,18.982536,18.005892,16.409563
summary	39	15	224	239	151645	151645,1096,576,68471,362	21.45944,14.482046,12.8234415,11.778248,11.7753525
summary	58	0	160	160	63959	63959,785,4498,8121,15339	18.115437,17.96689,17.734835,16.285866,15.947966
summary	58	1	160	161	1265	1265,4869,42086,5975,44748	23.762842,21.086472,20.925468,18.288557,18.067162
summary	58	2	160	162	4869	4869,470,2677,3705,537	24.675955,20.393433,19.590944,19.282179,18.849405
summary	58	3	160	163	448	448,2477,389,979,304	26.26508,22.697632,21.442965,19.168243,18.716179
summary	58	4	160	164	264	264,2477,4869,7168,220	24.032825,23.144167,18.775858,18.37582,18.123898
summary	58	5	160	165	2477	2477,72232,7168,2697,220	25.38416,18.595224,18.29791,17.968542,16.996616
summary	58	6	160	166	36929	36929,12,11171,60341,7168	31.56971,23.059504,20.639637,20.521893,20.325518
summary	58	7	160	167	4869	4869,2038,2477,1465,2639	23.963171,20.375065,18.401548,16.702673,16.680616
summary	58	8	160	168	2038	2038,979,421,369,13912	27.568373,19.87865,18.761269,17.703072,17.529285
summary	58	9	160	169	979	979,369,421,389,304	24.830753,23.426317,22.389133,22.081749,21.23941
summary	58	10	160	170	91272	91272,4641,21394,54220,5975	23.300755,18.511763,18.507784,18.35043,17.783403
summary	58	11	160	171	19192	19192,4641,28672,5975,27850	23.11603,20.427853,19.067411,18.691114,18.504107
summary	58	12	160	172	476	476,14,90905,5975,323	27.210949,21.780476,20.89839,20.451607,20.335587
summary	58	13	160	173	11320	11320,7901,3883,4641,1465	27.565622,20.240742,19.614815,19.215595,19.163176
summary	58	14	160	174	5975	5975,27850,1465,7901,4714	28.459599,22.284344,20.541824,18.478815,18.066792
summary	58	15	160	175	13	13,151645,11,369,311	21.016262,19.592009,16.56186,15.096088,14.816499
summary	58	16	160	176	151645	151645,1096,320,5209,7036	20.853443,13.196337,12.38541,11.451872,11.329021
summary	150	0	140	140	9860	9860,7916,1986,785,49	17.950174,17.893265,17.492609,16.555283,16.021729
summary	150	1	140	141	2750	2750,897,279,1565,21955	20.454275,19.735003,19.182076,17.795212,17.716343
summary	150	2	140	142	1119	1119,311,504,304,323	24.958828,22.245258,21.33139,19.532047,18.864513
summary	150	3	140	143	59900	59900,21955,33789,476,323	22.935024,16.657162,15.326048,14.725243,14.243536
summary	150	4	140	144	304	304,448,11,311,369	18.643242,18.500288,18.370157,17.767681,17.741863
summary	150	5	140	145	33789	33789,23071,264,1565,419	18.994545,15.462274,15.319386,14.565762,14.1419325
summary	150	6	140	146	11	11,448,1265,13,151645	17.973413,16.651855,16.479359,16.321802,16.063084
summary	150	7	140	147	43394	43394,10693,448,1431,1667	22.341448,20.936455,20.8073,18.891891,18.88776
summary	150	8	140	148	448	448,4566,1526,1667,553	24.271225,21.979239,20.442179,20.416363,20.22397
summary	150	9	140	149	1565	1565,279,3271,74090,264	23.704014,20.781105,19.606813,18.016325,17.643053
summary	150	10	140	150	3397	3397,810,3271,34081,35788	25.388575,17.96494,16.972437,16.753616,15.993067
summary	150	11	140	151	63	63,28587,7808,22739,44622	22.615835,20.757786,16.452742,15.645113,14.70179
summary	150	12	140	152	22739	22739,16174,2999,49742,151645	20.883684,15.407476,14.7532835,14.661581,14.512856
summary	150	13	140	153	13	13,151645,369,11,311	21.088377,19.440725,16.770327,16.277485,15.493014
summary	150	14	140	154	151645	151645,1096,320,1565,16073	21.204996,12.616065,11.738118,10.906875,10.873376
summary	166	0	152	152	18605	18605,16429,785,1900,10253	17.19879,17.072863,16.47963,15.737381,15.683499
summary	166	1	152	153	1667	1667,9250,1565,279,990	19.75334,19.737835,18.343382,17.414974,17.097858
summary	166	2	152	154	9250	9250,1565,2477,19860,68342	21.444904,18.37196,15.833785,15.823002,15.4997
summary	166	3	152	155	6171	6171,15057,33789,1565,1633	19.686226,17.582153,17.331257,16.875982,15.523935
summary	166	4	152	156	8482	8482,448,429,22703,304	24.038832,23.383465,20.904076,19.968052,18.732428
summary	166	5	152	157	15057	15057,1565,33789,19860,5785	21.536373,17.651703,16.92899,15.548996,14.996773
summary	166	6	152	158	448	448,979,304,1393,2041	20.47551,20.022118,19.945076,19.521357,19.318012
summary	166	7	152	159	1565	1565,3312,72911,19860,33789	16.563652,16.539658,16.475061,16.312897,15.801788
summary	166	8	152	160	6108	6108,1834,35788,13353,8610	19.41949,19.137014,17.749615,17.72189,17.163086
summary	166	9	152	161	477	477,267,97933,295,823	29.104555,20.5846,20.53475,18.782665,18.243391
summary	166	10	152	162	865	865,1510,10685,12649,473	25.327225,15.965895,15.41402,14.842281,14.834109
summary	166	11	152	163	486	486,63,7808,28587,34076	20.799524,19.695972,17.717936,17.376963,16.802877
summary	166	12	152	164	8610	8610,25913,63,3767,2121	22.703375,16.742224,16.562412,16.50936,15.127874
summary	166	13	152	165	63	63,28587,7808,486,77582	20.666325,19.145222,17.863317,16.041391,13.52997
summary	166	14	152	166	979	979,323,304,2041,429	17.385883,16.754068,16.335918,15.496874,15.414014
summary	166	15	152	167	537	537,3312,1565,1667,2477	21.846853,18.014912,17.883886,17.38038,16.222597
summary	166	16	152	168	1667	1667,3312,304,1483,16380	22.238888,19.402775,17.657108,17.399195,16.711546
summary	166	17	152	169	3312	3312,1565,39007,36823,2535	22.594156,20.688911,18.807571,16.129436,16.088385
summary	166	18	152	170	13	13,11,151645,304,323	19.090168,16.239826,15.389783,14.749569,13.896261
summary	166	19	152	171	151645	151645,1096,1752,320,1084	22.455898,14.88893,11.455351,11.244881,11.212084
summary	224	0	89	89	1900	1900,785,43,7916,1986	18.127806,16.974924,16.62983,16.466934,15.781167
summary	224	1	89	90	369	369,311,287,25,11367	20.75616,20.30731,19.60131,16.903357,16.215616
summary	224	2	89	91	1824	1824,444,5107,23922,12944	16.647049,15.864501,15.028422,14.969807,14.827114
summary	224	3	89	92	311	311,369,304,389,315	23.033102,22.350622,21.569801,19.13032,18.55687
summary	224	4	89	93	9026	9026,7283,28141,31072,912	21.238607,20.503183,19.385332,17.959026,17.720549
summary	224	5	89	94	11293	11293,444,3210,2038,1565	17.868061,17.463125,16.672333,15.300625,15.016327
summary	224	6	89	95	304	304,4566,504,1667,448	20.976227,20.530153,19.729446,19.388926,19.016321
summary	224	7	89	96	444	444,279,326,264,2038	17.376951,16.329445,14.205409,14.186012,13.59359
summary	224	8	89	97	4592	4592,2154,396,3540,7984	23.791954,16.665537,15.633853,15.525131,15.423922
summary	224	9	89	98	1667	1667,11,369,4566,448	19.012365,17.722532,17.24415,17.215847,16.743282
summary	224	10	89	99	63499	63499,444,1565,2038,279	17.777431,15.37524,14.201943,13.82229,13.700874
summary	224	11	89	100	54797	54797,39277,2852,30011,48419	22.100388,18.052649,17.724386,16.953318,16.753288
summary	224	12	89	101	13	13,369,151645,11,594	17.745949,17.380566,16.579285,16.313324,15.689729
summary	224	13	89	102	151645	151645,1096,16503,2980,44089	21.09662,14.463599,12.970902,12.156168,11.932949
summary	244	0	70	70	13253	13253,49,2212,57468,32	18.171246,17.07479,16.261213,16.17025,16.106943
summary	244	1	70	71	8460	8460,38380,30671,12,627	25.234024,18.11752,17.240957,17.022923,16.485453
summary	244	2	70	72	1650	1650,10175,962,12127,1587	25.849712,22.185936,19.408672,19.284414,18.954552
summary	244	3	70	73	369	369,4565,1035,1410,374	19.803087,17.482662,17.236095,17.12316,16.713606
summary	244	4	70	74	70778	70778,63499,79918,431,279	18.115406,14.510651,14.40494,12.724274,12.54228
summary	244	5	70	75	1035	1035,374,11,1410,311	17.319912,17.26053,16.856375,16.841385,16.70387
summary	244	6	70	76	18875	18875,387,18379,7269,11941	22.603464,22.336346,20.824987,19.78076,19.750425
summary	244	7	70	77	18379	18379,7269,7789,39721,1492	22.19463,21.827017,20.334269,19.965431,19.357706
summary	244	8	70	78	1467	1467,2038,279,2530,1181	17.259964,16.919617,16.458488,16.122269,15.764825
summary	244	9	70	79	36566	36566,15664,1946,6440,8692	21.272602,20.451653,19.060312,17.750782,17.534283
summary	244	10	70	80	16928	16928,13,323,14944,3139	21.058048,18.566013,18.21929,18.08756,17.911266
summary	244	11	70	81	13	13,11,369,304,151645	21.53,17.459875,16.784283,16.5458,16.482021
summary	244	12	70	82	151645	151645,151644,1096,4710,320	24.093904,11.951427,11.128474,11.047932,10.953688
summary	262	0	140	140	64334	64334,785,2212,32,7524	19.47277,17.245363,16.1858,16.064621,16.0608
summary	262	1	140	141	369	369,1265,389,315,323	21.38498,20.335958,20.270555,19.22322,19.089928
summary	262	2	140	142	1638	1638,279,5297,14890,330	22.066963,17.110985,17.084318,16.032064,15.517621
summary	262	3	140	143	13454	13454,4688,4128,323,13027	20.942467,18.854486,16.665752,15.528406,15.345636
summary	262	4	140	144	304	304,2878,323,11,1075	22.899937,21.937956,21.401222,20.479925,19.65724
summary	262	5	140	145	279	279,15459,4128,15473,2311	18.628607,18.150055,18.115582,17.691051,17.39709
summary	262	6	140	146	2311	2311,4128,15473,9705,5189	20.099964,19.703426,15.715102,15.645439,14.957705
summary	262	7	140	147	11	11,1265,374,13,1410	19.241924,18.261154,18.107737,17.527012,17.324219
summary	262	8	140	148	2670	2670,448,7945,5310,21080	22.61772,21.400623,20.925676,20.846264,20.593342
summary	262	9	140	149	862	862,330,5043,10295,5297	17.368114,17.263603,17.155716,17.094763,17.026253
summary	262	10	140	150	10431	10431,14944,990,5036,92080	22.412537,20.424421,20.171253,19.178669,18.91181
summary	262	11	140	151	323	323,2878,304,11,10295	24.291185,23.112764,23.110855,22.543434,21.13151
summary	262	12	140	152	10295	10295,14944,5068,4650,18048	19.64131,19.339737,19.244211,18.843616,18.526402
summary	262	13	140	153	13	13,11,2878,304,151645	20.667149,19.767962,17.735197,17.310291,16.846212
summary	262	14	140	154	151645	151645,1096,576,7036,4710	21.682665,12.965785,12.639864,12.560345,11.703272
summary	279	0	168	168	64334	64334,5152,785,929,32	19.303968,19.154522,18.682673,17.986944,16.349155
summary	279	1	168	169	369	369,7402,374,13580,315	20.621693,18.499779,18.017138,17.891546,17.852123
summary	279	2	168	170	1565	1565,943,729,501,5712	20.717766,17.891157,16.87196,16.486889,15.784559
summary	279	3	168	171	5152	5152,12154,6108,6727,1688	22.087349,21.47148,18.483637,17.99283,17.775717
summary	279	4	168	172	9673	9673,63,486,7808,12154	20.473925,19.465698,14.856984,14.752248,14.076887
summary	279	5	168	173	63	63,7808,486,39829,27	21.783407,17.935402,15.851963,15.215284,13.786103
summary	279	6	168	174	323	323,374,4494,537,943	20.259075,19.65779,18.448172,18.316414,17.781479
summary	279	7	168	175	1565	1565,1181,13954,15534,1008	21.61113,17.48462,17.458939,17.158173,16.719292
summary	279	8	168	176	12154	12154,5152,12996,37134,9626	23.385822,20.582136,16.614616,15.976391,15.632349
summary	279	9	168	177	5152	5152,63,3523,25207,929	26.721395,17.089832,15.775213,15.184917,15.151551
summary	279	10	168	178	63	63,9673,7808,486,39829	22.051222,19.637094,15.009948,13.475761,13.312022
summary	279	11	168	179	374	374,4494,537,943,525	20.270166,19.49299,18.86745,18.714132,17.52893
summary	279	12	168	180	7402	7402,32143,537,31061,34987	23.28052,19.821054,19.336256,18.556667,18.094637
summary	279	13	168	181	4152	4152,11,943,1576,369	21.346312,20.84959,19.503908,18.321774,17.935244
summary	279	14	168	182	311	311,943,13580,3582,4494	28.127695,21.96705,15.635618,15.161528,15.055176
summary	279	15	168	183	943	943,1565,15534,19496,264	22.433311,17.64917,17.369991,17.216627,15.584612
summary	279	16	168	184	15534	15534,40386,14956,12,35947	25.806852,21.013603,17.648392,16.978233,16.892647
summary	279	17	168	185	287	287,11,4714,13,21340	23.745537,19.079247,18.4897,17.076511,16.313839
summary	279	18	168	186	11	11,13,304,4714,26	22.651695,21.173157,18.765205,18.46753,17.94849
summary	279	19	168	187	22703	22703,3259,323,4441,892	21.143784,20.478785,19.178501,19.088995,18.927923
summary	279	20	168	188	264	264,501,9705,2664,92890	19.391409,19.067371,18.25835,18.196077,18.132082
summary	279	21	168	189	501	501,2664,803,943,584	19.34377,18.88373,17.615915,17.397709,17.361128
summary	279	22	168	190	1313	1313,943,11,1565,8129	20.189133,18.936377,17.429844,17.07925,16.694866
summary	279	23	168	191	41195	41195,13261,476,369,8129	19.76567,18.565977,18.511858,17.805462,16.94639
summary	279	24	168	192	476	476,729,264,8129,279	21.20768,19.773464,19.425205,19.326227,18.900171
summary	279	25	168	193	92890	92890,2664,584,264,3259	21.029339,20.395903,20.122679,18.951027,18.223566
summary	279	26	168	194	1565	1565,279,13,315,729	21.518955,20.153858,18.43681,18.39767,18.329782
summary	279	27	168	195	5152	5152,12154,1688,9626,2830	26.308651,18.135977,18.016893,16.458487,16.427464
summary	279	28	168	196	9673	9673,63,28587,1427,929	24.554691,17.650236,15.831856,14.784286,13.508176
summary	279	29	168	197	63	63,28587,7808,62338,6	22.856287,22.402115,14.895897,14.330469,13.665832
summary	279	30	168	198	311	311,151645,369,438,304	18.397593,17.254536,17.130753,16.27793,16.065964
summary	279	31	168	199	264	264,7269,2664,2494,1565	20.08382,19.529327,18.584536,18.519115,18.480545
summary	279	32	168	200	2664	2664,803,584,48379,829	23.327347,20.193865,18.47798,18.43735,17.331148
summary	279	33	168	201	829	829,15534,12816,584,11	20.763083,18.004915,17.02895,16.738926,16.226206
summary	279	34	168	202	13	13,369,311,151645,11	20.947626,18.541992,18.223763,16.86832,16.013481
summary	279	35	168	203	151645	151645,1096,11733,576,2009	20.55909,14.778534,12.868092,12.584149,12.278698
summary	290	0	258	258	1249	1249,2610,12012,21453,73594	19.901503,17.181702,17.006,16.493452,16.455032
summary	290	1	258	259	5508	5508,633,8649,6851,17179	24.539848,22.88306,22.702656,21.585665,20.96861
summary	290	2	258	260	279	279,264,458,323,1565	22.31026,18.282906,17.702774,17.13595,15.971861
summary	290	3	258	261	470	470,1565,1465,5927,33789	18.561941,17.419012,16.208418,15.760197,15.25085
summary	290	4	258	262	897	897,943,1633,1565,2750	27.075974,19.12695,17.91159,17.561947,17.290825
summary	290	5	258	263	315	315,1119,504,311,1565	24.079515,23.651474,22.37239,19.687729,18.984035
summary	290	6	258	264	264	264,279,1565,458,33789	18.862661,17.400118,16.61197,16.59646,15.331925
summary	290	7	258	265	33789	33789,1565,81242,25442,729	16.577007,16.376642,14.814796,14.00728,13.847465
summary	290	8	258	266	729	729,1565,1465,33789,1618	18.090137,15.9521885,14.37837,13.376433,13.199476
summary	290	9	258	267	1119	1119,429,1565,1075,448	22.14282,21.043144,18.437374,18.347788,18.281416
summary	290	10	258	268	264	264,458,1565,279,1181	24.38289,20.22145,18.260221,18.09081,16.745874
summary	290	11	258	269	1565	1565,7225,10277,35255,914	18.867146,17.281143,16.838106,16.313818,15.538223
summary	290	12	258	270	703	703,16468,34,66,917	20.541311,20.350773,19.251545,17.082773,15.543052
summary	290	13	258	271	37579	37579,14825,63,80352,7020	19.033127,14.06003,14.057728,13.4504175,13.450259
summary	290	14	258	272	63	63,914,7808,1565,35255	23.976124,16.109303,15.665169,14.710864,14.321112
summary	290	15	258	273	914	914,1633,23126,13042,1465	19.959894,19.291441,18.191826,17.909447,17.210913
summary	290	16	258	274	11	11,13042,323,3561,304	21.048615,18.44029,18.288105,18.021204,17.52305
summary	290	17	258	275	498	498,5978,990,1156,8649	21.032587,18.616474,18.101461,17.900003,17.686705
summary	290	18	258	276	1184	1184,646,1265,1969,1156	24.46146,23.350477,22.554935,20.693083,20.410439
summary	290	19	258	277	311	311,264,279,1156,458	26.462502,18.10036,17.28001,16.93845,16.56732
summary	290	20	258	278	79813	79813,8649,1156,10277,3705	20.287891,19.23581,19.002346,18.93048,18.333143
summary	290	21	258	279	279	279,323,458,264,432	22.128063,21.53458,18.314592,17.750538,17.524282
summary	290	22	258	280	1565	1565,1465,1102,15025,19472	19.348543,17.518976,16.43357,16.42151,16.385918
summary	290	23	258	281	8610	8610,7747,1130,615,34	20.526571,18.983963,18.926249,17.716492,17.627869
summary	290	24	258	282	63	63,3025,20373,54258,3964	21.856228,20.52201,19.038263,16.885277,16.05309
summary	290	25	258	283	943	943,897,1633,5927,1102	18.671387,18.462051,17.53782,17.05856,16.53787
summary	290	26	258	284	323	323,5927,4766,429,13	20.088243,19.719181,19.059938,19.0425,18.557686
summary	290	27	258	285	1221	1221,8649,5508,1618,990	21.033405,19.995861,19.505314,19.42382,19.343317
summary	290	28	258	286	1618	1618,990,8649,5508,6311	19.575737,19.402288,19.30628,19.14919,18.602953
summary	290	29	258	287	279	279,1565,74090,1181,264	21.065102,20.433128,19.520424,19.10944,17.01786
summary	290	30	258	288	1565	1565,8311,74090,1714,12159	20.042027,17.933805,17.787674,16.99667,16.823574
summary	290	31	258	289	5493	5493,983,18122,6575,703	17.795864,17.669222,17.379349,16.94704,16.794878
summary	290	32	258	290	63	63,54258,0,3904,2895	19.657001,17.289778,14.690585,13.086025,12.556665
summary	290	33	258	291	1714	1714,729,476,4462,3343	23.183277,19.232828,17.307209,16.462067,16.357595
summary	290	34	258	292	389	389,13,315,311,11	22.495174,20.782059,20.13387,19.650738,18.748903
summary	290	35	258	293	432	432,279,1181,429,1565	23.59251,23.051172,19.73569,19.647896,19.067623
summary	290	36	258	294	13	13,311,11,382,4518	22.648937,20.718288,20.171953,17.319075,17.1919
summary	290	37	258	295	151645	151645,1096,5692,5005,576	20.409407,15.267973,15.224939,14.375779,13.996456
summary	302	0	267	267	7916	7916,11084,785,33714,10253	18.887444,17.620892,16.436012,16.23456,15.569607
summary	302	1	267	268	22314	22314,287,18072,369,37714	22.166803,17.694475,17.392221,16.95202,16.396317
summary	302	2	267	269	63499	63499,914,79918,2530,315	21.965496,19.3275,17.509989,17.069748,17.017727
summary	302	3	267	270	2038	2038,13912,5980,2530,25261	23.389204,19.952072,19.288818,18.271435,17.573156
summary	302	4	267	271	304	304,504,369,4766,323	23.67179,23.598015,20.809118,20.771029,20.576723
summary	302	5	267	272	37714	37714,18072,914,9069,2530	22.437334,20.169804,19.281363,17.399084,15.9204645
summary	302	6	267	273	311	311,369,553,11,323	19.250282,17.16251,17.12532,17.067204,16.886742
summary	302	7	267	274	12440	12440,5978,5785,4396,6923	21.946714,20.511072,20.035591,19.475933,19.410337
summary	302	8	267	275	5785	5785,8300,3705,10542,8830	24.034393,20.10222,18.59965,18.315754,18.264313
summary	302	9	267	276	8173	8173,2530,279,323,501	20.231264,18.369963,17.816198,17.58449,17.535545
summary	302	10	267	277	369	369,151645,323,13,304	18.651798,17.148026,17.139109,17.118778,16.39843
summary	302	11	267	278	49418	49418,17183,11211,3950,22465	20.950016,19.768368,18.237822,17.535269,17.468678
summary	302	12	267	279	323	323,13,151645,11,304	21.499706,19.372852,18.962982,16.304771,14.495821
summary	302	13	267	280	3950	3950,11211,78153,17183,14849	19.116814,18.139996,17.537407,17.350145,17.191235
summary	302	14	267	281	14461	14461,2022,77488,15057,14849	20.416548,19.300804,18.51335,18.492989,18.446648
summary	302	15	267	282	13	13,151645,304,18142,11	19.666025,19.353624,15.011016,14.113456,13.689283
summary	302	16	267	283	151645	151645,1096,2014,151644,1084	22.694733,14.413212,11.688875,11.110031,10.877615
summary	348	0	186	186	693	693,2132,785,63,19237	19.424826,17.197365,17.062828,16.505167,16.34561
summary	348	1	186	187	24673	24673,12,970,92775,810	22.64442,19.82035,19.795029,19.748112,19.704498
summary	348	2	186	188	279	279,264,4108,1852,1565	21.516418,19.214314,18.469296,18.0292,17.767256
summary	348	3	186	189	1852	1852,1565,4108,647,17792	22.940697,17.248562,17.201365,17.138016,16.823524
summary	348	4	186	190	4108	4108,17792,647,348,20721	22.441994,18.483986,17.559435,16.877039,16.51213
summary	348	5	186	191	5662	5662,12645,4573,83215,17792	26.162508,20.499666,16.780346,16.662535,15.832299
summary	348	6	186	192	304	304,369,3941,311,5611	23.68572,21.500597,20.449133,19.16756,18.873219
summary	348	7	186	193	1565	1565,647,17792,264,5248	20.922749,20.501469,16.548376,15.393325,15.391802
summary	348	8	186	194	88124	88124,53,7338,51737,33026	25.477188,20.011852,17.68399,16.970371,16.911896
summary	348	9	186	195	20294	20294,10216,30928,52721,17174	26.973892,16.81808,16.352976,15.388067,15.336706
summary	348	10	186	196	63	63,28587,7808,311,369	22.743595,19.295197,18.434336,15.955908,15.189697
summary	348	11	186	197	311	311,369,553,1393,6147	22.05265,21.267632,18.467243,17.824575,17.721794
summary	348	12	186	198	7269	7269,29436,8290,39721,5648	21.775675,20.455803,20.114851,19.731594,19.69851
summary	348	13	186	199	4938	4938,11320,5068,15024,8084	22.297947,18.167223,17.561255,17.239649,17.174135
summary	348	14	186	200	68087	68087,10431,6789,323,2615	28.342611,18.950537,18.822937,18.34304,18.241629
summary	348	15	186	201	323	323,13,304,369,151645	20.563593,19.945465,19.21688,17.804668,16.873686
summary	348	16	186	202	15024	15024,39721,7949,24177,18379	19.356514,18.77123,18.191784,17.892769,17.686905
summary	348	17	186	203	13	13,304,369,151645,3941	20.749308,19.743168,17.492771,17.072895,16.223574
summary	348	18	186	204	151645	151645,1096,4710,151644,2303	23.43944,13.200063,11.586958,11.497693,10.829644
summary	378	0	90	90	785	785,63,32,49,7134	18.988106,18.037985,17.948872,17.832302,17.028893
summary	378	1	90	91	33789	33789,2311,23071,1565,330	21.10253,18.870863,18.317053,18.25898,17.22769
summary	378	2	90	92	43065	43065,729,2311,2038,5746	20.28432,18.752337,18.573885,18.16913,17.506361
summary	378	3	90	93	304	304,369,1483,1565,374	21.789894,21.771362,20.116676,17.963882,17.79766
summary	378	4	90	94	279	279,264,2311,330,1565	20.496456,18.811293,18.076807,17.055323,15.464187
summary	378	5	90	95	2311	2311,330,5746,729,1565	22.471813,21.594479,19.965372,18.98521,18.436071
summary	378	6	90	96	594	594,330,369,5746,748	24.581114,20.64626,20.615698,19.911922,19.547285
summary	378	7	90	97	330	330,5746,729,1565,2150	25.059467,23.3436,20.816936,20.751125,19.442184
summary	378	8	90	98	21409	21409,25207,22342,1688,2190	26.850414,21.710846,20.94449,18.789845,17.635408
summary	378	9	90	99	1	1,2150,3115,34294,40787	29.334461,18.650549,18.146711,17.240112,16.924631
summary	378	10	90	100	2150	2150,3772,9705,12453,6816	26.150906,21.862238,20.973068,19.544271,19.3854
summary	378	11	90	101	374	374,594,702,369,11	23.618923,20.407736,20.219633,19.972229,19.915525
summary	378	12	90	102	10865	10865,7402,40526,15114,14381	22.627575,21.109768,19.523062,18.669905,18.580513
summary	378	13	90	103	11	11,4152,323,448,13	25.990047,23.42198,22.822512,22.32498,21.850801
summary	378	14	90	104	448	448,7402,323,11689,9027	22.766958,21.505465,20.71606,20.33306,20.305298
summary	378	15	90	105	279	279,1565,264,458,6770	21.537588,21.492048,20.855341,20.398844,19.533262
summary	378	16	90	106	1565	1565,6770,330,2924,3110	20.715115,19.549791,18.942682,18.414341,18.277266
summary	378	17	90	107	22342	22342,997,15944,22944,35788	26.667353,19.77644,18.698517,18.146048,18.111958
summary	378	18	90	108	2891	2891,75738,2691,2212,8581	25.803644,16.285194,14.536333,14.525914,13.904753
summary	378	19	90	109	63	63,7808,54258,3110,28587	28.004942,17.565065,17.426361,16.670689,14.541156
summary	378	20	90	110	3110	3110,729,1714,2038,5666	25.02543,22.369738,19.80134,17.7921,17.5866
summary	378	21	90	111	7402	7402,537,9027,31061,902	23.125734,22.809074,21.121456,20.946686,19.461817
summary	378	22	90	112	279	279,264,11,323,1181	21.82541,20.6079,19.868153,18.979181,18.151627
summary	378	23	90	113	33789	33789,23071,1565,2924,5230	19.145805,18.736343,18.628372,17.297665,17.090322
summary	378	24	90	114	43065	43065,2038,19482,18906,729	20.16711,17.607634,16.582642,15.881124,15.862703
summary	378	25	90	115	33859	33859,11,13,323,4152	22.49703,21.183277,20.752254,19.257513,18.243164
summary	378	26	90	116	13	13,11,4518,323,304	22.7124,22.070053,20.148712,19.605309,18.655994
summary	378	27	90	117	151645	151645,576,1096,4710,1084	21.403168,14.915289,14.438721,12.918118,12.659936
summary	400	0	271	271	785	785,1986,73594,6713,2610	17.997341,16.987852,16.406504,16.301144,16.292633
summary	400	1	271	272	2036	2036,33789,23071,4265,1196	18.137354,17.819717,16.658335,16.18144,16.104586
summary	400	2	271	273	4157	4157,1565,498,374,2070	17.639126,17.426004,16.481869,16.079117,15.107948
summary	400	3	271	274	387	387,9245,19192,6644,1936	25.932257,20.609983,19.201656,19.122635,18.84669
summary	400	4	271	275	20346	20346,19697,5798,3465,12440	22.942467,19.511044,19.217648,19.205341,18.78258
summary	400	5	271	276	4152	4152,1576,448,438,304	23.683994,23.47606,23.318611,21.905771,20.288486
summary	400	6	271	277	311	311,7402,279,458,6853	30.948563,19.866007,16.52638,16.324266,16.19581
summary	400	7	271	278	7402	7402,264,458,15592,279	22.688637,21.692673,20.436346,19.460709,18.31901
summary	400	8	271	279	15592	15592,1565,2567,6941,2070	23.260891,18.069992,17.802502,17.240385,16.654999
summary	400	9	271	280	1995	1995,11160,3546,5043,323	25.014935,18.317045,17.787085,16.345678,15.767174
summary	400	10	271	281	13	13,369,11,304,448	19.532574,18.99853,16.883461,16.484749,15.272783
summary	400	11	271	282	151645	151645,576,2014,1096,5209	21.868773,13.9229355,13.298189,13.283387,13.050248
summary	424	0	295	295	8373	8373,785,32,65077,63	18.73094,18.437565,17.832146,17.78937,16.320946
summary	424	1	295	296	62019	62019,8109,28431,30317,1887	21.971455,18.180035,17.688292,15.10406,14.720087
summary	424	2	295	297	389	389,525,369,5435,4641	23.519575,22.5082,20.027924,18.998524,18.953041
summary	424	3	295	298	279	279,1887,1565,264,11552	22.10156,18.39003,18.0645,16.506508,16.430603
summary	424	4	295	299	1887	1887,1565,8109,11552,1482	23.133316,18.911413,16.738247,15.560386,15.0406275
summary	424	5	295	300	8870	8870,323,23091,476,33789	23.171122,14.639893,13.924202,13.761111,13.4574995
summary	424	6	295	301	525	525,3690,4641,614,315	22.548162,19.087563,18.775902,18.62368,18.239902
summary	424	7	295	302	21394	21394,5023,2058,24084,1431	24.414711,18.748167,18.064291,17.53018,16.978874
summary	424	8	295	303	4152	4152,11,448,1576,389	22.227905,20.568422,19.81106,19.387884,19.28545
summary	424	9	295	304	311	311,264,458,4344,4714	27.784674,16.502508,15.563622,15.316665,14.086182
summary	424	10	295	305	264	264,458,4344,11523,279	19.834875,18.22937,17.292027,16.657925,16.322647
summary	424	11	295	306	3881	3881,9876,3213,30549,501	15.632616,15.594627,15.258759,14.788295,14.10311
summary	424	12	295	307	4265	4265,9876,30549,220,3491	17.134161,15.466812,13.385755,13.060847,12.757891
summary	424	13	295	308	11523	11523,304,448,389,13	20.291796,19.067598,18.743393,18.099781,18.038425
summary	424	14	295	309	553	553,304,2337,389,448	24.91161,23.177418,19.683104,19.532425,18.49403
summary	424	15	295	310	264	264,220,1565,279,3151	19.13075,17.965572,16.632095,16.216167,16.18792
summary	424	16	295	311	3151	3151,3213,3953,5266,220	19.422424,15.011746,14.62291,14.599811,13.881047
summary	424	17	295	312	5266	5266,8870,8575,10900,2297	19.11137,15.589598,14.251282,14.0554495,14.012876
summary	424	18	295	313	13	13,389,11,5175,320	21.276592,18.323114,18.271957,16.94302,16.703104
summary	424	19	295	314	151645	151645,576,1096,4710,1565	22.569166,13.245573,12.450147,12.087346,12.077115
summary	434	0	230	230	12187	12187,2610,1249,10268,3872	18.84791,16.73423,16.587273,16.39067,16.384943
summary	434	1	230	231	287	287,2526,264,1565,1045	21.794096,21.465757,19.13594,16.829195,15.66497
summary	434	2	230	232	2526	2526,264,1565,279,1584	19.85408,18.835989,16.242584,16.235863,15.594772
summary	434	3	230	233	1584	1584,5302,1565,15592,821	20.430824,16.340332,15.186157,14.725544,14.711725
summary	434	4	230	234	311	311,504,438,369,320	21.404411,20.632404,20.012144,19.929272,19.498075
summary	434	5	230	235	9867	9867,264,16703,7870,37662	19.359741,17.600525,15.58549,15.400232,14.76715
summary	434	6	230	236	5746	5746,37662,729,5413,431	20.428438,16.425816,14.912794,13.697884,13.665518
summary	434	7	230	237	369	369,304,311,646,374	19.161522,17.941944,17.813278,17.271015,15.850219
summary	434	8	230	238	2664	2664,1584,11050,12944,2266	15.611267,15.435195,15.332352,14.415412,14.40168
summary	434	9	230	239	5068	5068,15024,4938,25262,5101	20.338875,17.774418,15.747984,15.394668,15.176929
summary	434	10	230	240	323	323,304,13,151645,476	20.16093,18.290085,17.80991,16.985647,16.569433
summary	434	11	230	241	24177	24177,1463,312,10091,25978	19.828796,17.775146,17.67169,17.092258,17.003613
summary	434	12	230	242	13	13,304,151645,11,448	20.637503,19.635983,17.893354,15.634769,15.397768
summary	434	13	230	243	151645	151645,1096,151644,1752,4710	23.974035,13.094492,11.954931,11.805318,11.288769
summary	444	0	181	181	49	49,6713,82345,7849,785	17.578722,17.45794,17.122713,16.73229,16.345095
summary	444	1	181	182	2886	2886,590,63499,424,5276	21.555788,19.772072,16.674803,15.588771,15.266972
summary	444	2	181	183	374	374,646,11,594,369	16.761852,16.58197,16.45775,16.170721,16.163809
summary	444	3	181	184	264	264,458,6509,537,5023	18.926516,17.063887,16.078812,15.868562,15.764546
summary	444	4	181	185	33789	33789,25993,5392,4650,3204	16.80896,15.5649805,14.731478,14.466612,13.9862385
summary	444	5	181	186	6733	6733,17717,9006,5980,8894	16.076683,15.905511,15.671709,15.075119,14.794976
summary	444	6	181	187	429	429,369,11,448,323	21.461195,20.821678,19.550976,19.233326,19.091661
summary	444	7	181	188	646	646,6147,11554,1410,21538	18.431982,17.429085,17.256956,16.334435,15.825684
summary	444	8	181	189	387	387,13581,1598,16282,975	22.062435,18.728968,17.666422,17.475721,17.20949
summary	444	9	181	190	1483	1483,18250,22864,9519,19697	20.868683,16.825352,16.7432,15.873732,15.811939
summary	444	10	181	191	389	389,448,304,369,438	23.706697,21.68935,21.447859,21.410568,19.64558
summary	444	11	181	192	902	902,2477,2176,2308,2987	18.912523,17.486439,17.336498,16.387503,14.823166
summary	444	12	181	193	15656	15656,75738,1834,1460,1331	21.587975,15.885881,15.440512,15.071092,14.109828
summary	444	13	181	194	476	476,323,11,6324,14	22.79116,22.540167,20.03459,18.511604,18.301395
summary	444	14	181	195	37776	37776,98263,467,448,304	24.011139,16.69366,15.333135,14.529633,13.964956
summary	444	15	181	196	44	44,21634,41887,9773,43	30.156437,23.37059,17.079527,16.14679,15.996151
summary	444	16	181	197	11	11,714,323,13,2041	23.173512,21.128242,20.702023,20.580173,19.12132
summary	444	17	181	198	714	714,323,448,10693,13581	23.713594,22.9069,19.91037,19.563992,18.960117
summary	444	18	181	199	432	432,1181,537,279,1667	18.763506,18.388302,18.089832,16.450993,15.9518795
summary	444	19	181	200	1231	1231,594,2578,3171,374	22.936682,22.776314,22.71372,21.952154,21.32625
summary	444	20	181	201	537	537,387,1373,614,1184	24.2449,21.017132,20.966629,20.658968,20.55422
summary	444	21	181	202	5285	5285,387,4717,1824,614	22.244864,21.679857,20.698776,20.635855,20.21222
summary	444	22	181	203	448	448,1632,438,13942,60340	24.164112,21.713816,19.010496,18.547958,18.007254
summary	444	23	181	204	2477	2477,6649,3654,33789,279	16.904716,16.847668,16.294147,15.689882,15.448936
summary	444	24	181	205	12	12,48689,56112,36929,13672	27.92599,20.389551,20.31735,18.330908,18.138353
summary	444	25	181	206	12807	12807,15309,10101,19133,12902	28.844149,19.493902,19.426922,18.584776,17.945671
summary	444	26	181	207	6649	6649,17717,9006,33789,4419	16.919613,16.154688,15.96434,15.75138,15.7402525
summary	444	27	181	208	369	369,13,421,1075,504	20.754055,20.273705,20.212658,18.815464,18.588665
summary	444	28	181	209	33789	33789,1667,1560,12617,17717	16.701855,15.483456,15.318788,15.248487,14.692746
summary	444	29	181	210	13	13,594,11,17215,421	19.62437,17.439024,16.809898,16.275276,15.934367
summary	444	30	181	211	151645	151645,1084,2980,362,2619	16.000036,14.140854,13.63448,13.58694,13.043465
summary	456	0	241	241	19781	19781,785,19552,60175,49	17.769024,17.67368,16.900896,16.750822,16.26907
summary	456	1	241	242	37714	37714,79918,1565,18072,33789	22.342823,16.678736,16.347391,16.270115,16.040436
summary	456	2	241	243	1265	1265,304,3887,525,1969	25.420185,22.052094,21.047436,20.38705,20.137125
summary	456	3	241	244	3887	3887,387,47283,990,537	24.56284,23.112759,20.589582,20.531975,20.478598
summary	456	4	241	245	304	304,4766,2878,4889,25156	26.713242,19.922718,19.080479,18.172075,17.839558
summary	456	5	241	246	279	279,1565,33789,264,63499	23.832249,21.251974,15.341929,15.118862,14.67494
summary	456	6	241	247	1565	1565,63499,70778,435,79918	23.643555,17.895138,17.34217,15.896877,15.052124
summary	456	7	241	248	81	81,35788,1834,11335,66715	28.859182,21.486027,18.476753,16.98725,16.985435
summary	456	8	241	249	2886	2886,28865,3850,2145,3885	25.289474,15.947978,15.627583,14.601244,14.459061
summary	456	9	241	250	63	63,61079,12,17717,15848	24.61115,18.046265,17.443903,17.035608,16.96243
summary	456	10	241	251	17717	17717,81720,61711,4688,68390	30.135765,20.491293,20.477045,18.65689,17.2679
summary	456	11	241	252	323	323,11,311,13,4518	23.29119,21.036139,20.6387,20.183245,19.728605
summary	456	12	241	253	537	537,1265,387,5648,4157	23.247744,20.01737,19.392225,18.019632,17.86682
summary	456	13	241	254	1565	1565,304,387,279,990	22.02441,19.725964,18.90781,17.794855,17.271086
summary	456	14	241	255	81	81,35788,6108,1834,2147	29.111496,20.77509,16.480772,16.254131,16.223022
summary	456	15	241	256	2886	2886,3850,28865,8531,2145	26.383392,17.492662,15.41398,15.28933,15.147273
summary	456	16	241	257	61079	61079,46718,15848,12,43565	28.787413,21.323921,20.806135,19.608923,19.216917
summary	456	17	241	258	28587	28587,7808,63,77582,62338	23.123924,22.696491,22.66151,17.234667,14.87465
summary	456	18	241	259	151645	151645,1096,576,2379,362	19.39344,14.831895,14.7087965,13.2890835,12.400473
summary	486	0	173	173	49	49,24973,1336,4021,7220	18.236036,17.477152,16.951859,16.885105,16.781797
summary	486	1	173	174	2886	2886,590,276,74621,355	20.921892,19.924921,15.282514,14.786911,14.722813
summary	486	2	173	175	63621	63621,19502,13710,67422,646	18.804907,17.464472,17.446009,17.01492,16.003445
summary	486	3	173	176	25	25,1558,1824,5023,6147	18.177185,17.265535,17.205647,17.06389,17.01723
summary	486	4	173	177	2585	2585,31306,33789,32291,7143	17.099371,16.631477,16.596111,16.478233,15.982793
summary	486	5	173	178	311	311,33789,2014,646,4686	23.576504,17.918142,17.2783,15.727965,15.434948
summary	486	6	173	179	1618	1618,7143,31072,1333,16282	20.224937,19.77125,15.898134,15.865774,15.018913
summary	486	7	173	180	33789	33789,23071,20186,504,9867	21.816402,14.554138,14.078529,13.7814455,13.570399
summary	486	8	173	181	20186	20186,504,13454,5746,2038	21.412815,20.707146,18.361938,17.826387,16.890102
summary	486	9	173	182	504	504,12440,21000,5961,2041	18.341228,17.148829,15.786298,15.59808,15.538309
summary	486	10	173	183	70778	70778,279,2878,17215,33789	17.028519,15.766791,15.585756,14.851621,14.732927
summary	486	11	173	184	151645	151645,2041,11,30,13	15.119784,14.645564,13.803375,13.504692,13.254269
summary	530	0	171	171	8078	8078,22171,1249,10253,64439	17.649475,17.334824,16.845337,16.067598,15.321788
summary	530	1	171	172	42430	42430,48089,1565,37714,14257	21.557024,17.333042,16.329914,15.816625,15.640523
summary	530	2	171	173	37714	37714,18072,98447,80716,5746	23.751656,17.06075,16.57134,16.56256,16.204704
summary	530	3	171	174	975	975,4889,2500,803,304	23.111845,18.73381,16.911325,16.624619,16.552559
summary	530	4	171	175	4889	4889,304,2041,2176,448	23.838734,19.809635,18.47795,18.339222,18.294914
summary	530	5	171	176	315	315,1565,63499,79918,279	20.483938,18.913582,17.705229,16.257061,15.623579
summary	530	6	171	177	1565	1565,63499,79918,70778,279	20.074007,19.202652,16.503387,16.226736,14.989298
summary	530	7	171	178	81	81,35788,6108,15782,27098	22.848436,20.526146,17.7393,17.422682,16.741768
summary	530	8	171	179	2886	2886,8531,28865,3850,726	24.935474,16.71516,15.290588,15.166036,13.762037
summary	530	9	171	180	63	63,28587,7808,44622,77582	22.081995,20.555038,19.582743,14.269369,14.210434
summary	530	10	171	181	553	553,323,1667,1741,476	21.401157,20.83941,20.207273,19.56346,19.162838
summary	530	11	171	182	1667	1667,2987,34888,76482,5961	21.338408,20.921686,18.702692,18.669006,18.505348
summary	530	12	171	183	2987	2987,1565,264,13674,81720	19.251225,17.927078,16.777695,16.65536,16.06413
summary	530	13	171	184	1565	1565,3703,13674,279,17717	18.502565,16.870224,16.158787,16.06988,15.366716
summary	530	14	171	185	15782	15782,2428,61711,24508,1254	22.452171,20.613352,17.166115,16.66965,16.57142
summary	530	15	171	186	1448	1448,58810,3795,717,85904	24.036024,21.368498,16.897987,16.494501,16.364166
summary	530	16	171	187	49507	49507,580,12780,84,23557	28.633236,22.664484,16.84984,15.743029,15.61878
summary	530	17	171	188	1786	1786,12,63,3795,18	24.170698,18.495113,18.286938,17.268492,16.502205
summary	530	18	171	189	7698	7698,66485,60696,3342,43026	28.960802,18.386412,18.141699,16.165577,15.249092
summary	530	19	171	190	63	63,14,7808,33149,486	23.306955,18.507927,17.64434,16.620327,16.450027
summary	530	20	171	191	476	476,5961,320,369,6	24.329462,22.552626,19.11653,18.318567,17.736183
summary	530	21	171	192	264	264,803,279,1565,458	20.183132,17.712395,16.235413,16.079823,15.99618
summary	530	22	171	193	803	803,2526,6351,16965,2155	22.951733,18.607836,18.330168,16.804539,16.581263
summary	530	23	171	194	6351	6351,10847,16965,6398,11682	22.504242,19.809774,19.80473,18.811888,18.570961
summary	530	24	171	195	5486	5486,6291,1714,8129,1565	20.155413,16.308823,15.90197,15.792755,15.190312
summary	530	25	171	196	13	13,1075,438,3897,7481	18.659779,18.113419,17.247652,16.239347,16.0633
summary	530	26	171	197	151645	151645,1096,2014,5209,5692	22.002518,13.339977,13.083734,12.612947,12.230053
summary	538	0	135	135	2132	2132,785,10268,32308,2212	18.25671,17.646458,17.318727,17.283539,17.199728
summary	538	1	135	136	594	594,374,4977,7952,572	27.120295,26.509327,23.570482,22.625835,21.91955
summary	538	2	135	137	537	537,3204,24416,11997,17003	23.258556,22.207981,20.5093,19.495855,18.019852
summary	538	3	135	138	3204	3204,42203,3602,2797,5420	24.759413,19.061789,18.896357,18.88047,18.515589
summary	538	4	135	139	311	311,304,369,2878,11	27.060108,22.449535,22.229414,19.740894,19.695215
summary	538	5	135	140	614	614,1855,6979,990,11075	21.101969,19.361998,19.254854,19.073978,18.987995
summary	538	6	135	141	279	279,2526,264,2176,1378	20.86295,19.872614,19.799198,18.695965,17.835976
summary	538	7	135	142	1852	1852,4734,943,1565,330	24.031584,19.391129,17.99822,17.539637,16.00929
summary	538	8	135	143	943	943,2526,729,1565,4494	20.778557,17.290136,17.08464,16.78851,16.413408
summary	538	9	135	144	304	304,2176,369,4512,320	23.620802,22.665752,19.092712,19.00057,18.213722
summary	538	10	135	145	279	279,264,2176,458,1565	20.874638,20.59806,19.720633,19.312483,17.721567
summary	538	11	135	146	3704	3704,1852,1565,4688,1909	23.217468,18.326702,18.26496,16.495806,15.949933
summary	538	12	135	147	323	323,4688,438,476,4473	21.34836,19.646109,18.92568,17.89559,17.12502
summary	538	13	135	148	264	264,52773,4688,458,894	22.465818,21.204346,19.472286,19.276783,17.87061
summary	538	14	135	149	4688	4688,6941,2526,1186,24034	22.019089,18.134195,17.60236,17.304094,16.58853
summary	538	15	135	150	304	304,11,4152,2041,1393	20.735548,19.409039,19.174007,18.812222,18.800138
summary	538	16	135	151	62176	62176,279,52562,264,1565	15.74197,13.939319,13.814153,13.012181,12.876475
summary	538	17	135	152	13	13,11,594,1667,4152	18.451065,17.72203,17.253092,16.6381,16.039986
summary	538	18	135	153	151645	151645,1096,30370,2014,576	18.499767,15.864703,14.681532,13.862244,13.7989235
summary	566	0	289	289	641	641,49,88124,1,785	16.681787,16.514738,16.457006,16.041113,15.817218
summary	566	1	289	290	220	220,419,33789,279,1042	18.596466,18.063246,16.657791,16.618063,15.801322
summary	566	2	289	291	17	17,16,20,18,15	30.089964,18.746635,18.273676,16.986853,16.680628
summary	566	3	289	292	15	15,1635,4666,16,18	29.458273,16.709396,15.626875,15.275897,14.8575
summary	566	4	289	293	17	17,16,15,18,1635	31.371498,23.396358,21.29972,18.518877,17.793606
summary	566	5	289	294	18	18,15,16,17,20	26.8215,26.163477,21.379232,21.265306,19.718771
summary	566	6	289	295	11	11,594,25,279,63499	22.419207,15.26911,15.125756,14.959721,14.895902
summary	566	7	289	296	70778	70778,279,647,63499,264	16.822664,16.479158,16.281279,15.258159,14.691078
summary	566	8	289	297	11	11,2578,374,1231,320	18.640598,18.459211,17.68488,17.191881,16.587221
summary	566	9	289	298	264	264,279,438,892,8818	18.19823,17.524748,16.557314,16.416916,16.292013
summary	566	10	289	299	67422	67422,4128,501,33789,4565	16.373238,15.910404,14.861844,14.810509,14.071063
summary	566	11	289	300	4128	4128,6733,4712,12626,4573	23.345701,17.676277,17.497334,16.217848,15.328286
summary	566	12	289	301	11	11,448,429,10555,369	18.69851,18.104252,17.778145,16.819853,16.729801
summary	566	13	289	302	2578	2578,1231,374,702,6081	21.377392,21.180708,20.489645,19.623642,19.064325
summary	566	14	289	303	537	537,387,975,14651,3010	24.345333,22.15966,20.096449,19.846264,19.550554
summary	566	15	289	304	387	387,1824,975,3410,3010	24.651724,20.484943,19.81554,19.449123,19.06374
summary	566	16	289	305	14452	14452,264,2500,30428,7248	21.10028,18.845182,18.468702,18.103384,18.032467
summary	566	17	289	306	369	369,4152,421,438,11	24.595009,22.669811,21.334574,20.17365,20.069424
summary	566	18	289	307	11589	11589,19502,6481,25283,12613	17.727415,15.44594,15.393808,15.131386,15.131017
summary	566	19	289	308	501	501,678,4357,656,3644	18.380722,17.841276,17.726849,17.592827,17.029003
summary	566	20	289	309	4357	4357,1538,17792,11,821	22.90045,19.387547,16.889816,16.3224,15.680433
summary	566	21	289	310	304	304,4152,2041,438,323	21.748299,21.537199,20.20912,19.862778,19.279211
summary	566	22	289	311	264	264,279,647,678,22864	17.385288,16.840816,16.712896,15.910278,15.571311
summary	566	23	289	312	803	803,3644,6351,1616,5316	16.876942,16.671844,16.10636,15.647581,14.677991
summary	566	24	289	313	6351	6351,16965,11050,30339,3644	20.418007,19.703907,18.757803,18.334156,17.022827
summary	566	25	289	314	5316	5316,1616,11566,11,3644	19.413118,18.10051,17.516844,17.501629,16.553703
summary	566	26	289	315	4152	4152,13,2041,448,11	21.38613,20.806639,19.803469,19.531002,19.47593
summary	566	27	289	316	311	311,1181,279,15503,4344	27.36663,17.075441,15.119855,13.815974,13.266192
summary	566	28	289	317	1181	1181,279,77866,656,9575	18.927513,18.410042,18.10489,16.113464,15.592334
summary	566	29	289	318	77866	77866,656,897,9575,16287	17.099188,17.014683,16.295876,15.680617,15.65131
summary	566	30	289	319	7709	7709,16953,4265,315,6993	21.055042,20.24507,19.09475,18.608002,17.88003
summary	566	31	289	320	13	13,11,323,304,369	22.497828,21.080944,18.765032,18.640087,17.369923
summary	566	32	289	321	151645	151645,1096,576,4354,4710	22.011108,13.856306,13.762743,13.455467,12.78545
summary	583	0	253	253	7916	7916,63,27098,785,10253	18.68699,17.81296,16.937044,16.841831,16.753942
summary	583	1	253	254	48089	48089,1565,14257,287,369	20.024738,19.286182,18.123247,17.208754,17.140396
summary	583	2	253	255	1565	1565,5746,5413,894,31785	18.769915,17.666445,17.567396,17.324003,17.10858
summary	583	3	253	256	8610	8610,27098,3767,13353,8373	22.951714,19.830563,18.57052,17.588371,16.652624
summary	583	4	253	257	63	63,7808,3125,929,486	23.772402,16.659996,15.213683,15.059749,14.295918
summary	583	5	253	258	369	369,4494,31785,943,24055	21.162575,21.086964,20.049809,19.962833,19.802805
summary	583	6	253	259	24055	24055,14257,17567,990,4586	18.181665,18.098076,18.035492,17.821117,17.699118
summary	583	7	253	260	323	323,304,448,476,1075	22.617971,20.59954,20.45075,20.210463,19.827429
summary	583	8	253	261	5746	5746,5413,24931,14944,729	19.941565,17.682983,17.389181,17.10151,16.874374
summary	583	9	253	262	304	304,448,1667,11,429	18.909828,18.206045,17.44935,17.117048,16.49178
summary	583	10	253	263	4586	4586,1565,33789,264,697	19.041977,17.209244,16.39748,16.296711,16.017351
summary	583	11	253	264	13	13,448,1667,151645,11	18.18377,18.138905,17.984133,17.953955,17.501165
summary	583	12	253	265	151645	151645,1096,5209,576,320	22.424795,13.358128,11.813267,11.545319,11.491684
summary	629	0	63	63	4289	4289,44427,9454,1249,2610	18.179094,17.312227,17.034737,16.368505,16.083193
summary	629	1	63	64	476	476,323,264,14,5746	21.914095,20.162941,20.009907,19.394897,19.25855
summary	629	2	63	65	5602	5602,2297,11596,8290,4499	26.767405,19.112953,18.620949,18.56217,18.220797
summary	629	3	63	66	264	264,5746,729,6350,17792	21.136967,19.214008,19.061623,18.42801,18.001719
summary	629	4	63	67	729	729,17792,4108,10995,20721	20.463644,18.926313,18.170553,17.874416,16.852207
summary	629	5	63	68	304	304,2878,504,1667,4512	23.821434,21.387476,19.690273,19.645908,18.89851
summary	629	6	63	69	264	264,279,458,20721,64912	19.119776,18.642971,16.352245,15.616114,15.3560295
summary	629	7	63	70	4108	4108,17792,20721,64912,647	18.628029,18.383762,17.728401,16.516953,15.986076
summary	629	8	63	71	5662	5662,729,2022,12960,4938	24.709194,18.130375,17.897385,17.814058,16.805107
summary	629	9	63	72	320	320,13,1667,594,4573	19.164251,18.093477,17.354034,17.11733,15.852875
summary	629	10	63	73	11187	11187,7338,88124,53,85	24.789581,21.913486,17.999132,17.752283,17.201641
summary	629	11	63	74	568	568,8,701,41295,40318	24.934343,24.84754,18.007984,17.348816,16.010284
summary	629	12	63	75	151645	151645,5209,1096,2160,2980	22.637934,13.00778,12.896828,11.793174,11.363014
summary	645	0	239	239	785	785,32,7623,9408,1986	16.742737,16.733044,15.759436,15.063544,14.836155
summary	645	1	239	240	1936	1936,63499,5535,70778,2114	15.744947,15.7346325,15.0967045,14.926384,14.651091
summary	645	2	239	241	315	315,4641,7901,389,572	20.069551,19.011435,18.10941,17.893076,17.59261
summary	645	3	239	242	279	279,5379,264,1565,4879	18.777847,16.859224,15.878065,15.124613,15.0694065
summary	645	4	239	243	5535	5535,1565,4879,220,5379	20.896954,16.36707,15.930049,15.867536,14.761011
summary	645	5	239	244	4879	4879,63499,5379,70778,17381	19.224377,16.77451,16.635609,15.788327,15.727616
summary	645	6	239	245	315	315,304,4641,389,369	17.587687,16.016739,16.01241,15.660586,15.405036
summary	645	7	239	246	5379	5379,70778,279,1565,63499	17.7446,16.332972,16.115269,15.684115,14.131513
summary	645	8	239	247	21632	21632,20923,7695,33,16695	25.044718,15.52187,14.327453,14.179363,14.122982
summary	645	9	239	248	18215	18215,7382,594,5320,5379	18.882174,17.166824,16.633913,16.48108,15.973494
summary	645	10	239	249	21632	21632,8226,1664,7712,11948	29.651962,17.11147,16.290953,14.898553,14.822799
summary	645	11	239	250	23460	23460,3795,5320,1786,12	23.772009,16.535189,16.479593,16.25059,16.061384
summary	645	12	239	251	4641	4641,374,23057,572,14525	18.59582,18.49714,17.57159,16.611662,16.497988
summary	645	13	239	252	4152	4152,1576,448,11,311	24.288786,21.680996,21.12476,20.643917,19.728128
summary	645	14	239	253	311	311,458,264,279,80161	30.017193,16.824505,16.404661,15.720506,14.706116
summary	645	15	239	254	80161	80161,458,264,279,1159	24.010454,23.007666,22.899637,18.533398,17.436234
summary	645	16	239	255	15202	15202,1159,17717,19543,1565	20.40004,20.275738,16.582424,16.394978,16.063179
summary	645	17	239	256	13	13,304,11,369,323	19.454004,19.205334,18.798647,15.995673,15.843575
summary	645	18	239	257	151645	151645,576,1096,5209,362	21.95755,13.255667,13.163387,12.508827,12.2707405
summary	659	0	242	242	19237	19237,1877,1986,9190,785	16.855717,16.49372,16.05637,15.985073,15.808844
summary	659	1	242	243	25	25,315,304,510,1447	23.164986,21.023674,18.045202,17.997515,17.25318
summary	659	2	242	244	41444	41444,576,9549,43517,49858	17.279894,16.983795,16.721169,15.725913,15.518622
summary	659	3	242	245	311	311,2615,476,4686,17179	29.755873,19.39327,16.957668,15.926627,15.780222
summary	659	4	242	246	2615	2615,17179,633,1349,7807	24.087614,20.586025,19.61801,18.96804,18.802086
summary	659	5	242	247	264	264,2070,2036,279,458	20.140236,18.862865,18.452946,18.127867,17.139736
summary	659	6	242	248	2070	2070,2036,3151,5189,32930	20.230223,19.796436,17.300055,15.939824,15.74712
summary	659	7	242	249	389	389,504,304,4512,315	21.63791,21.350899,20.508728,19.06973,19.028883
summary	659	8	242	250	458	458,264,279,9250,2036	22.11715,20.172922,19.317078,18.614254,18.38132
summary	659	9	242	251	9250	9250,2036,15637,1565,68342	21.651882,16.395521,16.304226,15.4400425,15.367433
summary	659	10	242	252	2036	2036,16139,33789,1565,5944	21.47599,16.77739,16.134886,16.13276,14.552399
summary	659	11	242	253	304	304,504,1667,4566,4152	20.440155,20.251186,19.55048,19.125566,18.152617
summary	659	12	242	254	79918	79918,264,70778,63499,33789	18.005236,17.42523,16.704836,15.680498,15.516281
summary	659	13	242	255	1228	1228,24227,740,66,5082	26.68343,17.964367,17.187471,17.177273,15.233449
summary	659	14	242	256	4152	4152,1667,13,2038,11	18.864819,18.438318,17.948668,17.784027,17.6985
summary	659	15	242	257	311	311,7402,6853,38313,279	29.069214,16.908072,16.895908,16.084877,15.069365
summary	659	16	242	258	7402	7402,2036,6853,2070,264	17.897549,16.667728,16.560667,16.421041,16.158762
summary	659	17	242	259	2070	2070,2036,2530,1565,476	15.997145,15.563148,15.444695,15.006832,14.817239
summary	659	18	242	260	7271	7271,18004,8129,304,13	18.715462,17.889118,17.812508,17.073616,16.795778
summary	659	19	242	261	13	13,304,476,151645,11	19.461994,18.015358,17.188902,15.445445,15.373455
summary	659	20	242	262	151645	151645,576,1096,4710,5209	20.388687,12.373341,11.972462,11.8135805,11.705194
summary	681	0	238	238	785	785,32,1986,63,56324	19.26633,17.351463,17.059435,16.79437,16.32722
summary	681	1	238	239	1565	1565,470,45415,14141,4265	16.993767,14.4994755,14.475673,14.402142,13.899534
summary	681	2	238	240	376	376,54318,15067,66368,94941	21.003855,17.4427,16.738068,16.594313,16.451885
summary	681	3	238	241	4527	4527,4435,2434,55005,9584	27.958952,17.859615,17.759296,17.189667,16.441296
summary	681	4	238	242	486	486,63,93370,25,77033	24.22996,19.227907,17.45969,16.707407,16.21267
summary	681	5	238	243	66368	66368,56324,42305,93370,54974	27.176714,19.539494,17.684223,17.683632,17.45269
summary	681	6	238	244	63	63,486,367,7808,389	24.261244,18.190018,15.236232,15.144683,13.718258
summary	681	7	238	245	389	389,4565,729,4265,14944	19.075932,18.702877,17.323788,16.267044,16.10785
summary	681	8	238	246	1565	1565,279,458,37301,74090	23.390951,17.34683,15.944773,15.784103,15.592268
summary	681	9	238	247	453	453,7125,839,3067,8432	24.087034,16.840239,15.723261,15.628662,15.537863
summary	681	10	238	248	12511	12511,75738,21458,689,80023	25.76483,16.332794,14.8680935,14.226599,14.190231
summary	681	11	238	249	23472	23472,4042,15412,11569,18264	26.251547,16.630919,16.556393,15.885271,15.825465
summary	681	12	238	250	63	63,7808,28587,39829,54258	27.9737,20.0826,15.8055,15.78634,15.047896
summary	681	13	238	251	374	374,304,389,702,4265	21.507881,20.932117,19.33356,18.829191,18.314804
summary	681	14	238	252	10865	10865,14381,5023,14719,264	21.87575,19.579437,19.389668,18.477621,18.078608
summary	681	15	238	253	11	11,323,979,4152,304	23.89416,23.421665,22.604939,22.50788,21.572285
summary	681	16	238	254	323	323,14381,22703,448,3259	20.72416,20.268621,19.755087,18.935173,18.930086
summary	681	17	238	255	432	432,279,264,1052,3847	18.416698,17.294132,16.733896,16.454659,16.446829
summary	681	18	238	256	594	594,1265,646,3880,4977	21.440067,19.713573,19.523067,19.458214,18.763706
summary	681	19	238	257	537	537,14381,2588,3204,8881	19.165174,18.27217,16.725033,16.704704,16.681904
summary	681	20	238	258	2797	2797,4135,10507,3204,11102	17.914824,16.437809,16.134537,15.587302,15.567482
summary	681	21	238	259	3170	3170,1246,421,1128,3425	25.202528,23.812244,23.475475,22.457914,21.751972
summary	681	22	238	260	432	432,13,11,419,705	18.240248,17.590408,17.312084,16.842182,16.334091
summary	681	23	238	261	36137	36137,594,3171,11137,2588	21.296501,20.019638,19.03784,18.865744,18.819677
summary	681	24	238	262	979	979,2041,448,421,13	21.224813,20.752361,19.734016,19.619265,19.349314
summary	681	25	238	263	279	279,13451,1052,1565,432	22.864262,19.828266,19.477028,19.293306,19.094402
summary	681	26	238	264	470	470,1565,3601,5927,729	23.660969,19.07163,18.387196,18.143858,17.21465
summary	681	27	238	265	897	897,3171,2750,374,1633	26.370731,19.040611,18.533188,18.454294,17.790709
summary	681	28	238	266	3171	3171,1558,374,702,36756	25.668625,22.56328,22.310663,22.278517,21.711458
summary	681	29	238	267	944	944,1405,6,79115,17323	33.062378,26.750687,18.818657,18.084229,17.809038
summary	681	30	238	268	614	614,2924,6644,13837,2432	24.664392,22.35218,22.00953,18.370892,18.28504
summary	681	31	238	269	1565	1565,279,264,53305,24572	23.804375,19.98745,17.592808,16.987375,16.548622
summary	681	32	238	270	20689	20689,7939,24572,17014,12423	23.818825,17.245543,15.419444,15.410471,15.314299
summary	681	33	238	271	486	486,25,63,0,11139	28.693142,16.847486,16.680864,16.520668,15.797253
summary	681	34	238	272	5150	5150,11139,8349,7939,3474	26.252346,16.894817,16.495417,16.081049,16.071955
summary	681	35	238	273	12283	12283,3904,16468,703,31777	23.250887,13.775503,13.571396,12.983635,12.880909
summary	681	36	238	274	28587	28587,7808,63,18639,62338	24.206781,21.320501,21.17365,15.877729,15.845154
summary	681	37	238	275	151645	151645,1084,1096,576,362	17.799597,14.254996,13.729021,13.719613,13.203907
summary	696	0	113	113	18605	18605,49,2212,2132,7916	20.850796,16.518066,16.393236,16.07938,15.567707
summary	696	1	113	114	279	279,5383,1667,6783,12624	19.820114,19.780386,19.610746,18.243793,17.872818
summary	696	2	113	115	990	990,5383,33789,6783,1565	21.307867,17.400484,16.38173,16.310776,14.960363
summary	696	3	113	116	315	315,323,6783,476,11	28.630083,20.934782,17.866207,17.302973,17.035318
summary	696	4	113	117	18021	18021,12624,1565,6783,733	22.471231,19.057861,18.786825,18.121284,16.43359
summary	696	5	113	118	304	304,369,323,311,5961	26.453506,21.27058,20.752365,19.963486,19.5489
summary	696	6	113	119	12624	12624,33789,5383,23071,23393	23.27805,20.43371,19.92944,15.822999,15.173243
summary	696	7	113	120	11	11,369,311,323,13	19.447826,19.13546,18.818039,18.16734,18.107925
summary	696	8	113	121	4428	4428,10693,27362,12579,1075	21.104675,19.277342,19.048502,18.870962,18.813532
summary	696	9	113	122	311	311,14944,7709,4565,5486	27.575932,18.504236,17.969074,17.171015,16.79125
summary	696	10	113	123	1246	1246,3330,1565,5383,1667	18.468828,18.279686,17.163235,16.224924,16.128096
summary	696	11	113	124	1565	1565,18021,5036,7332,6941	19.103947,17.54012,17.489582,17.330475,17.141626
summary	696	12	113	125	3788	3788,1024,87,7975,40923	20.665222,17.937834,17.809797,16.948992,16.775448
summary	696	13	113	126	46	46,19499,20608,1793,711	26.814375,20.019651,19.602747,18.922184,18.414652
summary	696	14	113	127	63	63,621,284,28587,7808	22.781418,15.957837,14.840399,14.079957,13.527073
summary	696	15	113	128	646	646,1410,374,304,2578	22.87332,22.583504,22.395454,20.92062,20.623539
summary	696	16	113	129	387	387,2432,1401,5785,18615	26.042725,21.216251,21.042723,20.939886,20.554796
summary	696	17	113	130	6966	6966,1483,5383,18054,26502	21.650425,21.155254,20.508871,19.987337,18.827732
summary	696	18	113	131	705	705,5239,369,432,454	30.22283,22.002848,20.735548,20.003426,19.233088
summary	696	19	113	132	311	311,369,304,323,13	23.919798,23.661337,22.535133,20.838745,20.698458
summary	696	20	113	133	1779	1779,8253,1490,2432,5648	21.667553,21.000336,20.809721,20.47376,20.054485
summary	696	21	113	134	369	369,421,3890,6350,6941	25.223707,24.506098,20.17261,19.435724,18.997671
summary	696	22	113	135	6350	6350,458,264,6941,13885	22.35691,21.891588,21.068027,21.011154,19.738083
summary	696	23	113	136	6941	6941,7332,5036,3890,1565	23.342464,22.059464,19.895895,19.814758,18.61774
summary	696	24	113	137	7332	7332,18021,3890,19942,15057	24.40379,19.3797,19.336002,18.473618,17.681044
summary	696	25	113	138	13	13,389,304,11,979	21.666353,19.942581,19.523506,16.520115,16.439213
summary	696	26	113	139	151645	151645,1096,1913,1084,576	22.239323,14.53948,11.681207,11.489372,11.313884
summary	731	0	264	264	98637	98637,13859,2212,2008,49	19.058338,17.563137,17.44322,17.099583,16.885857
summary	731	1	264	265	369	369,25,311,11367,374	23.244522,23.012424,22.207418,16.861073,16.573608
summary	731	2	264	266	10101	10101,7842,33789,27362,444	18.863516,18.130709,15.2385025,15.052275,15.024476
summary	731	3	264	267	323	323,943,476,14,11	21.073185,19.625822,16.979458,16.68739,15.431862
summary	731	4	264	268	46635	46635,38219,943,3546,1995	24.135231,21.75882,18.162125,17.365845,17.221912
summary	731	5	264	269	943	943,33789,444,32207,23071	20.952986,18.508965,16.118103,15.387179,15.186474
summary	731	6	264	270	32207	32207,30643,13012,21223,95348	23.132746,22.712545,18.208765,17.167397,16.37446
summary	731	7	264	271	304	304,369,311,13,389	22.494192,21.327791,20.944477,17.144434,16.762403
summary	731	8	264	272	33789	33789,70778,63499,444,2526	18.212965,16.304825,16.07028,15.995005,15.065235
summary	731	9	264	273	369	369,444,594,311,13	17.883444,17.118479,16.174969,15.998454,15.678985
summary	731	10	264	274	444	444,2664,8741,943,2526	18.213423,17.594965,15.79657,15.713727,15.597079
summary	731	11	264	275	4592	4592,55506,7984,2154,396	25.89537,18.718063,16.79366,14.684068,14.4733925
summary	731	12	264	276	17590	17590,13,9705,24748,1824	16.31561,15.986731,15.2611,15.199432,14.57801
summary	731	13	264	277	13	13,151645,11,448,323	18.922878,15.987847,15.632732,15.568394,15.281437
summary	731	14	264	278	151645	151645,1096,4710,5209,576	22.332844,13.32139,12.020147,11.658167,11.240753
summary	745	0	291	291	785	785,13253,26050,32,3882	16.818554,16.764633,16.62757,16.558302,16.493006
summary	745	1	291	292	3233	3233,30650,8979,2988,55380	17.659618,14.877423,14.757617,14.632615,14.480297
summary	745	2	291	293	38380	38380,2243,2220,11476,8460	25.930498,20.72642,20.545591,20.130459,20.107395
summary	745	3	291	294	1280	1280,4565,729,3173,4265	25.823141,18.662645,18.312971,18.105349,17.91892
summary	745	4	291	295	304	304,4265,4565,21960,729	19.914131,18.224817,17.73651,17.063063,16.95723
summary	745	5	291	296	20185	20185,30650,55380,647,1565	20.016726,19.638134,17.969173,14.785352,14.167243
summary	745	6	291	297	18563	18563,6119,31377,8748,14029	25.1932,16.383295,16.122532,15.018172,14.564458
summary	745	7	291	298	6119	6119,2078,2038,12062,1851	25.188128,17.121464,16.810064,15.234293,15.088315
summary	745	8	291	299	320	320,36137,7025,448,323	18.17919,17.902761,17.653088,17.35134,16.734856
summary	745	9	291	300	26050	26050,4197,49,11562,43	18.89761,18.779871,18.309654,17.758278,17.06027
summary	745	10	291	301	6119	6119,2078,1851,2038,1162	20.493662,20.492104,15.670263,15.483167,14.374331
summary	745	11	291	302	8	8,448,488,11,701	21.209694,18.79636,16.73225,16.381298,15.081744
summary	745	12	291	303	7025	7025,36137,448,323,374	18.790882,18.386475,18.24415,18.044401,17.513105
summary	745	13	291	304	36137	36137,14525,11137,4278,18303	20.522339,20.085094,18.442965,18.347628,17.497272
summary	745	14	291	305	4152	4152,448,979,11,476	19.015049,18.580362,18.093945,17.745718,17.355608
summary	745	15	291	306	311	311,11,279,264,304	29.160805,16.028223,15.363744,15.102538,14.981172
summary	745	16	291	307	16500	16500,264,4714,458,279	16.63079,16.2501,14.636259,14.565458,14.494912
summary	745	17	291	308	7709	7709,21960,27099,4714,19777	17.939972,16.517641,15.43293,14.747101,14.739663
summary	745	18	291	309	11	11,979,448,304,5435	20.410313,19.766773,19.63499,19.078028,18.950508
summary	745	19	291	310	14381	14381,7945,448,5310,11689	19.946657,19.916428,19.75295,19.478064,19.202232
summary	745	20	291	311	279	279,432,21960,264,1320	17.5496,16.864277,16.533474,16.37735,16.088081
summary	745	21	291	312	21960	21960,1196,444,3561,3233	17.68658,15.559849,15.464408,15.361948,15.36019
summary	745	22	291	313	311	311,4518,1943,979,1465	19.530556,18.530447,17.550213,17.151602,17.104855
summary	745	23	291	314	4994	4994,1473,12170,3037,2420	22.708334,19.799986,19.335339,19.189054,19.020535
summary	745	24	291	315	4518	4518,13,979,11,50609	21.875526,20.41865,20.161676,19.667625,19.3187
summary	745	25	291	316	315	315,13,11,979,1393	22.37976,22.231264,20.475235,19.083162,17.211773
summary	745	26	291	317	3238	3238,36566,30201,279,3233	21.501911,19.358948,19.326092,19.28806,18.438015
summary	745	27	291	318	13	13,438,12440,10277,11	22.274761,22.232445,21.32862,21.311981,19.241087
summary	745	28	291	319	151645	151645,1096,576,1084,4220	21.80106,15.985692,14.144019,12.566935,11.814823
summary	753	0	162	162	1249	1249,2212,785,32308,2610	18.317959,18.254976,17.697664,16.367214,16.293905
summary	753	1	162	163	912	912,4211,2615,7283,633	22.421186,20.439602,20.244072,19.44056,18.671886
summary	753	2	162	164	264	264,4194,8894,458,2615	20.69945,19.11505,18.182238,18.026117,16.121315
summary	753	3	162	165	4194	4194,33789,1565,12731,8894	17.353199,17.21709,16.167946,15.324894,15.144632
summary	753	4	162	166	2615	2615,42156,18615,15614,1349	24.423817,21.690586,18.409231,17.086233,16.924835
summary	753	5	162	167	729	729,1714,311,5666,4565	19.417461,18.998611,18.264736,18.050655,18.02975
summary	753	6	162	168	311	311,369,1119,504,1667	23.89273,22.110989,21.353146,21.189453,19.833988
summary	753	7	162	169	264	264,279,1565,70778,458	19.539404,17.969803,17.908833,16.818026,16.443134
summary	753	8	162	170	1565	1565,70778,33789,10528,63499	17.233826,16.144318,15.729338,15.495632,15.32703
summary	753	9	162	171	18497	18497,1834,49,2227,10050	23.98954,19.9101,18.467382,17.99193,17.500183
summary	753	10	162	172	63	63,7808,39829,3125,27	23.901173,17.614819,15.740227,14.629557,14.09914
summary	753	11	162	173	1667	1667,504,5823,429,304	19.015633,18.990412,18.65981,18.246185,18.106045
summary	753	12	162	174	264	264,279,33789,70778,458	17.695059,16.789768,16.39013,16.15413,15.190208
summary	753	13	162	175	63499	63499,70778,33789,1565,15592	17.67256,16.644285,16.350578,14.934691,14.489826
summary	753	14	162	176	5316	5316,8894,594,67422,65960	20.696121,19.851646,18.776405,16.547178,16.379795
summary	753	15	162	177	8894	8894,11,304,2041,504	21.481396,20.174541,19.274363,17.793041,17.374468
summary	753	16	162	178	11	11,304,943,13,729	20.743835,20.00208,19.07957,18.643686,17.320452
summary	753	17	162	179	498	498,2908,279,4211,1393	17.551085,17.132645,16.468103,16.091516,16.048923
summary	753	18	162	180	646	646,1184,1265,1410,3278	24.557364,23.844463,23.673475,21.854069,21.25301
summary	753	19	162	181	2987	2987,990,1855,4211,32064	19.715,19.336412,18.43435,18.295933,17.936806
summary	753	20	162	182	1681	1681,4211,990,1281,1855	18.837751,18.028645,17.935442,17.774616,17.744787
summary	753	21	162	183	264	264,476,279,432,458	21.383417,21.35224,19.292685,19.028368,18.757853
summary	753	22	162	184	4565	4565,501,5046,1565,9876	20.991388,18.32108,15.795194,15.108343,14.882132
summary	753	23	162	185	476	476,1681,320,2297,11	23.453936,19.766441,18.473484,18.359543,18.050209
summary	753	24	162	186	264	264,3410,1492,29614,4190	20.278883,19.41819,18.00745,17.958017,17.92421
summary	753	25	162	187	1492	1492,9876,5046,4565,13137	22.268194,17.887077,17.474678,17.33624,16.781225
summary	753	26	162	188	1681	1681,13,729,4565,8544	23.769672,18.411259,18.26963,18.2391,17.260542
summary	753	27	162	189	13	13,11,11649,3118,421	22.153416,20.636099,19.501015,19.206375,19.013151
summary	753	28	162	190	151645	151645,576,1096,1416,4354	20.434471,14.824852,14.5476675,14.518421,13.421902
summary	775	0	258	258	49	49,98228,32,785,9860	17.360556,16.627396,16.308441,16.139444,16.07458
summary	775	1	258	259	2886	2886,276,28865,1950,63499	25.33495,15.815271,15.532878,15.247751,15.085364
summary	775	2	258	260	444	444,594,6635,702,374	18.037592,17.695332,17.287834,15.195254,14.234052
summary	775	3	258	261	4592	4592,9256,55506,3540,8485	26.353397,15.957954,15.73687,15.36814,15.046284
summary	775	4	258	262	25652	25652,81720,17717,61288,594	21.670288,18.681152,17.83924,17.557129,16.599655
summary	775	5	258	263	81720	81720,17717,374,10865,14422	19.443228,18.752323,18.538366,18.495481,18.304571
summary	775	6	258	264	525	525,1265,448,1033,614	19.529331,17.560822,17.382343,17.165066,16.890038
summary	775	7	258	265	10865	10865,537,1431,52824,9519	19.666185,19.194366,19.176006,18.803873,18.3989
summary	775	8	258	266	11	11,448,323,4152,979	21.976105,21.695583,21.3337,21.140488,20.029896
summary	775	9	258	267	323	323,448,714,14381,22703	18.470621,18.36906,17.505295,17.078896,16.924938
summary	775	10	258	268	7218	7218,1378,498,279,358	17.517897,17.024893,16.92415,16.90277,16.417986
summary	775	11	258	269	311	311,81720,504,69737,279	19.95845,19.163605,18.230738,17.787762,17.305363
summary	775	12	258	270	1378	1378,264,614,8651,3432	18.41542,17.782516,17.201054,17.139671,16.114277
summary	775	13	258	271	69737	69737,7868,8651,81720,7299	20.358664,17.001328,16.17684,15.600992,14.58397
summary	775	14	258	272	304	304,63297,374,26537,8356	21.302948,19.894363,19.651077,19.172535,18.459484
summary	775	15	258	273	279	279,264,825,1852,1105	23.85044,20.14426,19.237328,16.668047,16.367222
summary	775	16	258	274	1852	1852,3175,17717,4734,1565	25.528002,16.822832,16.550598,16.302723,14.835761
summary	775	17	258	275	17717	17717,6328,1034,25652,3175	22.896637,17.842047,14.8080845,14.749662,14.669355
summary	775	18	258	276	63297	63297,374,19673,67477,4278	22.310915,21.755503,21.007526,20.551685,20.034594
summary	775	19	258	277	279	279,419,4714,432,4265	21.544123,19.25759,18.195904,17.779995,16.1836
summary	775	20	258	278	4265	4265,1465,3491,4714,12055	23.317884,17.63844,17.473349,16.716135,16.008837
summary	775	21	258	279	13	13,151645,553,25,11	20.989885,16.817585,16.396763,15.72285,15.166172
summary	775	22	258	280	151645	151645,576,1096,4710,5209	22.84185,12.496819,12.377372,12.119222,11.024956
summary	810	0	254	254	1986	1986,785,8610,13859,2610	18.27509,17.7207,17.485401,17.050941,16.995914
summary	810	1	254	255	11727	11727,4565,4265,374,1465	19.273912,18.958168,18.193611,16.916983,15.802766
summary	810	2	254	256	16555	16555,13230,374,54625,21314	20.063772,19.979084,19.726288,19.677296,19.0967
summary	810	3	254	257	264	264,458,4714,279,24748	18.837605,17.708317,16.67731,16.571445,15.305599
summary	810	4	254	258	12055	12055,24748,4565,3491,35301	16.09415,15.747383,15.709878,15.230712,14.775241
summary	810	5	254	259	1948	1948,304,979,1380,448	24.67437,21.331383,20.608555,20.349775,19.85213
summary	810	6	254	260	1565	1565,279,1667,264,63499	16.109076,16.010475,14.308675,14.139976,13.50659
summary	810	7	254	261	3767	3767,2923,8610,81,1195	21.853348,18.63842,18.15427,17.941378,17.188833
summary	810	8	254	262	63	63,5158,486,2870,2923	19.467117,17.252468,16.60803,16.279095,16.035608
summary	810	9	254	263	323	323,369,320,1465,5975	22.626915,19.349312,19.225658,18.720737,18.556643
summary	810	10	254	264	1565	1565,43411,279,3912,468	21.314606,16.879639,15.448213,14.897734,14.496199
summary	810	11	254	265	1195	1195,3767,97454,615,68	25.16126,21.388832,18.344902,17.220335,17.188776
summary	810	12	254	266	265	265,41861,81,261,416	29.28969,20.364216,20.32409,17.626932,17.577728
summary	810	13	254	267	63	63,7808,28587,486,77582	22.754652,21.577103,16.467241,16.396595,15.083233
summary	810	14	254	268	81720	81720,304,8826,20186,979	18.242691,18.100887,17.561218,16.95145,16.626911
summary	810	15	254	269	11	11,304,8826,4152,429	22.556183,20.917643,20.594423,20.564524,20.278492
summary	810	16	254	270	1380	1380,448,11689,22703,22561	20.224228,20.196278,20.12351,19.635645,18.99828
summary	810	17	254	271	1565	1565,279,24931,825,458	19.813246,18.075146,15.596862,15.576689,15.309201
summary	810	18	254	272	3767	3767,1195,7747,615,8610	21.33493,19.737556,19.082052,17.563547,17.192162
summary	810	19	254	273	63	63,486,18148,2923,13998	20.562511,18.024021,17.33155,15.848915,15.47962
summary	810	20	254	274	1558	1558,11554,5975,4157,374	19.986286,19.56497,19.220219,19.19476,18.983877
summary	810	21	254	275	537	537,1824,975,1565,12824	25.51126,19.408497,17.658789,16.99984,16.845198
summary	810	22	254	276	4211	4211,1824,3410,10277,614	20.332079,20.229458,17.4029,17.055323,16.879045
summary	810	23	254	277	1565	1565,279,264,24055,894	22.182083,21.664787,17.249414,16.7765,16.642017
summary	810	24	254	278	7747	7747,81,8610,615,3767	20.300686,19.676996,18.134325,16.9919,15.843165
summary	810	25	254	279	10361	10361,63,3945,486,52766	24.246595,16.3858,16.194908,14.912487,14.249662
summary	810	26	254	280	63	63,7808,486,28587,25	19.964396,19.288254,18.174013,16.972301,16.557667
summary	810	27	254	281	438	438,12440,6,369,892	19.679516,18.707981,18.071499,17.765587,17.488716
summary	810	28	254	282	2567	2567,3601,264,1565,458	20.742695,19.464838,18.975544,17.640564,17.324663
summary	810	29	254	283	553	553,13,11,369,311	24.342957,22.135326,21.855982,21.693865,20.14581
summary	810	30	254	284	279	279,1565,264,1181,458	20.223997,18.8159,18.526566,16.860058,16.541405
summary	810	31	254	285	4565	4565,1565,1465,17567,2038	19.4829,17.512022,17.336285,16.991785,16.84048
summary	810	32	254	286	5181	5181,1681,13,8042,11	23.25209,20.609283,18.95276,18.502626,17.815088
summary	810	33	254	287	13	13,11,369,304,311	20.686508,18.957893,17.308044,17.207306,16.762379
summary	810	34	254	288	151645	151645,576,362,1096,1084	21.265759,15.287276,14.587024,14.456592,14.432377
summary	830	0	288	288	785	785,32,63,49,11317	19.69069,17.459925,17.253601,16.481337,16.0479
summary	830	1	288	289	1565	1565,33789,2710,2038,897	20.606592,18.194725,16.950232,16.930456,16.814465
summary	830	2	288	290	7672	7672,5,333,957,8484	25.233343,20.380472,19.982288,19.58604,19.0621
summary	830	3	288	291	63	63,5675,1565,6,7808	27.463171,19.588821,17.152136,16.029785,15.701685
summary	830	4	288	292	5675	5675,5666,304,97970,2971	23.26733,16.690544,15.874189,15.806324,15.54239
summary	830	5	288	293	4344	4344,43347,304,50609,11137	21.684996,20.515053,20.246002,19.885164,19.198051
summary	830	6	288	294	279	279,1565,264,2710,897	26.383749,23.140053,22.575226,20.669662,19.03151
summary	830	7	288	295	897	897,2710,1565,7709,2856	22.982254,21.92833,19.220633,17.748686,17.190603
summary	830	8	288	296	315	315,504,311,304,979	25.940678,20.320578,19.06328,18.095697,18.026897
summary	830	9	288	297	1565	1565,264,279,2710,1181	25.689379,25.180492,24.083015,21.24459,19.755117
summary	830	10	288	298	957	957,3849,1866,2641,6117	25.788391,22.396564,22.343182,19.713896,17.387314
summary	830	11	288	299	63	63,7808,28587,6,1	26.721004,20.03175,17.412708,16.09577,14.800156
summary	830	12	288	300	311	311,504,979,304,1948	24.268583,23.511633,21.411982,20.202196,19.813267
summary	830	13	288	301	1565	1565,895,264,1181,279	27.772026,20.912699,18.336155,18.298302,17.227276
summary	830	14	288	302	3849	3849,1866,15,4049,8385	30.045542,23.14405,19.44392,19.34691,18.419485
summary	830	15	288	303	63	63,28587,7808,77582,44622	24.444515,22.992184,22.777523,16.473652,14.946733
summary	830	16	288	304	979	979,304,4518,4152,323	22.681503,21.799084,21.381351,20.314144,19.803602
summary	830	17	288	305	1483	1483,279,1565,9251,7707	20.80127,20.07239,18.995523,18.435158,18.296026
summary	830	18	288	306	448	448,304,438,4766,389	23.326385,22.55435,21.418476,20.473274,20.452158
summary	830	19	288	307	1565	1565,264,279,458,2971	23.331078,22.198124,22.11914,21.476545,18.273607
summary	830	20	288	308	3849	3849,333,1866,957,7672	21.867546,21.220886,20.635584,18.794466,18.707993
summary	830	21	288	309	28587	28587,7808,63,1009,11	21.554647,21.403387,20.747087,16.553328,15.159748
summary	830	22	288	310	151645	151645,1096,576,1416,3197	22.006973,15.396203,14.508627,14.434381,13.687887
summary	892	0	230	230	30616	30616,25080,32,32308,785	18.967747,17.421328,17.288551,17.240814,17.181915
summary	892	1	230	231	5413	5413,11312,1565,4621,374	21.58834,19.836859,18.202003,16.495337,16.483839
summary	892	2	230	232	369	369,1565,374,311,304	23.121378,17.923363,17.872795,17.426167,17.358416
summary	892	3	230	233	11312	11312,1565,10050,279,33789	22.117142,20.120874,16.767115,16.38556,15.563386
summary	892	4	230	234	73891	73891,1912,7554,27,39368	27.590267,18.078894,17.252857,15.372318,14.969636
summary	892	5	230	235	25	25,304,11,4152,374	20.267004,16.875696,16.151476,15.850274,15.538942
summary	892	6	230	236	374	374,1565,912,525,7402	22.030228,20.117733,17.74757,17.462894,16.508646
summary	892	7	230	237	15124	15124,4287,75738,9178,22228	24.631142,16.942327,15.447464,14.449018,14.395964
summary	892	8	230	238	1507	1507,368,11,323,1005	25.389025,21.84199,19.628868,17.44757,15.927305
summary	892	9	230	239	2797	2797,2422,374,323,3084	26.262138,19.372984,18.276007,17.115822,15.8822365
summary	892	10	230	240	368	368,1507,1005,151645,741	21.933477,16.891792,16.759417,15.617336,13.815874
summary	892	11	230	241	151645	151645,525,1265,646,323	19.72005,16.402294,14.848217,14.801733,14.779162
summary	909	0	189	189	785	785,7692,1986,6525,63	18.571766,17.862045,17.553417,17.031494,16.641903
summary	909	1	189	190	3312	3312,1565,33789,39007,23071	19.961464,17.748299,15.6410475,15.419096,15.116118
summary	909	2	189	191	729	729,1565,5733,897,1714	19.667099,17.978464,15.570459,15.25589,14.9867735
summary	909	3	189	192	1565	1565,4157,374,646,33906	18.326738,17.098045,16.486332,16.0984,15.868536
summary	909	4	189	193	300	300,7692,6405,45388,10530	22.27216,20.848656,19.905039,18.112556,17.546562
summary	909	5	189	194	1872	1872,27834,1600,28346,486	23.479248,16.90008,15.676171,15.512463,15.071863
summary	909	6	189	195	13429	13429,75738,4090,45636,27859	24.777107,13.225381,12.904611,12.868462,12.38412
summary	909	7	189	196	63	63,54258,7808,368,6	25.064812,19.057238,16.783817,14.580118,13.328809
summary	909	8	189	197	4157	4157,374,33906,304,702	19.51643,19.368664,18.311836,17.771614,17.2979
summary	909	9	189	198	387	387,19192,3624,21000,1598	23.670553,22.733574,20.127628,19.8532,18.085527
summary	909	10	189	199	19697	19697,21000,15695,1483,5798	23.883862,20.126675,17.91241,17.463541,17.01129
summary	909	11	189	200	4152	4152,1576,11,304,448	25.720352,23.600794,21.973835,21.245224,21.158342
summary	909	12	189	201	311	311,279,264,33789,458	29.303635,15.829964,15.052898,14.423037,14.273489
summary	909	13	189	202	264	264,19860,458,279,33789	18.855526,16.910494,16.755165,16.398354,16.128904
summary	909	14	189	203	1565	1565,33789,23071,943,17567	15.987281,15.917783,15.822133,15.752678,15.677504
summary	909	15	189	204	11505	11505,35788,6681,80076,8121	22.356647,18.296694,17.186121,17.125563,16.545834
summary	909	16	189	205	63	63,1454,7808,2623,14	22.483065,14.311562,14.001689,13.977091,12.972714
summary	909	17	189	206	17567	17567,8129,16287,11605,21568	19.166452,18.663921,17.771467,16.806448,16.141315
summary	909	18	189	207	35301	35301,16287,8129,4265,21568	18.494656,18.278318,18.056326,17.455282,17.24477
summary	909	19	189	208	304	304,13,1948,448,11	19.6679,19.631222,19.441883,19.134867,18.695097
summary	909	20	189	209	1565	1565,279,1181,33789,63499	18.175879,17.784296,16.791445,15.865058,15.358877
summary	909	21	189	210	81	81,16834,8121,15123,1130	19.961355,19.872875,17.139645,16.9281,16.895885
summary	909	22	189	211	2886	2886,28865,8531,3850,523	25.160326,15.919283,15.009558,14.702984,12.882858
summary	909	23	189	212	486	486,7808,63,28587,22964	23.695415,18.407524,18.09161,17.234596,16.43719
summary	909	24	189	213	1130	1130,15123,22255,6100,16997	23.460575,18.6003,18.391933,18.242958,17.568514
summary	909	25	189	214	28587	28587,63,7808,25,486	22.561636,20.384083,19.844212,18.20623,17.497744
summary	909	26	189	215	151645	151645,1096,576,1565,1084	21.98959,14.182768,14.027984,12.455058,12.289109
summary	930	0	169	169	62980	62980,1249,15680,785,52096	18.263569,17.818968,17.272354,16.631428,15.974164
summary	930	1	169	170	409	409,287,47443,264,939	22.933088,19.352667,19.143211,17.511705,17.214207
summary	930	2	169	171	14	14,12,66114,74835,2687	25.683784,22.08881,20.517555,17.73811,16.465065
summary	930	3	169	172	74835	74835,24166,10182,35865,75277	29.55441,22.83677,22.719757,22.098988,21.76465
summary	930	4	169	173	369	369,315,1824,323,14944	25.430368,20.93523,19.379263,18.812025,17.743141
summary	930	5	169	174	47032	47032,8173,1565,8748,32200	22.026186,18.4596,18.281534,17.549915,15.239295
summary	930	6	169	175	311	311,323,11,369,448	21.657051,20.386366,20.3153,18.938438,18.819056
summary	930	7	169	176	7269	7269,5648,2664,2138,7283	20.646578,19.197,19.04195,18.683414,17.864706
summary	930	8	169	177	1465	1465,28672,5975,19192,28137	19.805418,18.963556,17.31788,17.100409,16.0713
summary	930	9	169	178	11589	11589,13351,12827,14849,24413	21.847582,19.204185,18.446468,17.632088,17.429508
summary	930	10	169	179	323	323,2337,13,304,979	20.87158,19.115978,18.78372,18.027723,16.96158
summary	930	11	169	180	312	312,25978,7949,5648,15024	18.116964,17.85178,17.842083,16.949387,16.842848
summary	930	12	169	181	24673	24673,970,355,12,5689	19.316406,19.027699,18.979763,18.966805,18.874207
summary	930	13	169	182	28672	28672,4024,315,19697,6350	20.097578,19.478735,19.436356,18.881172,18.144587
summary	930	14	169	183	8173	8173,3059,821,12218,5975	18.416769,17.81528,17.800354,16.656961,16.35425
summary	930	15	169	184	13	13,151645,29720,369,421	20.17794,17.139982,16.35257,15.958112,15.617397
summary	930	16	169	185	151645	151645,1096,576,151644,1416	22.850527,13.916811,11.333838,11.143016,11.098263
summary	962	0	97	97	9454	9454,1654,6713,3564,32	16.598457,16.300638,16.281893,16.086298,16.084883
summary	962	1	97	98	11	11,14,323,476,3183	25.256798,19.756872,15.233208,14.8720875,14.750654
summary	962	2	97	99	264	264,582,4486,1052,432	20.164999,19.964592,19.620932,19.389544,19.287624
summary	962	3	97	100	501	501,10900,25546,2319,3213	21.98777,17.48545,16.315092,15.456319,15.027493
summary	962	4	97	101	2319	2319,33789,23071,4879,15175	20.387613,16.346802,16.261948,16.17809,15.429199
summary	962	5	97	102	369	369,315,374,448,646	20.386883,19.625671,19.593008,18.085909,17.284512
summary	962	6	97	103	279	279,23071,348,33789,6849	19.098135,18.856112,18.0794,17.73634,16.571165
summary	962	7	97	104	6849	6849,23071,33789,2393,348	20.58014,18.335697,17.819527,16.09108,15.897207
summary	962	8	97	105	23071	23071,33789,1565,1936,330	19.281088,17.869661,15.255701,14.122866,13.473916
summary	962	9	97	106	1936	1936,22111,5798,220,32145	23.94136,15.925627,14.758554,14.629848,14.501401
summary	962	10	97	107	374	374,448,646,1265,13	21.87377,19.166292,18.641163,18.31464,18.188168
summary	962	11	97	108	2500	2500,4362,11223,2567,12909	20.892838,20.804861,19.33718,19.30259,18.906696
summary	962	12	97	109	13	13,11,448,369,25	22.08979,20.2006,19.85505,18.0914,17.7603
summary	962	13	97	110	151645	151645,5209,576,1084,1096	19.476164,15.234841,14.365402,14.283913,13.849759
