task	ticket	k	p	position	id	top_ids	top_logits
triage	2	0	351	351	2313	2313,46773,7841,12753,14582	24.65337562561035,22.677698135375977,21.33293342590332,19.282760620117188,19.039167404174805
triage	2	1	351	352	151645	151645,11,25,198,271	22.261219024658203,14.537076950073242,12.156255722045898,12.075214385986328,11.532733917236328
triage	5	0	232	232	2313	2313,46773,7841,61244,12753	23.746402740478516,21.090309143066406,20.934064865112305,19.57748031616211,19.115402221679688
triage	5	1	232	233	151645	151645,11,198,271,25	22.3543758392334,14.640378952026367,12.700674057006836,12.53573989868164,11.240198135375977
triage	6	0	442	442	2313	2313,46773,7841,12753,56176	26.117374420166016,22.96314811706543,20.32283592224121,19.996070861816406,19.377037048339844
triage	6	1	442	443	151645	151645,25,11,198,271	22.52342987060547,12.633109092712402,12.429779052734375,12.003658294677734,11.809167861938477
triage	7	0	240	240	2313	2313,46773,7841,12753,61244	24.63869857788086,21.986690521240234,19.731721878051758,19.62811279296875,19.45813751220703
triage	7	1	240	241	151645	151645,11,198,271,25	22.33710479736328,14.817646026611328,12.401540756225586,12.22164535522461,11.925004005432129
triage	8	0	206	206	2313	2313,46773,7841,12753,64334	24.78791618347168,22.313739776611328,20.46247100830078,19.89274024963379,18.81207275390625
triage	8	1	206	207	151645	151645,11,198,25,271	22.278383255004883,15.210097312927246,12.811935424804688,12.576238632202148,12.210015296936035
triage	9	0	226	226	2313	2313,46773,7841,12753,61244	25.11068344116211,22.531023025512695,21.175840377807617,20.525936126708984,19.432743072509766
triage	9	1	226	227	151645	151645,11,25,198,271	22.37975311279297,14.932056427001953,12.484062194824219,12.246071815490723,12.059060096740723
triage	10	0	388	388	2313	2313,46773,61244,7841,56176	24.823780059814453,21.540817260742188,19.503376007080078,18.988733291625977,18.56003189086914
triage	10	1	388	389	151645	151645,11,198,13,25	22.46746063232422,12.925926208496094,12.283135414123535,11.900662422180176,11.767744064331055
triage	13	0	310	310	2313	2313,12753,46773,7841,13859	25.395402908325195,22.79534149169922,22.610265731811523,20.25938606262207,19.05693817138672
triage	13	1	310	311	151645	151645,11,198,25,13	22.43735694885254,13.672773361206055,12.323638916015625,12.109045028686523,11.642524719238281
triage	15	0	258	258	2313	2313,46773,7841,56176,64334	25.226327896118164,21.588354110717773,19.296695709228516,19.008543014526367,18.142417907714844
triage	15	1	258	259	151645	151645,11,25,198,13	22.307903289794922,14.8213472366333,11.902223587036133,11.76420783996582,11.688629150390625
triage	19	0	202	202	2313	2313,46773,7841,12753,61244	25.670917510986328,22.423799514770508,19.444156646728516,18.727567672729492,18.146697998046875
triage	19	1	202	203	151645	151645,11,13,25,198	22.467910766601562,14.04913330078125,12.308584213256836,11.981544494628906,11.755609512329102
triage	21	0	383	383	2313	2313,46773,61244,7841,56176	23.697978973388672,20.56842041015625,19.10918617248535,18.981691360473633,17.621688842773438
triage	21	1	383	384	151645	151645,11,13,198,25	22.34512710571289,13.81482219696045,12.661138534545898,11.828313827514648,11.085796356201172
triage	23	0	368	368	2313	2313,12753,46773,7841,13859	24.139368057250977,23.674884796142578,21.18010711669922,20.658117294311523,18.955007553100586
triage	23	1	368	369	151645	151645,11,198,25,271	22.717098236083984,12.706135749816895,12.428494453430176,12.006855964660645,11.558252334594727
triage	25	0	382	382	2313	2313,12753,46773,7841,76303	23.5872745513916,22.740001678466797,21.08605194091797,20.516036987304688,19.064300537109375
triage	25	1	382	383	151645	151645,11,198,271,151644	22.854400634765625,12.040532112121582,12.01362419128418,11.689367294311523,11.406152725219727
triage	26	0	238	238	2313	2313,12753,46773,7841,64334	23.485877990722656,22.016815185546875,21.441448211669922,21.05823516845703,18.950435638427734
triage	26	1	238	239	151645	151645,11,198,25,13	22.195104598999023,16.0224666595459,12.456168174743652,12.048883438110352,12.009876251220703
triage	27	0	406	406	2313	2313,46773,12753,7841,56176	25.20218849182129,22.160972595214844,21.703899383544922,18.90212631225586,18.390743255615234
triage	27	1	406	407	151645	151645,11,198,13,271	22.77951431274414,12.201062202453613,12.16281795501709,12.118653297424316,11.733002662658691
triage	33	0	316	316	12753	12753,2313,7841,46773,13859	23.24383544921875,22.805660247802734,20.980636596679688,20.866924285888672,20.224319458007812
triage	33	1	316	317	151645	151645,11,25,13,271	22.552766799926758,14.075589179992676,13.742695808410645,13.038537979125977,12.205751419067383
triage	37	0	192	192	2313	2313,61244,46773,7841,56176	24.800975799560547,21.387901306152344,21.23476219177246,20.673120498657227,18.773134231567383
triage	37	1	192	193	151645	151645,11,13,476,198	21.867382049560547,16.815603256225586,13.428504943847656,11.947610855102539,11.462803840637207
triage	38	0	241	241	2313	2313,46773,56176,7841,12753	26.22626304626465,22.67473030090332,19.528745651245117,18.560266494750977,18.47905158996582
triage	38	1	241	242	151645	151645,11,13,198,25	22.220048904418945,15.188089370727539,14.527174949645996,12.0859956741333,12.005647659301758
triage	39	0	350	350	2313	2313,46773,7841,12753,64334	24.93601417541504,22.666336059570312,21.091136932373047,20.348690032958984,18.901609420776367
triage	39	1	350	351	151645	151645,11,198,25,13	22.54556655883789,12.552815437316895,12.012073516845703,11.337247848510742,11.13321590423584
triage	42	0	187	187	2313	2313,46773,7841,12753,56176	24.80565071105957,21.97332000732422,20.534629821777344,20.373329162597656,17.653186798095703
triage	42	1	187	188	151645	151645,11,198,13,25	22.184526443481445,14.407587051391602,11.77389144897461,11.445304870605469,11.28580093383789
triage	43	0	299	299	12753	12753,2313,46773,7841,64334	23.71762466430664,23.705995559692383,20.813241958618164,19.943431854248047,19.09615707397461
triage	43	1	299	300	151645	151645,11,25,13,271	22.672138214111328,14.400362968444824,13.428268432617188,12.204028129577637,11.613239288330078
triage	44	0	337	337	2313	2313,7841,12753,46773,64334	22.294960021972656,22.15538787841797,21.9913330078125,20.176448822021484,19.072816848754883
triage	44	1	337	338	151645	151645,11,198,271,13	22.224586486816406,14.068831443786621,12.968314170837402,12.512072563171387,11.698832511901855
triage	45	0	186	186	2313	2313,7841,46773,12753,28402	22.456674575805664,20.8609619140625,19.947229385375977,19.137712478637695,19.023983001708984
triage	45	1	186	187	151645	151645,11,13,198,25	22.024810791015625,15.4191255569458,12.537421226501465,11.394124031066895,10.983060836791992
triage	46	0	240	240	2313	2313,46773,7841,12753,11159	24.66248321533203,22.00433921813965,20.613309860229492,20.18728256225586,18.076934814453125
triage	46	1	240	241	151645	151645,11,198,13,25	22.459463119506836,12.65280532836914,12.029621124267578,11.710481643676758,10.966785430908203
triage	58	0	286	286	2313	2313,46773,7841,56176,12753	26.438018798828125,22.760696411132812,19.428142547607422,19.203569412231445,19.059906005859375
triage	58	1	286	287	151645	151645,11,198,13,25	22.3148193359375,14.352230072021484,11.413629531860352,11.296151161193848,11.063634872436523
triage	70	0	400	400	2313	2313,46773,5743,12753,56176	25.901681900024414,22.592924118041992,20.825340270996094,20.143062591552734,20.131637573242188
triage	70	1	400	401	151645	151645,11,271,198,13	22.592283248901367,12.638225555419922,12.475796699523926,12.16178035736084,11.877569198608398
triage	73	0	376	376	2313	2313,12753,46773,7841,76303	23.39553451538086,21.914037704467773,20.713666915893555,20.69028663635254,19.79833221435547
triage	73	1	376	377	151645	151645,198,11,25,13	22.65087890625,13.07669448852539,12.834772109985352,12.493646621704102,12.177130699157715
triage	79	0	294	294	2313	2313,12753,46773,7841,13859	24.202560424804688,23.65461540222168,21.20943260192871,21.113780975341797,19.260234832763672
triage	79	1	294	295	151645	151645,198,271,11,151644	22.941036224365234,13.294368743896484,12.046873092651367,11.618221282958984,11.427420616149902
triage	91	0	373	373	2313	2313,46773,12753,7841,64334	24.608972549438477,22.43329429626465,21.291532516479492,20.3168888092041,18.602277755737305
triage	91	1	373	374	151645	151645,198,271,11,151644	22.943023681640625,12.009784698486328,11.460211753845215,11.381756782531738,11.271900177001953
triage	96	0	392	392	2313	2313,12753,46773,7841,13859	24.859703063964844,22.543832778930664,22.39621925354004,19.806734085083008,19.111413955688477
triage	96	1	392	393	151645	151645,11,271,198,13	22.47897720336914,12.436649322509766,12.24371337890625,12.072362899780273,12.0516357421875
triage	150	0	266	266	2313	2313,12753,7841,46773,11159	24.511316299438477,21.512081146240234,21.31024742126465,20.945531845092773,18.15410041809082
triage	150	1	266	267	151645	151645,198,11,25,271	22.401695251464844,13.564640045166016,13.517467498779297,12.355918884277344,11.799408912658691
triage	154	0	353	353	2313	2313,46773,7841,12753,56176	25.846038818359375,22.580835342407227,20.0227108001709,19.36362648010254,19.328392028808594
triage	154	1	353	354	151645	151645,11,198,25,271	22.364160537719727,12.902801513671875,11.969951629638672,11.934131622314453,11.402510643005371
triage	158	0	379	379	2313	2313,46773,7841,12753,11159	24.750930786132812,21.704259872436523,21.391006469726562,20.77586555480957,18.288427352905273
triage	158	1	379	380	151645	151645,11,198,13,271	22.384855270385742,13.29068660736084,12.732963562011719,12.437047958374023,12.221344947814941
triage	160	0	286	286	2313	2313,46773,12753,7841,64334	25.0684757232666,22.099000930786133,21.036293029785156,20.981914520263672,19.597749710083008
triage	160	1	286	287	151645	151645,11,198,25,271	22.53647804260254,13.062310218811035,12.115554809570312,12.041837692260742,11.33716106414795
triage	162	0	385	385	2313	2313,46773,12753,56176,61244	24.859580993652344,21.55679702758789,19.243181228637695,19.008270263671875,18.334379196166992
triage	162	1	385	386	151645	151645,11,271,198,13	21.906402587890625,15.345335006713867,12.643122673034668,12.35615348815918,12.269286155700684
triage	165	0	206	206	2313	2313,7841,64334,46773,61244	22.82666015625,21.482261657714844,20.935901641845703,20.850244522094727,20.178272247314453
triage	165	1	206	207	151645	151645,11,25,198,13	22.41866111755371,14.144057273864746,12.996631622314453,11.836324691772461,11.79681396484375
triage	166	0	277	277	2313	2313,46773,7841,12753,56176	25.900177001953125,22.974092483520508,19.867351531982422,19.510282516479492,18.710121154785156
triage	166	1	277	278	151645	151645,11,13,198,25	22.56015396118164,13.44293212890625,11.930837631225586,11.760612487792969,11.743375778198242
triage	179	0	197	197	2313	2313,7841,61244,46773,12753	22.64358139038086,21.686017990112305,21.459455490112305,19.310497283935547,17.975248336791992
triage	179	1	197	198	151645	151645,11,13,476,25	22.28571891784668,14.702468872070312,12.959558486938477,12.119717597961426,11.715956687927246
triage	182	0	370	370	2313	2313,12753,46773,7841,64334	23.372453689575195,21.22461700439453,21.17487335205078,21.0976619720459,19.212142944335938
triage	182	1	370	371	151645	151645,11,198,25,13	22.259828567504883,14.251325607299805,13.477785110473633,13.309513092041016,12.712411880493164
triage	200	0	409	409	2313	2313,46773,7841,56176,61244	25.199344635009766,22.595306396484375,19.360097885131836,18.712736129760742,18.52398109436035
triage	200	1	409	410	151645	151645,11,13,198,25	22.474002838134766,13.896449089050293,12.633971214294434,12.29915714263916,11.874804496765137
triage	207	0	326	326	2313	2313,46773,56176,7841,12753	25.95402717590332,22.944103240966797,19.168134689331055,18.8487548828125,18.600147247314453
triage	207	1	326	327	151645	151645,11,13,198,271	22.484283447265625,13.2222900390625,12.116109848022461,11.766366004943848,10.934534072875977
triage	212	0	364	364	2313	2313,12753,46773,7841,11159	25.13333511352539,21.62742805480957,21.55783462524414,20.316354751586914,18.514190673828125
triage	212	1	364	365	151645	151645,11,198,25,13	22.402423858642578,13.846695899963379,13.324289321899414,12.040642738342285,11.668476104736328
triage	224	0	214	214	2313	2313,46773,12753,7841,64334	23.67070198059082,21.37563133239746,21.044279098510742,20.75621223449707,18.143817901611328
triage	224	1	214	215	151645	151645,11,198,13,25	22.291027069091797,14.546614646911621,11.811890602111816,11.585993766784668,11.335382461547852
triage	225	0	269	269	2313	2313,46773,64334,7841,12753	24.354413986206055,21.96282386779785,20.9888858795166,20.798442840576172,20.776094436645508
triage	225	1	269	270	151645	151645,11,25,198,13	22.32855987548828,14.768019676208496,12.635161399841309,12.0821533203125,11.721709251403809
triage	226	0	213	213	2313	2313,7841,46773,12753,64334	23.248899459838867,21.746545791625977,21.503128051757812,20.764741897583008,19.641084671020508
triage	226	1	213	214	151645	151645,11,198,25,271	22.445812225341797,14.936552047729492,12.734813690185547,12.241265296936035,12.221402168273926
triage	236	0	246	246	2313	2313,46773,7841,56176,12753	26.660316467285156,23.187397003173828,19.728551864624023,19.157302856445312,18.406639099121094
triage	236	1	246	247	151645	151645,11,13,25,198	22.373851776123047,13.534274101257324,13.182929992675781,11.802373886108398,11.426078796386719
triage	237	0	405	405	12753	12753,2313,7841,46773,13859	24.02566146850586,22.69810676574707,20.901315689086914,20.165821075439453,18.947071075439453
triage	237	1	405	406	151645	151645,25,11,198,151644	22.614368438720703,15.118972778320312,13.7548189163208,11.674566268920898,11.403107643127441
triage	238	0	397	397	2313	2313,46773,61244,56176,7841	25.27022933959961,22.221464157104492,17.949935913085938,17.87064552307129,17.736326217651367
triage	238	1	397	398	151645	151645,13,11,198,25	22.59396743774414,13.15495777130127,12.9456787109375,12.570306777954102,11.977170944213867
triage	244	0	195	195	2313	2313,46773,7841,12753,64334	24.554805755615234,21.803640365600586,21.06608009338379,20.789241790771484,18.04178237915039
triage	244	1	195	196	151645	151645,11,13,25,198	22.32175636291504,14.163980484008789,12.568967819213867,12.09365463256836,12.092801094055176
triage	251	0	298	298	2313	2313,46773,12753,7841,14582	24.149686813354492,22.809993743896484,21.67230987548828,21.142257690429688,18.889358520507812
triage	251	1	298	299	151645	151645,11,13,198,271	22.558961868286133,13.095575332641602,12.21757984161377,12.081769943237305,11.608728408813477
triage	252	0	210	210	2313	2313,46773,7841,12753,56176	25.843887329101562,22.990493774414062,19.321016311645508,18.96002197265625,18.630916595458984
triage	252	1	210	211	151645	151645,11,13,25,198	22.206066131591797,14.534708976745605,12.680841445922852,12.21993350982666,11.703731536865234
triage	256	0	374	374	2313	2313,46773,61244,7841,56176	24.831947326660156,20.928508758544922,20.259557723999023,19.95962905883789,18.68746566772461
triage	256	1	374	375	151645	151645,11,13,25,198	22.722496032714844,12.604546546936035,12.570135116577148,12.22232723236084,11.944639205932617
triage	257	0	207	207	2313	2313,7841,46773,12753,64334	24.052648544311523,21.811721801757812,20.834989547729492,19.598323822021484,19.063518524169922
triage	257	1	207	208	151645	151645,13,11,198,25	22.456256866455078,13.498702049255371,13.155426025390625,11.793981552124023,11.729619026184082
triage	261	0	279	279	2313	2313,46773,12753,7841,13859	23.787982940673828,21.418169021606445,21.30600929260254,20.60675811767578,18.249235153198242
triage	261	1	279	280	151645	151645,11,198,13,271	22.427682876586914,14.1625394821167,12.465757369995117,12.429962158203125,11.996649742126465
triage	262	0	265	265	64334	64334,76303,2313,7841,61244	23.650653839111328,22.594594955444336,21.95663070678711,20.43706703186035,20.16407012939453
triage	262	1	265	266	151645	151645,11,13,25,198	20.835693359375,14.74324893951416,14.585943222045898,13.676824569702148,11.616536140441895
triage	263	0	383	383	2313	2313,7841,46773,12753,61244	24.206371307373047,21.512779235839844,20.919414520263672,20.082759857177734,20.033113479614258
triage	263	1	383	384	151645	151645,198,11,25,151644	22.8052921295166,13.30182933807373,12.34489631652832,11.603486061096191,11.559097290039062
triage	264	0	376	376	2313	2313,46773,61244,7841,12753	25.028438568115234,21.774492263793945,20.445980072021484,19.934860229492188,19.35619354248047
triage	264	1	376	377	151645	151645,198,11,13,271	22.675270080566406,13.418645858764648,12.248428344726562,11.875824928283691,11.53880786895752
triage	266	0	244	244	2313	2313,46773,7841,64334,14582	23.71253204345703,21.33487319946289,19.59832763671875,18.662580490112305,17.748273849487305
triage	266	1	244	245	151645	151645,11,13,25,198	22.28944206237793,15.351534843444824,12.5005521774292,11.598222732543945,11.363149642944336
triage	270	0	293	293	2313	2313,46773,7841,12753,56176	26.284637451171875,22.849233627319336,20.58317756652832,19.265926361083984,18.6191463470459
triage	270	1	293	294	151645	151645,198,11,271,13	22.52292251586914,12.656864166259766,12.402849197387695,12.332908630371094,11.769525527954102
triage	273	0	379	379	2313	2313,46773,61244,56176,12753	24.967117309570312,21.76221466064453,20.44234848022461,19.43529510498047,19.074565887451172
triage	273	1	379	380	151645	151645,11,198,13,25	22.48431396484375,14.784332275390625,13.501641273498535,12.582533836364746,12.396930694580078
triage	279	0	293	293	2313	2313,46773,64334,76303,7841	25.164474487304688,21.984539031982422,20.418636322021484,19.869096755981445,19.521963119506836
triage	279	1	293	294	151645	151645,11,25,198,271	22.455659866333008,13.2511625289917,12.263066291809082,11.983844757080078,11.840296745300293
triage	283	0	325	325	2313	2313,12753,46773,7841,13859	23.555206298828125,23.252643585205078,21.476356506347656,20.796632766723633,19.524917602539062
triage	283	1	325	326	151645	151645,11,198,13,25	22.288572311401367,15.066699981689453,12.123144149780273,11.882743835449219,11.810681343078613
triage	284	0	312	312	2313	2313,46773,56176,7841,11159	25.326797485351562,22.19777488708496,18.68581199645996,18.350839614868164,18.23518180847168
triage	284	1	312	313	151645	151645,13,11,271,198	22.37649917602539,12.305218696594238,12.276609420776367,11.61166763305664,11.414223670959473
triage	286	0	252	252	2313	2313,7841,46773,12753,64334	23.664255142211914,22.582130432128906,21.643814086914062,20.912940979003906,18.230939865112305
triage	286	1	252	253	151645	151645,11,13,25,198	22.22163963317871,14.64462661743164,13.248270034790039,12.476142883300781,12.135897636413574
triage	288	0	312	312	2313	2313,46773,7841,12753,64334	24.23012924194336,22.329486846923828,21.648561477661133,20.403623580932617,19.382610321044922
triage	288	1	312	313	151645	151645,198,271,13,25	22.45707893371582,13.378500938415527,12.827351570129395,12.784394264221191,12.583450317382812
triage	289	0	251	251	2313	2313,46773,12753,7841,56176	25.828176498413086,23.01565933227539,19.550708770751953,19.40256118774414,19.202173233032227
triage	289	1	251	252	151645	151645,11,198,271,25	22.260475158691406,14.410746574401855,12.634895324707031,12.486345291137695,11.590520858764648
triage	290	0	384	384	2313	2313,7841,46773,61244,64334	24.164020538330078,21.97613525390625,21.424367904663086,20.219820022583008,19.866655349731445
triage	290	1	384	385	151645	151645,13,198,271,11	22.713403701782227,13.272921562194824,12.957038879394531,12.949908256530762,12.407403945922852
triage	292	0	342	342	2313	2313,46773,7841,12753,64334	24.566556930541992,21.93629264831543,21.688365936279297,20.28018569946289,18.488496780395508
triage	292	1	342	343	151645	151645,198,11,13,25	22.4248046875,12.869744300842285,12.804924011230469,11.831892967224121,11.684982299804688
triage	293	0	263	263	2313	2313,46773,7841,64334,12753	24.62604522705078,22.27086639404297,20.542034149169922,20.0284366607666,19.54483985900879
triage	293	1	263	264	151645	151645,11,198,271,13	22.624967575073242,12.824775695800781,12.473393440246582,12.112943649291992,12.055900573730469
triage	294	0	391	391	2313	2313,12753,46773,7841,56176	25.044740676879883,21.73611068725586,21.72711944580078,20.769824981689453,18.16000747680664
triage	294	1	391	392	151645	151645,11,198,25,271	22.39354133605957,13.322053909301758,13.004647254943848,12.815923690795898,12.761082649230957
triage	299	0	224	224	2313	2313,46773,7841,12753,56176	24.49435806274414,21.550018310546875,20.4715633392334,19.150407791137695,17.719810485839844
triage	299	1	224	225	151645	151645,11,198,13,25	22.488983154296875,13.166202545166016,12.409758567810059,12.051837921142578,11.97663688659668
triage	300	0	273	273	2313	2313,46773,7841,12753,14582	24.534149169921875,22.026758193969727,22.01496696472168,19.96086883544922,18.574281692504883
triage	300	1	273	274	151645	151645,13,271,11,198	22.48079490661621,13.253732681274414,12.851907730102539,12.788180351257324,12.743269920349121
triage	302	0	393	393	2313	2313,46773,12753,7841,64334	25.216991424560547,22.673463821411133,20.74049186706543,20.08522605895996,18.16934585571289
triage	302	1	393	394	151645	151645,11,25,198,13	22.59925079345703,13.614315032958984,12.380219459533691,11.97211742401123,11.699874877929688
triage	316	0	370	370	2313	2313,46773,7841,56176,11159	24.910064697265625,21.878324508666992,20.295644760131836,18.196138381958008,17.85740089416504
triage	316	1	370	371	151645	151645,13,198,11,271	22.609085083007812,13.731156349182129,12.8899564743042,12.871841430664062,12.140832901000977
triage	324	0	374	374	2313	2313,46773,7841,12753,11159	25.535194396972656,21.799570083618164,19.712417602539062,19.231468200683594,18.50616455078125
triage	324	1	374	375	151645	151645,198,11,13,25	22.43635368347168,13.176974296569824,13.0365629196167,12.752166748046875,11.836080551147461
triage	325	0	372	372	2313	2313,46773,7841,56176,12753	25.969335556030273,22.487489700317383,19.695802688598633,19.360492706298828,17.74496841430664
triage	325	1	372	373	151645	151645,11,13,198,271	22.447956085205078,13.585591316223145,13.370217323303223,12.153255462646484,11.65733814239502
triage	326	0	407	407	2313	2313,46773,7841,12753,56176	25.66611671447754,21.980186462402344,18.96956443786621,18.764373779296875,18.362319946289062
triage	326	1	407	408	151645	151645,13,198,11,151644	22.59905242919922,14.466156959533691,11.974924087524414,11.676711082458496,11.095193862915039
triage	344	0	357	357	2313	2313,46773,12753,7841,61244	24.242809295654297,21.215282440185547,20.477821350097656,20.128097534179688,19.3980655670166
triage	344	1	357	358	151645	151645,198,13,11,25	22.447751998901367,13.670165061950684,12.784343719482422,12.766042709350586,12.27835464477539
triage	348	0	311	311	2313	2313,12753,46773,7841,13859	23.273752212524414,22.291982650756836,21.899517059326172,21.663915634155273,19.517213821411133
triage	348	1	311	312	151645	151645,11,271,198,25	22.355937957763672,14.267784118652344,13.263272285461426,12.807411193847656,12.68815803527832
triage	355	0	287	287	2313	2313,46773,7841,12753,61244	24.589141845703125,21.89203453063965,21.30408477783203,20.46904754638672,20.201576232910156
triage	355	1	287	288	151645	151645,11,198,271,25	22.38740348815918,14.871420860290527,12.368730545043945,12.019577980041504,11.761896133422852
triage	368	0	267	267	2313	2313,46773,61244,7841,56176	24.7829532623291,21.23455810546875,19.45203399658203,18.68899917602539,17.859474182128906
triage	368	1	267	268	151645	151645,13,11,198,271	22.474346160888672,12.428502082824707,12.327715873718262,11.890766143798828,11.218185424804688
triage	372	0	285	285	2313	2313,46773,7841,12753,11159	24.904277801513672,21.928192138671875,20.400577545166016,18.372337341308594,17.73785972595215
triage	372	1	285	286	151645	151645,11,198,13,25	22.515399932861328,12.893133163452148,12.090764045715332,12.031063079833984,11.534134864807129
triage	374	0	270	270	2313	2313,46773,61244,56176,8349	25.978424072265625,23.320035934448242,18.46696662902832,18.125768661499023,17.659809112548828
triage	374	1	270	271	151645	151645,11,13,198,271	22.45819664001465,13.05095100402832,12.013233184814453,11.909200668334961,11.841259002685547
triage	377	0	327	327	2313	2313,46773,7841,56176,11159	25.927818298339844,23.270721435546875,19.103801727294922,18.296348571777344,18.115205764770508
triage	377	1	327	328	151645	151645,11,13,198,25	22.472320556640625,12.673322677612305,12.296780586242676,11.629178047180176,11.340360641479492
triage	378	0	216	216	2313	2313,46773,7841,56176,12753	26.49370765686035,22.97707748413086,19.590007781982422,18.778560638427734,18.021265029907227
triage	378	1	216	217	151645	151645,11,13,198,25	22.52569007873535,12.457905769348145,12.239356994628906,11.482691764831543,11.02009391784668
triage	381	0	371	371	2313	2313,46773,12753,7841,64334	22.943269729614258,21.458234786987305,21.21653175354004,21.126550674438477,18.89905548095703
triage	381	1	371	372	151645	151645,11,198,25,271	22.398662567138672,14.436798095703125,13.170080184936523,12.886958122253418,12.288663864135742
triage	386	0	393	393	2313	2313,12753,46773,7841,13859	24.44759178161621,23.19611930847168,21.956127166748047,20.796674728393555,18.866548538208008
triage	386	1	393	394	151645	151645,11,25,198,13	22.58818244934082,13.1934232711792,12.666337966918945,12.650211334228516,12.333500862121582
triage	387	0	266	266	2313	2313,7841,46773,64334,76303	23.204090118408203,21.556407928466797,21.324352264404297,20.173559188842773,19.70829963684082
triage	387	1	266	267	151645	151645,11,13,198,25	22.41767120361328,15.741293907165527,12.641045570373535,11.970687866210938,11.45552921295166
triage	390	0	273	273	2313	2313,46773,56176,7841,12753	25.96759605407715,23.383193969726562,18.3465633392334,18.235031127929688,17.867778778076172
triage	390	1	273	274	151645	151645,11,198,13,25	22.450992584228516,12.962099075317383,11.88381290435791,11.861977577209473,11.548982620239258
triage	399	0	378	378	2313	2313,46773,61244,7841,12753	24.83041763305664,21.797197341918945,19.94513511657715,19.489513397216797,18.830181121826172
triage	399	1	378	379	151645	151645,198,11,13,271	22.519075393676758,13.941543579101562,13.311381340026855,12.687390327453613,12.51245403289795
triage	400	0	397	397	2313	2313,46773,61244,56176,12753	25.089447021484375,21.78497314453125,18.75217056274414,18.53261947631836,18.347108840942383
triage	400	1	397	398	151645	151645,13,198,11,271	22.643648147583008,13.380882263183594,12.91893482208252,12.617112159729004,11.43136215209961
triage	402	0	385	385	2313	2313,12753,7841,46773,64334	22.925798416137695,22.14640235900879,20.61564064025879,20.531156539916992,18.010910034179688
triage	402	1	385	386	151645	151645,11,198,25,13	22.23128318786621,13.754511833190918,12.710025787353516,12.084568977355957,11.726852416992188
triage	407	0	265	265	2313	2313,46773,7841,61244,64334	23.805519104003906,21.33483123779297,20.68275260925293,19.102277755737305,18.560571670532227
triage	407	1	265	266	151645	151645,198,271,11,13	22.524658203125,12.90056037902832,12.393651008605957,12.312305450439453,12.157466888427734
triage	409	0	242	242	2313	2313,46773,7841,12753,64334	24.987041473388672,22.15950584411621,20.273860931396484,19.439226150512695,19.304210662841797
triage	409	1	242	243	151645	151645,11,25,198,271	22.217254638671875,14.792022705078125,12.946049690246582,12.003286361694336,11.891974449157715
triage	413	0	249	249	2313	2313,46773,7841,12753,64334	25.131908416748047,22.536441802978516,19.50601577758789,19.404346466064453,18.85892677307129
triage	413	1	249	250	151645	151645,11,198,25,271	22.317842483520508,13.871000289916992,12.404699325561523,11.93047046661377,11.471394538879395
triage	422	0	413	413	2313	2313,46773,7841,56176,61244	25.21660804748535,22.062326431274414,19.208091735839844,18.84710693359375,18.614233016967773
triage	422	1	413	414	151645	151645,11,13,198,271	22.50286293029785,13.109604835510254,12.893157005310059,12.240418434143066,12.207132339477539
triage	424	0	420	420	2313	2313,46773,61244,7841,12753	25.171810150146484,22.21487808227539,20.000774383544922,19.93092155456543,18.8416748046875
triage	424	1	420	421	151645	151645,11,25,198,13	22.377771377563477,13.394549369812012,11.887134552001953,11.832358360290527,11.594732284545898
triage	426	0	402	402	2313	2313,46773,7841,56176,12753	26.044815063476562,22.535118103027344,19.075658798217773,18.00035858154297,17.896114349365234
triage	426	1	402	403	151645	151645,13,11,198,25	22.444496154785156,14.036908149719238,13.103568077087402,12.249836921691895,11.81062126159668
triage	428	0	268	268	2313	2313,46773,56176,7841,11159	26.63521385192871,22.991405487060547,19.570585250854492,18.911705017089844,18.44280242919922
triage	428	1	268	269	151645	151645,11,198,13,271	22.433862686157227,13.58027458190918,12.421425819396973,12.299354553222656,11.593926429748535
triage	429	0	264	264	2313	2313,46773,7841,12753,11159	25.471942901611328,22.40860366821289,20.917407989501953,20.91495132446289,18.52788543701172
triage	429	1	264	265	151645	151645,11,198,25,271	22.133607864379883,14.379642486572266,13.24744701385498,12.409453392028809,12.395002365112305
triage	430	0	391	391	2313	2313,46773,12753,56176,61244	25.211166381835938,21.890308380126953,19.495574951171875,19.30162811279297,18.197458267211914
triage	430	1	391	392	151645	151645,11,198,13,25	22.469196319580078,14.170137405395508,13.036835670471191,12.193644523620605,12.001687049865723
triage	433	0	286	286	2313	2313,46773,7841,12753,61244	24.314577102661133,21.545202255249023,21.290437698364258,20.006893157958984,19.30398941040039
triage	433	1	286	287	151645	151645,11,198,25,13	22.49612045288086,13.32451343536377,12.175348281860352,11.717331886291504,11.500250816345215
triage	434	0	355	355	2313	2313,7841,12753,46773,14582	22.917329788208008,22.789447784423828,21.42230796813965,21.345272064208984,19.55561637878418
triage	434	1	355	356	151645	151645,11,198,271,25	22.383411407470703,13.868654251098633,12.315536499023438,12.26150894165039,11.732037544250488
triage	435	0	319	319	2313	2313,46773,7841,12753,14582	24.629526138305664,22.045167922973633,20.841144561767578,19.56771469116211,18.0152587890625
triage	435	1	319	320	151645	151645,11,198,271,25	22.223283767700195,13.501371383666992,13.30400562286377,12.499035835266113,12.159329414367676
triage	436	0	363	363	2313	2313,46773,7841,56176,8349	26.430713653564453,23.198131561279297,19.281736373901367,19.249547958374023,17.721364974975586
triage	436	1	363	364	151645	151645,11,13,198,271	22.57806968688965,13.482930183410645,13.150457382202148,12.244815826416016,11.673601150512695
triage	437	0	281	281	2313	2313,46773,7841,61244,56176	25.545223236083984,22.413545608520508,19.820993423461914,19.351333618164062,18.788448333740234
triage	437	1	281	282	151645	151645,13,11,198,25	22.458017349243164,13.405221939086914,13.097063064575195,11.551799774169922,11.46060562133789
triage	438	0	233	233	2313	2313,46773,7841,11159,12753	24.890100479125977,22.023693084716797,19.275043487548828,17.8385009765625,17.605165481567383
triage	438	1	233	234	151645	151645,11,13,198,271	22.23166275024414,13.982993125915527,13.377836227416992,12.033459663391113,11.50582218170166
triage	443	0	387	387	2313	2313,7841,46773,61244,12753	25.083480834960938,21.10944366455078,21.09492301940918,20.758081436157227,19.940603256225586
triage	443	1	387	388	151645	151645,11,13,25,198	22.042757034301758,14.105884552001953,12.256317138671875,11.65560245513916,11.454729080200195
triage	444	0	306	306	7841	7841,2313,64334,14582,46773	23.359355926513672,22.424007415771484,20.331615447998047,20.043228149414062,19.922338485717773
triage	444	1	306	307	151645	151645,11,13,25,151644	22.635427474975586,14.46571159362793,13.303057670593262,13.069599151611328,11.236420631408691
triage	450	0	231	231	2313	2313,7841,46773,64334,76303	24.283781051635742,22.282386779785156,21.538009643554688,20.372465133666992,19.85747718811035
triage	450	1	231	232	151645	151645,11,25,198,13	22.398149490356445,14.239608764648438,12.789671897888184,12.280550003051758,12.019468307495117
triage	451	0	235	235	2313	2313,7841,12753,46773,14582	24.782228469848633,22.582622528076172,22.113807678222656,22.021249771118164,18.601890563964844
triage	451	1	235	236	151645	151645,11,198,13,25	22.325149536132812,14.27100658416748,12.305952072143555,12.300747871398926,11.93288516998291
triage	452	0	374	374	2313	2313,46773,12753,7841,11159	25.160186767578125,22.261959075927734,19.40930938720703,19.220861434936523,17.828393936157227
triage	452	1	374	375	151645	151645,13,11,198,25	22.174789428710938,14.409482955932617,13.55076789855957,12.40312385559082,12.043879508972168
triage	453	0	270	270	2313	2313,46773,7841,11159,56176	25.264497756958008,21.63667869567871,20.010231018066406,19.130666732788086,18.312631607055664
triage	453	1	270	271	151645	151645,11,198,13,151644	22.3449649810791,13.366996765136719,11.437674522399902,11.230985641479492,11.01799201965332
triage	454	0	267	267	2313	2313,46773,56176,11159,8349	27.351531982421875,23.408226013183594,20.0557918548584,17.90749168395996,17.894208908081055
triage	454	1	267	268	151645	151645,11,13,198,25	22.255115509033203,13.327211380004883,12.473809242248535,12.274069786071777,12.097602844238281
triage	456	0	367	367	2313	2313,7841,46773,12753,11159	24.837566375732422,21.724693298339844,21.428157806396484,20.815555572509766,19.328838348388672
triage	456	1	367	368	151645	151645,11,198,13,25	22.227378845214844,13.807992935180664,12.253080368041992,11.861818313598633,11.73520278930664
triage	460	0	286	286	2313	2313,46773,7841,12753,61244	26.005977630615234,22.507070541381836,18.753299713134766,18.49599266052246,18.386796951293945
triage	460	1	286	287	151645	151645,11,198,13,25	22.565654754638672,12.582417488098145,11.664424896240234,11.388915061950684,11.317312240600586
triage	463	0	315	315	2313	2313,46773,7841,12753,56176	24.601930618286133,21.791696548461914,20.18863868713379,19.756895065307617,18.515748977661133
triage	463	1	315	316	151645	151645,13,11,198,271	22.4335994720459,14.244203567504883,13.698554992675781,13.2451753616333,13.144742965698242
triage	465	0	375	375	2313	2313,76303,64334,61244,46773	22.767696380615234,21.580812454223633,21.048503875732422,19.75705909729004,19.649999618530273
triage	465	1	375	376	151645	151645,11,13,198,271	22.517663955688477,13.436202049255371,13.126587867736816,12.627893447875977,12.134637832641602
triage	468	0	225	225	2313	2313,46773,7841,12753,64334	24.577659606933594,22.49995231628418,21.06045150756836,18.935205459594727,18.635238647460938
triage	468	1	225	226	151645	151645,11,13,25,198	22.267528533935547,16.05927276611328,13.663222312927246,12.300739288330078,11.961411476135254
triage	469	0	377	377	2313	2313,7841,46773,12753,61244	23.832672119140625,21.22689437866211,20.951541900634766,20.240949630737305,20.18817138671875
triage	469	1	377	378	151645	151645,198,11,25,13	22.4686222076416,13.596578598022461,13.351137161254883,12.782355308532715,12.001829147338867
triage	486	0	299	299	2313	2313,7841,46773,12753,64334	23.26840591430664,21.626888275146484,21.60312271118164,20.309036254882812,19.749465942382812
triage	486	1	299	300	151645	151645,11,198,271,13	22.38494300842285,13.507806777954102,12.830240249633789,12.703482627868652,11.792651176452637
triage	487	0	343	343	2313	2313,46773,7841,64334,12753	23.390727996826172,21.578540802001953,20.38837242126465,19.656822204589844,19.63168716430664
triage	487	1	343	344	151645	151645,11,198,271,25	22.134292602539062,14.084787368774414,12.266183853149414,12.082883834838867,11.930441856384277
triage	521	0	297	297	2313	2313,46773,56176,7841,12753	26.33321189880371,22.31243133544922,19.928892135620117,19.746505737304688,19.16379165649414
triage	521	1	297	298	151645	151645,11,13,198,25	22.293033599853516,14.24793815612793,13.402180671691895,12.469969749450684,11.807326316833496
triage	525	0	385	385	2313	2313,46773,12753,56176,7841	26.27635383605957,23.429208755493164,19.068069458007812,18.568214416503906,18.331222534179688
triage	525	1	385	386	151645	151645,11,13,271,198	22.306236267089844,13.536544799804688,12.660810470581055,11.761981964111328,11.718131065368652
triage	527	0	230	230	2313	2313,46773,56176,11159,12753	26.7369384765625,23.43338394165039,18.959558486938477,17.654834747314453,17.402137756347656
triage	527	1	230	231	151645	151645,11,13,198,25	22.339872360229492,13.993178367614746,12.601602554321289,11.35493278503418,11.186203956604004
triage	529	0	380	380	2313	2313,46773,7841,12753,61244	24.323150634765625,21.56243133544922,21.32811737060547,20.957929611206055,19.339351654052734
triage	529	1	380	381	151645	151645,11,198,25,13	22.549724578857422,13.243762016296387,13.100641250610352,12.737468719482422,11.607403755187988
triage	530	0	296	296	2313	2313,46773,12753,7841,64334	24.730857849121094,22.543672561645508,21.276227951049805,20.618762969970703,18.426115036010742
triage	530	1	296	297	151645	151645,11,25,198,13	22.378080368041992,14.075189590454102,11.886566162109375,11.755180358886719,11.658062934875488
triage	533	0	236	236	2313	2313,46773,7841,61244,12753	24.7797908782959,21.935102462768555,19.427040100097656,18.634191513061523,18.565963745117188
triage	533	1	236	237	151645	151645,11,13,198,25	22.377338409423828,15.07942008972168,13.42568588256836,12.431262016296387,11.330020904541016
triage	534	0	224	224	2313	2313,46773,12753,8349,7841	25.13250160217285,21.730642318725586,20.6375675201416,20.57122230529785,19.075515747070312
triage	534	1	224	225	151645	151645,11,198,271,13	22.154041290283203,15.59286117553711,12.260706901550293,11.932173728942871,11.882903099060059
triage	535	0	246	246	2313	2313,46773,7841,12753,64334	24.11513328552246,21.96750259399414,20.969684600830078,20.393672943115234,18.728181838989258
triage	535	1	246	247	151645	151645,11,13,198,25	22.392728805541992,13.664559364318848,13.3823881149292,12.914566040039062,12.265836715698242
triage	536	0	370	370	2313	2313,12753,7841,46773,61244	23.396108627319336,21.713993072509766,21.48164939880371,20.300403594970703,18.947994232177734
triage	536	1	370	371	151645	151645,198,11,25,271	22.77515411376953,13.582877159118652,12.29344367980957,11.75100040435791,11.686071395874023
triage	537	0	207	207	2313	2313,7841,46773,64334,76303	24.165685653686523,21.7031192779541,21.247352600097656,20.117206573486328,19.68909454345703
triage	537	1	207	208	151645	151645,11,13,198,25	22.153078079223633,14.816722869873047,12.630173683166504,12.216736793518066,12.097030639648438
triage	538	0	260	260	2313	2313,46773,7841,12753,64334	25.195716857910156,22.619953155517578,21.346025466918945,19.917278289794922,18.390552520751953
triage	538	1	260	261	151645	151645,11,13,198,271	22.392362594604492,13.99027156829834,12.484701156616211,12.385278701782227,12.064184188842773
triage	540	0	194	194	2313	2313,7841,46773,12753,14582	24.83445167541504,21.93687629699707,21.763221740722656,20.344104766845703,17.91208267211914
triage	540	1	194	195	151645	151645,11,25,13,198	22.376163482666016,13.941442489624023,12.237696647644043,12.024426460266113,11.787812232971191
triage	541	0	229	229	2313	2313,46773,7841,12753,64334	24.6800479888916,21.96969223022461,21.055187225341797,20.382282257080078,18.455501556396484
triage	541	1	229	230	151645	151645,11,198,25,13	22.40981101989746,14.223709106445312,12.257935523986816,12.198871612548828,12.187955856323242
triage	547	0	367	367	2313	2313,46773,7841,12753,61244	25.173484802246094,22.342187881469727,20.867382049560547,20.111343383789062,17.812564849853516
triage	547	1	367	368	151645	151645,13,11,198,25	22.547622680664062,13.136444091796875,12.67728328704834,12.346780776977539,11.647968292236328
triage	559	0	177	177	2313	2313,46773,7841,12753,61244	25.366275787353516,22.00863265991211,19.118255615234375,17.837182998657227,17.814960479736328
triage	559	1	177	178	151645	151645,13,11,198,25	22.474794387817383,12.087180137634277,12.002205848693848,11.596641540527344,11.29074478149414
triage	560	0	372	372	2313	2313,46773,56176,7841,12753	25.927011489868164,21.864957809448242,19.321247100830078,19.070091247558594,17.97255516052246
triage	560	1	372	373	151645	151645,13,11,198,271	22.231609344482422,13.561161994934082,12.936311721801758,12.484148025512695,12.25079345703125
triage	566	0	415	415	2313	2313,61244,46773,7841,64334	22.821216583251953,20.78154754638672,20.483169555664062,20.236019134521484,19.884397506713867
triage	566	1	415	416	151645	151645,198,271,11,25	22.476049423217773,12.967491149902344,12.172369003295898,12.054635047912598,11.949528694152832
triage	568	0	195	195	2313	2313,46773,7841,12753,64334	25.039871215820312,21.905162811279297,21.8793888092041,20.648107528686523,19.76587677001953
triage	568	1	195	196	151645	151645,11,13,25,198	22.376773834228516,13.572402000427246,12.554637908935547,12.507046699523926,12.35549545288086
triage	569	0	294	294	2313	2313,7841,12753,46773,64334	22.83904457092285,21.43012046813965,20.674983978271484,20.581140518188477,19.1834774017334
triage	569	1	294	295	151645	151645,11,198,271,25	22.378454208374023,14.333255767822266,13.332076072692871,12.819586753845215,12.213308334350586
triage	580	0	191	191	2313	2313,46773,7841,56176,12753	25.665693283081055,22.3488712310791,19.02474021911621,18.22551918029785,17.89111328125
triage	580	1	191	192	151645	151645,11,13,198,25	22.28986358642578,13.467789649963379,12.295513153076172,11.842799186706543,11.485122680664062
triage	581	0	200	200	2313	2313,46773,7841,12753,61244	25.114702224731445,22.28253746032715,20.26503562927246,18.738059997558594,18.64098358154297
triage	581	1	200	201	151645	151645,11,13,198,25	22.32583999633789,13.602672576904297,13.142809867858887,11.984923362731934,11.67218017578125
triage	582	0	284	284	2313	2313,46773,7841,12753,64334	23.939634323120117,21.671676635742188,21.49270248413086,20.790607452392578,18.838504791259766
triage	582	1	284	285	151645	151645,25,11,13,198	22.33343505859375,13.106806755065918,12.950004577636719,12.228950500488281,12.039155006408691
triage	583	0	378	378	2313	2313,46773,7841,12753,11159	24.220853805541992,20.996572494506836,20.975587844848633,20.50041389465332,18.57160758972168
triage	583	1	378	379	151645	151645,11,198,25,13	22.333284378051758,13.816638946533203,13.088741302490234,12.912108421325684,12.056385040283203
triage	588	0	364	364	2313	2313,7841,46773,12753,11159	24.031997680664062,20.978553771972656,20.7154598236084,20.20246124267578,18.145191192626953
triage	588	1	364	365	151645	151645,198,11,25,13	22.43564796447754,13.425296783447266,13.000547409057617,12.5184326171875,11.719111442565918
triage	590	0	369	369	2313	2313,12753,46773,7841,64334	24.189403533935547,21.83352279663086,21.401586532592773,21.38071632385254,18.517045974731445
triage	590	1	369	370	151645	151645,11,198,25,271	22.486162185668945,12.741926193237305,12.62719440460205,12.330042839050293,12.046605110168457
triage	595	0	372	372	2313	2313,46773,61244,7841,8349	23.794340133666992,20.497806549072266,18.656280517578125,18.193687438964844,17.498735427856445
triage	595	1	372	373	151645	151645,198,13,11,25	22.484546661376953,12.777422904968262,12.333189964294434,12.25515079498291,11.393125534057617
triage	597	0	375	375	2313	2313,46773,7841,61244,56176	25.60502815246582,22.199176788330078,21.04819107055664,19.28610610961914,19.080751419067383
triage	597	1	375	376	151645	151645,198,11,13,271	22.49789047241211,12.998042106628418,12.732187271118164,12.663538932800293,12.545166015625
triage	598	0	243	243	2313	2313,46773,12753,7841,64334	25.20000457763672,22.645343780517578,21.13994789123535,20.795682907104492,17.85448455810547
triage	598	1	243	244	151645	151645,11,13,198,271	22.506053924560547,13.512547492980957,12.48173713684082,12.025472640991211,11.627201080322266
triage	629	0	188	188	2313	2313,7841,46773,12753,64334	23.887165069580078,22.028989791870117,21.461172103881836,20.424833297729492,18.503217697143555
triage	629	1	188	189	151645	151645,11,13,198,25	22.405651092529297,13.759204864501953,12.81860065460205,12.070516586303711,11.197155952453613
triage	633	0	252	252	2313	2313,7841,46773,12753,56176	24.982646942138672,21.876720428466797,21.512348175048828,21.072824478149414,18.3575439453125
triage	633	1	252	253	151645	151645,11,198,271,13	22.555002212524414,13.670516967773438,13.400123596191406,12.27681827545166,12.160889625549316
triage	634	0	243	243	2313	2313,46773,7841,12753,14582	24.287609100341797,21.71453094482422,21.194419860839844,20.569591522216797,17.882125854492188
triage	634	1	243	244	151645	151645,11,13,25,198	22.396453857421875,13.14560604095459,12.4446382522583,12.047555923461914,12.00114917755127
triage	636	0	376	376	2313	2313,46773,7841,64334,61244	24.421327590942383,21.847753524780273,21.22759246826172,19.585693359375,19.580360412597656
triage	636	1	376	377	151645	151645,11,25,198,13	22.678354263305664,13.19351863861084,11.834724426269531,11.800092697143555,11.348345756530762
triage	640	0	234	234	2313	2313,12753,46773,64334,7841	22.728925704956055,21.99013900756836,21.17635154724121,20.225440979003906,20.02171516418457
triage	640	1	234	235	151645	151645,11,13,198,25	22.19232177734375,15.246708869934082,12.704680442810059,12.132993698120117,11.833024978637695
triage	644	0	219	219	2313	2313,46773,7841,64334,12753	24.749614715576172,22.423429489135742,21.284133911132812,20.212505340576172,19.590356826782227
triage	644	1	219	220	151645	151645,11,198,13,271	22.206674575805664,15.129579544067383,12.558162689208984,12.541153907775879,12.268306732177734
triage	645	0	365	365	2313	2313,46773,7841,56176,11159	25.99312400817871,22.409854888916016,18.61910629272461,18.46861457824707,18.015880584716797
triage	645	1	365	366	151645	151645,11,13,198,271	22.66840934753418,12.90364933013916,12.474011421203613,12.337991714477539,11.81693172454834
triage	648	0	402	402	64334	64334,76303,2313,61244,6062	22.979183197021484,22.949495315551758,22.267087936401367,20.276691436767578,20.111976623535156
triage	648	1	402	403	151645	151645,13,58529,11,18142	20.568899154663086,13.328038215637207,13.165857315063477,12.537984848022461,12.467891693115234
triage	650	0	257	257	2313	2313,46773,7841,64334,56176	25.629615783691406,22.340864181518555,20.14470672607422,18.446561813354492,18.273197174072266
triage	650	1	257	258	151645	151645,11,13,198,25	22.333770751953125,12.843331336975098,12.286441802978516,11.929115295410156,11.549114227294922
triage	653	0	267	267	2313	2313,46773,7841,12753,11159	24.98904800415039,21.7515811920166,20.755626678466797,20.299901962280273,18.35633087158203
triage	653	1	267	268	151645	151645,11,198,13,25	22.45155143737793,13.487604141235352,12.162460327148438,11.966398239135742,11.712149620056152
triage	656	0	316	316	2313	2313,46773,56176,7841,8349	26.103750228881836,22.940345764160156,19.095462799072266,18.758703231811523,17.931747436523438
triage	656	1	316	317	151645	151645,198,13,11,271	22.550466537475586,12.632116317749023,12.294461250305176,12.281042098999023,11.568124771118164
triage	658	0	264	264	2313	2313,46773,12753,7841,5743	25.20087242126465,23.2359619140625,21.03801155090332,20.34659767150879,20.064502716064453
triage	658	1	264	265	151645	151645,11,25,13,198	22.27118492126465,14.194180488586426,12.362041473388672,11.840277671813965,11.82886028289795
triage	659	0	367	367	2313	2313,46773,7841,12753,11159	25.03258514404297,21.23186683654785,20.3385066986084,19.61255645751953,18.39629364013672
triage	659	1	367	368	151645	151645,198,11,13,25	22.421419143676758,13.241754531860352,13.042285919189453,12.379739761352539,11.695714950561523
triage	662	0	185	185	2313	2313,46773,12753,7841,61244	24.34827995300293,21.752120971679688,21.415876388549805,20.484086990356445,18.375965118408203
triage	662	1	185	186	151645	151645,11,13,198,25	22.527647018432617,13.861250877380371,12.569046020507812,11.87603759765625,11.552647590637207
triage	671	0	370	370	2313	2313,46773,7841,12753,56176	24.82504653930664,22.759737014770508,19.767335891723633,19.6871280670166,18.855093002319336
triage	671	1	370	371	151645	151645,11,13,25,198	22.395008087158203,13.75637435913086,12.417770385742188,12.18940258026123,11.906259536743164
triage	673	0	210	210	2313	2313,46773,7841,12753,56176	24.97753143310547,22.111787796020508,20.953399658203125,19.91781997680664,18.277233123779297
triage	673	1	210	211	151645	151645,11,13,25,198	22.1167049407959,15.569562911987305,13.808367729187012,12.070762634277344,11.495636940002441
triage	674	0	352	352	64334	64334,2313,76303,7841,61244	22.583498001098633,22.211442947387695,21.24427604675293,20.64141845703125,19.745357513427734
triage	674	1	352	353	151645	151645,13,11,25,198	21.822376251220703,16.002553939819336,13.968517303466797,13.457147598266602,11.51737117767334
triage	679	0	415	415	2313	2313,46773,7841,56176,64334	25.48978614807129,23.134273529052734,19.42035484313965,18.50104331970215,18.454940795898438
triage	679	1	415	416	151645	151645,11,271,13,198	22.562793731689453,13.136173248291016,12.86300277709961,12.836748123168945,12.488863945007324
triage	681	0	363	363	2313	2313,46773,7841,12753,56176	25.208839416503906,22.77548599243164,20.320022583007812,18.471799850463867,18.404903411865234
triage	681	1	363	364	151645	151645,11,198,271,25	22.3668270111084,14.315932273864746,12.191095352172852,11.393465995788574,11.316553115844727
triage	683	0	368	368	2313	2313,46773,7841,64334,61244	23.874542236328125,21.98572540283203,21.228242874145508,20.103973388671875,19.417091369628906
triage	683	1	368	369	151645	151645,11,198,271,25	22.66089630126953,13.413321495056152,12.617263793945312,12.101506233215332,11.83385181427002
triage	684	0	365	365	2313	2313,46773,7841,11159,56176	25.561492919921875,21.93085289001465,19.019725799560547,18.85308265686035,18.486177444458008
triage	684	1	365	366	151645	151645,11,13,198,271	22.452898025512695,13.073945999145508,12.459904670715332,12.201464653015137,11.826461791992188
triage	690	0	246	246	2313	2313,46773,12753,7841,56176	25.996593475341797,21.932395935058594,20.49751091003418,19.68621826171875,18.707836151123047
triage	690	1	246	247	151645	151645,11,198,13,25	22.51663589477539,13.545907020568848,13.161825180053711,12.87243366241455,11.949653625488281
triage	692	0	387	387	2313	2313,7841,46773,12753,64334	23.879905700683594,22.085107803344727,21.22012710571289,19.86751937866211,18.412368774414062
triage	692	1	387	388	151645	151645,13,198,151644,11	22.85232925415039,13.310248374938965,11.659605979919434,11.341705322265625,11.039831161499023
triage	693	0	370	370	2313	2313,46773,7841,61244,11159	25.639822006225586,21.721155166625977,20.140338897705078,19.089508056640625,18.55010223388672
triage	693	1	370	371	151645	151645,198,11,13,271	22.37676239013672,13.695578575134277,13.155216217041016,12.82943344116211,12.48280143737793
triage	696	0	238	238	2313	2313,46773,12753,7841,64334	24.119415283203125,21.79606819152832,21.251514434814453,20.296953201293945,18.68181800842285
triage	696	1	238	239	151645	151645,11,13,198,271	22.240249633789062,14.754852294921875,13.160670280456543,12.63235092163086,12.386999130249023
triage	700	0	356	356	2313	2313,46773,7841,56176,11159	26.345653533935547,23.155485153198242,20.132543563842773,19.29486656188965,18.26583480834961
triage	700	1	356	357	151645	151645,11,271,198,25	22.376239776611328,13.094695091247559,12.042707443237305,11.977043151855469,11.863968849182129
triage	703	0	247	247	2313	2313,46773,7841,12753,56176	25.96312713623047,22.06424903869629,19.927268981933594,19.65669822692871,18.807003021240234
triage	703	1	247	248	151645	151645,11,13,198,25	22.51717185974121,14.130325317382812,13.035192489624023,12.685879707336426,11.755475044250488
triage	719	0	358	358	2313	2313,46773,7841,56176,11159	24.60746192932129,21.62510108947754,19.17112922668457,17.835453033447266,17.781314849853516
triage	719	1	358	359	151645	151645,11,13,198,25	22.581600189208984,14.507234573364258,12.24545669555664,11.651092529296875,11.571949005126953
triage	724	0	439	439	2313	2313,46773,7841,61244,12753	24.002214431762695,20.677810668945312,19.76374626159668,19.638185501098633,18.478466033935547
triage	724	1	439	440	151645	151645,198,25,13,11	22.6682186126709,12.115771293640137,11.616153717041016,11.577189445495605,11.542396545410156
triage	730	0	358	358	2313	2313,46773,7841,56176,8349	26.25649642944336,22.825695037841797,20.271080017089844,19.3184814453125,18.220247268676758
triage	730	1	358	359	151645	151645,13,11,198,271	22.601171493530273,12.47546672821045,12.405874252319336,12.006145477294922,11.782268524169922
triage	731	0	390	390	2313	2313,12753,46773,13859,7841	23.68488883972168,22.912654876708984,21.789722442626953,20.458356857299805,19.939029693603516
triage	731	1	390	391	151645	151645,11,25,198,13	22.414438247680664,13.289320945739746,11.91493034362793,11.820548057556152,11.49044132232666
triage	732	0	365	365	2313	2313,46773,7841,12753,11159	25.15606117248535,22.89107894897461,19.65338706970215,19.235960006713867,19.122207641601562
triage	732	1	365	366	151645	151645,13,11,198,271	22.66474151611328,13.236557006835938,12.854074478149414,12.607915878295898,12.286697387695312
triage	734	0	402	402	2313	2313,46773,7841,12753,11159	24.75935935974121,21.661190032958984,20.785388946533203,19.68494987487793,18.177400588989258
triage	734	1	402	403	151645	151645,11,13,198,271	22.11223793029785,14.621005058288574,13.132634162902832,12.812546730041504,12.809937477111816
triage	740	0	368	368	2313	2313,46773,7841,56176,11159	26.166744232177734,22.22042465209961,19.40135383605957,19.047636032104492,18.118717193603516
triage	740	1	368	369	151645	151645,11,198,271,13	22.51995277404785,12.986987113952637,12.410971641540527,12.2044677734375,12.149200439453125
triage	742	0	267	267	2313	2313,46773,56176,12753,8349	26.378610610961914,23.61609649658203,18.616622924804688,17.598299026489258,17.395915985107422
triage	742	1	267	268	151645	151645,198,271,13,11	22.713973999023438,12.868633270263672,12.042863845825195,11.817577362060547,11.728448867797852
triage	743	0	288	288	2313	2313,46773,56176,8349,12753	26.039440155029297,23.053577423095703,18.00462532043457,17.49768829345703,17.20421600341797
triage	743	1	288	289	151645	151645,198,271,13,11	22.761911392211914,12.956907272338867,12.409167289733887,12.012592315673828,11.341238975524902
triage	745	0	416	416	2313	2313,46773,61244,12753,7841	24.038497924804688,21.34671401977539,19.691139221191406,18.483247756958008,18.4267578125
triage	745	1	416	417	151645	151645,13,11,198,25	22.41769027709961,13.161665916442871,12.8553466796875,12.249935150146484,11.779170989990234
triage	746	0	292	292	2313	2313,46773,56176,7841,12753	26.213653564453125,23.023494720458984,19.365375518798828,19.19892120361328,18.51543617248535
triage	746	1	292	293	151645	151645,11,198,13,271	22.692066192626953,12.383870124816895,12.326772689819336,11.924766540527344,11.399024963378906
triage	747	0	360	360	2313	2313,46773,12753,7841,61244	24.531993865966797,21.224397659301758,19.567720413208008,19.076980590820312,18.735267639160156
triage	747	1	360	361	151645	151645,11,198,13,25	22.699277877807617,13.675690650939941,13.310503959655762,12.426594734191895,12.068914413452148
triage	750	0	339	339	2313	2313,46773,7841,12753,56176	24.92058563232422,22.111196517944336,21.62143325805664,19.931434631347656,18.582294464111328
triage	750	1	339	340	151645	151645,198,11,25,271	22.35633087158203,12.719635009765625,12.71764087677002,12.002625465393066,11.765902519226074
triage	751	0	350	350	2313	2313,46773,56176,7841,12753	26.226573944091797,23.15025520324707,18.832365036010742,18.587005615234375,18.370243072509766
triage	751	1	350	351	151645	151645,13,198,271,11	22.597150802612305,12.970712661743164,12.463399887084961,12.413662910461426,11.730674743652344
triage	752	0	359	359	2313	2313,46773,7841,61244,12753	24.841001510620117,21.532272338867188,19.844478607177734,18.041522979736328,17.859277725219727
triage	752	1	359	360	151645	151645,13,11,198,271	22.383119583129883,13.465004920959473,13.146539688110352,12.771811485290527,12.254293441772461
triage	753	0	287	287	2313	2313,46773,7841,12753,64334	24.068300247192383,22.211095809936523,21.34536361694336,20.478322982788086,20.386484146118164
triage	753	1	287	288	151645	151645,11,198,25,271	22.473892211914062,13.219646453857422,12.417282104492188,12.362924575805664,12.153264045715332
triage	754	0	298	298	2313	2313,64334,76303,61244,6062	22.196979522705078,21.063827514648438,20.834484100341797,19.688589096069336,18.793987274169922
triage	754	1	298	299	151645	151645,198,271,13,11	22.691158294677734,12.186338424682617,12.030379295349121,11.479642868041992,11.44390869140625
triage	755	0	364	364	2313	2313,46773,7841,12753,56176	25.53225326538086,21.77037239074707,20.440336227416992,19.620391845703125,18.5915584564209
triage	755	1	364	365	151645	151645,13,11,198,25	22.381568908691406,12.649511337280273,12.636563301086426,12.521149635314941,11.385168075561523
triage	757	0	266	266	2313	2313,46773,12753,7841,64334	23.982833862304688,21.88055419921875,20.654035568237305,20.505325317382812,19.93196678161621
triage	757	1	266	267	151645	151645,11,198,13,25	22.25020408630371,13.768600463867188,12.287386894226074,12.176469802856445,11.808664321899414
triage	768	0	415	415	2313	2313,7841,46773,12753,64334	22.898845672607422,21.772993087768555,20.682552337646484,20.17576026916504,19.53368377685547
triage	768	1	415	416	151645	151645,11,13,198,271	22.423276901245117,14.005595207214355,12.857779502868652,12.505434036254883,11.881980895996094
triage	771	0	409	409	2313	2313,46773,12753,7841,56176	25.0961856842041,22.588577270507812,20.542926788330078,19.87395477294922,18.03513526916504
triage	771	1	409	410	151645	151645,11,198,25,271	22.577518463134766,13.493919372558594,12.284808158874512,11.743230819702148,11.409822463989258
triage	775	0	383	383	2313	2313,46773,7841,61244,12753	24.390377044677734,21.28745460510254,20.259553909301758,19.907955169677734,19.31528091430664
triage	775	1	383	384	151645	151645,11,198,25,13	22.593637466430664,12.907693862915039,12.749454498291016,11.97363567352295,11.844890594482422
triage	782	0	413	413	2313	2313,61244,46773,12753,56176	24.757976531982422,22.084108352661133,20.88823127746582,19.53531265258789,18.91811752319336
triage	782	1	413	414	151645	151645,13,11,25,198	22.32935333251953,12.800158500671387,12.7232084274292,12.72135066986084,12.032112121582031
triage	783	0	356	356	2313	2313,46773,7841,61244,12753	25.103811264038086,22.416439056396484,20.702075958251953,19.013202667236328,18.894914627075195
triage	783	1	356	357	151645	151645,11,198,13,271	22.650514602661133,12.851314544677734,12.757027626037598,12.460487365722656,11.47635269165039
triage	800	0	336	336	2313	2313,46773,56176,12753,7841	24.719898223876953,21.84986686706543,18.22570037841797,18.136417388916016,18.082456588745117
triage	800	1	336	337	151645	151645,271,198,11,25	22.37516212463379,12.815913200378418,12.451824188232422,12.189753532409668,12.038043975830078
triage	801	0	356	356	2313	2313,46773,7841,56176,12753	25.67367172241211,22.56319808959961,19.81563377380371,19.419811248779297,18.50449562072754
triage	801	1	356	357	151645	151645,11,25,198,13	22.417512893676758,12.974019050598145,12.755014419555664,12.73992919921875,12.561697006225586
triage	802	0	377	377	2313	2313,46773,7841,12753,11159	25.043071746826172,22.527265548706055,21.639177322387695,19.933441162109375,18.391098022460938
triage	802	1	377	378	151645	151645,11,198,13,271	22.494346618652344,12.40521240234375,11.888270378112793,11.550050735473633,11.269525527954102
triage	810	0	380	380	2313	2313,46773,12753,7841,13859	23.97564697265625,22.108835220336914,21.492877960205078,20.33583641052246,18.33953857421875
triage	810	1	380	381	151645	151645,11,25,198,13	22.44998550415039,13.717026710510254,13.052011489868164,12.884231567382812,12.202548027038574
triage	811	0	303	303	2313	2313,46773,7841,12753,64334	24.12876319885254,21.809919357299805,21.590784072875977,21.121883392333984,19.206005096435547
triage	811	1	303	304	151645	151645,11,198,25,13	22.49479103088379,13.269050598144531,12.419118881225586,12.005627632141113,11.897211074829102
triage	821	0	265	265	2313	2313,7841,46773,12753,64334	22.978105545043945,21.956104278564453,19.9781551361084,19.7189998626709,19.076950073242188
triage	821	1	265	266	151645	151645,198,11,13,25	22.572086334228516,14.045907974243164,13.983156204223633,13.051159858703613,12.51943302154541
triage	822	0	276	276	2313	2313,12753,7841,46773,64334	23.109546661376953,21.399843215942383,21.224058151245117,20.101579666137695,19.580711364746094
triage	822	1	276	277	151645	151645,11,198,13,271	22.394224166870117,13.910311698913574,13.562446594238281,12.39205265045166,12.358892440795898
triage	825	0	249	249	2313	2313,46773,64334,76303,61244	24.282642364501953,20.962688446044922,20.948837280273438,20.23571014404297,18.99199867248535
triage	825	1	249	250	151645	151645,11,13,198,25	22.425146102905273,13.366272926330566,13.075002670288086,12.16595458984375,11.568660736083984
triage	829	0	335	335	2313	2313,46773,7841,61244,56176	24.409324645996094,21.251169204711914,20.138996124267578,19.275075912475586,18.186948776245117
triage	829	1	335	336	151645	151645,198,11,271,25	22.384654998779297,13.246106147766113,13.105745315551758,11.855838775634766,11.688352584838867
triage	830	0	413	413	2313	2313,46773,7841,61244,56176	25.063858032226562,22.02082633972168,19.732587814331055,18.937145233154297,18.83833885192871
triage	830	1	413	414	151645	151645,13,11,25,198	22.50242042541504,13.599342346191406,13.571748733520508,12.820708274841309,12.52305793762207
triage	835	0	372	372	2313	2313,46773,12753,7841,56176	25.254201889038086,21.8695125579834,19.62767791748047,19.426528930664062,18.425134658813477
triage	835	1	372	373	151645	151645,11,198,25,13	22.402013778686523,13.427532196044922,13.12220573425293,12.229419708251953,11.486539840698242
triage	838	0	236	236	2313	2313,46773,61244,7841,56176	24.77813720703125,21.62990379333496,19.425230026245117,18.955284118652344,18.32748794555664
triage	838	1	236	237	151645	151645,198,11,13,271	22.501846313476562,12.980950355529785,12.696393013000488,12.562191009521484,12.04939079284668
triage	844	0	421	421	2313	2313,46773,7841,12753,64334	24.666868209838867,22.054187774658203,21.38603973388672,20.975793838500977,18.6757869720459
triage	844	1	421	422	151645	151645,25,11,198,271	22.698543548583984,12.83456802368164,12.423474311828613,12.071534156799316,11.909735679626465
triage	858	0	281	281	2313	2313,46773,56176,7841,12753	26.27057456970215,22.842567443847656,18.807418823242188,18.68218231201172,18.666629791259766
triage	858	1	281	282	151645	151645,11,198,13,25	22.469837188720703,13.288579940795898,12.256549835205078,12.223289489746094,11.261876106262207
triage	891	0	398	398	2313	2313,46773,7841,11159,56176	25.69043731689453,22.33942413330078,19.27659034729004,18.497756958007812,18.136457443237305
triage	891	1	398	399	151645	151645,11,198,13,271	22.58376693725586,12.647708892822266,12.522826194763184,11.6724214553833,11.653215408325195
triage	892	0	356	356	2313	2313,46773,7841,12753,56176	25.49742889404297,21.579917907714844,20.46944808959961,19.590564727783203,19.000600814819336
triage	892	1	356	357	151645	151645,11,13,198,25	22.56553077697754,13.768070220947266,13.466039657592773,12.19741153717041,12.067476272583008
triage	893	0	383	383	2313	2313,46773,7841,12753,56176	25.936986923217773,22.373620986938477,19.151649475097656,18.63785171508789,18.360811233520508
triage	893	1	383	384	151645	151645,11,198,13,25	22.331336975097656,13.6280517578125,13.253329277038574,12.85066032409668,12.474717140197754
triage	897	0	342	342	2313	2313,46773,7841,12753,56176	25.346839904785156,22.314937591552734,21.38991928100586,18.839038848876953,18.634889602661133
triage	897	1	342	343	151645	151645,11,198,13,25	22.52000617980957,13.147794723510742,11.495930671691895,11.478161811828613,11.04835319519043
triage	900	0	377	377	2313	2313,7841,46773,12753,64334	23.749897003173828,22.330556869506836,21.638446807861328,21.033918380737305,20.013404846191406
triage	900	1	377	378	151645	151645,11,198,25,271	22.616514205932617,13.568621635437012,12.669246673583984,12.106553077697754,11.962686538696289
triage	901	0	281	281	2313	2313,46773,12753,7841,64334	23.411378860473633,21.438297271728516,20.910585403442383,20.705934524536133,19.518442153930664
triage	901	1	281	282	151645	151645,11,198,271,25	22.57976722717285,12.91934585571289,12.495505332946777,12.4124174118042,11.862177848815918
triage	905	0	346	346	2313	2313,46773,12753,7841,61244	25.228229522705078,21.488040924072266,20.466711044311523,20.331748962402344,19.607423782348633
triage	905	1	346	347	151645	151645,198,11,13,25	22.57756996154785,12.818184852600098,12.088480949401855,12.056291580200195,11.854304313659668
triage	909	0	314	314	2313	2313,46773,61244,7841,56176	25.857391357421875,22.053590774536133,19.516864776611328,19.48211669921875,18.859142303466797
triage	909	1	314	315	151645	151645,13,11,198,25	22.477582931518555,12.809723854064941,12.729928016662598,12.228879928588867,11.592238426208496
triage	910	0	350	350	2313	2313,7841,46773,12753,76303	25.063034057617188,22.05550193786621,21.79212760925293,19.245756149291992,19.22100830078125
triage	910	1	350	351	151645	151645,11,198,13,25	22.296083450317383,13.820987701416016,12.777676582336426,12.465465545654297,11.589452743530273
triage	911	0	326	326	2313	2313,46773,7841,12753,14582	24.838552474975586,22.305667877197266,21.67385482788086,21.00457763671875,18.8418025970459
triage	911	1	326	327	151645	151645,11,198,13,271	22.577550888061523,12.644437789916992,12.60246467590332,12.292505264282227,12.053132057189941
triage	912	0	325	325	2313	2313,46773,7841,12753,61244	24.88109016418457,21.345779418945312,20.348011016845703,19.56639289855957,19.22661781311035
triage	912	1	325	326	151645	151645,11,198,13,151644	22.627626419067383,13.804670333862305,13.10675048828125,12.113763809204102,11.40583610534668
triage	913	0	357	357	7841	7841,2313,12753,46773,14582	22.913375854492188,22.074350357055664,21.165653228759766,19.953645706176758,19.65846061706543
triage	913	1	357	358	151645	151645,25,13,11,151644	22.754947662353516,13.947296142578125,13.905555725097656,13.297468185424805,11.21827220916748
triage	924	0	389	389	2313	2313,64334,7841,46773,76303	22.984106063842773,21.20557975769043,20.938610076904297,20.400304794311523,20.345428466796875
triage	924	1	389	390	151645	151645,11,13,198,271	22.292490005493164,14.398069381713867,12.685640335083008,12.254658699035645,11.384749412536621
triage	930	0	294	294	2313	2313,46773,7841,12753,64334	24.329242706298828,22.171085357666016,21.273475646972656,20.395523071289062,19.22132110595703
triage	930	1	294	295	151645	151645,11,198,13,271	22.42132568359375,14.379983901977539,12.330827713012695,12.214609146118164,11.873953819274902
triage	952	0	406	406	2313	2313,46773,7841,56176,61244	25.17176055908203,22.528165817260742,17.59512710571289,17.531129837036133,17.272655487060547
triage	952	1	406	407	151645	151645,11,198,13,271	22.59971046447754,12.757433891296387,12.497650146484375,12.12291431427002,11.975615501403809
triage	956	0	367	367	2313	2313,46773,7841,56176,11159	26.202407836914062,22.37558937072754,20.247743606567383,19.513938903808594,18.666614532470703
triage	956	1	367	368	151645	151645,11,13,198,271	22.317211151123047,14.815648078918457,12.795148849487305,12.242026329040527,11.84489631652832
triage	958	0	260	260	2313	2313,64334,76303,46773,61244	23.497568130493164,22.01616668701172,21.551712036132812,20.216907501220703,19.30393409729004
triage	958	1	260	261	151645	151645,11,13,198,25	22.458641052246094,12.465804100036621,12.161327362060547,11.885440826416016,11.356084823608398
triage	960	0	357	357	2313	2313,46773,7841,56176,14582	25.33428192138672,22.974069595336914,20.683103561401367,18.2285099029541,18.039134979248047
triage	960	1	357	358	151645	151645,11,13,198,25	22.400711059570312,13.225675582885742,12.472006797790527,12.006155967712402,11.798084259033203
triage	961	0	265	265	2313	2313,46773,7841,12753,64334	24.330991744995117,21.713048934936523,21.464929580688477,19.457763671875,18.750606536865234
triage	961	1	265	266	151645	151645,11,25,198,13	22.284992218017578,14.332239151000977,12.116518020629883,12.0208740234375,11.821109771728516
triage	962	0	222	222	2313	2313,7841,46773,12753,11159	25.11599349975586,22.454835891723633,21.52324676513672,18.778705596923828,18.6962890625
triage	962	1	222	223	151645	151645,11,198,13,151644	22.318431854248047,13.425771713256836,11.610640525817871,11.551054000854492,10.748510360717773
triage	964	0	326	326	2313	2313,46773,7841,12753,64334	24.04543685913086,21.35812759399414,20.900230407714844,19.516265869140625,18.20863151550293
triage	964	1	326	327	151645	151645,11,271,198,25	22.270931243896484,13.623048782348633,13.456778526306152,13.275897979736328,12.962664604187012
triage	975	0	370	370	2313	2313,12753,46773,7841,13859	22.563766479492188,22.298898696899414,21.260337829589844,20.838878631591797,20.439943313598633
triage	975	1	370	371	151645	151645,11,25,198,13	22.634187698364258,12.890722274780273,12.031898498535156,11.826897621154785,11.815520286560059
triage	976	0	249	249	2313	2313,46773,7841,56176,12753	25.58895492553711,21.93637466430664,19.761693954467773,18.6611385345459,18.453977584838867
triage	976	1	249	250	151645	151645,11,13,198,25	22.3592586517334,14.955964088439941,14.470884323120117,12.874268531799316,11.584589958190918
triage	978	0	370	370	2313	2313,46773,61244,12753,56176	25.617063522338867,23.136005401611328,19.074129104614258,18.7112979888916,18.324777603149414
triage	978	1	370	371	151645	151645,11,13,198,25	22.508127212524414,13.135160446166992,12.432598114013672,11.952670097351074,11.64549446105957
triage	984	0	344	344	2313	2313,7841,12753,46773,61244	23.61616325378418,21.461318969726562,20.89242935180664,20.6243953704834,19.61391258239746
triage	984	1	344	345	151645	151645,198,13,25,11	22.612323760986328,13.300106048583984,12.447250366210938,11.634221076965332,11.49781608581543
triage	986	0	228	228	2313	2313,46773,12753,7841,56176	25.514917373657227,22.23035430908203,18.238603591918945,17.908710479736328,17.794567108154297
triage	986	1	228	229	151645	151645,13,11,198,25	22.359756469726562,13.421991348266602,12.706997871398926,11.94851016998291,10.992063522338867
triage	987	0	333	333	2313	2313,46773,7841,12753,56176	24.623430252075195,21.731273651123047,20.99077796936035,19.819854736328125,18.275962829589844
triage	987	1	333	334	151645	151645,11,198,13,25	22.59384536743164,13.949898719787598,13.333491325378418,12.065187454223633,11.983478546142578
triage	990	0	218	218	2313	2313,12753,46773,7841,64334	23.802019119262695,21.087629318237305,20.9920654296875,20.147602081298828,18.25763511657715
triage	990	1	218	219	151645	151645,11,13,198,25	22.342952728271484,15.434465408325195,13.466543197631836,11.946307182312012,11.709310531616211
triage	993	0	173	173	2313	2313,7841,46773,14582,12753	23.829458236694336,23.57105255126953,21.138103485107422,20.32417106628418,18.833524703979492
triage	993	1	173	174	151645	151645,13,11,198,25	22.49416160583496,13.195592880249023,12.846537590026855,11.801467895507812,11.341981887817383
triage	1011	0	280	280	2313	2313,46773,7841,64334,61244	24.33385467529297,21.89826202392578,19.13568687438965,19.034717559814453,18.502492904663086
triage	1011	1	280	281	151645	151645,11,13,25,198	22.32831382751465,13.569552421569824,12.454427719116211,11.579075813293457,11.533178329467773
triage	1016	0	385	385	2313	2313,46773,12753,7841,56176	24.954547882080078,22.611623764038086,18.575733184814453,17.59256362915039,17.41238784790039
triage	1016	1	385	386	151645	151645,13,11,25,198	22.247421264648438,13.082338333129883,13.019977569580078,12.565062522888184,12.241643905639648
triage	1021	0	240	240	2313	2313,46773,12753,7841,56176	25.86890983581543,22.516128540039062,19.797325134277344,19.51184844970703,19.25581932067871
triage	1021	1	240	241	151645	151645,11,13,25,198	22.26346778869629,14.568341255187988,12.56343936920166,12.215238571166992,11.862041473388672
triage	1030	0	381	381	2313	2313,46773,7841,12753,61244	24.710752487182617,20.675792694091797,20.54435920715332,19.74522590637207,19.289377212524414
triage	1030	1	381	382	151645	151645,198,11,271,25	22.418624877929688,14.182186126708984,13.778861999511719,12.137574195861816,11.663504600524902
triage	1039	0	383	383	2313	2313,46773,61244,8349,56176	26.705190658569336,22.75067138671875,19.688922882080078,18.94785499572754,18.75244903564453
triage	1039	1	383	384	151645	151645,13,198,271,11	22.634170532226562,12.976227760314941,12.079143524169922,11.772635459899902,11.684261322021484
triage	1040	0	357	357	2313	2313,46773,7841,8349,56176	25.29587745666504,22.419031143188477,18.221641540527344,17.627132415771484,17.55594825744629
triage	1040	1	357	358	151645	151645,13,11,198,25	22.61562728881836,12.640532493591309,12.089384078979492,11.740056991577148,11.109354019165039
triage	1047	0	381	381	2313	2313,46773,61244,12753,7841	25.21125602722168,22.214948654174805,20.425537109375,19.056365966796875,18.605199813842773
triage	1047	1	381	382	151645	151645,198,11,151644,271	22.811603546142578,12.7708101272583,12.365141868591309,11.460226058959961,11.444396018981934
triage	1051	0	240	240	2313	2313,7841,46773,61244,12753	24.244243621826172,21.900676727294922,21.84212875366211,18.589740753173828,18.478464126586914
triage	1051	1	240	241	151645	151645,11,13,198,25	22.13797378540039,15.198722839355469,12.185104370117188,11.647924423217773,10.804811477661133
summary	2	0	226	226	2008	2008,25958,785,50,1282	19.905969619750977,17.61386489868164,16.34177017211914,15.691413879394531,15.432183265686035
summary	2	1	226	227	46836	46836,960,351,19586,538	21.647369384765625,19.41623878479004,18.43255615234375,16.43407440185547,15.592005729675293
summary	2	2	226	228	7600	7600,17792,1465,10995,323	18.311477661132812,18.227916717529297,16.51791000366211,15.791807174682617,15.332243919372559
summary	2	3	226	229	27454	27454,3501,7445,1459,323	25.729581832885742,18.50071144104004,18.33884620666504,16.40110206604004,16.393667221069336
summary	2	4	226	230	389	389,369,323,311,304	24.299449920654297,22.573829650878906,21.980581283569336,21.761920928955078,20.842517852783203
summary	2	5	226	231	5975	5975,15592,17792,1465,3312	20.169939041137695,17.197711944580078,16.15982437133789,15.202869415283203,14.746114730834961
summary	2	6	226	232	311	311,323,11,369,476	21.25389862060547,20.730144500732422,20.200870513916016,19.227710723876953,18.10483741760254
summary	2	7	226	233	2138	2138,8651,42123,3754,7283	20.37538719177246,19.904415130615234,19.6573429107666,18.473569869995117,18.32616424560547
summary	2	8	226	234	369	369,45415,24737,8651,49445	17.963382720947266,17.8863525390625,17.135169982910156,17.081254959106445,15.861257553100586
summary	2	9	226	235	8651	8651,49445,24737,2664,45415	18.466503143310547,17.78116798400879,17.350418090820312,16.804471969604492,16.793048858642578
summary	2	10	226	236	15592	15592,45415,1584,39298,11	19.978618621826172,17.84567642211914,17.401750564575195,16.64535140991211,16.097209930419922
summary	2	11	226	237	1584	1584,5302,323,14849,2266	22.60664176940918,20.99749755859375,18.948307037353516,16.370820999145508,16.286909103393555
summary	2	12	226	238	11589	11589,14849,323,13,6240	16.84395980834961,16.818687438964844,15.827908515930176,15.3644380569458,15.203770637512207
summary	2	13	226	239	13	13,304,323,369,151645	19.162853240966797,18.80387306213379,17.475147247314453,17.353578567504883,17.203062057495117
summary	2	14	226	240	151645	151645,1096,320,4710,22406	22.521846771240234,14.507003784179688,11.14971923828125,11.049808502197266,10.899309158325195
summary	10	0	262	262	16794	16794,49,785,6076,1986	19.90045166015625,16.9067325592041,16.78265380859375,15.465036392211914,15.360984802246094
summary	10	1	262	263	5916	5916,304,448,429,8482	23.328784942626953,20.43412208557129,20.29900360107422,19.3292179107666,18.921483993530273
summary	10	2	262	264	448	448,264,476,323,304	26.145294189453125,18.649686813354492,18.58527946472168,18.441011428833008,17.7141170501709
summary	10	3	262	265	458	458,1633,1565,264,5175	19.98212242126465,18.87387466430664,18.287431716918945,17.91718292236328,17.75560760498047
summary	10	4	262	266	1633	1633,1565,5175,671,13979	22.13651466369629,17.095762252807617,16.30304718017578,15.757471084594727,15.673064231872559
summary	10	5	262	267	23141	23141,34100,476,35785,75275	27.366703033447266,17.533971786499023,17.42527961730957,17.231319427490234,16.76638412475586
summary	10	6	262	268	525	525,304,323,476,646	23.116405487060547,22.209863662719727,21.46872901916504,20.68840980529785,19.678958892822266
summary	10	7	262	269	8177	8177,537,8789,1660,9434	21.846839904785156,18.63059425354004,17.532249450683594,17.2156925201416,16.81918716430664
summary	10	8	262	270	553	553,304,11,979,4152	24.622751235961914,21.26692771911621,20.180776596069336,20.144744873046875,19.19317054748535
summary	10	9	262	271	10688	10688,1565,13979,279,73192	18.512144088745117,17.922239303588867,15.954278945922852,15.863574981689453,15.415777206420898
summary	10	10	262	272	2190	2190,4574,7134,33640,5236	27.004838943481445,18.42589569091797,18.308778762817383,18.007986068725586,17.69621467590332
summary	10	11	262	273	11	11,13,979,369,1393	20.721343994140625,19.328582763671875,18.035951614379883,17.98333168029785,17.681724548339844
summary	10	12	262	274	1393	1393,892,14381,39903,714	19.33814811706543,18.025991439819336,17.18601417541504,17.120683670043945,17.09278106689453
summary	10	13	262	275	63499	63499,70778,5128,2038,1555	19.726215362548828,18.964908599853516,18.439979553222656,16.781579971313477,16.267986297607422
summary	10	14	262	276	1633	1633,6171,594,8471,75275	20.419151306152344,18.353208541870117,17.63555908203125,16.792797088623047,16.618927001953125
summary	10	15	262	277	75275	75275,23141,49643,2852,7332	27.93068504333496,23.275951385498047,17.479816436767578,17.467573165893555,17.21697235107422
summary	10	16	262	278	1191	1191,525,1083,646,39903	22.204612731933594,21.134389877319336,21.0487060546875,20.793851852416992,19.338272094726562
summary	10	17	262	279	448	448,264,5175,323,21303	25.97164535522461,18.079933166503906,17.749996185302734,17.441404342651367,16.98341941833496
summary	10	18	262	280	264	264,5175,671,1565,50257	25.774337768554688,21.742839813232422,20.942228317260742,19.630268096923828,19.064075469970703
summary	10	19	262	281	5175	5175,1565,671,2038,2155	26.364423751831055,17.79318618774414,17.480682373046875,16.700244903564453,16.396028518676758
summary	10	20	262	282	13	13,11,323,429,525	19.722076416015625,18.04258155822754,17.458459854125977,15.960521697998047,15.75137710571289
summary	10	21	262	283	151645	151645,1096,576,4220,4354	21.013866424560547,16.022506713867188,14.093667984008789,13.212996482849121,11.464656829833984
summary	25	0	256	256	20470	20470,32,1249,20444,785	20.011817932128906,18.60604476928711,17.197322845458984,16.904582977294922,16.579368591308594
summary	25	1	256	257	264	264,287,323,75129,32169	21.264631271362305,19.27060317993164,18.503231048583984,16.726381301879883,16.139249801635742
summary	25	2	256	258	32169	32169,75129,4982,501,4922	19.53157615661621,17.94390869140625,15.914898872375488,15.785200119018555,15.41552734375
summary	25	3	256	259	75129	75129,3561,4982,4922,5944	20.270862579345703,19.229347229003906,16.33153533935547,15.970036506652832,14.42892837524414
summary	25	4	256	260	3561	3561,47443,4982,36566,369	25.053686141967773,19.235488891601562,18.660606384277344,16.951316833496094,16.77256965637207
summary	25	5	256	261	369	369,3561,448,311,14452	24.340736389160156,18.00808334350586,17.938262939453125,17.7271785736084,17.604610443115234
summary	25	6	256	262	8153	8153,63499,70778,79918,4982	19.684606552124023,17.048038482666016,16.557214736938477,16.21906089782715,16.114200592041016
summary	25	7	256	263	11	11,311,13,429,448	20.07525634765625,19.52493667602539,19.22150993347168,19.113258361816406,18.761520385742188
summary	25	8	256	264	2670	2670,10693,448,892,51813	21.711824417114258,21.144847869873047,20.487876892089844,20.348527908325195,20.221763610839844
summary	25	9	256	265	11221	11221,5175,7600,5746,72355	20.546592712402344,19.294940948486328,19.120044708251953,18.816795349121094,18.34776496887207
summary	25	10	256	266	11	11,323,5175,8500,369	25.807357788085938,21.19873046875,18.532697677612305,18.525054931640625,17.507427215576172
summary	25	11	256	267	5175	5175,729,5746,943,50257	21.18061637878418,21.031204223632812,20.852800369262695,20.25170135498047,19.812013626098633
summary	25	12	256	268	4686	4686,1995,14043,44817,12731	22.6093807220459,19.72553825378418,19.353321075439453,19.07065773010254,19.059188842773438
summary	25	13	256	269	33749	33749,77430,25858,12,10604	25.393299102783203,23.197036743164062,20.953033447265625,20.045061111450195,19.825138092041016
summary	25	14	256	270	323	323,11,2415,12731,14043	21.616994857788086,21.098648071289062,18.68381118774414,18.51235008239746,18.087175369262695
summary	25	15	256	271	943	943,5175,4494,2415,311	26.24547576904297,21.078229904174805,20.345890045166016,19.61896324157715,18.86445426940918
summary	25	16	256	272	1995	1995,44817,14043,12731,3546	23.23572540283203,20.835634231567383,20.709903717041016,19.72684669494629,18.425941467285156
summary	25	17	256	273	11	11,14043,13,12731,44817	24.412940979003906,22.606712341308594,21.513690948486328,20.300979614257812,20.215789794921875
summary	25	18	256	274	323	323,2266,1099,18146,24748	23.003280639648438,19.364641189575195,19.064878463745117,18.914936065673828,18.788612365722656
summary	25	19	256	275	7390	7390,27703,10101,24748,2266	22.05076789855957,21.376256942749023,21.138214111328125,18.455612182617188,18.413969039916992
summary	25	20	256	276	1995	1995,3546,821,3565,2606	23.749189376831055,19.535253524780273,19.093835830688477,18.692577362060547,17.398786544799805
summary	25	21	256	277	13	13,369,11,311,151645	21.558204650878906,18.937257766723633,17.77947998046875,17.53178596496582,16.364730834960938
summary	25	22	256	278	151645	151645,1096,576,4710,2014	22.567779541015625,13.718367576599121,11.483627319335938,11.308693885803223,11.010838508605957
summary	39	0	224	224	7916	7916,2212,785,28933,34058	20.70404052734375,17.61064338684082,17.450658798217773,17.43741798400879,16.915855407714844
summary	39	1	224	225	369	369,16319,60753,287,7842	19.36288070678711,18.000221252441406,17.89972496032715,17.86791229248047,17.671659469604492
summary	39	2	224	226	60753	60753,10350,7842,5675,31788	19.216428756713867,17.74028778076172,17.63628578186035,17.628503799438477,17.353721618652344
summary	39	3	224	227	311	311,5043,2070,2750,6171	21.222042083740234,21.05561065673828,19.725107192993164,18.037654876708984,17.697603225708008
summary	39	4	224	228	5043	5043,2070,1633,14405,6171	20.89212417602539,20.60121726989746,19.999603271484375,19.044681549072266,18.988262176513672
summary	39	5	224	229	323	323,315,304,389,476	22.479557037353516,22.394399642944336,21.501300811767578,21.25450897216797,18.95737648010254
summary	39	6	224	230	45225	45225,14405,31788,5424,5043	21.086271286010742,19.39327049255371,19.36020851135254,19.14566421508789,18.66328239440918
summary	39	7	224	231	304	304,374,702,1265,1667	22.53618812561035,21.00963592529297,19.882030487060547,18.67327308654785,17.942678451538086
summary	39	8	224	232	33789	33789,6171,23071,1633,62845	20.764636993408203,18.186614990234375,16.90997886657715,16.564067840576172,15.270455360412598
summary	39	9	224	233	6171	6171,374,702,594,7525	20.087858200073242,19.09398078918457,17.308212280273438,16.762989044189453,16.140817642211914
summary	39	10	224	234	323	323,374,702,1265,13	21.078147888183594,19.93936538696289,17.86786460876465,16.84341049194336,16.474563598632812
summary	39	11	224	235	45225	45225,18386,4494,34254,1565	24.636756896972656,18.8808650970459,18.27825927734375,16.893695831298828,16.81873321533203
summary	39	12	224	236	374	374,702,13,1265,686	20.789199829101562,18.321762084960938,18.193737030029297,17.933095932006836,16.379440307617188
summary	39	13	224	237	11223	11223,4362,2567,5023,1660	20.32139778137207,19.598186492919922,18.683677673339844,18.364299774169922,18.301713943481445
summary	39	14	224	238	13	13,11,369,311,304	21.09726333618164,19.661577224731445,18.98253631591797,18.005891799926758,16.409563064575195
summary	39	15	224	239	151645	151645,1096,576,68471,362	21.459440231323242,14.482046127319336,12.823441505432129,11.778247833251953,11.775352478027344
summary	58	0	160	160	63959	63959,785,4498,8121,15339	18.115436553955078,17.966890335083008,17.734834671020508,16.285865783691406,15.947965621948242
summary	58	1	160	161	1265	1265,4869,42086,5975,44748	23.762842178344727,21.086471557617188,20.92546844482422,18.288557052612305,18.067161560058594
summary	58	2	160	162	4869	4869,470,2677,3705,537	24.675954818725586,20.3934326171875,19.590944290161133,19.28217887878418,18.84940528869629
summary	58	3	160	163	448	448,2477,389,979,304	26.265079498291016,22.6976318359375,21.442964553833008,19.168243408203125,18.71617889404297
summary	58	4	160	164	264	264,2477,4869,7168,220	24.032825469970703,23.144166946411133,18.77585792541504,18.37582015991211,18.123897552490234
summary	58	5	160	165	2477	2477,72232,7168,2697,220	25.384159088134766,18.595224380493164,18.297910690307617,17.968542098999023,16.99661636352539
summary	58	6	160	166	36929	36929,12,11171,60341,7168	31.56970977783203,23.05950355529785,20.639636993408203,20.521892547607422,20.325517654418945
summary	58	7	160	167	4869	4869,2038,2477,1465,2639	23.963171005249023,20.375064849853516,18.401548385620117,16.702672958374023,16.68061637878418
summary	58	8	160	168	2038	2038,979,421,369,13912	27.56837272644043,19.878650665283203,18.761268615722656,17.70307159423828,17.529285430908203
summary	58	9	160	169	979	979,369,421,389,304	24.830753326416016,23.42631721496582,22.38913345336914,22.081748962402344,21.239410400390625
summary	58	10	160	170	91272	91272,4641,21394,54220,5975	23.30075454711914,18.511762619018555,18.507783889770508,18.35042953491211,17.783403396606445
summary	58	11	160	171	19192	19192,4641,28672,5975,27850	23.116029739379883,20.427852630615234,19.067411422729492,18.69111442565918,18.504106521606445
summary	58	12	160	172	476	476,14,90905,5975,323	27.210948944091797,21.780475616455078,20.89838981628418,20.45160675048828,20.335586547851562
summary	58	13	160	173	11320	11320,7901,3883,4641,1465	27.565622329711914,20.240741729736328,19.61481475830078,19.215595245361328,19.163175582885742
summary	58	14	160	174	5975	5975,27850,1465,7901,4714	28.459598541259766,22.284343719482422,20.541824340820312,18.47881507873535,18.066791534423828
summary	58	15	160	175	13	13,151645,11,369,311	21.01626205444336,19.592008590698242,16.561859130859375,15.096088409423828,14.816498756408691
summary	58	16	160	176	151645	151645,1096,320,5209,7036	20.853443145751953,13.19633674621582,12.38541030883789,11.451871871948242,11.329021453857422
summary	150	0	140	140	9860	9860,7916,1986,785,49	17.95017433166504,17.893264770507812,17.49260902404785,16.555282592773438,16.021728515625
summary	150	1	140	141	2750	2750,897,279,1565,21955	20.454275131225586,19.735002517700195,19.18207550048828,17.795211791992188,17.71634292602539
summary	150	2	140	142	1119	1119,311,504,304,323	24.95882797241211,22.245258331298828,21.331390380859375,19.532047271728516,18.864513397216797
summary	150	3	140	143	59900	59900,21955,33789,476,323	22.93502426147461,16.657161712646484,15.326047897338867,14.725242614746094,14.243535995483398
summary	150	4	140	144	304	304,448,11,311,369	18.64324188232422,18.500288009643555,18.37015724182129,17.767681121826172,17.741863250732422
summary	150	5	140	145	33789	33789,23071,264,1565,419	18.994544982910156,15.462273597717285,15.319385528564453,14.56576156616211,14.141932487487793
summary	150	6	140	146	11	11,448,1265,13,151645	17.973413467407227,16.65185546875,16.479358673095703,16.321802139282227,16.06308364868164
summary	150	7	140	147	43394	43394,10693,448,1431,1667	22.341447830200195,20.93645477294922,20.807300567626953,18.891891479492188,18.887760162353516
summary	150	8	140	148	448	448,4566,1526,1667,553	24.271224975585938,21.979238510131836,20.44217872619629,20.416362762451172,20.223970413208008
summary	150	9	140	149	1565	1565,279,3271,74090,264	23.70401382446289,20.781105041503906,19.606813430786133,18.016324996948242,17.64305305480957
summary	150	10	140	150	3397	3397,810,3271,34081,35788	25.388574600219727,17.96493911743164,16.972436904907227,16.753616333007812,15.993066787719727
summary	150	11	140	151	63	63,28587,7808,22739,44622	22.615835189819336,20.75778579711914,16.452741622924805,15.645112991333008,14.701789855957031
summary	150	12	140	152	22739	22739,16174,2999,49742,151645	20.883684158325195,15.407476425170898,14.753283500671387,14.661581039428711,14.512855529785156
summary	150	13	140	153	13	13,151645,369,11,311	21.088376998901367,19.440725326538086,16.770326614379883,16.277484893798828,15.493014335632324
summary	150	14	140	154	151645	151645,1096,320,1565,16073	21.20499610900879,12.61606502532959,11.738118171691895,10.906874656677246,10.87337589263916
summary	166	0	152	152	18605	18605,16429,785,1900,10253	17.198789596557617,17.07286262512207,16.479629516601562,15.737380981445312,15.683499336242676
summary	166	1	152	153	1667	1667,9250,1565,279,990	19.753339767456055,19.737834930419922,18.343381881713867,17.414974212646484,17.097858428955078
summary	166	2	152	154	9250	9250,1565,2477,19860,68342	21.444904327392578,18.371959686279297,15.833785057067871,15.823001861572266,15.499699592590332
summary	166	3	152	155	6171	6171,15057,33789,1565,1633	19.68622589111328,17.5821533203125,17.331256866455078,16.8759822845459,15.523935317993164
summary	166	4	152	156	8482	8482,448,429,22703,304	24.03883171081543,23.383464813232422,20.904075622558594,19.96805191040039,18.7324275970459
summary	166	5	152	157	15057	15057,1565,33789,19860,5785	21.536373138427734,17.651702880859375,16.92898941040039,15.548995971679688,14.996772766113281
summary	166	6	152	158	448	448,979,304,1393,2041	20.475509643554688,20.022117614746094,19.94507598876953,19.5213565826416,19.318012237548828
summary	166	7	152	159	1565	1565,3312,72911,19860,33789	16.56365203857422,16.539657592773438,16.475061416625977,16.312896728515625,15.801788330078125
summary	166	8	152	160	6108	6108,1834,35788,13353,8610	19.419490814208984,19.137014389038086,17.749614715576172,17.72188949584961,17.1630859375
summary	166	9	152	161	477	477,267,97933,295,823	29.104555130004883,20.5846004486084,20.53474998474121,18.782665252685547,18.243391036987305
summary	166	10	152	162	865	865,1510,10685,12649,473	25.327224731445312,15.96589469909668,15.414019584655762,14.842281341552734,14.83410930633545
summary	166	11	152	163	486	486,63,7808,28587,34076	20.799524307250977,19.695972442626953,17.71793556213379,17.376962661743164,16.80287742614746
summary	166	12	152	164	8610	8610,25913,63,3767,2121	22.7033748626709,16.742223739624023,16.56241226196289,16.50935935974121,15.127874374389648
summary	166	13	152	165	63	63,28587,7808,486,77582	20.666324615478516,19.145221710205078,17.863317489624023,16.041391372680664,13.529970169067383
summary	166	14	152	166	979	979,323,304,2041,429	17.385883331298828,16.75406837463379,16.335918426513672,15.49687385559082,15.414013862609863
summary	166	15	152	167	537	537,3312,1565,1667,2477	21.846853256225586,18.014911651611328,17.883886337280273,17.380380630493164,16.222597122192383
summary	166	16	152	168	1667	1667,3312,304,1483,16380	22.238887786865234,19.402774810791016,17.657108306884766,17.399194717407227,16.711545944213867
summary	166	17	152	169	3312	3312,1565,39007,36823,2535	22.59415626525879,20.68891143798828,18.807571411132812,16.129436492919922,16.0883846282959
summary	166	18	152	170	13	13,11,151645,304,323	19.090167999267578,16.239826202392578,15.389782905578613,14.749568939208984,13.896261215209961
summary	166	19	152	171	151645	151645,1096,1752,320,1084	22.45589828491211,14.888930320739746,11.455350875854492,11.244880676269531,11.21208381652832
summary	224	0	89	89	1900	1900,785,43,7916,1986	18.127805709838867,16.974924087524414,16.62982940673828,16.466934204101562,15.781167030334473
summary	224	1	89	90	369	369,311,287,25,11367	20.756160736083984,20.307310104370117,19.60131072998047,16.903356552124023,16.21561622619629
summary	224	2	89	91	1824	1824,444,5107,23922,12944	16.647048950195312,15.864500999450684,15.028422355651855,14.969806671142578,14.82711410522461
summary	224	3	89	92	311	311,369,304,389,315	23.03310203552246,22.350622177124023,21.569801330566406,19.130319595336914,18.556869506835938
summary	224	4	89	93	9026	9026,7283,28141,31072,912	21.23860740661621,20.503183364868164,19.385332107543945,17.959026336669922,17.720548629760742
summary	224	5	89	94	11293	11293,444,3210,2038,1565	17.868061065673828,17.463125228881836,16.672332763671875,15.30062484741211,15.016326904296875
summary	224	6	89	95	304	304,4566,504,1667,448	20.976226806640625,20.530153274536133,19.729446411132812,19.388925552368164,19.016321182250977
summary	224	7	89	96	444	444,279,326,264,2038	17.376951217651367,16.329444885253906,14.205409049987793,14.186012268066406,13.593589782714844
summary	224	8	89	97	4592	4592,2154,396,3540,7984	23.791954040527344,16.665536880493164,15.6338529586792,15.525131225585938,15.423921585083008
summary	224	9	89	98	1667	1667,11,369,4566,448	19.012365341186523,17.722532272338867,17.244150161743164,17.21584701538086,16.743282318115234
summary	224	10	89	99	63499	63499,444,1565,2038,279	17.77743148803711,15.375240325927734,14.201943397521973,13.822290420532227,13.700874328613281
summary	224	11	89	100	54797	54797,39277,2852,30011,48419	22.100387573242188,18.052648544311523,17.72438621520996,16.953317642211914,16.75328826904297
summary	224	12	89	101	13	13,369,151645,11,594	17.745948791503906,17.380565643310547,16.57928466796875,16.313323974609375,15.689728736877441
summary	224	13	89	102	151645	151645,1096,16503,2980,44089	21.096620559692383,14.46359920501709,12.970902442932129,12.156167984008789,11.93294906616211
summary	244	0	70	70	13253	13253,49,2212,57468,32	18.171245574951172,17.07478904724121,16.261213302612305,16.170249938964844,16.106943130493164
summary	244	1	70	71	8460	8460,38380,30671,12,627	25.234024047851562,18.11751937866211,17.240957260131836,17.02292251586914,16.48545265197754
summary	244	2	70	72	1650	1650,10175,962,12127,1587	25.849712371826172,22.185935974121094,19.408672332763672,19.284414291381836,18.954551696777344
summary	244	3	70	73	369	369,4565,1035,1410,374	19.80308723449707,17.482662200927734,17.236095428466797,17.123159408569336,16.713605880737305
summary	244	4	70	74	70778	70778,63499,79918,431,279	18.115406036376953,14.510650634765625,14.404939651489258,12.724273681640625,12.542280197143555
summary	244	5	70	75	1035	1035,374,11,1410,311	17.31991195678711,17.260530471801758,16.856374740600586,16.841384887695312,16.70387077331543
summary	244	6	70	76	18875	18875,387,18379,7269,11941	22.603464126586914,22.336345672607422,20.824987411499023,19.780759811401367,19.750425338745117
summary	244	7	70	77	18379	18379,7269,7789,39721,1492	22.194629669189453,21.827016830444336,20.33426856994629,19.965431213378906,19.35770606994629
summary	244	8	70	78	1467	1467,2038,279,2530,1181	17.259963989257812,16.91961669921875,16.45848846435547,16.122268676757812,15.764824867248535
summary	244	9	70	79	36566	36566,15664,1946,6440,8692	21.272602081298828,20.45165252685547,19.060312271118164,17.750782012939453,17.534282684326172
summary	244	10	70	80	16928	16928,13,323,14944,3139	21.058048248291016,18.56601333618164,18.219289779663086,18.087560653686523,17.911266326904297
summary	244	11	70	81	13	13,11,369,304,151645	21.530000686645508,17.459875106811523,16.784282684326172,16.545799255371094,16.48202133178711
summary	244	12	70	82	151645	151645,151644,1096,4710,320	24.093904495239258,11.951427459716797,11.128474235534668,11.047931671142578,10.95368766784668
summary	262	0	140	140	64334	64334,785,2212,32,7524	19.47277069091797,17.245363235473633,16.185800552368164,16.064620971679688,16.060800552368164
summary	262	1	140	141	369	369,1265,389,315,323	21.384979248046875,20.33595848083496,20.27055549621582,19.223220825195312,19.089927673339844
summary	262	2	140	142	1638	1638,279,5297,14890,330	22.06696319580078,17.110984802246094,17.084318161010742,16.03206443786621,15.517621040344238
summary	262	3	140	143	13454	13454,4688,4128,323,13027	20.942466735839844,18.8544864654541,16.665752410888672,15.528406143188477,15.345636367797852
summary	262	4	140	144	304	304,2878,323,11,1075	22.89993667602539,21.937955856323242,21.401222229003906,20.47992515563965,19.65723991394043
summary	262	5	140	145	279	279,15459,4128,15473,2311	18.62860679626465,18.150054931640625,18.115581512451172,17.691051483154297,17.397090911865234
summary	262	6	140	146	2311	2311,4128,15473,9705,5189	20.099964141845703,19.703426361083984,15.715102195739746,15.645439147949219,14.957704544067383
summary	262	7	140	147	11	11,1265,374,13,1410	19.241924285888672,18.261154174804688,18.107736587524414,17.52701187133789,17.32421875
summary	262	8	140	148	2670	2670,448,7945,5310,21080	22.617719650268555,21.400623321533203,20.925676345825195,20.846263885498047,20.593341827392578
summary	262	9	140	149	862	862,330,5043,10295,5297	17.368114471435547,17.26360321044922,17.155715942382812,17.094762802124023,17.02625274658203
summary	262	10	140	150	10431	10431,14944,990,5036,92080	22.41253662109375,20.424421310424805,20.171253204345703,19.178668975830078,18.91180992126465
summary	262	11	140	151	323	323,2878,304,11,10295	24.29118537902832,23.112764358520508,23.110855102539062,22.543434143066406,21.13150978088379
summary	262	12	140	152	10295	10295,14944,5068,4650,18048	19.64130973815918,19.339736938476562,19.244211196899414,18.843616485595703,18.52640151977539
summary	262	13	140	153	13	13,11,2878,304,151645	20.66714859008789,19.767961502075195,17.735197067260742,17.310291290283203,16.84621238708496
summary	262	14	140	154	151645	151645,1096,576,7036,4710	21.68266487121582,12.965785026550293,12.639863967895508,12.560344696044922,11.703271865844727
summary	279	0	168	168	64334	64334,5152,785,929,32	19.30396842956543,19.154521942138672,18.68267250061035,17.9869441986084,16.34915542602539
summary	279	1	168	169	369	369,7402,374,13580,315	20.621692657470703,18.499778747558594,18.01713752746582,17.89154624938965,17.852123260498047
summary	279	2	168	170	1565	1565,943,729,501,5712	20.71776580810547,17.891157150268555,16.871959686279297,16.486888885498047,15.78455924987793
summary	279	3	168	171	5152	5152,12154,6108,6727,1688	22.08734893798828,21.471479415893555,18.4836368560791,17.992830276489258,17.77571678161621
summary	279	4	168	172	9673	9673,63,486,7808,12154	20.47392463684082,19.4656982421875,14.85698413848877,14.75224781036377,14.076887130737305
summary	279	5	168	173	63	63,7808,486,39829,27	21.78340721130371,17.935401916503906,15.85196304321289,15.21528434753418,13.786103248596191
summary	279	6	168	174	323	323,374,4494,537,943	20.259075164794922,19.65778923034668,18.448171615600586,18.31641387939453,17.781478881835938
summary	279	7	168	175	1565	1565,1181,13954,15534,1008	21.611129760742188,17.484619140625,17.458938598632812,17.158172607421875,16.71929168701172
summary	279	8	168	176	12154	12154,5152,12996,37134,9626	23.385822296142578,20.582136154174805,16.61461639404297,15.976390838623047,15.632349014282227
summary	279	9	168	177	5152	5152,63,3523,25207,929	26.72139549255371,17.089832305908203,15.775213241577148,15.184917449951172,15.151551246643066
summary	279	10	168	178	63	63,9673,7808,486,39829	22.05122184753418,19.637094497680664,15.009947776794434,13.475761413574219,13.31202220916748
summary	279	11	168	179	374	374,4494,537,943,525	20.270166397094727,19.492990493774414,18.867450714111328,18.71413230895996,17.5289306640625
summary	279	12	168	180	7402	7402,32143,537,31061,34987	23.280519485473633,19.821054458618164,19.33625602722168,18.55666732788086,18.094636917114258
summary	279	13	168	181	4152	4152,11,943,1576,369	21.346311569213867,20.849590301513672,19.503908157348633,18.321773529052734,17.935243606567383
summary	279	14	168	182	311	311,943,13580,3582,4494	28.127695083618164,21.967050552368164,15.635618209838867,15.161527633666992,15.05517578125
summary	279	15	168	183	943	943,1565,15534,19496,264	22.433311462402344,17.649169921875,17.369991302490234,17.21662712097168,15.584611892700195
summary	279	16	168	184	15534	15534,40386,14956,12,35947	25.806852340698242,21.01360321044922,17.648391723632812,16.978233337402344,16.89264678955078
summary	279	17	168	185	287	287,11,4714,13,21340	23.74553680419922,19.079246520996094,18.489700317382812,17.07651138305664,16.313838958740234
summary	279	18	168	186	11	11,13,304,4714,26	22.651695251464844,21.17315673828125,18.76520538330078,18.467529296875,17.948490142822266
summary	279	19	168	187	22703	22703,3259,323,4441,892	21.143783569335938,20.478784561157227,19.17850112915039,19.0889949798584,18.92792320251465
summary	279	20	168	188	264	264,501,9705,2664,92890	19.391408920288086,19.067371368408203,18.258350372314453,18.196077346801758,18.132081985473633
summary	279	21	168	189	501	501,2664,803,943,584	19.343769073486328,18.883729934692383,17.615915298461914,17.397708892822266,17.361127853393555
summary	279	22	168	190	1313	1313,943,11,1565,8129	20.189132690429688,18.936376571655273,17.42984390258789,17.07925033569336,16.694866180419922
summary	279	23	168	191	41195	41195,13261,476,369,8129	19.765670776367188,18.565977096557617,18.511857986450195,17.805461883544922,16.94639015197754
summary	279	24	168	192	476	476,729,264,8129,279	21.207679748535156,19.77346420288086,19.42520523071289,19.32622718811035,18.900171279907227
summary	279	25	168	193	92890	92890,2664,584,264,3259	21.029338836669922,20.395902633666992,20.122678756713867,18.951026916503906,18.22356605529785
summary	279	26	168	194	1565	1565,279,13,315,729	21.51895523071289,20.153858184814453,18.436809539794922,18.39767074584961,18.329782485961914
summary	279	27	168	195	5152	5152,12154,1688,9626,2830	26.308650970458984,18.135976791381836,18.01689338684082,16.458486557006836,16.42746353149414
summary	279	28	168	196	9673	9673,63,28587,1427,929	24.554691314697266,17.650236129760742,15.831855773925781,14.784285545349121,13.50817584991455
summary	279	29	168	197	63	63,28587,7808,62338,6	22.856287002563477,22.402114868164062,14.895896911621094,14.330469131469727,13.665831565856934
summary	279	30	168	198	311	311,151645,369,438,304	18.397592544555664,17.254535675048828,17.130752563476562,16.277929306030273,16.065963745117188
summary	279	31	168	199	264	264,7269,2664,2494,1565	20.083820343017578,19.529327392578125,18.584535598754883,18.519115447998047,18.480545043945312
summary	279	32	168	200	2664	2664,803,584,48379,829	23.327346801757812,20.193864822387695,18.47797966003418,18.437349319458008,17.331148147583008
summary	279	33	168	201	829	829,15534,12816,584,11	20.76308250427246,18.004915237426758,17.028949737548828,16.73892593383789,16.226205825805664
summary	279	34	168	202	13	13,369,311,151645,11	20.9476261138916,18.5419921875,18.22376251220703,16.86832046508789,16.01348114013672
summary	279	35	168	203	151645	151645,1096,11733,576,2009	20.55908966064453,14.778533935546875,12.868091583251953,12.584149360656738,12.278697967529297
summary	290	0	258	258	1249	1249,2610,12012,21453,73594	19.90150260925293,17.18170166015625,17.006000518798828,16.493452072143555,16.455032348632812
summary	290	1	258	259	5508	5508,633,8649,6851,17179	24.53984832763672,22.883060455322266,22.702655792236328,21.585664749145508,20.968610763549805
summary	290	2	258	260	279	279,264,458,323,1565	22.310260772705078,18.28290557861328,17.702774047851562,17.135950088500977,15.971860885620117
summary	290	3	258	261	470	470,1565,1465,5927,33789	18.561941146850586,17.41901206970215,16.208417892456055,15.760196685791016,15.250849723815918
summary	290	4	258	262	897	897,943,1633,1565,2750	27.075973510742188,19.126949310302734,17.911590576171875,17.561946868896484,17.29082489013672
summary	290	5	258	263	315	315,1119,504,311,1565	24.07951545715332,23.651473999023438,22.372390747070312,19.687728881835938,18.98403549194336
summary	290	6	258	264	264	264,279,1565,458,33789	18.862661361694336,17.400117874145508,16.611970901489258,16.596460342407227,15.331925392150879
summary	290	7	258	265	33789	33789,1565,81242,25442,729	16.577007293701172,16.37664222717285,14.814796447753906,14.007280349731445,13.847464561462402
summary	290	8	258	266	729	729,1565,1465,33789,1618	18.090137481689453,15.952188491821289,14.37837028503418,13.376433372497559,13.19947624206543
summary	290	9	258	267	1119	1119,429,1565,1075,448	22.142820358276367,21.04314422607422,18.437374114990234,18.347787857055664,18.281415939331055
summary	290	10	258	268	264	264,458,1565,279,1181	24.382890701293945,20.221450805664062,18.260221481323242,18.090810775756836,16.745874404907227
summary	290	11	258	269	1565	1565,7225,10277,35255,914	18.867145538330078,17.281143188476562,16.838106155395508,16.313817977905273,15.538223266601562
summary	290	12	258	270	703	703,16468,34,66,917	20.541311264038086,20.350772857666016,19.251544952392578,17.082773208618164,15.543051719665527
summary	290	13	258	271	37579	37579,14825,63,80352,7020	19.033126831054688,14.060029983520508,14.057727813720703,13.450417518615723,13.4502592086792
summary	290	14	258	272	63	63,914,7808,1565,35255	23.976123809814453,16.109302520751953,15.665168762207031,14.710864067077637,14.321111679077148
summary	290	15	258	273	914	914,1633,23126,13042,1465	19.95989418029785,19.291440963745117,18.19182586669922,17.909446716308594,17.210912704467773
summary	290	16	258	274	11	11,13042,323,3561,304	21.048614501953125,18.440290451049805,18.288105010986328,18.021203994750977,17.52305030822754
summary	290	17	258	275	498	498,5978,990,1156,8649	21.0325870513916,18.616474151611328,18.10146141052246,17.90000343322754,17.686704635620117
summary	290	18	258	276	1184	1184,646,1265,1969,1156	24.46146011352539,23.35047721862793,22.554935455322266,20.693082809448242,20.410438537597656
summary	290	19	258	277	311	311,264,279,1156,458	26.462501525878906,18.100360870361328,17.280010223388672,16.93844985961914,16.567319869995117
summary	290	20	258	278	79813	79813,8649,1156,10277,3705	20.287891387939453,19.235809326171875,19.00234603881836,18.930479049682617,18.33314323425293
summary	290	21	258	279	279	279,323,458,264,432	22.128063201904297,21.53458023071289,18.314592361450195,17.750537872314453,17.524282455444336
summary	290	22	258	280	1565	1565,1465,1102,15025,19472	19.348543167114258,17.51897621154785,16.433570861816406,16.421510696411133,16.38591766357422
summary	290	23	258	281	8610	8610,7747,1130,615,34	20.52657127380371,18.983963012695312,18.92624855041504,17.71649169921875,17.62786865234375
summary	290	24	258	282	63	63,3025,20373,54258,3964	21.85622787475586,20.522010803222656,19.03826332092285,16.885276794433594,16.053089141845703
summary	290	25	258	283	943	943,897,1633,5927,1102	18.67138671875,18.462051391601562,17.53782081604004,17.05855941772461,16.537870407104492
summary	290	26	258	284	323	323,5927,4766,429,13	20.08824348449707,19.719181060791016,19.059938430786133,19.042499542236328,18.55768585205078
summary	290	27	258	285	1221	1221,8649,5508,1618,990	21.033405303955078,19.995861053466797,19.505313873291016,19.42382049560547,19.34331703186035
summary	290	28	258	286	1618	1618,990,8649,5508,6311	19.57573699951172,19.40228843688965,19.3062801361084,19.14919090270996,18.60295295715332
summary	290	29	258	287	279	279,1565,74090,1181,264	21.065101623535156,20.433128356933594,19.520423889160156,19.109439849853516,17.017860412597656
summary	290	30	258	288	1565	1565,8311,74090,1714,12159	20.04202651977539,17.933805465698242,17.787673950195312,16.99666976928711,16.82357406616211
summary	290	31	258	289	5493	5493,983,18122,6575,703	17.79586410522461,17.669221878051758,17.379348754882812,16.947040557861328,16.794878005981445
summary	290	32	258	290	63	63,54258,0,3904,2895	19.657001495361328,17.289777755737305,14.690585136413574,13.08602523803711,12.556665420532227
summary	290	33	258	291	1714	1714,729,476,4462,3343	23.183277130126953,19.23282814025879,17.307209014892578,16.462066650390625,16.357595443725586
summary	290	34	258	292	389	389,13,315,311,11	22.495174407958984,20.782058715820312,20.133869171142578,19.650737762451172,18.748903274536133
summary	290	35	258	293	432	432,279,1181,429,1565	23.592510223388672,23.051172256469727,19.735689163208008,19.64789581298828,19.067623138427734
summary	290	36	258	294	13	13,311,11,382,4518	22.648937225341797,20.71828842163086,20.171953201293945,17.319074630737305,17.1919002532959
summary	290	37	258	295	151645	151645,1096,5692,5005,576	20.409406661987305,15.267972946166992,15.224939346313477,14.375779151916504,13.996456146240234
summary	302	0	267	267	7916	7916,11084,785,33714,10253	18.88744354248047,17.620891571044922,16.436012268066406,16.234560012817383,15.56960678100586
summary	302	1	267	268	22314	22314,287,18072,369,37714	22.16680335998535,17.694475173950195,17.392221450805664,16.9520206451416,16.396316528320312
summary	302	2	267	269	63499	63499,914,79918,2530,315	21.965496063232422,19.327499389648438,17.50998878479004,17.069747924804688,17.01772689819336
summary	302	3	267	270	2038	2038,13912,5980,2530,25261	23.389204025268555,19.952072143554688,19.288818359375,18.271434783935547,17.573156356811523
summary	302	4	267	271	304	304,504,369,4766,323	23.671789169311523,23.59801483154297,20.809118270874023,20.771028518676758,20.576723098754883
summary	302	5	267	272	37714	37714,18072,914,9069,2530	22.437334060668945,20.169803619384766,19.281362533569336,17.399084091186523,15.920464515686035
summary	302	6	267	273	311	311,369,553,11,323	19.250282287597656,17.16250991821289,17.125320434570312,17.067203521728516,16.886741638183594
summary	302	7	267	274	12440	12440,5978,5785,4396,6923	21.946714401245117,20.511072158813477,20.03559112548828,19.475933074951172,19.410337448120117
summary	302	8	267	275	5785	5785,8300,3705,10542,8830	24.034393310546875,20.10222053527832,18.59964942932129,18.315753936767578,18.264312744140625
summary	302	9	267	276	8173	8173,2530,279,323,501	20.231264114379883,18.369962692260742,17.816198348999023,17.584489822387695,17.535545349121094
summary	302	10	267	277	369	369,151645,323,13,304	18.651798248291016,17.148025512695312,17.139108657836914,17.118778228759766,16.39842987060547
summary	302	11	267	278	49418	49418,17183,11211,3950,22465	20.950016021728516,19.768367767333984,18.237821578979492,17.535268783569336,17.468677520751953
summary	302	12	267	279	323	323,13,151645,11,304	21.499706268310547,19.372852325439453,18.962982177734375,16.304771423339844,14.495820999145508
summary	302	13	267	280	3950	3950,11211,78153,17183,14849	19.11681365966797,18.139995574951172,17.53740692138672,17.35014533996582,17.191234588623047
summary	302	14	267	281	14461	14461,2022,77488,15057,14849	20.416547775268555,19.300804138183594,18.513349533081055,18.49298858642578,18.44664764404297
summary	302	15	267	282	13	13,151645,304,18142,11	19.666025161743164,19.35362434387207,15.011015892028809,14.113455772399902,13.68928337097168
summary	302	16	267	283	151645	151645,1096,2014,151644,1084	22.694732666015625,14.413211822509766,11.688875198364258,11.110031127929688,10.877614974975586
summary	348	0	186	186	693	693,2132,785,63,19237	19.42482566833496,17.197364807128906,17.062828063964844,16.50516700744629,16.345609664916992
summary	348	1	186	187	24673	24673,12,970,92775,810	22.644420623779297,19.820350646972656,19.795028686523438,19.748111724853516,19.704498291015625
summary	348	2	186	188	279	279,264,4108,1852,1565	21.51641845703125,19.214313507080078,18.469295501708984,18.029199600219727,17.767255783081055
summary	348	3	186	189	1852	1852,1565,4108,647,17792	22.940696716308594,17.24856185913086,17.201364517211914,17.138015747070312,16.823524475097656
summary	348	4	186	190	4108	4108,17792,647,348,20721	22.441993713378906,18.483985900878906,17.55943489074707,16.877038955688477,16.512130737304688
summary	348	5	186	191	5662	5662,12645,4573,83215,17792	26.162508010864258,20.499666213989258,16.780345916748047,16.662534713745117,15.83229923248291
summary	348	6	186	192	304	304,369,3941,311,5611	23.685720443725586,21.50059700012207,20.449132919311523,19.167560577392578,18.873218536376953
summary	348	7	186	193	1565	1565,647,17792,264,5248	20.922748565673828,20.501468658447266,16.548376083374023,15.393324851989746,15.391801834106445
summary	348	8	186	194	88124	88124,53,7338,51737,33026	25.477188110351562,20.011852264404297,17.683990478515625,16.97037124633789,16.911895751953125
summary	348	9	186	195	20294	20294,10216,30928,52721,17174	26.973892211914062,16.81808090209961,16.352975845336914,15.388067245483398,15.336706161499023
summary	348	10	186	196	63	63,28587,7808,311,369	22.743595123291016,19.295196533203125,18.434335708618164,15.955907821655273,15.189697265625
summary	348	11	186	197	311	311,369,553,1393,6147	22.052650451660156,21.26763153076172,18.467243194580078,17.824575424194336,17.72179412841797
summary	348	12	186	198	7269	7269,29436,8290,39721,5648	21.77567481994629,20.45580291748047,20.114850997924805,19.73159408569336,19.698509216308594
summary	348	13	186	199	4938	4938,11320,5068,15024,8084	22.29794692993164,18.16722297668457,17.561254501342773,17.239648818969727,17.174135208129883
summary	348	14	186	200	68087	68087,10431,6789,323,2615	28.34261131286621,18.950536727905273,18.82293701171875,18.343040466308594,18.241628646850586
summary	348	15	186	201	323	323,13,304,369,151645	20.5635929107666,19.945465087890625,19.216880798339844,17.804668426513672,16.873685836791992
summary	348	16	186	202	15024	15024,39721,7949,24177,18379	19.35651397705078,18.771230697631836,18.191783905029297,17.89276885986328,17.686904907226562
summary	348	17	186	203	13	13,304,369,151645,3941	20.74930763244629,19.743167877197266,17.49277114868164,17.072895050048828,16.223573684692383
summary	348	18	186	204	151645	151645,1096,4710,151644,2303	23.43943977355957,13.20006275177002,11.586957931518555,11.497693061828613,10.829644203186035
summary	378	0	90	90	785	785,63,32,49,7134	18.98810577392578,18.03798484802246,17.948871612548828,17.83230209350586,17.028892517089844
summary	378	1	90	91	33789	33789,2311,23071,1565,330	21.102529525756836,18.87086296081543,18.317052841186523,18.25897979736328,17.227689743041992
summary	378	2	90	92	43065	43065,729,2311,2038,5746	20.284320831298828,18.752336502075195,18.573884963989258,18.169130325317383,17.50636100769043
summary	378	3	90	93	304	304,369,1483,1565,374	21.789894104003906,21.7713623046875,20.116676330566406,17.963882446289062,17.79766082763672
summary	378	4	90	94	279	279,264,2311,330,1565	20.496456146240234,18.81129264831543,18.076807022094727,17.055322647094727,15.464186668395996
summary	378	5	90	95	2311	2311,330,5746,729,1565	22.471813201904297,21.594478607177734,19.96537208557129,18.985210418701172,18.436071395874023
summary	378	6	90	96	594	594,330,369,5746,748	24.581113815307617,20.646259307861328,20.615697860717773,19.911922454833984,19.547285079956055
summary	378	7	90	97	330	330,5746,729,1565,2150	25.059467315673828,23.343599319458008,20.816936492919922,20.75112533569336,19.442184448242188
summary	378	8	90	98	21409	21409,25207,22342,1688,2190	26.850414276123047,21.710845947265625,20.944490432739258,18.789844512939453,17.635408401489258
summary	378	9	90	99	1	1,2150,3115,34294,40787	29.334461212158203,18.650548934936523,18.146711349487305,17.2401123046875,16.924631118774414
summary	378	10	90	100	2150	2150,3772,9705,12453,6816	26.15090560913086,21.86223793029785,20.973068237304688,19.54427146911621,19.385400772094727
summary	378	11	90	101	374	374,594,702,369,11	23.61892318725586,20.40773582458496,20.219633102416992,19.97222900390625,19.915525436401367
summary	378	12	90	102	10865	10865,7402,40526,15114,14381	22.627574920654297,21.10976791381836,19.523061752319336,18.669904708862305,18.58051300048828
summary	378	13	90	103	11	11,4152,323,448,13	25.990047454833984,23.421979904174805,22.822511672973633,22.324979782104492,21.850801467895508
summary	378	14	90	104	448	448,7402,323,11689,9027	22.766958236694336,21.505464553833008,20.716060638427734,20.333059310913086,20.3052978515625
summary	378	15	90	105	279	279,1565,264,458,6770	21.537588119506836,21.492048263549805,20.8553409576416,20.39884376525879,19.533262252807617
summary	378	16	90	106	1565	1565,6770,330,2924,3110	20.71511459350586,19.54979133605957,18.94268226623535,18.41434097290039,18.277265548706055
summary	378	17	90	107	22342	22342,997,15944,22944,35788	26.6673526763916,19.776439666748047,18.698516845703125,18.146047592163086,18.111957550048828
summary	378	18	90	108	2891	2891,75738,2691,2212,8581	25.80364418029785,16.285194396972656,14.536333084106445,14.525914192199707,13.904752731323242
summary	378	19	90	109	63	63,7808,54258,3110,28587	28.004941940307617,17.565065383911133,17.426361083984375,16.67068862915039,14.541155815124512
summary	378	20	90	110	3110	3110,729,1714,2038,5666	25.02543067932129,22.36973762512207,19.801340103149414,17.79210090637207,17.586599349975586
summary	378	21	90	111	7402	7402,537,9027,31061,902	23.125734329223633,22.80907440185547,21.121456146240234,20.946685791015625,19.461816787719727
summary	378	22	90	112	279	279,264,11,323,1181	21.825410842895508,20.607900619506836,19.868152618408203,18.97918128967285,18.151626586914062
summary	378	23	90	113	33789	33789,23071,1565,2924,5230	19.14580535888672,18.736343383789062,18.628372192382812,17.297664642333984,17.090322494506836
summary	378	24	90	114	43065	43065,2038,19482,18906,729	20.167110443115234,17.607633590698242,16.5826416015625,15.881123542785645,15.862703323364258
summary	378	25	90	115	33859	33859,11,13,323,4152	22.49703025817871,21.183277130126953,20.752254486083984,19.25751304626465,18.2431640625
summary	378	26	90	116	13	13,11,4518,323,304	22.712400436401367,22.070053100585938,20.148712158203125,19.605308532714844,18.655994415283203
summary	378	27	90	117	151645	151645,576,1096,4710,1084	21.403167724609375,14.915288925170898,14.438720703125,12.91811752319336,12.65993595123291
summary	400	0	271	271	785	785,1986,73594,6713,2610	17.99734115600586,16.987852096557617,16.406503677368164,16.301143646240234,16.292633056640625
summary	400	1	271	272	2036	2036,33789,23071,4265,1196	18.137353897094727,17.819717407226562,16.658334732055664,16.181440353393555,16.104585647583008
summary	400	2	271	273	4157	4157,1565,498,374,2070	17.63912582397461,17.42600440979004,16.481868743896484,16.079116821289062,15.107948303222656
summary	400	3	271	274	387	387,9245,19192,6644,1936	25.9322566986084,20.609983444213867,19.201656341552734,19.122634887695312,18.846689224243164
summary	400	4	271	275	20346	20346,19697,5798,3465,12440	22.942466735839844,19.511043548583984,19.217647552490234,19.205341339111328,18.78257942199707
summary	400	5	271	276	4152	4152,1576,448,438,304	23.68399429321289,23.47606086730957,23.31861114501953,21.905771255493164,20.28848648071289
summary	400	6	271	277	311	311,7402,279,458,6853	30.948562622070312,19.86600685119629,16.52638053894043,16.32426643371582,16.195810317993164
summary	400	7	271	278	7402	7402,264,458,15592,279	22.688636779785156,21.692672729492188,20.43634605407715,19.460708618164062,18.31900978088379
summary	400	8	271	279	15592	15592,1565,2567,6941,2070	23.26089096069336,18.069992065429688,17.802501678466797,17.240385055541992,16.654998779296875
summary	400	9	271	280	1995	1995,11160,3546,5043,323	25.014934539794922,18.317045211791992,17.787084579467773,16.345678329467773,15.767173767089844
summary	400	10	271	281	13	13,369,11,304,448	19.532573699951172,18.9985294342041,16.883460998535156,16.48474884033203,15.272783279418945
summary	400	11	271	282	151645	151645,576,2014,1096,5209	21.868772506713867,13.922935485839844,13.298189163208008,13.283387184143066,13.050248146057129
summary	424	0	295	295	8373	8373,785,32,65077,63	18.730939865112305,18.437564849853516,17.83214569091797,17.789369583129883,16.320945739746094
summary	424	1	295	296	62019	62019,8109,28431,30317,1887	21.971454620361328,18.180034637451172,17.688291549682617,15.104060173034668,14.720087051391602
summary	424	2	295	297	389	389,525,369,5435,4641	23.519575119018555,22.50819969177246,20.027923583984375,18.998523712158203,18.953041076660156
summary	424	3	295	298	279	279,1887,1565,264,11552	22.101560592651367,18.390029907226562,18.06450080871582,16.506507873535156,16.43060302734375
summary	424	4	295	299	1887	1887,1565,8109,11552,1482	23.133316040039062,18.911413192749023,16.73824691772461,15.560385704040527,15.040627479553223
summary	424	5	295	300	8870	8870,323,23091,476,33789	23.17112159729004,14.639892578125,13.924201965332031,13.76111125946045,13.457499504089355
summary	424	6	295	301	525	525,3690,4641,614,315	22.54816246032715,19.087562561035156,18.775901794433594,18.623680114746094,18.23990249633789
summary	424	7	295	302	21394	21394,5023,2058,24084,1431	24.414710998535156,18.748167037963867,18.06429100036621,17.530179977416992,16.97887420654297
summary	424	8	295	303	4152	4152,11,448,1576,389	22.2279052734375,20.568422317504883,19.811059951782227,19.38788414001465,19.285449981689453
summary	424	9	295	304	311	311,264,458,4344,4714	27.7846736907959,16.50250816345215,15.56362247467041,15.316664695739746,14.086181640625
summary	424	10	295	305	264	264,458,4344,11523,279	19.834875106811523,18.2293701171875,17.29202651977539,16.65792465209961,16.322647094726562
summary	424	11	295	306	3881	3881,9876,3213,30549,501	15.63261604309082,15.594627380371094,15.258758544921875,14.788294792175293,14.103110313415527
summary	424	12	295	307	4265	4265,9876,30549,220,3491	17.1341609954834,15.466812133789062,13.385754585266113,13.060847282409668,12.757890701293945
summary	424	13	295	308	11523	11523,304,448,389,13	20.29179573059082,19.067598342895508,18.743392944335938,18.099781036376953,18.03842544555664
summary	424	14	295	309	553	553,304,2337,389,448	24.911609649658203,23.177417755126953,19.683103561401367,19.532424926757812,18.494029998779297
summary	424	15	295	310	264	264,220,1565,279,3151	19.13075065612793,17.965572357177734,16.632095336914062,16.216167449951172,16.18791961669922
summary	424	16	295	311	3151	3151,3213,3953,5266,220	19.42242431640625,15.011746406555176,14.622909545898438,14.599810600280762,13.881047248840332
summary	424	17	295	312	5266	5266,8870,8575,10900,2297	19.111370086669922,15.589597702026367,14.25128173828125,14.055449485778809,14.0128755569458
summary	424	18	295	313	13	13,389,11,5175,320	21.276592254638672,18.3231143951416,18.271957397460938,16.94301986694336,16.70310401916504
summary	424	19	295	314	151645	151645,576,1096,4710,1565	22.56916618347168,13.245573043823242,12.450146675109863,12.087346076965332,12.077115058898926
summary	434	0	230	230	12187	12187,2610,1249,10268,3872	18.847909927368164,16.734230041503906,16.58727264404297,16.390670776367188,16.38494300842285
summary	434	1	230	231	287	287,2526,264,1565,1045	21.794095993041992,21.465757369995117,19.135940551757812,16.829195022583008,15.664970397949219
summary	434	2	230	232	2526	2526,264,1565,279,1584	19.854080200195312,18.835988998413086,16.242584228515625,16.235862731933594,15.594772338867188
summary	434	3	230	233	1584	1584,5302,1565,15592,821	20.430824279785156,16.34033203125,15.1861572265625,14.725543975830078,14.711725234985352
summary	434	4	230	234	311	311,504,438,369,320	21.40441131591797,20.632404327392578,20.012144088745117,19.929271697998047,19.498075485229492
summary	434	5	230	235	9867	9867,264,16703,7870,37662	19.3597412109375,17.60052490234375,15.585490226745605,15.400232315063477,14.767149925231934
summary	434	6	230	236	5746	5746,37662,729,5413,431	20.428438186645508,16.42581558227539,14.91279411315918,13.697883605957031,13.665517807006836
summary	434	7	230	237	369	369,304,311,646,374	19.161521911621094,17.941944122314453,17.813278198242188,17.271015167236328,15.850218772888184
summary	434	8	230	238	2664	2664,1584,11050,12944,2266	15.61126708984375,15.435194969177246,15.332351684570312,14.415411949157715,14.401679992675781
summary	434	9	230	239	5068	5068,15024,4938,25262,5101	20.33887481689453,17.774417877197266,15.747983932495117,15.394667625427246,15.176929473876953
summary	434	10	230	240	323	323,304,13,151645,476	20.160930633544922,18.290084838867188,17.80990982055664,16.985647201538086,16.569433212280273
summary	434	11	230	241	24177	24177,1463,312,10091,25978	19.82879638671875,17.775146484375,17.671689987182617,17.09225845336914,17.003612518310547
summary	434	12	230	242	13	13,304,151645,11,448	20.637502670288086,19.635982513427734,17.893354415893555,15.634769439697266,15.397768020629883
summary	434	13	230	243	151645	151645,1096,151644,1752,4710	23.974035263061523,13.094491958618164,11.954931259155273,11.805317878723145,11.288768768310547
summary	444	0	181	181	49	49,6713,82345,7849,785	17.57872200012207,17.45793914794922,17.122713088989258,16.732290267944336,16.345094680786133
summary	444	1	181	182	2886	2886,590,63499,424,5276	21.555788040161133,19.772071838378906,16.674802780151367,15.588770866394043,15.266971588134766
summary	444	2	181	183	374	374,646,11,594,369	16.761852264404297,16.58197021484375,16.45775032043457,16.17072105407715,16.163808822631836
summary	444	3	181	184	264	264,458,6509,537,5023	18.926515579223633,17.063886642456055,16.078811645507812,15.868561744689941,15.764546394348145
summary	444	4	181	185	33789	33789,25993,5392,4650,3204	16.8089599609375,15.564980506896973,14.731477737426758,14.466611862182617,13.986238479614258
summary	444	5	181	186	6733	6733,17717,9006,5980,8894	16.076683044433594,15.905510902404785,15.671709060668945,15.075119018554688,14.794976234436035
summary	444	6	181	187	429	429,369,11,448,323	21.46119499206543,20.821678161621094,19.550975799560547,19.233325958251953,19.09166145324707
summary	444	7	181	188	646	646,6147,11554,1410,21538	18.431982040405273,17.42908477783203,17.256956100463867,16.334434509277344,15.82568359375
summary	444	8	181	189	387	387,13581,1598,16282,975	22.062435150146484,18.728967666625977,17.66642189025879,17.47572135925293,17.209489822387695
summary	444	9	181	190	1483	1483,18250,22864,9519,19697	20.868682861328125,16.82535171508789,16.743200302124023,15.87373161315918,15.811939239501953
summary	444	10	181	191	389	389,448,304,369,438	23.706697463989258,21.689350128173828,21.447858810424805,21.410568237304688,19.645580291748047
summary	444	11	181	192	902	902,2477,2176,2308,2987	18.91252326965332,17.486438751220703,17.336498260498047,16.387502670288086,14.823165893554688
summary	444	12	181	193	15656	15656,75738,1834,1460,1331	21.587974548339844,15.885881423950195,15.440511703491211,15.071091651916504,14.109827995300293
summary	444	13	181	194	476	476,323,11,6324,14	22.791160583496094,22.5401668548584,20.034589767456055,18.51160430908203,18.301395416259766
summary	444	14	181	195	37776	37776,98263,467,448,304	24.011138916015625,16.693660736083984,15.333134651184082,14.529632568359375,13.964956283569336
summary	444	15	181	196	44	44,21634,41887,9773,43	30.156436920166016,23.370590209960938,17.079526901245117,16.14678955078125,15.996150970458984
summary	444	16	181	197	11	11,714,323,13,2041	23.173511505126953,21.12824249267578,20.702022552490234,20.58017349243164,19.121320724487305
summary	444	17	181	198	714	714,323,448,10693,13581	23.713594436645508,22.90690040588379,19.910369873046875,19.56399154663086,18.96011734008789
summary	444	18	181	199	432	432,1181,537,279,1667	18.763505935668945,18.388301849365234,18.089832305908203,16.450992584228516,15.951879501342773
summary	444	19	181	200	1231	1231,594,2578,3171,374	22.936681747436523,22.77631378173828,22.713720321655273,21.9521541595459,21.326250076293945
summary	444	20	181	201	537	537,387,1373,614,1184	24.24489974975586,21.017131805419922,20.966629028320312,20.658967971801758,20.55422019958496
summary	444	21	181	202	5285	5285,387,4717,1824,614	22.244863510131836,21.67985725402832,20.698776245117188,20.635854721069336,20.21221923828125
summary	444	22	181	203	448	448,1632,438,13942,60340	24.164112091064453,21.713815689086914,19.010496139526367,18.547958374023438,18.007253646850586
summary	444	23	181	204	2477	2477,6649,3654,33789,279	16.90471649169922,16.847667694091797,16.294147491455078,15.689882278442383,15.448936462402344
summary	444	24	181	205	12	12,48689,56112,36929,13672	27.925989151000977,20.389551162719727,20.317350387573242,18.330907821655273,18.13835334777832
summary	444	25	181	206	12807	12807,15309,10101,19133,12902	28.844148635864258,19.4939022064209,19.426921844482422,18.584775924682617,17.94567108154297
summary	444	26	181	207	6649	6649,17717,9006,33789,4419	16.919612884521484,16.154687881469727,15.964340209960938,15.75137996673584,15.740252494812012
summary	444	27	181	208	369	369,13,421,1075,504	20.75405502319336,20.273704528808594,20.212657928466797,18.81546401977539,18.588665008544922
summary	444	28	181	209	33789	33789,1667,1560,12617,17717	16.701854705810547,15.483455657958984,15.318787574768066,15.24848747253418,14.69274616241455
summary	444	29	181	210	13	13,594,11,17215,421	19.624370574951172,17.439023971557617,16.809898376464844,16.27527618408203,15.934367179870605
summary	444	30	181	211	151645	151645,1084,2980,362,2619	16.000036239624023,14.140853881835938,13.634480476379395,13.586939811706543,13.043464660644531
summary	456	0	241	241	19781	19781,785,19552,60175,49	17.769023895263672,17.67367935180664,16.900896072387695,16.750822067260742,16.26906967163086
summary	456	1	241	242	37714	37714,79918,1565,18072,33789	22.342823028564453,16.678735733032227,16.34739112854004,16.27011489868164,16.040435791015625
summary	456	2	241	243	1265	1265,304,3887,525,1969	25.420185089111328,22.052093505859375,21.047435760498047,20.38705062866211,20.13712501525879
summary	456	3	241	244	3887	3887,387,47283,990,537	24.56283950805664,23.11275863647461,20.589582443237305,20.53197479248047,20.47859764099121
summary	456	4	241	245	304	304,4766,2878,4889,25156	26.713241577148438,19.922718048095703,19.08047866821289,18.172075271606445,17.839557647705078
summary	456	5	241	246	279	279,1565,33789,264,63499	23.83224868774414,21.25197410583496,15.34192943572998,15.11886215209961,14.67494010925293
summary	456	6	241	247	1565	1565,63499,70778,435,79918	23.6435546875,17.895137786865234,17.34217071533203,15.89687728881836,15.0521240234375
summary	456	7	241	248	81	81,35788,1834,11335,66715	28.859182357788086,21.486026763916016,18.47675323486328,16.98724937438965,16.985435485839844
summary	456	8	241	249	2886	2886,28865,3850,2145,3885	25.289474487304688,15.947978019714355,15.627582550048828,14.60124397277832,14.459060668945312
summary	456	9	241	250	63	63,61079,12,17717,15848	24.61115074157715,18.0462646484375,17.44390296936035,17.035608291625977,16.96242904663086
summary	456	10	241	251	17717	17717,81720,61711,4688,68390	30.135765075683594,20.49129295349121,20.4770450592041,18.656890869140625,17.267900466918945
summary	456	11	241	252	323	323,11,311,13,4518	23.291189193725586,21.0361385345459,20.638700485229492,20.183244705200195,19.728605270385742
summary	456	12	241	253	537	537,1265,387,5648,4157	23.247743606567383,20.017370223999023,19.39222526550293,18.01963233947754,17.866819381713867
summary	456	13	241	254	1565	1565,304,387,279,990	22.024410247802734,19.725963592529297,18.90781021118164,17.79485511779785,17.271085739135742
summary	456	14	241	255	81	81,35788,6108,1834,2147	29.111495971679688,20.775089263916016,16.480772018432617,16.254131317138672,16.2230224609375
summary	456	15	241	256	2886	2886,3850,28865,8531,2145	26.383392333984375,17.49266242980957,15.413979530334473,15.289329528808594,15.147273063659668
summary	456	16	241	257	61079	61079,46718,15848,12,43565	28.787412643432617,21.32392120361328,20.806135177612305,19.608922958374023,19.216917037963867
summary	456	17	241	258	28587	28587,7808,63,77582,62338	23.123924255371094,22.696491241455078,22.661510467529297,17.23466682434082,14.874650001525879
summary	456	18	241	259	151645	151645,1096,576,2379,362	19.39344024658203,14.831894874572754,14.708796501159668,13.289083480834961,12.400472640991211
summary	486	0	173	173	49	49,24973,1336,4021,7220	18.23603630065918,17.47715187072754,16.951858520507812,16.88510513305664,16.781797409057617
summary	486	1	173	174	2886	2886,590,276,74621,355	20.921892166137695,19.9249210357666,15.282513618469238,14.786911010742188,14.72281265258789
summary	486	2	173	175	63621	63621,19502,13710,67422,646	18.804906845092773,17.4644718170166,17.446008682250977,17.01491928100586,16.00344467163086
summary	486	3	173	176	25	25,1558,1824,5023,6147	18.17718505859375,17.265535354614258,17.205646514892578,17.06389045715332,17.017229080200195
summary	486	4	173	177	2585	2585,31306,33789,32291,7143	17.0993709564209,16.63147735595703,16.596111297607422,16.478233337402344,15.982792854309082
summary	486	5	173	178	311	311,33789,2014,646,4686	23.57650375366211,17.918142318725586,17.27829933166504,15.727965354919434,15.434947967529297
summary	486	6	173	179	1618	1618,7143,31072,1333,16282	20.224937438964844,19.771249771118164,15.898134231567383,15.865774154663086,15.018913269042969
summary	486	7	173	180	33789	33789,23071,20186,504,9867	21.816402435302734,14.55413818359375,14.078529357910156,13.781445503234863,13.570399284362793
summary	486	8	173	181	20186	20186,504,13454,5746,2038	21.41281509399414,20.70714569091797,18.3619384765625,17.826387405395508,16.89010238647461
summary	486	9	173	182	504	504,12440,21000,5961,2041	18.341228485107422,17.148828506469727,15.786297798156738,15.598079681396484,15.538309097290039
summary	486	10	173	183	70778	70778,279,2878,17215,33789	17.028518676757812,15.766791343688965,15.585756301879883,14.8516206741333,14.732927322387695
summary	486	11	173	184	151645	151645,2041,11,30,13	15.119784355163574,14.645564079284668,13.803375244140625,13.504692077636719,13.254268646240234
summary	530	0	171	171	8078	8078,22171,1249,10253,64439	17.64947509765625,17.334823608398438,16.8453369140625,16.067598342895508,15.32178783416748
summary	530	1	171	172	42430	42430,48089,1565,37714,14257	21.557024002075195,17.33304214477539,16.329914093017578,15.816624641418457,15.640522956848145
summary	530	2	171	173	37714	37714,18072,98447,80716,5746	23.75165557861328,17.060749053955078,16.571340560913086,16.562559127807617,16.20470428466797
summary	530	3	171	174	975	975,4889,2500,803,304	23.111845016479492,18.733810424804688,16.911325454711914,16.624618530273438,16.55255889892578
summary	530	4	171	175	4889	4889,304,2041,2176,448	23.838733673095703,19.809635162353516,18.477949142456055,18.339221954345703,18.29491424560547
summary	530	5	171	176	315	315,1565,63499,79918,279	20.483938217163086,18.91358184814453,17.705228805541992,16.257061004638672,15.623579025268555
summary	530	6	171	177	1565	1565,63499,79918,70778,279	20.074007034301758,19.202651977539062,16.503387451171875,16.226736068725586,14.989297866821289
summary	530	7	171	178	81	81,35788,6108,15782,27098	22.84843635559082,20.526145935058594,17.739299774169922,17.42268180847168,16.74176788330078
summary	530	8	171	179	2886	2886,8531,28865,3850,726	24.935474395751953,16.715160369873047,15.29058837890625,15.166035652160645,13.76203727722168
summary	530	9	171	180	63	63,28587,7808,44622,77582	22.081995010375977,20.555038452148438,19.58274269104004,14.269369125366211,14.210433959960938
summary	530	10	171	181	553	553,323,1667,1741,476	21.40115737915039,20.83941078186035,20.207273483276367,19.563459396362305,19.162837982177734
summary	530	11	171	182	1667	1667,2987,34888,76482,5961	21.338407516479492,20.92168617248535,18.70269203186035,18.66900634765625,18.505348205566406
summary	530	12	171	183	2987	2987,1565,264,13674,81720	19.251224517822266,17.927078247070312,16.777694702148438,16.655359268188477,16.064130783081055
summary	530	13	171	184	1565	1565,3703,13674,279,17717	18.502565383911133,16.870223999023438,16.15878677368164,16.06987953186035,15.366716384887695
summary	530	14	171	185	15782	15782,2428,61711,24508,1254	22.452171325683594,20.613351821899414,17.166114807128906,16.669649124145508,16.571420669555664
summary	530	15	171	186	1448	1448,58810,3795,717,85904	24.03602409362793,21.368497848510742,16.897987365722656,16.4945011138916,16.364166259765625
summary	530	16	171	187	49507	49507,580,12780,84,23557	28.633235931396484,22.66448402404785,16.84984016418457,15.74302864074707,15.618780136108398
summary	530	17	171	188	1786	1786,12,63,3795,18	24.170698165893555,18.495113372802734,18.286937713623047,17.268491744995117,16.50220489501953
summary	530	18	171	189	7698	7698,66485,60696,3342,43026	28.96080207824707,18.386411666870117,18.141698837280273,16.165576934814453,15.249092102050781
summary	530	19	171	190	63	63,14,7808,33149,486	23.306955337524414,18.50792694091797,17.64434051513672,16.62032699584961,16.450027465820312
summary	530	20	171	191	476	476,5961,320,369,6	24.3294620513916,22.55262565612793,19.11652946472168,18.318567276000977,17.736183166503906
summary	530	21	171	192	264	264,803,279,1565,458	20.18313217163086,17.71239471435547,16.23541259765625,16.079822540283203,15.996179580688477
summary	530	22	171	193	803	803,2526,6351,16965,2155	22.951732635498047,18.60783576965332,18.330167770385742,16.80453872680664,16.581262588500977
summary	530	23	171	194	6351	6351,10847,16965,6398,11682	22.504241943359375,19.80977439880371,19.804729461669922,18.811887741088867,18.570960998535156
summary	530	24	171	195	5486	5486,6291,1714,8129,1565	20.155412673950195,16.308822631835938,15.901969909667969,15.792755126953125,15.190312385559082
summary	530	25	171	196	13	13,1075,438,3897,7481	18.659778594970703,18.113418579101562,17.247652053833008,16.239347457885742,16.06329917907715
summary	530	26	171	197	151645	151645,1096,2014,5209,5692	22.002517700195312,13.339977264404297,13.083733558654785,12.612947463989258,12.230052947998047
summary	538	0	135	135	2132	2132,785,10268,32308,2212	18.256710052490234,17.64645767211914,17.318727493286133,17.283538818359375,17.19972801208496
summary	538	1	135	136	594	594,374,4977,7952,572	27.12029457092285,26.509326934814453,23.57048225402832,22.625835418701172,21.9195499420166
summary	538	2	135	137	537	537,3204,24416,11997,17003	23.258556365966797,22.20798110961914,20.509300231933594,19.4958553314209,18.019851684570312
summary	538	3	135	138	3204	3204,42203,3602,2797,5420	24.75941276550293,19.06178855895996,18.8963565826416,18.880470275878906,18.515588760375977
summary	538	4	135	139	311	311,304,369,2878,11	27.060108184814453,22.449535369873047,22.229413986206055,19.740894317626953,19.695215225219727
summary	538	5	135	140	614	614,1855,6979,990,11075	21.10196876525879,19.361997604370117,19.254854202270508,19.073978424072266,18.987995147705078
summary	538	6	135	141	279	279,2526,264,2176,1378	20.86294937133789,19.87261390686035,19.799198150634766,18.695964813232422,17.835975646972656
summary	538	7	135	142	1852	1852,4734,943,1565,330	24.031583786010742,19.391128540039062,17.998220443725586,17.539636611938477,16.00929069519043
summary	538	8	135	143	943	943,2526,729,1565,4494	20.77855682373047,17.290136337280273,17.084640502929688,16.788509368896484,16.413408279418945
summary	538	9	135	144	304	304,2176,369,4512,320	23.62080192565918,22.665752410888672,19.09271240234375,19.00057029724121,18.213722229003906
summary	538	10	135	145	279	279,264,2176,458,1565	20.874637603759766,20.598060607910156,19.720632553100586,19.312482833862305,17.721567153930664
summary	538	11	135	146	3704	3704,1852,1565,4688,1909	23.21746826171875,18.326702117919922,18.26495933532715,16.495805740356445,15.949933052062988
summary	538	12	135	147	323	323,4688,438,476,4473	21.348360061645508,19.646108627319336,18.92568016052246,17.89558982849121,17.125019073486328
summary	538	13	135	148	264	264,52773,4688,458,894	22.465818405151367,21.204345703125,19.472286224365234,19.276782989501953,17.870609283447266
summary	538	14	135	149	4688	4688,6941,2526,1186,24034	22.019088745117188,18.13419532775879,17.602359771728516,17.304094314575195,16.588529586791992
summary	538	15	135	150	304	304,11,4152,2041,1393	20.73554801940918,19.409038543701172,19.174007415771484,18.81222152709961,18.800138473510742
summary	538	16	135	151	62176	62176,279,52562,264,1565	15.74197006225586,13.939318656921387,13.814152717590332,13.012181282043457,12.87647533416748
summary	538	17	135	152	13	13,11,594,1667,4152	18.451065063476562,17.722030639648438,17.25309181213379,16.638099670410156,16.03998565673828
summary	538	18	135	153	151645	151645,1096,30370,2014,576	18.499767303466797,15.864703178405762,14.68153190612793,13.86224365234375,13.79892349243164
summary	566	0	289	289	641	641,49,88124,1,785	16.681787490844727,16.514738082885742,16.457006454467773,16.041112899780273,15.817217826843262
summary	566	1	289	290	220	220,419,33789,279,1042	18.596466064453125,18.06324577331543,16.657791137695312,16.61806297302246,15.801321983337402
summary	566	2	289	291	17	17,16,20,18,15	30.089963912963867,18.74663543701172,18.2736759185791,16.986852645874023,16.680627822875977
summary	566	3	289	292	15	15,1635,4666,16,18	29.45827293395996,16.709396362304688,15.626874923706055,15.275897026062012,14.857500076293945
summary	566	4	289	293	17	17,16,15,18,1635	31.371498107910156,23.396358489990234,21.299720764160156,18.518877029418945,17.79360580444336
summary	566	5	289	294	18	18,15,16,17,20	26.821500778198242,26.163476943969727,21.37923240661621,21.26530647277832,19.71877098083496
summary	566	6	289	295	11	11,594,25,279,63499	22.419206619262695,15.269109725952148,15.12575626373291,14.959720611572266,14.895901679992676
summary	566	7	289	296	70778	70778,279,647,63499,264	16.822664260864258,16.479158401489258,16.281278610229492,15.258158683776855,14.691078186035156
summary	566	8	289	297	11	11,2578,374,1231,320	18.64059829711914,18.459211349487305,17.684879302978516,17.19188117980957,16.587221145629883
summary	566	9	289	298	264	264,279,438,892,8818	18.198230743408203,17.524747848510742,16.557313919067383,16.416915893554688,16.29201316833496
summary	566	10	289	299	67422	67422,4128,501,33789,4565	16.37323760986328,15.910404205322266,14.861844062805176,14.810508728027344,14.071063041687012
summary	566	11	289	300	4128	4128,6733,4712,12626,4573	23.345701217651367,17.67627716064453,17.497333526611328,16.21784782409668,15.328286170959473
summary	566	12	289	301	11	11,448,429,10555,369	18.698509216308594,18.104251861572266,17.77814483642578,16.819852828979492,16.729801177978516
summary	566	13	289	302	2578	2578,1231,374,702,6081	21.377391815185547,21.180707931518555,20.48964500427246,19.623641967773438,19.0643253326416
summary	566	14	289	303	537	537,387,975,14651,3010	24.345333099365234,22.15966033935547,20.09644889831543,19.846263885498047,19.550554275512695
summary	566	15	289	304	387	387,1824,975,3410,3010	24.651723861694336,20.484943389892578,19.815540313720703,19.44912338256836,19.063739776611328
summary	566	16	289	305	14452	14452,264,2500,30428,7248	21.10028076171875,18.845182418823242,18.46870231628418,18.103384017944336,18.032466888427734
summary	566	17	289	306	369	369,4152,421,438,11	24.595008850097656,22.669811248779297,21.33457374572754,20.17365074157715,20.06942367553711
summary	566	18	289	307	11589	11589,19502,6481,25283,12613	17.727415084838867,15.445940017700195,15.393808364868164,15.131385803222656,15.131016731262207
summary	566	19	289	308	501	501,678,4357,656,3644	18.380722045898438,17.841276168823242,17.726848602294922,17.59282684326172,17.029003143310547
summary	566	20	289	309	4357	4357,1538,17792,11,821	22.900449752807617,19.38754653930664,16.889816284179688,16.322399139404297,15.68043327331543
summary	566	21	289	310	304	304,4152,2041,438,323	21.74829864501953,21.537199020385742,20.20911979675293,19.862777709960938,19.279211044311523
summary	566	22	289	311	264	264,279,647,678,22864	17.38528823852539,16.840816497802734,16.7128963470459,15.9102783203125,15.571310997009277
summary	566	23	289	312	803	803,3644,6351,1616,5316	16.876941680908203,16.671844482421875,16.106359481811523,15.647581100463867,14.677990913391113
summary	566	24	289	313	6351	6351,16965,11050,30339,3644	20.418006896972656,19.703907012939453,18.757802963256836,18.334156036376953,17.0228271484375
summary	566	25	289	314	5316	5316,1616,11566,11,3644	19.413118362426758,18.100509643554688,17.516843795776367,17.501628875732422,16.55370330810547
summary	566	26	289	315	4152	4152,13,2041,448,11	21.38612937927246,20.806638717651367,19.803468704223633,19.531002044677734,19.475929260253906
summary	566	27	289	316	311	311,1181,279,15503,4344	27.36663055419922,17.075441360473633,15.119854927062988,13.815974235534668,13.266192436218262
summary	566	28	289	317	1181	1181,279,77866,656,9575	18.927513122558594,18.41004180908203,18.104890823364258,16.11346435546875,15.592333793640137
summary	566	29	289	318	77866	77866,656,897,9575,16287	17.09918785095215,17.01468276977539,16.295875549316406,15.680617332458496,15.651309967041016
summary	566	30	289	319	7709	7709,16953,4265,315,6993	21.055042266845703,20.24506950378418,19.094749450683594,18.608001708984375,17.880029678344727
summary	566	31	289	320	13	13,11,323,304,369	22.497827529907227,21.080944061279297,18.765031814575195,18.640087127685547,17.369922637939453
summary	566	32	289	321	151645	151645,1096,576,4354,4710	22.0111083984375,13.856306076049805,13.76274299621582,13.455467224121094,12.785449981689453
summary	583	0	253	253	7916	7916,63,27098,785,10253	18.68699073791504,17.812959671020508,16.937044143676758,16.84183120727539,16.753942489624023
summary	583	1	253	254	48089	48089,1565,14257,287,369	20.024738311767578,19.286182403564453,18.123247146606445,17.20875358581543,17.140396118164062
summary	583	2	253	255	1565	1565,5746,5413,894,31785	18.769914627075195,17.666444778442383,17.56739616394043,17.324003219604492,17.108579635620117
summary	583	3	253	256	8610	8610,27098,3767,13353,8373	22.95171356201172,19.830562591552734,18.570520401000977,17.58837127685547,16.652624130249023
summary	583	4	253	257	63	63,7808,3125,929,486	23.772401809692383,16.659996032714844,15.213683128356934,15.059748649597168,14.295918464660645
summary	583	5	253	258	369	369,4494,31785,943,24055	21.162574768066406,21.086963653564453,20.049808502197266,19.962833404541016,19.802804946899414
summary	583	6	253	259	24055	24055,14257,17567,990,4586	18.181665420532227,18.09807586669922,18.035491943359375,17.821117401123047,17.69911766052246
summary	583	7	253	260	323	323,304,448,476,1075	22.617971420288086,20.59954071044922,20.45075035095215,20.21046257019043,19.827428817749023
summary	583	8	253	261	5746	5746,5413,24931,14944,729	19.941564559936523,17.6829833984375,17.38918113708496,17.10150909423828,16.874374389648438
summary	583	9	253	262	304	304,448,1667,11,429	18.909828186035156,18.206045150756836,17.449350357055664,17.117048263549805,16.491779327392578
summary	583	10	253	263	4586	4586,1565,33789,264,697	19.041976928710938,17.209243774414062,16.397480010986328,16.296710968017578,16.017351150512695
summary	583	11	253	264	13	13,448,1667,151645,11	18.18376922607422,18.138904571533203,17.984132766723633,17.953954696655273,17.50116539001465
summary	583	12	253	265	151645	151645,1096,5209,576,320	22.424795150756836,13.35812759399414,11.81326675415039,11.545318603515625,11.491683959960938
summary	629	0	63	63	4289	4289,44427,9454,1249,2610	18.179094314575195,17.312227249145508,17.03473663330078,16.368505477905273,16.083192825317383
summary	629	1	63	64	476	476,323,264,14,5746	21.914094924926758,20.162940979003906,20.009906768798828,19.3948974609375,19.2585506439209
summary	629	2	63	65	5602	5602,2297,11596,8290,4499	26.767404556274414,19.112953186035156,18.620948791503906,18.562170028686523,18.220796585083008
summary	629	3	63	66	264	264,5746,729,6350,17792	21.136966705322266,19.214008331298828,19.061622619628906,18.428010940551758,18.001718521118164
summary	629	4	63	67	729	729,17792,4108,10995,20721	20.46364402770996,18.926313400268555,18.17055320739746,17.87441635131836,16.85220718383789
summary	629	5	63	68	304	304,2878,504,1667,4512	23.821434020996094,21.387475967407227,19.69027328491211,19.64590835571289,18.898509979248047
summary	629	6	63	69	264	264,279,458,20721,64912	19.119775772094727,18.64297103881836,16.352245330810547,15.616113662719727,15.356029510498047
summary	629	7	63	70	4108	4108,17792,20721,64912,647	18.628028869628906,18.38376235961914,17.72840118408203,16.516952514648438,15.986076354980469
summary	629	8	63	71	5662	5662,729,2022,12960,4938	24.70919418334961,18.130374908447266,17.897384643554688,17.814058303833008,16.80510711669922
summary	629	9	63	72	320	320,13,1667,594,4573	19.16425132751465,18.093477249145508,17.354034423828125,17.11733055114746,15.852874755859375
summary	629	10	63	73	11187	11187,7338,88124,53,85	24.789581298828125,21.91348648071289,17.99913215637207,17.752283096313477,17.201641082763672
summary	629	11	63	74	568	568,8,701,41295,40318	24.934343338012695,24.8475399017334,18.007984161376953,17.34881591796875,16.010284423828125
summary	629	12	63	75	151645	151645,5209,1096,2160,2980	22.6379337310791,13.007780075073242,12.896827697753906,11.793173789978027,11.363014221191406
summary	645	0	239	239	785	785,32,7623,9408,1986	16.74273681640625,16.733043670654297,15.759435653686523,15.063544273376465,14.83615493774414
summary	645	1	239	240	1936	1936,63499,5535,70778,2114	15.74494743347168,15.73463249206543,15.096704483032227,14.926383972167969,14.651090621948242
summary	645	2	239	241	315	315,4641,7901,389,572	20.069551467895508,19.01143455505371,18.10940933227539,17.893075942993164,17.592609405517578
summary	645	3	239	242	279	279,5379,264,1565,4879	18.777847290039062,16.859224319458008,15.87806510925293,15.124612808227539,15.069406509399414
summary	645	4	239	243	5535	5535,1565,4879,220,5379	20.896953582763672,16.367069244384766,15.930048942565918,15.867535591125488,14.761011123657227
summary	645	5	239	244	4879	4879,63499,5379,70778,17381	19.224376678466797,16.77450942993164,16.635608673095703,15.78832721710205,15.727616310119629
summary	645	6	239	245	315	315,304,4641,389,369	17.58768653869629,16.016738891601562,16.012409210205078,15.6605863571167,15.405035972595215
summary	645	7	239	246	5379	5379,70778,279,1565,63499	17.744600296020508,16.332971572875977,16.11526870727539,15.684115409851074,14.131512641906738
summary	645	8	239	247	21632	21632,20923,7695,33,16695	25.04471778869629,15.521869659423828,14.327452659606934,14.179363250732422,14.122982025146484
summary	645	9	239	248	18215	18215,7382,594,5320,5379	18.882173538208008,17.166824340820312,16.633913040161133,16.4810791015625,15.973493576049805
summary	645	10	239	249	21632	21632,8226,1664,7712,11948	29.651962280273438,17.111469268798828,16.290952682495117,14.898552894592285,14.822798728942871
summary	645	11	239	250	23460	23460,3795,5320,1786,12	23.772008895874023,16.535188674926758,16.47959327697754,16.25058937072754,16.061384201049805
summary	645	12	239	251	4641	4641,374,23057,572,14525	18.5958194732666,18.497140884399414,17.571590423583984,16.611661911010742,16.497987747192383
summary	645	13	239	252	4152	4152,1576,448,11,311	24.288785934448242,21.68099594116211,21.124759674072266,20.643917083740234,19.72812843322754
summary	645	14	239	253	311	311,458,264,279,80161	30.017192840576172,16.824504852294922,16.404661178588867,15.720505714416504,14.70611572265625
summary	645	15	239	254	80161	80161,458,264,279,1159	24.010454177856445,23.007665634155273,22.89963722229004,18.533397674560547,17.436233520507812
summary	645	16	239	255	15202	15202,1159,17717,19543,1565	20.400039672851562,20.275737762451172,16.58242416381836,16.394977569580078,16.06317901611328
summary	645	17	239	256	13	13,304,11,369,323	19.454004287719727,19.205333709716797,18.798646926879883,15.995673179626465,15.843574523925781
summary	645	18	239	257	151645	151645,576,1096,5209,362	21.957550048828125,13.255666732788086,13.163387298583984,12.508827209472656,12.270740509033203
summary	659	0	242	242	19237	19237,1877,1986,9190,785	16.855716705322266,16.49371910095215,16.05636978149414,15.98507308959961,15.808843612670898
summary	659	1	242	243	25	25,315,304,510,1447	23.16498565673828,21.02367401123047,18.045202255249023,17.997514724731445,17.2531795501709
summary	659	2	242	244	41444	41444,576,9549,43517,49858	17.27989387512207,16.983795166015625,16.721168518066406,15.725913047790527,15.518622398376465
summary	659	3	242	245	311	311,2615,476,4686,17179	29.75587272644043,19.39327049255371,16.95766830444336,15.926627159118652,15.780221939086914
summary	659	4	242	246	2615	2615,17179,633,1349,7807	24.087614059448242,20.58602523803711,19.618009567260742,18.968040466308594,18.802085876464844
summary	659	5	242	247	264	264,2070,2036,279,458	20.140235900878906,18.862865447998047,18.452945709228516,18.127866744995117,17.13973617553711
summary	659	6	242	248	2070	2070,2036,3151,5189,32930	20.230222702026367,19.796436309814453,17.3000545501709,15.939824104309082,15.747119903564453
summary	659	7	242	249	389	389,504,304,4512,315	21.637910842895508,21.35089874267578,20.50872802734375,19.069730758666992,19.02888298034668
summary	659	8	242	250	458	458,264,279,9250,2036	22.117149353027344,20.172922134399414,19.31707763671875,18.614253997802734,18.38132095336914
summary	659	9	242	251	9250	9250,2036,15637,1565,68342	21.65188217163086,16.39552116394043,16.30422592163086,15.440042495727539,15.367432594299316
summary	659	10	242	252	2036	2036,16139,33789,1565,5944	21.475990295410156,16.777389526367188,16.134885787963867,16.13275909423828,14.552398681640625
summary	659	11	242	253	304	304,504,1667,4566,4152	20.440155029296875,20.25118637084961,19.550479888916016,19.125566482543945,18.152616500854492
summary	659	12	242	254	79918	79918,264,70778,63499,33789	18.00523567199707,17.425230026245117,16.704835891723633,15.680498123168945,15.516281127929688
summary	659	13	242	255	1228	1228,24227,740,66,5082	26.683429718017578,17.964366912841797,17.187471389770508,17.17727279663086,15.23344898223877
summary	659	14	242	256	4152	4152,1667,13,2038,11	18.864818572998047,18.438318252563477,17.948667526245117,17.784027099609375,17.69849967956543
summary	659	15	242	257	311	311,7402,6853,38313,279	29.0692138671875,16.908071517944336,16.89590835571289,16.084877014160156,15.069364547729492
summary	659	16	242	258	7402	7402,2036,6853,2070,264	17.89754867553711,16.667728424072266,16.560667037963867,16.42104148864746,16.158761978149414
summary	659	17	242	259	2070	2070,2036,2530,1565,476	15.99714469909668,15.56314754486084,15.444695472717285,15.006832122802734,14.817238807678223
summary	659	18	242	260	7271	7271,18004,8129,304,13	18.71546173095703,17.889118194580078,17.81250762939453,17.07361602783203,16.795778274536133
summary	659	19	242	261	13	13,304,476,151645,11	19.461994171142578,18.015357971191406,17.188901901245117,15.44544506072998,15.373455047607422
summary	659	20	242	262	151645	151645,576,1096,4710,5209	20.388687133789062,12.373340606689453,11.972461700439453,11.813580513000488,11.705194473266602
summary	681	0	238	238	785	785,32,1986,63,56324	19.26633071899414,17.351463317871094,17.05943489074707,16.794370651245117,16.327220916748047
summary	681	1	238	239	1565	1565,470,45415,14141,4265	16.99376678466797,14.499475479125977,14.475672721862793,14.402141571044922,13.899534225463867
summary	681	2	238	240	376	376,54318,15067,66368,94941	21.003854751586914,17.442699432373047,16.738067626953125,16.59431266784668,16.451885223388672
summary	681	3	238	241	4527	4527,4435,2434,55005,9584	27.958951950073242,17.859615325927734,17.759296417236328,17.189666748046875,16.441295623779297
summary	681	4	238	242	486	486,63,93370,25,77033	24.22995948791504,19.227907180786133,17.45969009399414,16.707406997680664,16.212669372558594
summary	681	5	238	243	66368	66368,56324,42305,93370,54974	27.176713943481445,19.539493560791016,17.684223175048828,17.683631896972656,17.45269012451172
summary	681	6	238	244	63	63,486,367,7808,389	24.26124382019043,18.190017700195312,15.236231803894043,15.144682884216309,13.718257904052734
summary	681	7	238	245	389	389,4565,729,4265,14944	19.075931549072266,18.702877044677734,17.323787689208984,16.267044067382812,16.10784912109375
summary	681	8	238	246	1565	1565,279,458,37301,74090	23.39095115661621,17.346830368041992,15.944772720336914,15.784103393554688,15.592267990112305
summary	681	9	238	247	453	453,7125,839,3067,8432	24.087034225463867,16.840238571166992,15.723260879516602,15.628662109375,15.537862777709961
summary	681	10	238	248	12511	12511,75738,21458,689,80023	25.764829635620117,16.332794189453125,14.868093490600586,14.226598739624023,14.190231323242188
summary	681	11	238	249	23472	23472,4042,15412,11569,18264	26.25154685974121,16.630918502807617,16.556392669677734,15.885271072387695,15.825465202331543
summary	681	12	238	250	63	63,7808,28587,39829,54258	27.97369956970215,20.082599639892578,15.805500030517578,15.78633975982666,15.047896385192871
summary	681	13	238	251	374	374,304,389,702,4265	21.50788116455078,20.932117462158203,19.333560943603516,18.829191207885742,18.314804077148438
summary	681	14	238	252	10865	10865,14381,5023,14719,264	21.875749588012695,19.579437255859375,19.389667510986328,18.47762107849121,18.0786075592041
summary	681	15	238	253	11	11,323,979,4152,304	23.8941593170166,23.42166519165039,22.604938507080078,22.50787925720215,21.572284698486328
summary	681	16	238	254	323	323,14381,22703,448,3259	20.724159240722656,20.26862144470215,19.75508689880371,18.93517303466797,18.930086135864258
summary	681	17	238	255	432	432,279,264,1052,3847	18.416698455810547,17.294132232666016,16.733896255493164,16.45465850830078,16.446828842163086
summary	681	18	238	256	594	594,1265,646,3880,4977	21.440067291259766,19.713573455810547,19.523067474365234,19.458213806152344,18.76370620727539
summary	681	19	238	257	537	537,14381,2588,3204,8881	19.16517448425293,18.27216911315918,16.725032806396484,16.70470428466797,16.681903839111328
summary	681	20	238	258	2797	2797,4135,10507,3204,11102	17.914823532104492,16.437808990478516,16.134536743164062,15.587302207946777,15.567481994628906
summary	681	21	238	259	3170	3170,1246,421,1128,3425	25.20252799987793,23.812244415283203,23.475475311279297,22.457914352416992,21.751972198486328
summary	681	22	238	260	432	432,13,11,419,705	18.24024772644043,17.590408325195312,17.312084197998047,16.842182159423828,16.334091186523438
summary	681	23	238	261	36137	36137,594,3171,11137,2588	21.29650115966797,20.019638061523438,19.037839889526367,18.86574363708496,18.819677352905273
summary	681	24	238	262	979	979,2041,448,421,13	21.22481346130371,20.752361297607422,19.73401641845703,19.619264602661133,19.349313735961914
summary	681	25	238	263	279	279,13451,1052,1565,432	22.864261627197266,19.828266143798828,19.477027893066406,19.293306350708008,19.094402313232422
summary	681	26	238	264	470	470,1565,3601,5927,729	23.660968780517578,19.071630477905273,18.387195587158203,18.143857955932617,17.214649200439453
summary	681	27	238	265	897	897,3171,2750,374,1633	26.370731353759766,19.040611267089844,18.533187866210938,18.454294204711914,17.790708541870117
summary	681	28	238	266	3171	3171,1558,374,702,36756	25.668624877929688,22.56328010559082,22.3106632232666,22.27851676940918,21.711458206176758
summary	681	29	238	267	944	944,1405,6,79115,17323	33.0623779296875,26.750686645507812,18.81865692138672,18.084228515625,17.809038162231445
summary	681	30	238	268	614	614,2924,6644,13837,2432	24.664392471313477,22.35218048095703,22.00952911376953,18.370891571044922,18.2850399017334
summary	681	31	238	269	1565	1565,279,264,53305,24572	23.80437469482422,19.987449645996094,17.59280776977539,16.987375259399414,16.548622131347656
summary	681	32	238	270	20689	20689,7939,24572,17014,12423	23.818824768066406,17.245542526245117,15.41944408416748,15.410470962524414,15.314298629760742
summary	681	33	238	271	486	486,25,63,0,11139	28.69314193725586,16.84748649597168,16.680864334106445,16.520668029785156,15.797252655029297
summary	681	34	238	272	5150	5150,11139,8349,7939,3474	26.25234603881836,16.894817352294922,16.49541664123535,16.0810489654541,16.07195472717285
summary	681	35	238	273	12283	12283,3904,16468,703,31777	23.250886917114258,13.775503158569336,13.571395874023438,12.983634948730469,12.880908966064453
summary	681	36	238	274	28587	28587,7808,63,18639,62338	24.2067813873291,21.32050132751465,21.17365074157715,15.877729415893555,15.84515380859375
summary	681	37	238	275	151645	151645,1084,1096,576,362	17.799596786499023,14.254996299743652,13.729021072387695,13.719613075256348,13.203907012939453
summary	696	0	113	113	18605	18605,49,2212,2132,7916	20.85079574584961,16.51806640625,16.39323616027832,16.07938003540039,15.567707061767578
summary	696	1	113	114	279	279,5383,1667,6783,12624	19.820114135742188,19.780385971069336,19.610746383666992,18.243793487548828,17.872817993164062
summary	696	2	113	115	990	990,5383,33789,6783,1565	21.3078670501709,17.400484085083008,16.381729125976562,16.310775756835938,14.960363388061523
summary	696	3	113	116	315	315,323,6783,476,11	28.630083084106445,20.934782028198242,17.866207122802734,17.3029727935791,17.03531837463379
summary	696	4	113	117	18021	18021,12624,1565,6783,733	22.47123146057129,19.057861328125,18.78682518005371,18.12128448486328,16.433589935302734
summary	696	5	113	118	304	304,369,323,311,5961	26.453506469726562,21.270580291748047,20.752365112304688,19.963485717773438,19.548900604248047
summary	696	6	113	119	12624	12624,33789,5383,23071,23393	23.27804946899414,20.4337100982666,19.929439544677734,15.822999000549316,15.173242568969727
summary	696	7	113	120	11	11,369,311,323,13	19.447826385498047,19.135459899902344,18.818038940429688,18.167339324951172,18.107925415039062
summary	696	8	113	121	4428	4428,10693,27362,12579,1075	21.10467529296875,19.277341842651367,19.04850196838379,18.870962142944336,18.81353187561035
summary	696	9	113	122	311	311,14944,7709,4565,5486	27.575931549072266,18.504236221313477,17.969074249267578,17.1710147857666,16.791250228881836
summary	696	10	113	123	1246	1246,3330,1565,5383,1667	18.468828201293945,18.279685974121094,17.16323471069336,16.224924087524414,16.128095626831055
summary	696	11	113	124	1565	1565,18021,5036,7332,6941	19.103946685791016,17.540119171142578,17.489582061767578,17.330474853515625,17.141626358032227
summary	696	12	113	125	3788	3788,1024,87,7975,40923	20.66522216796875,17.937833786010742,17.809797286987305,16.948991775512695,16.775447845458984
summary	696	13	113	126	46	46,19499,20608,1793,711	26.814374923706055,20.019651412963867,19.602746963500977,18.922183990478516,18.41465187072754
summary	696	14	113	127	63	63,621,284,28587,7808	22.781417846679688,15.957837104797363,14.840398788452148,14.079957008361816,13.52707290649414
summary	696	15	113	128	646	646,1410,374,304,2578	22.873319625854492,22.58350372314453,22.39545440673828,20.92061996459961,20.623538970947266
summary	696	16	113	129	387	387,2432,1401,5785,18615	26.042724609375,21.216251373291016,21.042722702026367,20.93988609313965,20.55479621887207
summary	696	17	113	130	6966	6966,1483,5383,18054,26502	21.65042495727539,21.155254364013672,20.50887107849121,19.987337112426758,18.82773208618164
summary	696	18	113	131	705	705,5239,369,432,454	30.222829818725586,22.00284767150879,20.73554801940918,20.00342559814453,19.23308753967285
summary	696	19	113	132	311	311,369,304,323,13	23.919797897338867,23.66133689880371,22.535133361816406,20.8387451171875,20.698457717895508
summary	696	20	113	133	1779	1779,8253,1490,2432,5648	21.667552947998047,21.000335693359375,20.809720993041992,20.4737606048584,20.054485321044922
summary	696	21	113	134	369	369,421,3890,6350,6941	25.22370719909668,24.5060977935791,20.172609329223633,19.43572425842285,18.997671127319336
summary	696	22	113	135	6350	6350,458,264,6941,13885	22.356910705566406,21.89158821105957,21.06802749633789,21.011154174804688,19.738082885742188
summary	696	23	113	136	6941	6941,7332,5036,3890,1565	23.342464447021484,22.059463500976562,19.89589500427246,19.81475830078125,18.617740631103516
summary	696	24	113	137	7332	7332,18021,3890,19942,15057	24.403789520263672,19.37969970703125,19.336002349853516,18.473617553710938,17.68104362487793
summary	696	25	113	138	13	13,389,304,11,979	21.666353225708008,19.942581176757812,19.52350616455078,16.52011489868164,16.439212799072266
summary	696	26	113	139	151645	151645,1096,1913,1084,576	22.239322662353516,14.539480209350586,11.681206703186035,11.489372253417969,11.313883781433105
summary	731	0	264	264	98637	98637,13859,2212,2008,49	19.058338165283203,17.56313705444336,17.443220138549805,17.09958267211914,16.88585662841797
summary	731	1	264	265	369	369,25,311,11367,374	23.244522094726562,23.01242446899414,22.20741844177246,16.861072540283203,16.5736083984375
summary	731	2	264	266	10101	10101,7842,33789,27362,444	18.863515853881836,18.130708694458008,15.238502502441406,15.052274703979492,15.024476051330566
summary	731	3	264	267	323	323,943,476,14,11	21.073184967041016,19.625822067260742,16.97945785522461,16.687389373779297,15.431861877441406
summary	731	4	264	268	46635	46635,38219,943,3546,1995	24.135231018066406,21.758819580078125,18.162124633789062,17.3658447265625,17.221912384033203
summary	731	5	264	269	943	943,33789,444,32207,23071	20.952985763549805,18.50896453857422,16.11810302734375,15.387179374694824,15.186473846435547
summary	731	6	264	270	32207	32207,30643,13012,21223,95348	23.13274574279785,22.71254539489746,18.208765029907227,17.167396545410156,16.374460220336914
summary	731	7	264	271	304	304,369,311,13,389	22.494192123413086,21.327791213989258,20.944477081298828,17.144433975219727,16.76240348815918
summary	731	8	264	272	33789	33789,70778,63499,444,2526	18.21296501159668,16.304824829101562,16.070280075073242,15.995004653930664,15.065235137939453
summary	731	9	264	273	369	369,444,594,311,13	17.88344383239746,17.118478775024414,16.174968719482422,15.998454093933105,15.678984642028809
summary	731	10	264	274	444	444,2664,8741,943,2526	18.213422775268555,17.5949649810791,15.79656982421875,15.713726997375488,15.597079277038574
summary	731	11	264	275	4592	4592,55506,7984,2154,396	25.895370483398438,18.718063354492188,16.793659210205078,14.684067726135254,14.473392486572266
summary	731	12	264	276	17590	17590,13,9705,24748,1824	16.315610885620117,15.986730575561523,15.261099815368652,15.199432373046875,14.578009605407715
summary	731	13	264	277	13	13,151645,11,448,323	18.92287826538086,15.987847328186035,15.632732391357422,15.56839370727539,15.281436920166016
summary	731	14	264	278	151645	151645,1096,4710,5209,576	22.332843780517578,13.321390151977539,12.020147323608398,11.658166885375977,11.240753173828125
summary	745	0	291	291	785	785,13253,26050,32,3882	16.818553924560547,16.764633178710938,16.6275691986084,16.55830192565918,16.493005752563477
summary	745	1	291	292	3233	3233,30650,8979,2988,55380	17.659618377685547,14.877423286437988,14.757616996765137,14.632615089416504,14.480297088623047
summary	745	2	291	293	38380	38380,2243,2220,11476,8460	25.930498123168945,20.72641944885254,20.545591354370117,20.13045883178711,20.10739517211914
summary	745	3	291	294	1280	1280,4565,729,3173,4265	25.82314109802246,18.66264533996582,18.312971115112305,18.105348587036133,17.918920516967773
summary	745	4	291	295	304	304,4265,4565,21960,729	19.91413116455078,18.224817276000977,17.736509323120117,17.06306266784668,16.957229614257812
summary	745	5	291	296	20185	20185,30650,55380,647,1565	20.016725540161133,19.638134002685547,17.969173431396484,14.785351753234863,14.167243003845215
summary	745	6	291	297	18563	18563,6119,31377,8748,14029	25.193199157714844,16.3832950592041,16.12253189086914,15.018172264099121,14.564457893371582
summary	745	7	291	298	6119	6119,2078,2038,12062,1851	25.188127517700195,17.121463775634766,16.8100643157959,15.234292984008789,15.0883150100708
summary	745	8	291	299	320	320,36137,7025,448,323	18.179189682006836,17.902761459350586,17.653087615966797,17.35133934020996,16.73485565185547
summary	745	9	291	300	26050	26050,4197,49,11562,43	18.89760971069336,18.779870986938477,18.309654235839844,17.758277893066406,17.060270309448242
summary	745	10	291	301	6119	6119,2078,1851,2038,1162	20.493661880493164,20.492103576660156,15.670263290405273,15.483166694641113,14.3743314743042
summary	745	11	291	302	8	8,448,488,11,701	21.209693908691406,18.79636001586914,16.732250213623047,16.381298065185547,15.081744194030762
summary	745	12	291	303	7025	7025,36137,448,323,374	18.790882110595703,18.386474609375,18.244150161743164,18.044401168823242,17.513105392456055
summary	745	13	291	304	36137	36137,14525,11137,4278,18303	20.5223388671875,20.085094451904297,18.442964553833008,18.347627639770508,17.497272491455078
summary	745	14	291	305	4152	4152,448,979,11,476	19.01504898071289,18.58036231994629,18.093944549560547,17.745718002319336,17.355607986450195
summary	745	15	291	306	311	311,11,279,264,304	29.160804748535156,16.028223037719727,15.363743782043457,15.102538108825684,14.981171607971191
summary	745	16	291	307	16500	16500,264,4714,458,279	16.63079071044922,16.250099182128906,14.636259078979492,14.565458297729492,14.494912147521973
summary	745	17	291	308	7709	7709,21960,27099,4714,19777	17.939971923828125,16.517641067504883,15.432929992675781,14.747100830078125,14.739663124084473
summary	745	18	291	309	11	11,979,448,304,5435	20.41031265258789,19.766773223876953,19.634990692138672,19.078027725219727,18.95050811767578
summary	745	19	291	310	14381	14381,7945,448,5310,11689	19.946657180786133,19.916427612304688,19.75295066833496,19.478063583374023,19.202232360839844
summary	745	20	291	311	279	279,432,21960,264,1320	17.54960060119629,16.864276885986328,16.53347396850586,16.377349853515625,16.08808135986328
summary	745	21	291	312	21960	21960,1196,444,3561,3233	17.686580657958984,15.55984878540039,15.464407920837402,15.361948013305664,15.360190391540527
summary	745	22	291	313	311	311,4518,1943,979,1465	19.530555725097656,18.530447006225586,17.550212860107422,17.151601791381836,17.104854583740234
summary	745	23	291	314	4994	4994,1473,12170,3037,2420	22.70833396911621,19.799985885620117,19.335338592529297,19.189054489135742,19.02053451538086
summary	745	24	291	315	4518	4518,13,979,11,50609	21.875526428222656,20.418649673461914,20.16167640686035,19.667625427246094,19.318700790405273
summary	745	25	291	316	315	315,13,11,979,1393	22.3797607421875,22.231264114379883,20.475234985351562,19.083162307739258,17.211772918701172
summary	745	26	291	317	3238	3238,36566,30201,279,3233	21.501911163330078,19.35894775390625,19.326091766357422,19.28805923461914,18.43801498413086
summary	745	27	291	318	13	13,438,12440,10277,11	22.274761199951172,22.232444763183594,21.32862091064453,21.311981201171875,19.241086959838867
summary	745	28	291	319	151645	151645,1096,576,1084,4220	21.80105972290039,15.985692024230957,14.14401912689209,12.566934585571289,11.814823150634766
summary	753	0	162	162	1249	1249,2212,785,32308,2610	18.31795883178711,18.254976272583008,17.697664260864258,16.36721420288086,16.29390525817871
summary	753	1	162	163	912	912,4211,2615,7283,633	22.421186447143555,20.43960189819336,20.24407196044922,19.44055938720703,18.671886444091797
summary	753	2	162	164	264	264,4194,8894,458,2615	20.69944953918457,19.115049362182617,18.18223762512207,18.0261173248291,16.121315002441406
summary	753	3	162	165	4194	4194,33789,1565,12731,8894	17.353199005126953,17.217090606689453,16.167945861816406,15.324893951416016,15.144632339477539
summary	753	4	162	166	2615	2615,42156,18615,15614,1349	24.423816680908203,21.69058609008789,18.409231185913086,17.086233139038086,16.924835205078125
summary	753	5	162	167	729	729,1714,311,5666,4565	19.417461395263672,18.998611450195312,18.26473617553711,18.050655364990234,18.02975082397461
summary	753	6	162	168	311	311,369,1119,504,1667	23.892730712890625,22.11098861694336,21.353145599365234,21.189453125,19.833988189697266
summary	753	7	162	169	264	264,279,1565,70778,458	19.539403915405273,17.969802856445312,17.908832550048828,16.818025588989258,16.443134307861328
summary	753	8	162	170	1565	1565,70778,33789,10528,63499	17.23382568359375,16.144317626953125,15.729337692260742,15.49563217163086,15.327030181884766
summary	753	9	162	171	18497	18497,1834,49,2227,10050	23.989540100097656,19.91010093688965,18.467382431030273,17.99193000793457,17.50018310546875
summary	753	10	162	172	63	63,7808,39829,3125,27	23.901172637939453,17.614818572998047,15.740226745605469,14.629556655883789,14.099140167236328
summary	753	11	162	173	1667	1667,504,5823,429,304	19.01563262939453,18.99041175842285,18.659809112548828,18.246185302734375,18.10604476928711
summary	753	12	162	174	264	264,279,33789,70778,458	17.695058822631836,16.78976821899414,16.39012908935547,16.154130935668945,15.190208435058594
summary	753	13	162	175	63499	63499,70778,33789,1565,15592	17.67255973815918,16.644285202026367,16.35057830810547,14.934691429138184,14.489826202392578
summary	753	14	162	176	5316	5316,8894,594,67422,65960	20.696121215820312,19.851646423339844,18.776405334472656,16.547178268432617,16.37979507446289
summary	753	15	162	177	8894	8894,11,304,2041,504	21.481395721435547,20.174541473388672,19.274362564086914,17.793041229248047,17.374467849731445
summary	753	16	162	178	11	11,304,943,13,729	20.74383544921875,20.0020809173584,19.079570770263672,18.643686294555664,17.320451736450195
summary	753	17	162	179	498	498,2908,279,4211,1393	17.551084518432617,17.132644653320312,16.468103408813477,16.091516494750977,16.04892349243164
summary	753	18	162	180	646	646,1184,1265,1410,3278	24.557363510131836,23.844463348388672,23.67347526550293,21.854068756103516,21.253009796142578
summary	753	19	162	181	2987	2987,990,1855,4211,32064	19.71500015258789,19.33641242980957,18.434349060058594,18.29593276977539,17.936805725097656
summary	753	20	162	182	1681	1681,4211,990,1281,1855	18.837751388549805,18.028644561767578,17.935441970825195,17.774616241455078,17.744787216186523
summary	753	21	162	183	264	264,476,279,432,458	21.3834171295166,21.35223960876465,19.29268455505371,19.02836799621582,18.75785255432129
summary	753	22	162	184	4565	4565,501,5046,1565,9876	20.99138832092285,18.32107925415039,15.795193672180176,15.108343124389648,14.882131576538086
summary	753	23	162	185	476	476,1681,320,2297,11	23.453935623168945,19.766441345214844,18.47348403930664,18.359542846679688,18.050209045410156
summary	753	24	162	186	264	264,3410,1492,29614,4190	20.27888298034668,19.418190002441406,18.007450103759766,17.958017349243164,17.924209594726562
summary	753	25	162	187	1492	1492,9876,5046,4565,13137	22.2681941986084,17.88707733154297,17.47467803955078,17.336240768432617,16.781225204467773
summary	753	26	162	188	1681	1681,13,729,4565,8544	23.769672393798828,18.411258697509766,18.269630432128906,18.239099502563477,17.260541915893555
summary	753	27	162	189	13	13,11,11649,3118,421	22.15341567993164,20.636098861694336,19.501014709472656,19.206375122070312,19.013151168823242
summary	753	28	162	190	151645	151645,576,1096,1416,4354	20.434471130371094,14.824851989746094,14.547667503356934,14.518421173095703,13.42190170288086
summary	775	0	258	258	49	49,98228,32,785,9860	17.36055564880371,16.627395629882812,16.308441162109375,16.13944435119629,16.0745792388916
summary	775	1	258	259	2886	2886,276,28865,1950,63499	25.334949493408203,15.815271377563477,15.532877922058105,15.247751235961914,15.08536434173584
summary	775	2	258	260	444	444,594,6635,702,374	18.0375919342041,17.695331573486328,17.28783416748047,15.1952543258667,14.234051704406738
summary	775	3	258	261	4592	4592,9256,55506,3540,8485	26.353397369384766,15.957954406738281,15.736869812011719,15.36814022064209,15.046283721923828
summary	775	4	258	262	25652	25652,81720,17717,61288,594	21.6702880859375,18.68115234375,17.8392391204834,17.55712890625,16.599655151367188
summary	775	5	258	263	81720	81720,17717,374,10865,14422	19.443227767944336,18.752323150634766,18.538366317749023,18.495481491088867,18.3045711517334
summary	775	6	258	264	525	525,1265,448,1033,614	19.52933120727539,17.560821533203125,17.382343292236328,17.16506576538086,16.890037536621094
summary	775	7	258	265	10865	10865,537,1431,52824,9519	19.66618537902832,19.194366455078125,19.176006317138672,18.80387306213379,18.39889907836914
summary	775	8	258	266	11	11,448,323,4152,979	21.976104736328125,21.69558334350586,21.33370018005371,21.140487670898438,20.029895782470703
summary	775	9	258	267	323	323,448,714,14381,22703	18.47062110900879,18.369060516357422,17.505294799804688,17.078895568847656,16.924938201904297
summary	775	10	258	268	7218	7218,1378,498,279,358	17.51789665222168,17.024892807006836,16.924150466918945,16.902769088745117,16.417985916137695
summary	775	11	258	269	311	311,81720,504,69737,279	19.958450317382812,19.163604736328125,18.230737686157227,17.787761688232422,17.305362701416016
summary	775	12	258	270	1378	1378,264,614,8651,3432	18.415420532226562,17.782516479492188,17.201053619384766,17.139671325683594,16.114276885986328
summary	775	13	258	271	69737	69737,7868,8651,81720,7299	20.35866355895996,17.001327514648438,16.17683982849121,15.600992202758789,14.583970069885254
summary	775	14	258	272	304	304,63297,374,26537,8356	21.302947998046875,19.894363403320312,19.651077270507812,19.172534942626953,18.459484100341797
summary	775	15	258	273	279	279,264,825,1852,1105	23.850439071655273,20.14426040649414,19.237327575683594,16.668046951293945,16.36722183227539
summary	775	16	258	274	1852	1852,3175,17717,4734,1565	25.52800178527832,16.822832107543945,16.55059814453125,16.302722930908203,14.835761070251465
summary	775	17	258	275	17717	17717,6328,1034,25652,3175	22.896636962890625,17.8420467376709,14.808084487915039,14.749662399291992,14.669355392456055
summary	775	18	258	276	63297	63297,374,19673,67477,4278	22.310914993286133,21.755502700805664,21.007526397705078,20.551685333251953,20.03459358215332
summary	775	19	258	277	279	279,419,4714,432,4265	21.54412269592285,19.25758934020996,18.195903778076172,17.77999496459961,16.1835994720459
summary	775	20	258	278	4265	4265,1465,3491,4714,12055	23.31788444519043,17.638439178466797,17.47334861755371,16.716135025024414,16.00883674621582
summary	775	21	258	279	13	13,151645,553,25,11	20.989885330200195,16.817584991455078,16.39676284790039,15.72284984588623,15.16617202758789
summary	775	22	258	280	151645	151645,576,1096,4710,5209	22.84185028076172,12.496818542480469,12.377371788024902,12.119221687316895,11.024955749511719
summary	810	0	254	254	1986	1986,785,8610,13859,2610	18.275089263916016,17.720699310302734,17.485401153564453,17.050941467285156,16.995914459228516
summary	810	1	254	255	11727	11727,4565,4265,374,1465	19.27391242980957,18.958168029785156,18.19361114501953,16.916982650756836,15.802765846252441
summary	810	2	254	256	16555	16555,13230,374,54625,21314	20.063772201538086,19.979084014892578,19.726287841796875,19.677295684814453,19.09670066833496
summary	810	3	254	257	264	264,458,4714,279,24748	18.837604522705078,17.708316802978516,16.677310943603516,16.57144546508789,15.305599212646484
summary	810	4	254	258	12055	12055,24748,4565,3491,35301	16.09415054321289,15.747383117675781,15.709877967834473,15.230711936950684,14.775240898132324
summary	810	5	254	259	1948	1948,304,979,1380,448	24.67436981201172,21.331382751464844,20.60855484008789,20.349775314331055,19.852130889892578
summary	810	6	254	260	1565	1565,279,1667,264,63499	16.10907554626465,16.010475158691406,14.308674812316895,14.139975547790527,13.506589889526367
summary	810	7	254	261	3767	3767,2923,8610,81,1195	21.853347778320312,18.63842010498047,18.15427017211914,17.941377639770508,17.188833236694336
summary	810	8	254	262	63	63,5158,486,2870,2923	19.467117309570312,17.25246810913086,16.608030319213867,16.279094696044922,16.035608291625977
summary	810	9	254	263	323	323,369,320,1465,5975	22.626914978027344,19.34931182861328,19.225658416748047,18.72073745727539,18.556642532348633
summary	810	10	254	264	1565	1565,43411,279,3912,468	21.314605712890625,16.879638671875,15.448212623596191,14.897733688354492,14.496198654174805
summary	810	11	254	265	1195	1195,3767,97454,615,68	25.1612606048584,21.388832092285156,18.34490203857422,17.220335006713867,17.18877601623535
summary	810	12	254	266	265	265,41861,81,261,416	29.289690017700195,20.364215850830078,20.32408905029297,17.62693214416504,17.577728271484375
summary	810	13	254	267	63	63,7808,28587,486,77582	22.75465202331543,21.577102661132812,16.467241287231445,16.396595001220703,15.083232879638672
summary	810	14	254	268	81720	81720,304,8826,20186,979	18.242691040039062,18.100887298583984,17.56121826171875,16.95145034790039,16.626911163330078
summary	810	15	254	269	11	11,304,8826,4152,429	22.556182861328125,20.91764259338379,20.594423294067383,20.564523696899414,20.278491973876953
summary	810	16	254	270	1380	1380,448,11689,22703,22561	20.224227905273438,20.196277618408203,20.123510360717773,19.635644912719727,18.998279571533203
summary	810	17	254	271	1565	1565,279,24931,825,458	19.81324577331543,18.075145721435547,15.596861839294434,15.576688766479492,15.30920124053955
summary	810	18	254	272	3767	3767,1195,7747,615,8610	21.334930419921875,19.73755645751953,19.08205223083496,17.563547134399414,17.192161560058594
summary	810	19	254	273	63	63,486,18148,2923,13998	20.562511444091797,18.02402114868164,17.33155059814453,15.848915100097656,15.479619979858398
summary	810	20	254	274	1558	1558,11554,5975,4157,374	19.986286163330078,19.564970016479492,19.220218658447266,19.194759368896484,18.983877182006836
summary	810	21	254	275	537	537,1824,975,1565,12824	25.511259078979492,19.408496856689453,17.658788681030273,16.999839782714844,16.845197677612305
summary	810	22	254	276	4211	4211,1824,3410,10277,614	20.33207893371582,20.22945785522461,17.40290069580078,17.055322647094727,16.879045486450195
summary	810	23	254	277	1565	1565,279,264,24055,894	22.182083129882812,21.66478729248047,17.249414443969727,16.776500701904297,16.642017364501953
summary	810	24	254	278	7747	7747,81,8610,615,3767	20.30068588256836,19.6769962310791,18.13432502746582,16.991899490356445,15.843165397644043
summary	810	25	254	279	10361	10361,63,3945,486,52766	24.24659538269043,16.385799407958984,16.194908142089844,14.912487030029297,14.249662399291992
summary	810	26	254	280	63	63,7808,486,28587,25	19.96439552307129,19.288253784179688,18.174013137817383,16.972301483154297,16.557666778564453
summary	810	27	254	281	438	438,12440,6,369,892	19.679515838623047,18.70798110961914,18.07149887084961,17.765586853027344,17.48871612548828
summary	810	28	254	282	2567	2567,3601,264,1565,458	20.742694854736328,19.4648380279541,18.975543975830078,17.64056396484375,17.324663162231445
summary	810	29	254	283	553	553,13,11,369,311	24.34295654296875,22.135326385498047,21.855981826782227,21.693864822387695,20.145809173583984
summary	810	30	254	284	279	279,1565,264,1181,458	20.223997116088867,18.815900802612305,18.526565551757812,16.860057830810547,16.541404724121094
summary	810	31	254	285	4565	4565,1565,1465,17567,2038	19.482900619506836,17.512022018432617,17.336284637451172,16.991785049438477,16.84048080444336
summary	810	32	254	286	5181	5181,1681,13,8042,11	23.252090454101562,20.609283447265625,18.952760696411133,18.502626419067383,17.815088272094727
summary	810	33	254	287	13	13,11,369,304,311	20.686508178710938,18.95789337158203,17.30804443359375,17.207305908203125,16.762378692626953
summary	810	34	254	288	151645	151645,576,362,1096,1084	21.265758514404297,15.287276268005371,14.587023735046387,14.456591606140137,14.432376861572266
summary	830	0	288	288	785	785,32,63,49,11317	19.690689086914062,17.459924697875977,17.25360107421875,16.48133659362793,16.04789924621582
summary	830	1	288	289	1565	1565,33789,2710,2038,897	20.606592178344727,18.194725036621094,16.950231552124023,16.930456161499023,16.814464569091797
summary	830	2	288	290	7672	7672,5,333,957,8484	25.23334312438965,20.38047218322754,19.982288360595703,19.586040496826172,19.06209945678711
summary	830	3	288	291	63	63,5675,1565,6,7808	27.463171005249023,19.588821411132812,17.152135848999023,16.02978515625,15.701684951782227
summary	830	4	288	292	5675	5675,5666,304,97970,2971	23.267330169677734,16.69054412841797,15.874189376831055,15.806324005126953,15.542389869689941
summary	830	5	288	293	4344	4344,43347,304,50609,11137	21.684995651245117,20.515052795410156,20.246002197265625,19.885164260864258,19.19805145263672
summary	830	6	288	294	279	279,1565,264,2710,897	26.38374900817871,23.140052795410156,22.575225830078125,20.669662475585938,19.031509399414062
summary	830	7	288	295	897	897,2710,1565,7709,2856	22.982254028320312,21.928329467773438,19.220632553100586,17.748685836791992,17.190603256225586
summary	830	8	288	296	315	315,504,311,304,979	25.940677642822266,20.32057762145996,19.06328010559082,18.0956974029541,18.026897430419922
summary	830	9	288	297	1565	1565,264,279,2710,1181	25.68937873840332,25.180492401123047,24.08301544189453,21.244590759277344,19.755117416381836
summary	830	10	288	298	957	957,3849,1866,2641,6117	25.78839111328125,22.396564483642578,22.343181610107422,19.713895797729492,17.387313842773438
summary	830	11	288	299	63	63,7808,28587,6,1	26.721004486083984,20.031749725341797,17.412708282470703,16.09576988220215,14.800155639648438
summary	830	12	288	300	311	311,504,979,304,1948	24.268583297729492,23.511632919311523,21.4119815826416,20.20219612121582,19.81326675415039
summary	830	13	288	301	1565	1565,895,264,1181,279	27.77202606201172,20.91269874572754,18.33615493774414,18.298301696777344,17.227275848388672
summary	830	14	288	302	3849	3849,1866,15,4049,8385	30.045541763305664,23.14405059814453,19.443920135498047,19.34691047668457,18.419485092163086
summary	830	15	288	303	63	63,28587,7808,77582,44622	24.444515228271484,22.992183685302734,22.777523040771484,16.473651885986328,14.946733474731445
summary	830	16	288	304	979	979,304,4518,4152,323	22.681503295898438,21.799083709716797,21.381351470947266,20.314144134521484,19.80360221862793
summary	830	17	288	305	1483	1483,279,1565,9251,7707	20.80126953125,20.072389602661133,18.99552345275879,18.435157775878906,18.2960262298584
summary	830	18	288	306	448	448,304,438,4766,389	23.326385498046875,22.554349899291992,21.418476104736328,20.47327423095703,20.452157974243164
summary	830	19	288	307	1565	1565,264,279,458,2971	23.331077575683594,22.198123931884766,22.119140625,21.476545333862305,18.27360725402832
summary	830	20	288	308	3849	3849,333,1866,957,7672	21.86754608154297,21.22088623046875,20.635583877563477,18.794466018676758,18.707992553710938
summary	830	21	288	309	28587	28587,7808,63,1009,11	21.55464744567871,21.40338706970215,20.747087478637695,16.553327560424805,15.159748077392578
summary	830	22	288	310	151645	151645,1096,576,1416,3197	22.006973266601562,15.39620304107666,14.508626937866211,14.434380531311035,13.687887191772461
summary	892	0	230	230	30616	30616,25080,32,32308,785	18.96774673461914,17.421327590942383,17.288551330566406,17.240814208984375,17.181915283203125
summary	892	1	230	231	5413	5413,11312,1565,4621,374	21.588340759277344,19.83685874938965,18.202003479003906,16.495336532592773,16.48383903503418
summary	892	2	230	232	369	369,1565,374,311,304	23.12137794494629,17.923362731933594,17.87279510498047,17.426166534423828,17.358415603637695
summary	892	3	230	233	11312	11312,1565,10050,279,33789	22.117141723632812,20.120874404907227,16.767114639282227,16.38555908203125,15.563385963439941
summary	892	4	230	234	73891	73891,1912,7554,27,39368	27.590267181396484,18.078893661499023,17.252857208251953,15.372318267822266,14.969635963439941
summary	892	5	230	235	25	25,304,11,4152,374	20.267004013061523,16.875696182250977,16.15147590637207,15.850274085998535,15.538942337036133
summary	892	6	230	236	374	374,1565,912,525,7402	22.030227661132812,20.117733001708984,17.747570037841797,17.462894439697266,16.50864601135254
summary	892	7	230	237	15124	15124,4287,75738,9178,22228	24.631141662597656,16.94232749938965,15.447463989257812,14.449017524719238,14.395963668823242
summary	892	8	230	238	1507	1507,368,11,323,1005	25.38902473449707,21.841989517211914,19.628868103027344,17.44757080078125,15.927305221557617
summary	892	9	230	239	2797	2797,2422,374,323,3084	26.26213836669922,19.372983932495117,18.2760066986084,17.115821838378906,15.88223648071289
summary	892	10	230	240	368	368,1507,1005,151645,741	21.9334774017334,16.89179229736328,16.759416580200195,15.61733627319336,13.815874099731445
summary	892	11	230	241	151645	151645,525,1265,646,323	19.720050811767578,16.402294158935547,14.848217010498047,14.801733016967773,14.779162406921387
summary	909	0	189	189	785	785,7692,1986,6525,63	18.571765899658203,17.862045288085938,17.553417205810547,17.031494140625,16.641902923583984
summary	909	1	189	190	3312	3312,1565,33789,39007,23071	19.961463928222656,17.74829864501953,15.641047477722168,15.419095993041992,15.116118431091309
summary	909	2	189	191	729	729,1565,5733,897,1714	19.667098999023438,17.978464126586914,15.570459365844727,15.255889892578125,14.986773490905762
summary	909	3	189	192	1565	1565,4157,374,646,33906	18.326738357543945,17.098045349121094,16.486331939697266,16.098400115966797,15.868535995483398
summary	909	4	189	193	300	300,7692,6405,45388,10530	22.272159576416016,20.848655700683594,19.905038833618164,18.11255645751953,17.54656219482422
summary	909	5	189	194	1872	1872,27834,1600,28346,486	23.479248046875,16.90007972717285,15.67617130279541,15.512462615966797,15.071863174438477
summary	909	6	189	195	13429	13429,75738,4090,45636,27859	24.77710723876953,13.225380897521973,12.904610633850098,12.868461608886719,12.384119987487793
summary	909	7	189	196	63	63,54258,7808,368,6	25.06481170654297,19.05723762512207,16.783817291259766,14.580118179321289,13.328808784484863
summary	909	8	189	197	4157	4157,374,33906,304,702	19.516429901123047,19.368663787841797,18.31183624267578,17.77161407470703,17.29789924621582
summary	909	9	189	198	387	387,19192,3624,21000,1598	23.67055320739746,22.73357391357422,20.127628326416016,19.853200912475586,18.085527420043945
summary	909	10	189	199	19697	19697,21000,15695,1483,5798	23.883861541748047,20.12667465209961,17.912410736083984,17.46354103088379,17.011289596557617
summary	909	11	189	200	4152	4152,1576,11,304,448	25.720352172851562,23.600793838500977,21.973834991455078,21.245223999023438,21.158342361450195
summary	909	12	189	201	311	311,279,264,33789,458	29.303634643554688,15.829963684082031,15.052898406982422,14.423036575317383,14.273488998413086
summary	909	13	189	202	264	264,19860,458,279,33789	18.855525970458984,16.910493850708008,16.755165100097656,16.398353576660156,16.128904342651367
summary	909	14	189	203	1565	1565,33789,23071,943,17567	15.98728084564209,15.9177827835083,15.82213306427002,15.752677917480469,15.67750358581543
summary	909	15	189	204	11505	11505,35788,6681,80076,8121	22.356647491455078,18.296693801879883,17.186120986938477,17.12556266784668,16.545833587646484
summary	909	16	189	205	63	63,1454,7808,2623,14	22.483064651489258,14.311561584472656,14.001688957214355,13.977090835571289,12.9727144241333
summary	909	17	189	206	17567	17567,8129,16287,11605,21568	19.166452407836914,18.663921356201172,17.771467208862305,16.806447982788086,16.141315460205078
summary	909	18	189	207	35301	35301,16287,8129,4265,21568	18.49465560913086,18.278318405151367,18.056325912475586,17.45528221130371,17.244770050048828
summary	909	19	189	208	304	304,13,1948,448,11	19.66790008544922,19.631221771240234,19.441883087158203,19.13486671447754,18.695096969604492
summary	909	20	189	209	1565	1565,279,1181,33789,63499	18.175878524780273,17.7842960357666,16.791444778442383,15.865057945251465,15.358877182006836
summary	909	21	189	210	81	81,16834,8121,15123,1130	19.961355209350586,19.872875213623047,17.139644622802734,16.9281005859375,16.895885467529297
summary	909	22	189	211	2886	2886,28865,8531,3850,523	25.16032600402832,15.919282913208008,15.009557723999023,14.702983856201172,12.882858276367188
summary	909	23	189	212	486	486,7808,63,28587,22964	23.695415496826172,18.40752410888672,18.091609954833984,17.234596252441406,16.43718910217285
summary	909	24	189	213	1130	1130,15123,22255,6100,16997	23.460575103759766,18.600299835205078,18.39193344116211,18.242958068847656,17.568513870239258
summary	909	25	189	214	28587	28587,63,7808,25,486	22.561635971069336,20.384082794189453,19.84421157836914,18.20623016357422,17.497743606567383
summary	909	26	189	215	151645	151645,1096,576,1565,1084	21.98958969116211,14.182767868041992,14.027983665466309,12.455058097839355,12.289109230041504
summary	930	0	169	169	62980	62980,1249,15680,785,52096	18.263568878173828,17.818967819213867,17.272354125976562,16.631427764892578,15.974164009094238
summary	930	1	169	170	409	409,287,47443,264,939	22.933088302612305,19.3526668548584,19.143211364746094,17.51170539855957,17.21420669555664
summary	930	2	169	171	14	14,12,66114,74835,2687	25.68378448486328,22.088809967041016,20.517555236816406,17.738109588623047,16.465065002441406
summary	930	3	169	172	74835	74835,24166,10182,35865,75277	29.554410934448242,22.836769104003906,22.719757080078125,22.098987579345703,21.764650344848633
summary	930	4	169	173	369	369,315,1824,323,14944	25.430368423461914,20.935230255126953,19.379262924194336,18.81202507019043,17.743141174316406
summary	930	5	169	174	47032	47032,8173,1565,8748,32200	22.026185989379883,18.4596004486084,18.28153419494629,17.549915313720703,15.23929500579834
summary	930	6	169	175	311	311,323,11,369,448	21.65705108642578,20.38636589050293,20.31529998779297,18.938438415527344,18.819055557250977
summary	930	7	169	176	7269	7269,5648,2664,2138,7283	20.646577835083008,19.19700050354004,19.041950225830078,18.683414459228516,17.86470603942871
summary	930	8	169	177	1465	1465,28672,5975,19192,28137	19.805418014526367,18.96355628967285,17.317880630493164,17.10040855407715,16.071300506591797
summary	930	9	169	178	11589	11589,13351,12827,14849,24413	21.84758186340332,19.204185485839844,18.446468353271484,17.63208770751953,17.429508209228516
summary	930	10	169	179	323	323,2337,13,304,979	20.871580123901367,19.115978240966797,18.783720016479492,18.02772331237793,16.961580276489258
summary	930	11	169	180	312	312,25978,7949,5648,15024	18.11696434020996,17.85177993774414,17.842082977294922,16.949386596679688,16.84284782409668
summary	930	12	169	181	24673	24673,970,355,12,5689	19.31640625,19.027698516845703,18.97976303100586,18.96680450439453,18.87420654296875
summary	930	13	169	182	28672	28672,4024,315,19697,6350	20.097578048706055,19.478734970092773,19.436355590820312,18.88117218017578,18.14458656311035
summary	930	14	169	183	8173	8173,3059,821,12218,5975	18.41676902770996,17.81528091430664,17.80035400390625,16.65696144104004,16.354249954223633
summary	930	15	169	184	13	13,151645,29720,369,421	20.177940368652344,17.139982223510742,16.352569580078125,15.958111763000488,15.61739730834961
summary	930	16	169	185	151645	151645,1096,576,151644,1416	22.850526809692383,13.916810989379883,11.33383846282959,11.14301586151123,11.098262786865234
summary	962	0	97	97	9454	9454,1654,6713,3564,32	16.59845733642578,16.30063819885254,16.281892776489258,16.0862979888916,16.084882736206055
summary	962	1	97	98	11	11,14,323,476,3183	25.256797790527344,19.756872177124023,15.233207702636719,14.872087478637695,14.750654220581055
summary	962	2	97	99	264	264,582,4486,1052,432	20.16499900817871,19.96459197998047,19.62093162536621,19.389543533325195,19.28762435913086
summary	962	3	97	100	501	501,10900,25546,2319,3213	21.987770080566406,17.485450744628906,16.315092086791992,15.456318855285645,15.02749252319336
summary	962	4	97	101	2319	2319,33789,23071,4879,15175	20.38761329650879,16.3468017578125,16.261947631835938,16.178089141845703,15.42919921875
summary	962	5	97	102	369	369,315,374,448,646	20.386882781982422,19.62567138671875,19.593008041381836,18.085908889770508,17.28451156616211
summary	962	6	97	103	279	279,23071,348,33789,6849	19.098134994506836,18.856111526489258,18.07939910888672,17.736339569091797,16.571165084838867
summary	962	7	97	104	6849	6849,23071,33789,2393,348	20.58013916015625,18.335697174072266,17.81952667236328,16.091079711914062,15.897207260131836
summary	962	8	97	105	23071	23071,33789,1565,1936,330	19.28108787536621,17.869661331176758,15.255701065063477,14.122865676879883,13.473916053771973
summary	962	9	97	106	1936	1936,22111,5798,220,32145	23.941360473632812,15.925626754760742,14.758554458618164,14.629847526550293,14.5014009475708
summary	962	10	97	107	374	374,448,646,1265,13	21.873769760131836,19.166292190551758,18.641162872314453,18.314640045166016,18.188167572021484
summary	962	11	97	108	2500	2500,4362,11223,2567,12909	20.892837524414062,20.804861068725586,19.33717918395996,19.302589416503906,18.906696319580078
summary	962	12	97	109	13	13,11,448,369,25	22.08979034423828,20.200599670410156,19.85504913330078,18.091400146484375,17.760299682617188
summary	962	13	97	110	151645	151645,5209,576,1084,1096	19.476163864135742,15.234841346740723,14.365402221679688,14.283912658691406,13.849759101867676
