ticket	passage	label	contradiction	entailment	neutral
2	0	bug	-0.5027333498001099	-2.9263367652893066	3.4576268196105957
2	0	feature	-0.6461565494537354	-2.856142282485962	3.584413766860962
2	0	question	-0.6432946920394897	-2.21592116355896	2.9643869400024414
2	0	documentation	-0.2538314163684845	-2.9424211978912354	3.206547498703003
2	0	performance	-0.59983891248703	-2.9754319190979004	3.6146135330200195
5	0	bug	3.894681692123413	-4.381741523742676	0.052969787269830704
5	0	feature	3.4352967739105225	-3.4368836879730225	-0.2534869313240051
5	0	question	2.478381633758545	-3.101278066635132	0.3995891213417053
5	0	documentation	4.2147955894470215	-3.973109245300293	-0.5599649548530579
5	0	performance	3.5731844902038574	-4.709942817687988	0.597244381904602
6	0	bug	-0.5951808094978333	-1.9913395643234253	2.636955738067627
6	0	feature	-0.5498285293579102	-1.8015888929367065	2.4607248306274414
6	0	question	-0.7518374919891357	-1.425925374031067	2.2867636680603027
6	0	documentation	-0.26885083317756653	-1.6029917001724243	1.9206509590148926
6	0	performance	-0.5022802352905273	-2.062218427658081	2.6122443675994873
6	1	bug	-0.29212287068367004	-1.8264232873916626	2.112104892730713
6	1	feature	-0.8262931108474731	-1.8724197149276733	2.825106143951416
6	1	question	-1.2177140712738037	-1.0324934720993042	2.432420253753662
6	1	documentation	0.2887006402015686	-1.7662742137908936	1.4580464363098145
6	1	performance	-0.7154423594474792	-2.249774217605591	2.99932861328125
7	0	bug	0.962766170501709	-3.3474299907684326	2.199361801147461
7	0	feature	0.5024779438972473	-3.1074748039245605	2.499171257019043
7	0	question	0.48179879784584045	-2.5431671142578125	1.9912692308425903
7	0	documentation	2.267717123031616	-3.239365577697754	0.7961275577545166
7	0	performance	0.7805458307266235	-3.1906516551971436	2.2657814025878906
8	0	bug	0.012166960164904594	-3.11053466796875	3.0021915435791016
8	0	feature	-0.6067692637443542	-2.3953518867492676	3.092747688293457
8	0	question	-0.766541600227356	-1.5473617315292358	2.439613103866577
8	0	documentation	1.0868257284164429	-2.9900028705596924	1.7751593589782715
8	0	performance	-0.5296941995620728	-3.286414384841919	3.8439669609069824
9	0	bug	-1.397559404373169	-2.2557759284973145	3.8247616291046143
9	0	feature	-1.6955413818359375	-1.8550835847854614	3.8527231216430664
9	0	question	-2.2345259189605713	-0.7321345210075378	3.2140026092529297
9	0	documentation	-1.0363099575042725	-1.8875312805175781	3.061774730682373
9	0	performance	-1.6660346984863281	-2.3367345333099365	4.243831634521484
10	0	bug	-1.4238003492355347	-1.5388284921646118	3.102557897567749
10	0	feature	-1.0208364725112915	-2.3675644397735596	3.5257506370544434
10	0	question	-1.3193416595458984	-1.4509873390197754	2.949612617492676
10	0	documentation	-0.6721708178520203	-1.5210202932357788	2.261289358139038
10	0	performance	-0.8112578988075256	-2.536700963973999	3.3593060970306396
10	1	bug	-0.3491668999195099	-1.3483976125717163	1.7008347511291504
10	1	feature	-0.47383826971054077	-2.4604265689849854	3.002984046936035
10	1	question	-0.8635636568069458	-1.6340152025222778	2.6396212577819824
10	1	documentation	0.01536017470061779	-0.8058950901031494	0.7673450708389282
10	1	performance	1.7002463340759277	-2.908087730407715	1.0934500694274902
13	0	bug	-0.12006460130214691	-1.6583203077316284	1.7739700078964233
13	0	feature	-1.136439561843872	-0.28541022539138794	1.5251758098602295
13	0	question	-0.8458429574966431	-0.8477718830108643	1.8115828037261963
13	0	documentation	2.3676586151123047	-2.164294958114624	-0.26753565669059753
13	0	performance	1.331655740737915	-3.3757576942443848	1.7746407985687256
15	0	bug	-1.2579035758972168	-1.8529821634292603	3.174265146255493
15	0	feature	-1.1653975248336792	-2.357544183731079	3.642756462097168
15	0	question	-1.763843059539795	-1.141114354133606	3.0697386264801025
15	0	documentation	-0.8430731296539307	-2.066452980041504	2.9104905128479004
15	0	performance	0.6100599765777588	-3.2292275428771973	2.3551979064941406
19	0	bug	-1.08125638961792	-1.8269256353378296	3.02813982963562
19	0	feature	-2.0058658123016357	-0.0057586622424423695	2.129202127456665
19	0	question	-1.113767385482788	-0.785287618637085	2.0592291355133057
19	0	documentation	-0.5694113373756409	-1.3162332773208618	1.9343633651733398
19	0	performance	-1.8013780117034912	-1.9419065713882446	3.9806642532348633
21	0	bug	-1.5241751670837402	0.4482130706310272	0.8334723114967346
21	0	feature	-0.5583928823471069	-1.8686407804489136	2.6003305912017822
21	0	question	-2.4363386631011963	1.4065529108047485	0.4201606214046478
21	0	documentation	1.1239194869995117	-1.2660928964614868	0.1636558622121811
21	0	performance	-0.7410094738006592	-2.0093774795532227	2.8310275077819824
21	1	bug	1.0987036228179932	-2.8218867778778076	1.6403894424438477
21	1	feature	1.136641502380371	-2.680385112762451	1.524959921836853
21	1	question	-0.8342558145523071	-1.3281645774841309	2.2393486499786377
21	1	documentation	2.621940851211548	-3.1640007495880127	0.4001235365867615
21	1	performance	-0.2003508359193802	-2.582763195037842	2.828251838684082
23	0	bug	-0.999402642250061	-1.726088523864746	2.802926540374756
23	0	feature	-0.9783874154090881	-0.13702623546123505	1.146988868713379
23	0	question	-1.8164840936660767	-0.5573806166648865	2.5352959632873535
23	0	documentation	0.04333972930908203	-1.4278925657272339	1.4247989654541016
23	0	performance	-1.1072938442230225	-1.7989970445632935	2.989020347595215
25	0	bug	-0.3744652569293976	-2.4267396926879883	2.739335536956787
25	0	feature	0.9454798102378845	-2.928365707397461	1.8182342052459717
25	0	question	-0.8070873022079468	-1.8125134706497192	2.6882858276367188
25	0	documentation	0.3931809067726135	-2.629432439804077	2.1074352264404297
25	0	performance	-0.1188863068819046	-2.693970203399658	2.688045024871826
25	1	bug	-0.5193673372268677	-0.7166072130203247	1.1925780773162842
25	1	feature	0.2357102632522583	-2.2338180541992188	1.9249290227890015
25	1	question	-1.4238871335983276	0.028538938611745834	1.3364078998565674
25	1	documentation	1.7080435752868652	-1.2563680410385132	-0.4543527662754059
25	1	performance	-0.44715118408203125	-1.637156367301941	2.154722213745117
26	0	bug	0.10660801827907562	-3.460829257965088	3.2287349700927734
26	0	feature	0.08438421785831451	-2.1124565601348877	2.034978151321411
26	0	question	-0.6154940128326416	-1.7746120691299438	2.490952491760254
26	0	documentation	1.7234426736831665	-3.7619271278381348	1.7911858558654785
26	0	performance	-0.18475301563739777	-3.3786134719848633	3.5031487941741943
27	0	bug	-0.6477660536766052	-2.74841046333313	3.4105522632598877
27	0	feature	-0.06650154292583466	-2.621386766433716	2.6788980960845947
27	0	question	-0.7959908246994019	-2.2672338485717773	3.1453943252563477
27	0	documentation	-0.021285640075802803	-2.7726335525512695	2.7539756298065186
27	0	performance	-0.2563692033290863	-2.920804023742676	3.1292200088500977
27	1	bug	2.0620105266571045	-3.328477382659912	0.973811686038971
27	1	feature	1.3151997327804565	-2.8426356315612793	1.35117769241333
27	1	question	1.7840087413787842	-2.491809368133545	0.5830942392349243
27	1	documentation	2.785670042037964	-2.7324609756469727	-0.20761264860630035
27	1	performance	1.1820471286773682	-3.3279716968536377	1.8453145027160645
33	0	bug	-2.1932713985443115	-0.6682443022727966	2.9694395065307617
33	0	feature	-2.1187970638275146	-0.4011848568916321	2.63900089263916
33	0	question	-2.3627612590789795	-0.13524076342582703	2.60477352142334
33	0	documentation	-1.829795479774475	-0.6970232725143433	2.6326193809509277
33	0	performance	-2.263317346572876	-0.7681277990341187	3.169572114944458
37	0	bug	-2.9046058654785156	0.04199979826807976	2.833292007446289
37	0	feature	-0.7780242562294006	-2.4262428283691406	3.323746919631958
37	0	question	-0.7974366545677185	-1.0980796813964844	2.031726121902466
37	0	documentation	-1.489565134048462	-0.17207182943820953	1.6774193048477173
37	0	performance	-2.4465694427490234	-0.7882229089736938	3.4759068489074707
38	0	bug	-1.2532684803009033	-0.4809195399284363	1.8706225156784058
38	0	feature	-1.5216665267944336	-1.162641167640686	3.0623779296875
38	0	question	-1.4696824550628662	-0.7038127779960632	2.423187255859375
38	0	documentation	-0.6132761240005493	-0.47874438762664795	1.1122164726257324
38	0	performance	-1.8032242059707642	-0.780897319316864	2.818960666656494
39	0	bug	-0.9175258874893188	-1.9967446327209473	3.013230323791504
39	0	feature	-0.9432176351547241	-1.9395101070404053	3.0383989810943604
39	0	question	-1.267012357711792	-1.147985816001892	2.5884552001953125
39	0	documentation	-0.679891049861908	-1.6439968347549438	2.4146928787231445
39	0	performance	-1.148119568824768	-2.2008910179138184	3.467984199523926
42	0	bug	-1.3500869274139404	-1.6735221147537231	3.076709032058716
42	0	feature	-1.0846426486968994	-1.4795814752578735	2.680821180343628
42	0	question	-1.7039062976837158	-0.8338772654533386	2.668701410293579
42	0	documentation	-0.8755406737327576	-1.2300001382827759	2.1598076820373535
42	0	performance	-1.736022710800171	-1.407650351524353	3.301727294921875
43	0	bug	1.970637321472168	-3.252920150756836	1.0482453107833862
43	0	feature	3.2928059101104736	-2.440364122390747	-0.9071046113967896
43	0	question	1.825364351272583	-2.080021858215332	0.24811211228370667
43	0	documentation	3.7080252170562744	-3.6499924659729004	-0.3142397403717041
43	0	performance	2.7052500247955322	-3.794527053833008	0.723099410533905
44	0	bug	1.6484540700912476	-3.011507987976074	1.2578943967819214
44	0	feature	0.1550413966178894	-1.4188041687011719	1.3668622970581055
44	0	question	-2.4815833568573	1.5992268323898315	0.10722903907299042
44	0	documentation	2.601707696914673	-2.732403516769409	0.10858534276485443
44	0	performance	2.1050384044647217	-3.596604108810425	1.2822043895721436
45	0	bug	0.24833384156227112	-2.884732723236084	2.463493585586548
45	0	feature	-0.6844930648803711	-2.907719612121582	3.6296613216400146
45	0	question	-2.7831077575683594	-0.2648700177669525	3.2034685611724854
45	0	documentation	2.9415810108184814	-3.6635782718658447	0.4466072618961334
45	0	performance	-0.44120314717292786	-3.5159473419189453	3.888442277908325
46	0	bug	-0.621999979019165	-2.959200859069824	3.5885417461395264
46	0	feature	-0.9727067947387695	-2.8763368129730225	3.9722933769226074
46	0	question	-2.016021728515625	-1.1727783679962158	3.4598870277404785
46	0	documentation	-0.7017594575881958	-2.1148862838745117	2.857637405395508
46	0	performance	-0.47758281230926514	-3.627995491027832	4.080129146575928
58	0	bug	-2.3252995014190674	-0.767375111579895	3.232573986053467
58	0	feature	-2.286358118057251	-1.3518849611282349	3.9481606483459473
58	0	question	-2.3502161502838135	-0.3370676040649414	2.8797767162323
58	0	documentation	-0.9954702854156494	-0.9838279485702515	2.0335607528686523
58	0	performance	-2.440589666366577	-1.0628191232681274	3.732565402984619
70	0	bug	-0.7621873021125793	-1.755868673324585	2.558203935623169
70	0	feature	-0.7268446087837219	-2.391223430633545	3.1979167461395264
70	0	question	-1.2673454284667969	-1.01137375831604	2.441344738006592
70	0	documentation	0.22097618877887726	-1.9437302350997925	1.7255622148513794
70	0	performance	-0.969183087348938	-2.589478015899658	3.601867198944092
70	1	bug	0.27763476967811584	-2.5034148693084717	2.09818696975708
70	1	feature	-1.298145055770874	-1.4463701248168945	2.921229600906372
70	1	question	-1.2293407917022705	-0.8014208078384399	2.127814292907715
70	1	documentation	2.130781650543213	-2.32570219039917	0.12154588103294373
70	1	performance	-0.11507084220647812	-3.084024429321289	3.122213363647461
73	0	bug	-1.2808096408843994	-1.7753267288208008	3.158445119857788
73	0	feature	-0.5404604077339172	-1.6314316987991333	2.3022680282592773
73	0	question	-1.5361781120300293	-1.039559245109558	2.7450218200683594
73	0	documentation	-1.4838135242462158	0.031467389315366745	1.2749686241149902
73	0	performance	-1.0824098587036133	-2.3918538093566895	3.5254058837890625
73	1	bug	-1.3606257438659668	-1.1491978168487549	2.613760471343994
73	1	feature	-1.3334203958511353	-1.674744963645935	3.2019007205963135
73	1	question	-2.1020829677581787	-0.5564234256744385	2.8344316482543945
73	1	documentation	-0.3021990656852722	-1.0242887735366821	1.2830796241760254
73	1	performance	-1.4083366394042969	-1.9443551301956177	3.5094900131225586
79	0	bug	-1.1123831272125244	-1.2087786197662354	2.433694362640381
79	0	feature	-2.503230333328247	0.5850751399993896	1.8372249603271484
79	0	question	-2.862170457839966	0.7740510106086731	1.9827284812927246
79	0	documentation	1.2329484224319458	-1.5449806451797485	0.3114684522151947
79	0	performance	-0.9104117155075073	-2.452843189239502	3.4295971393585205
91	0	bug	2.413590669631958	-3.6523935794830322	0.9368317127227783
91	0	feature	3.4422614574432373	-3.901646137237549	0.13392890989780426
91	0	question	2.1315457820892334	-3.2898221015930176	0.924197793006897
91	0	documentation	3.027714490890503	-3.690701723098755	0.38186442852020264
91	0	performance	2.363602876663208	-3.723444938659668	1.0315310955047607
91	1	bug	1.0597811937332153	-2.6248116493225098	1.5060606002807617
91	1	feature	1.1058783531188965	-2.6734964847564697	1.5146315097808838
91	1	question	0.9842227697372437	-2.36633038520813	1.359598159790039
91	1	documentation	1.592437505722046	-2.7092983722686768	1.044856309890747
91	1	performance	0.9878381490707397	-2.501188278198242	1.4621845483779907
91	2	bug	-0.2585325539112091	-2.287245750427246	2.5505120754241943
91	2	feature	-0.660893440246582	-1.4636223316192627	2.2817482948303223
91	2	question	-0.6870338916778564	-0.9775448441505432	1.7697856426239014
91	2	documentation	2.178396701812744	-2.2232537269592285	0.0020256666466593742
91	2	performance	0.7286416888237	-3.0794200897216797	2.272041082382202
96	0	bug	-0.05652301013469696	-2.716003894805908	2.6776466369628906
96	0	feature	-0.696332573890686	-1.1781318187713623	2.0489866733551025
96	0	question	-0.8235564231872559	-1.1458661556243896	2.104180097579956
96	0	documentation	0.612388551235199	-2.3251662254333496	1.6718738079071045
96	0	performance	0.32336732745170593	-3.2821764945983887	2.7526042461395264
96	1	bug	2.5361392498016357	-3.7124428749084473	0.8817335963249207
96	1	feature	-0.17927196621894836	-1.955344796180725	2.1233506202697754
96	1	question	-0.36131271719932556	-1.3058242797851562	1.720245122909546
96	1	documentation	3.159360647201538	-3.018439769744873	-0.2552126348018646
96	1	performance	1.2798833847045898	-4.093182563781738	2.5011649131774902
150	0	bug	-0.17137029767036438	-2.7742507457733154	2.8840112686157227
150	0	feature	-0.2507486045360565	-2.414179563522339	2.7152581214904785
150	0	question	-0.8722530603408813	-1.4261177778244019	2.427061080932617
150	0	documentation	0.9565471410751343	-2.5502238273620605	1.5251332521438599
150	0	performance	0.0716223418712616	-3.218665599822998	3.0490036010742188
154	0	bug	-0.4730116128921509	-2.4948811531066895	2.9885714054107666
154	0	feature	-0.5184986591339111	-2.298346996307373	2.8988468647003174
154	0	question	-0.3933473527431488	-1.7713345289230347	2.264608383178711
154	0	documentation	-0.13666795194149017	-1.7997428178787231	1.9913232326507568
154	0	performance	-0.567762017250061	-2.391327381134033	3.0047872066497803
158	0	bug	0.31531742215156555	-2.930598020553589	2.453179121017456
158	0	feature	1.26607346534729	-3.1436753273010254	1.657346487045288
158	0	question	1.1462993621826172	-2.398688316345215	1.1531693935394287
158	0	documentation	1.4818016290664673	-2.939121723175049	1.2493960857391357
158	0	performance	0.2477910816669464	-3.0728394985198975	2.632794141769409
158	1	bug	-1.1881732940673828	-1.544403314590454	2.884122848510742
158	1	feature	-1.4240131378173828	-0.8008477687835693	2.426919460296631
158	1	question	-1.3152587413787842	-0.8859528303146362	2.4239792823791504
158	1	documentation	-0.48796743154525757	-0.8426076769828796	1.3916293382644653
158	1	performance	-1.2729946374893188	-1.2771157026290894	2.7112879753112793
160	0	bug	-0.24348971247673035	-3.4905343055725098	3.616206645965576
160	0	feature	-0.8037405014038086	-2.96273136138916	3.844663619995117
160	0	question	-0.4333926737308502	-2.6678547859191895	3.1060218811035156
160	0	documentation	0.3071783483028412	-3.6203134059906006	3.1244900226593018
160	0	performance	-0.227505624294281	-3.694199800491333	3.775325298309326
162	0	bug	0.5811293721199036	-2.719015598297119	2.114352226257324
162	0	feature	1.2307958602905273	-3.0304713249206543	1.6858439445495605
162	0	question	0.3409554660320282	-1.7853118181228638	1.511458158493042
162	0	documentation	0.6578582525253296	-2.7700419425964355	2.0949878692626953
162	0	performance	-0.35004499554634094	-2.3345463275909424	2.729987621307373
162	1	bug	-1.241869330406189	-1.8759089708328247	3.1361641883850098
162	1	feature	-1.104446530342102	-1.736862063407898	2.95296573638916
162	1	question	-1.4857786893844604	-0.3730173110961914	1.9268558025360107
162	1	documentation	-0.2341378778219223	-1.9414476156234741	2.0847675800323486
162	1	performance	-1.1652462482452393	-2.5712473392486572	3.757817268371582
165	0	bug	0.03681690990924835	-2.5528178215026855	2.3668015003204346
165	0	feature	-0.7985309958457947	-1.6485846042633057	2.54736590385437
165	0	question	-3.296320676803589	1.3226760625839233	1.5311315059661865
165	0	documentation	3.4407458305358887	-3.543736457824707	-0.16120591759681702
165	0	performance	-0.5762426853179932	-3.168738603591919	3.6993603706359863
166	0	bug	-0.4397830069065094	-2.3095614910125732	2.8375189304351807
166	0	feature	-0.6561277508735657	-2.44002103805542	3.182039737701416
166	0	question	-1.581619143486023	-0.7727987766265869	2.57704496383667
166	0	documentation	0.1793013960123062	-1.8461430072784424	1.7143678665161133
166	0	performance	-0.8952999114990234	-2.245600700378418	3.310346841812134
179	0	bug	-2.932953119277954	-0.7199512720108032	3.717527389526367
179	0	feature	-3.1523444652557373	-0.782401978969574	4.185121536254883
179	0	question	-2.7238707542419434	-1.1618220806121826	4.158247947692871
179	0	documentation	-2.9389820098876953	0.021061431616544724	2.825187921524048
179	0	performance	-3.1525771617889404	-0.6275282502174377	3.9262750148773193
182	0	bug	2.5736753940582275	-2.8779125213623047	0.1785592883825302
182	0	feature	1.8786883354187012	-2.680665969848633	0.6964128017425537
182	0	question	2.2294647693634033	-2.313370704650879	0.04028743878006935
182	0	documentation	2.876554250717163	-2.840806484222412	-0.16191498935222626
182	0	performance	1.8768856525421143	-2.668055534362793	0.6602537631988525
182	1	bug	1.1097664833068848	-2.648876905441284	1.3889997005462646
182	1	feature	1.3033413887023926	-2.629788875579834	1.2040846347808838
182	1	question	0.8752121925354004	-1.9959871768951416	1.1064882278442383
182	1	documentation	2.025017023086548	-2.688725709915161	0.539246678352356
182	1	performance	1.0461468696594238	-2.624560832977295	1.4340717792510986
182	2	bug	-1.1901226043701172	-1.6319316625595093	2.9707677364349365
182	2	feature	-0.3691347539424896	-2.381464958190918	2.809338092803955
182	2	question	-1.3284885883331299	-0.8346186876296997	2.3251452445983887
182	2	documentation	0.7174733877182007	-1.798577904701233	1.0150634050369263
182	2	performance	-0.5778671503067017	-2.8500099182128906	3.4648194313049316
200	0	bug	-0.9257862567901611	-1.2017422914505005	2.2266957759857178
200	0	feature	-0.3459527790546417	-2.1995956897735596	2.5980429649353027
200	0	question	-0.7775616645812988	-1.2109462022781372	2.1006712913513184
200	0	documentation	0.5450928807258606	-1.833918809890747	1.2798981666564941
200	0	performance	-0.6122198104858398	-2.1394128799438477	2.752016544342041
200	1	bug	-1.5528243780136108	-0.7064739465713501	2.3483705520629883
200	1	feature	-1.0258262157440186	-1.2981207370758057	2.499833822250366
200	1	question	-1.625748872756958	-0.5726879239082336	2.3822922706604004
200	1	documentation	-0.9721131920814514	-0.3317594826221466	1.2832114696502686
200	1	performance	-0.8288875818252563	-2.007240056991577	2.8760581016540527
200	2	bug	-1.6367456912994385	-0.6158190965652466	2.3583996295928955
200	2	feature	-1.560777187347412	-1.2295663356781006	3.087944984436035
200	2	question	-1.9129869937896729	-0.5455498695373535	2.6502604484558105
200	2	documentation	-1.2689921855926514	0.03884761407971382	1.1361942291259766
200	2	performance	-1.0802631378173828	-1.9329023361206055	3.1359922885894775
200	3	bug	-1.267493724822998	-0.21150629222393036	1.4457249641418457
200	3	feature	-0.3650597333908081	-1.256131887435913	1.776460886001587
200	3	question	-1.6112128496170044	-0.5164893865585327	2.3025004863739014
200	3	documentation	0.6399053335189819	-0.5078379511833191	-0.1291099190711975
200	3	performance	-0.580520510673523	-1.6819790601730347	2.336574077606201
200	4	bug	-0.9538699984550476	-0.3686421513557434	1.36185884475708
200	4	feature	-0.09271742403507233	-2.114208698272705	2.344254493713379
200	4	question	-1.516547441482544	-0.6253901720046997	2.3714487552642822
200	4	documentation	2.04894757270813	-1.5526224374771118	-0.438238263130188
200	4	performance	-0.9104983806610107	-2.1436307430267334	3.17238450050354
207	0	bug	1.1803014278411865	-2.767756938934326	1.3939034938812256
207	0	feature	0.5634344220161438	-2.5144717693328857	1.8712577819824219
207	0	question	0.8606263399124146	-2.0844340324401855	1.171007752418518
207	0	documentation	1.1645593643188477	-1.7998450994491577	0.5729482173919678
207	0	performance	0.46755626797676086	-3.0672755241394043	2.377431869506836
212	0	bug	-0.8672835230827332	-1.7148343324661255	2.6275436878204346
212	0	feature	-0.7380399107933044	-2.5223395824432373	3.3426105976104736
212	0	question	-1.1178041696548462	-1.488252878189087	2.730182647705078
212	0	documentation	0.0792987123131752	-2.106534004211426	2.0308403968811035
212	0	performance	-0.6875903010368347	-2.939593553543091	3.613041877746582
212	1	bug	-0.019225599244236946	-1.4017577171325684	1.469606876373291
212	1	feature	-0.16401417553424835	-1.3304095268249512	1.5644618272781372
212	1	question	-0.1126764714717865	-1.3627420663833618	1.541473627090454
212	1	documentation	0.419019490480423	-1.6175199747085571	1.2188283205032349
212	1	performance	-0.12100031226873398	-1.378188967704773	1.5583767890930176
212	2	bug	-2.4480273723602295	-1.0694218873977661	3.7883191108703613
212	2	feature	-2.010892391204834	-1.5936089754104614	3.8866164684295654
212	2	question	-1.9439796209335327	-0.6837043762207031	2.9039902687072754
212	2	documentation	-1.362776279449463	-1.4591362476348877	2.9975457191467285
212	2	performance	-2.066121816635132	-1.7438387870788574	4.08452033996582
224	0	bug	-0.5220849514007568	-2.527439832687378	3.045750141143799
224	0	feature	-1.4024899005889893	-0.5082311630249023	2.0330562591552734
224	0	question	-3.289119005203247	0.9959931373596191	2.107429027557373
224	0	documentation	0.7333390712738037	-2.20443058013916	1.3996436595916748
224	0	performance	-1.1358393430709839	-2.56792950630188	3.863835334777832
225	0	bug	-1.1389169692993164	-1.8140875101089478	3.0280380249023438
225	0	feature	-0.7353227138519287	-1.7581335306167603	2.558082103729248
225	0	question	-2.1464836597442627	-0.058439452201128006	2.3265326023101807
225	0	documentation	0.5450314283370972	-1.3434183597564697	0.753279447555542
225	0	performance	-1.2893571853637695	-1.958433985710144	3.346776247024536
226	0	bug	-1.0885647535324097	-2.823399066925049	4.051695823669434
226	0	feature	-1.8007686138153076	-2.1110544204711914	4.189326286315918
226	0	question	-1.7466788291931152	-1.7077208757400513	3.7275543212890625
226	0	documentation	-0.9713883996009827	-2.6884844303131104	3.8149261474609375
226	0	performance	-1.0408921241760254	-3.1262879371643066	4.2886457443237305
236	0	bug	-0.6191607713699341	-2.1394259929656982	2.886481761932373
236	0	feature	-0.9052379131317139	-2.040156364440918	3.2114295959472656
236	0	question	-0.9958086013793945	-1.4669965505599976	2.6917455196380615
236	0	documentation	-0.4775660037994385	-1.04498291015625	1.6023823022842407
236	0	performance	-1.0722973346710205	-2.4013304710388184	3.7261106967926025
237	0	bug	-0.5944981575012207	-1.8930041790008545	2.5515596866607666
237	0	feature	0.3891509473323822	-0.9221226572990417	0.5563306212425232
237	0	question	-0.6652987003326416	-1.4445961713790894	2.2096779346466064
237	0	documentation	0.06897972524166107	-1.896257758140564	1.86262845993042
237	0	performance	-0.6734081506729126	-2.041239023208618	2.7781014442443848
237	1	bug	-0.8452327847480774	-1.2563011646270752	2.2137866020202637
237	1	feature	-0.8970772624015808	-1.235623836517334	2.2922470569610596
237	1	question	-0.8762762546539307	-0.9468629956245422	1.9756577014923096
237	1	documentation	-0.78370201587677	-1.1239264011383057	2.0541610717773438
237	1	performance	-0.9539489150047302	-1.1283942461013794	2.2144484519958496
237	2	bug	-0.7577828764915466	-2.8406553268432617	3.5598063468933105
237	2	feature	-0.7534948587417603	-2.501272678375244	3.2679429054260254
237	2	question	-1.1049385070800781	-2.0243356227874756	3.222299814224243
237	2	documentation	-0.5541947484016418	-2.7705440521240234	3.2776927947998047
237	2	performance	-0.8964394927024841	-2.7433109283447266	3.6458725929260254
238	0	bug	-1.796593189239502	-1.5726150274276733	3.5153250694274902
238	0	feature	-1.2359232902526855	-2.0031533241271973	3.441368579864502
238	0	question	-1.6359971761703491	-0.9769709706306458	2.808023691177368
238	0	documentation	-1.4966713190078735	-0.8046003580093384	2.388406276702881
238	0	performance	-1.7515690326690674	-1.8013883829116821	3.731449842453003
238	1	bug	-1.083423376083374	-0.07522335648536682	1.0921562910079956
238	1	feature	-0.9976546764373779	-1.386627435684204	2.531324863433838
238	1	question	-1.2755885124206543	-0.6388273239135742	2.0393292903900146
238	1	documentation	0.7482679486274719	-0.8109807968139648	0.09142228960990906
238	1	performance	-1.1266658306121826	-1.228812575340271	2.482555389404297
244	0	bug	-0.9847747087478638	-2.4493372440338135	3.4618444442749023
244	0	feature	-1.7336710691452026	-1.398429036140442	3.296290397644043
244	0	question	-2.2264883518218994	-0.8312250375747681	3.2266528606414795
244	0	documentation	-0.43172547221183777	-2.4506425857543945	2.8599414825439453
244	0	performance	-1.186263918876648	-2.8137683868408203	4.064201354980469
251	0	bug	-0.4330544173717499	-3.448071241378784	3.8203229904174805
251	0	feature	1.4851833581924438	-3.594552755355835	1.800472617149353
251	0	question	-1.0721549987792969	-2.003666877746582	3.268815755844116
251	0	documentation	0.7025545239448547	-4.048233509063721	3.06492280960083
251	0	performance	-0.6938455104827881	-3.3643269538879395	4.050107479095459
252	0	bug	-1.1444677114486694	-2.0612456798553467	3.3705179691314697
252	0	feature	-1.2641034126281738	-2.3044261932373047	3.8478221893310547
252	0	question	-1.699803352355957	-1.3622472286224365	3.3961403369903564
252	0	documentation	-0.1926572024822235	-2.439727783203125	2.6761248111724854
252	0	performance	-1.3263226747512817	-2.4311375617980957	4.006977081298828
256	0	bug	-1.4673618078231812	-0.33417773246765137	1.7849217653274536
256	0	feature	-1.0821975469589233	-1.5399497747421265	2.788137912750244
256	0	question	-1.8340554237365723	-0.5757409334182739	2.586045026779175
256	0	documentation	-1.0727407932281494	-0.7678670287132263	1.9361209869384766
256	0	performance	-1.642599105834961	-1.3541227579116821	3.150961399078369
256	1	bug	-0.9812179803848267	-0.30307435989379883	1.335793137550354
256	1	feature	-0.5000513792037964	-0.8365267515182495	1.408136248588562
256	1	question	-1.2446939945220947	-0.4921055734157562	1.8804001808166504
256	1	documentation	-1.108652114868164	-0.16421759128570557	1.3054964542388916
256	1	performance	-0.9293496608734131	-0.4578583836555481	1.4483956098556519
256	2	bug	-1.845420002937317	-0.8438677191734314	2.7611889839172363
256	2	feature	-1.3987364768981934	-1.9164026975631714	3.447091579437256
256	2	question	-2.122136354446411	-0.5985702276229858	2.8846304416656494
256	2	documentation	-0.5176794528961182	-1.1653670072555542	1.6486129760742188
256	2	performance	-1.546560287475586	-1.5558799505233765	3.154648780822754
257	0	bug	-0.6432080268859863	-2.634145736694336	3.3351078033447266
257	0	feature	-1.5801372528076172	-1.0108426809310913	2.7724874019622803
257	0	question	-3.0262210369110107	0.9122096300125122	1.9265522956848145
257	0	documentation	-0.3939521014690399	-1.0168370008468628	1.4660025835037231
257	0	performance	-1.3772947788238525	-2.440335512161255	4.032904624938965
261	0	bug	0.3452979624271393	-3.1897025108337402	2.744426965713501
261	0	feature	0.5228981375694275	-2.891336441040039	2.3367767333984375
261	0	question	-0.6771864891052246	-1.5849844217300415	2.3833422660827637
261	0	documentation	2.6103432178497314	-2.762977361679077	0.08260920643806458
261	0	performance	-0.1196630597114563	-3.389388084411621	3.4578652381896973
262	0	bug	1.2573603391647339	-2.7134881019592285	1.338351845741272
262	0	feature	0.7674992084503174	-2.457348585128784	1.6187148094177246
262	0	question	0.3024695813655853	-1.6019923686981201	1.3244860172271729
262	0	documentation	3.035349130630493	-2.740933895111084	-0.43784576654434204
262	0	performance	1.4713096618652344	-3.4286298751831055	1.7440273761749268
263	0	bug	-0.15398037433624268	-2.3477635383605957	2.5016913414001465
263	0	feature	0.45968326926231384	-3.1859335899353027	2.6898562908172607
263	0	question	-0.4498942494392395	-2.02331280708313	2.560725688934326
263	0	documentation	2.285466194152832	-2.828076124191284	0.5184046030044556
263	0	performance	-0.2283598780632019	-3.05118465423584	3.2267239093780518
263	1	bug	-0.22157159447669983	-1.4781361818313599	1.7181354761123657
263	1	feature	-0.11369019001722336	-1.8168739080429077	1.9860572814941406
263	1	question	-0.11893255263566971	-1.3949905633926392	1.561193585395813
263	1	documentation	-0.004020751919597387	-1.3908251523971558	1.4088239669799805
263	1	performance	-0.793263852596283	-1.3872450590133667	2.242990255355835
263	2	bug	0.024637727066874504	-2.8709464073181152	2.716292381286621
263	2	feature	0.0427742525935173	-3.167454242706299	3.0167903900146484
263	2	question	0.03608359396457672	-1.6624083518981934	1.6347219944000244
263	2	documentation	2.879598379135132	-3.2126755714416504	0.1606469750404358
263	2	performance	0.7990250587463379	-3.0037519931793213	2.045719623565674
264	0	bug	-0.975218653678894	-1.31906259059906	2.441072463989258
264	0	feature	-1.3467283248901367	-1.2927125692367554	2.86806058883667
264	0	question	-1.3909850120544434	-0.4229285717010498	1.9689686298370361
264	0	documentation	-0.5785492658615112	-0.41810470819473267	1.023810863494873
264	0	performance	-1.276604413986206	-1.4800771474838257	2.92789626121521
264	1	bug	-0.15192437171936035	-2.001591444015503	2.104440212249756
264	1	feature	0.6452914476394653	-3.1302006244659424	2.314253807067871
264	1	question	1.6760214567184448	-2.915060520172119	1.048485279083252
264	1	documentation	2.08178448677063	-3.2636806964874268	0.9185927510261536
264	1	performance	1.542118787765503	-3.8185043334960938	1.9473068714141846
266	0	bug	-0.5138216614723206	-2.476377487182617	3.0217418670654297
266	0	feature	0.13079121708869934	-2.7391469478607178	2.604613780975342
266	0	question	-1.9015445709228516	-1.143857717514038	3.265097141265869
266	0	documentation	-1.0597686767578125	-1.346254587173462	2.492051601409912
266	0	performance	1.1164746284484863	-3.599491596221924	2.3259289264678955
270	0	bug	-1.1271779537200928	-1.3145030736923218	2.5862505435943604
270	0	feature	-0.8593405485153198	-2.185065269470215	3.215585947036743
270	0	question	-1.861212968826294	-0.464421808719635	2.5427510738372803
270	0	documentation	-0.31416061520576477	-1.332650899887085	1.728700876235962
270	0	performance	-1.294063925743103	-1.7833808660507202	3.2356159687042236
273	0	bug	-1.901033878326416	-1.534439206123352	3.516716241836548
273	0	feature	-1.742904543876648	-1.5984985828399658	3.446134090423584
273	0	question	-2.1565611362457275	-0.9905593395233154	3.3135457038879395
273	0	documentation	-0.9933300614356995	-1.4940334558486938	2.4983069896698
273	0	performance	-1.875329852104187	-1.5984665155410767	3.5504510402679443
273	1	bug	0.4595789611339569	-1.684415578842163	1.2318835258483887
273	1	feature	-0.390153169631958	-1.3395355939865112	1.8372509479522705
273	1	question	-0.9632672071456909	-0.19267015159130096	1.1966552734375
273	1	documentation	1.6911442279815674	-1.1643162965774536	-0.5028951168060303
273	1	performance	-0.387089341878891	-1.8678689002990723	2.2963645458221436
273	2	bug	-0.9144591093063354	-1.177118182182312	2.1509082317352295
273	2	feature	-0.8222433924674988	-2.177732467651367	3.1140296459198
273	2	question	-1.1446456909179688	-0.6990009546279907	1.9730545282363892
273	2	documentation	0.2644159495830536	-0.8234444260597229	0.5450679063796997
273	2	performance	-1.5711371898651123	-1.2295504808425903	2.9507672786712646
273	3	bug	-0.13132593035697937	-0.5378758907318115	0.665237545967102
273	3	feature	0.0814829021692276	-0.5453814268112183	0.4785114526748657
273	3	question	-1.627286434173584	1.3592413663864136	-0.24534253776073456
273	3	documentation	0.14020249247550964	-0.4809214174747467	0.31921884417533875
273	3	performance	-0.2625992000102997	-0.6650122404098511	0.958328366279602
279	0	bug	-1.4836708307266235	-2.2022242546081543	3.9034664630889893
279	0	feature	-1.3619740009307861	-2.033991575241089	3.6330759525299072
279	0	question	-1.7652816772460938	-1.5306426286697388	3.6083641052246094
279	0	documentation	-1.6434855461120605	-1.214969515800476	3.025906801223755
279	0	performance	-1.6978724002838135	-2.2362136840820312	4.1641845703125
283	0	bug	0.7705559134483337	-3.635540008544922	2.6176514625549316
283	0	feature	0.614413857460022	-3.1180973052978516	2.3837339878082275
283	0	question	0.4721287488937378	-1.7981351613998413	1.3635437488555908
283	0	documentation	2.550016164779663	-3.494372606277466	0.7060098648071289
283	0	performance	0.09129013121128082	-3.4955663681030273	3.258419990539551
284	0	bug	-1.592197299003601	-1.4304744005203247	3.2133028507232666
284	0	feature	-1.2507920265197754	-2.2048239707946777	3.658273935317993
284	0	question	-1.63966965675354	-0.9320321679115295	2.772548198699951
284	0	documentation	-1.002882719039917	-1.540164589881897	2.71457576751709
284	0	performance	-1.608893871307373	-1.8107117414474487	3.6463241577148438
286	0	bug	-0.9957003593444824	-2.64770245552063	3.673529624938965
286	0	feature	-2.124234437942505	-0.9908542633056641	3.3426833152770996
286	0	question	-2.9502182006835938	0.03336499258875847	3.0039989948272705
286	0	documentation	-1.889521598815918	-1.0522829294204712	3.070681095123291
286	0	performance	-1.1729985475540161	-2.281278610229492	3.5105972290039062
288	0	bug	1.431917428970337	-3.6716485023498535	1.9302223920822144
288	0	feature	0.2057621330022812	-2.9854321479797363	2.640756607055664
288	0	question	-0.6725057363510132	-1.4073355197906494	2.1546781063079834
288	0	documentation	1.0683430433273315	-3.2574920654296875	1.931729793548584
288	0	performance	0.6485309600830078	-3.5714831352233887	2.6178367137908936
289	0	bug	-1.2205533981323242	-1.9019654989242554	3.2515652179718018
289	0	feature	-0.9764015674591064	-1.8498784303665161	3.030411958694458
289	0	question	-1.2192566394805908	-1.1981079578399658	2.580988883972168
289	0	documentation	-0.02725742943584919	-1.7254496812820435	1.7956299781799316
289	0	performance	-1.0277495384216309	-1.955727458000183	3.0994865894317627
290	0	bug	-0.6347218751907349	-1.12311589717865	1.8229584693908691
290	0	feature	-0.102602519094944	-2.4744887351989746	2.574626922607422
290	0	question	-1.1579762697219849	-0.2581562399864197	1.4788663387298584
290	0	documentation	0.17559035122394562	-1.5417577028274536	1.3905781507492065
290	0	performance	-0.3533783257007599	-2.258249044418335	2.600503921508789
290	1	bug	-0.010968329384922981	-1.591266393661499	1.5590314865112305
290	1	feature	0.2051071673631668	-1.9291131496429443	1.6956439018249512
290	1	question	-1.2865467071533203	-0.5756691098213196	1.998550534248352
290	1	documentation	0.6172610521316528	-1.1396063566207886	0.4780369997024536
290	1	performance	0.1682034432888031	-2.567869186401367	2.2500786781311035
292	0	bug	-1.1648961305618286	-0.5033474564552307	1.7070192098617554
292	0	feature	-1.5252292156219482	-1.4517030715942383	3.190340280532837
292	0	question	-1.681922197341919	0.03351603075861931	1.7159271240234375
292	0	documentation	0.5804977416992188	-1.2962162494659424	0.6972123980522156
292	0	performance	-0.2804732620716095	-2.758634567260742	2.945629119873047
292	1	bug	0.218735009431839	-3.5625805854797363	3.1144957542419434
292	1	feature	-1.6123154163360596	-0.8229004740715027	2.5841064453125
292	1	question	-1.7908600568771362	-0.55332350730896	2.46814227104187
292	1	documentation	0.3517477214336395	-2.522348642349243	2.044236421585083
292	1	performance	1.1690852642059326	-2.5895543098449707	1.2358007431030273
293	0	bug	0.636913537979126	-2.4488301277160645	1.695082187652588
293	0	feature	-1.8708341121673584	-0.01945670321583748	1.9471036195755005
293	0	question	-2.328334331512451	0.3104388117790222	2.0163917541503906
293	0	documentation	1.2316551208496094	-2.2086756229400635	0.9009391069412231
293	0	performance	-0.6684712171554565	-2.640936851501465	3.347639560699463
294	0	bug	-0.7157039046287537	-3.004094123840332	3.6369051933288574
294	0	feature	-0.6388499736785889	-3.0022470951080322	3.5800347328186035
294	0	question	-1.4051486253738403	-1.6206012964248657	3.156033515930176
294	0	documentation	-0.010901721194386482	-3.364805221557617	3.1566720008850098
294	0	performance	-0.8449874520301819	-3.059232473373413	3.8169145584106445
294	1	bug	0.13568387925624847	-2.1364998817443848	1.928228735923767
294	1	feature	-0.7228288650512695	-1.7424126863479614	2.561230182647705
294	1	question	-1.45731782913208	-0.3967588543891907	2.0104854106903076
294	1	documentation	0.6583815217018127	-1.8481543064117432	1.1957683563232422
294	1	performance	-1.4778118133544922	-2.1669020652770996	3.8240807056427
299	0	bug	3.4711196422576904	-3.5727615356445312	-0.1531146913766861
299	0	feature	2.8930585384368896	-3.1462514400482178	0.01835036650300026
299	0	question	1.355114459991455	-1.7702951431274414	0.3530816435813904
299	0	documentation	3.233586072921753	-3.169145107269287	-0.2662341296672821
299	0	performance	4.2097487449646	-4.1134419441223145	-0.4519082307815552
300	0	bug	-0.32464560866355896	-2.3543684482574463	2.730670928955078
300	0	feature	-0.6565085649490356	-2.347994327545166	3.1369380950927734
300	0	question	-2.2428324222564697	0.48842698335647583	1.6438159942626953
300	0	documentation	0.42926982045173645	-2.3687291145324707	1.9166264533996582
300	0	performance	-0.45939987897872925	-3.17350172996521	3.6567981243133545
302	0	bug	-1.4807815551757812	-2.1667239665985107	3.8094959259033203
302	0	feature	-1.528679370880127	-1.5309422016143799	3.2598910331726074
302	0	question	-1.7845872640609741	-1.1575982570648193	3.1684718132019043
302	0	documentation	-1.5941356420516968	-1.05820894241333	2.768049716949463
302	0	performance	-1.4918067455291748	-2.283254623413086	3.916590929031372
302	1	bug	1.4509155750274658	-2.5852890014648438	0.9522955417633057
302	1	feature	0.04635174572467804	-2.5018367767333984	2.3512845039367676
302	1	question	-0.009165124967694283	-1.784408450126648	1.727367639541626
302	1	documentation	2.289551019668579	-2.622499465942383	0.18500162661075592
302	1	performance	2.023803234100342	-3.5877878665924072	1.209303855895996
316	0	bug	-1.5482110977172852	-1.0481386184692383	2.692225456237793
316	0	feature	-1.2700672149658203	-2.026317834854126	3.4746036529541016
316	0	question	-1.6122872829437256	-1.2248401641845703	3.061944007873535
316	0	documentation	-1.027911901473999	-1.4066112041473389	2.5357260704040527
316	0	performance	-1.7802093029022217	-1.713402509689331	3.6687469482421875
324	0	bug	-2.314518690109253	0.40457767248153687	1.725098967552185
324	0	feature	-1.3364168405532837	-2.112886905670166	3.742103099822998
324	0	question	-1.5207653045654297	-1.19456946849823	3.0229907035827637
324	0	documentation	-0.9178019165992737	-1.0286222696304321	2.1238861083984375
324	0	performance	-1.7902263402938843	-1.2178751230239868	3.239478826522827
324	1	bug	-1.1674762964248657	-1.5049813985824585	2.8120102882385254
324	1	feature	-1.3327195644378662	-1.7843403816223145	3.34603214263916
324	1	question	-1.7023546695709229	-0.9196521043777466	2.8296704292297363
324	1	documentation	0.04195594787597656	-1.593795657157898	1.528825283050537
324	1	performance	-1.103769063949585	-2.6349778175354004	3.92303729057312
325	0	bug	-0.7753919959068298	-0.3139231204986572	0.9793556928634644
325	0	feature	0.3191991150379181	-1.9302899837493896	1.625586986541748
325	0	question	-0.36667296290397644	-1.141537070274353	1.5689939260482788
325	0	documentation	1.8016083240509033	-1.45652437210083	-0.3447193503379822
325	0	performance	0.13635385036468506	-2.0910658836364746	1.9073491096496582
326	0	bug	-0.8085752129554749	-1.3718563318252563	2.3005800247192383
326	0	feature	-0.7242295742034912	-2.5918941497802734	3.4865760803222656
326	0	question	-1.484751582145691	-0.6549609303474426	2.367858648300171
326	0	documentation	0.5913742780685425	-2.425236701965332	1.873445749282837
326	0	performance	-1.3858847618103027	-1.6227086782455444	3.163804054260254
326	1	bug	0.42585477232933044	-1.8065130710601807	1.3570985794067383
326	1	feature	0.662517249584198	-1.9827065467834473	1.2954356670379639
326	1	question	0.3792852461338043	-1.6035445928573608	1.2348569631576538
326	1	documentation	1.3574872016906738	-2.072892665863037	0.668867826461792
326	1	performance	0.5392479300498962	-2.0249409675598145	1.451176404953003
326	2	bug	-0.6890102624893188	-0.8519556522369385	1.6281280517578125
326	2	feature	-0.4614959955215454	-1.3339180946350098	1.9616118669509888
326	2	question	-1.0419973134994507	-0.39834731817245483	1.5770506858825684
326	2	documentation	0.16701485216617584	-0.6347897052764893	0.4954356849193573
326	2	performance	-0.20454508066177368	-1.5628818273544312	1.8373908996582031
326	3	bug	-1.0222148895263672	-1.282055139541626	2.4360060691833496
326	3	feature	-1.3500182628631592	-1.8322868347167969	3.434333086013794
326	3	question	-1.5674935579299927	-0.9677035808563232	2.743655204772949
326	3	documentation	-0.066950723528862	-0.9648354053497314	1.0564372539520264
326	3	performance	-0.6433626413345337	-2.3023860454559326	3.060807943344116
344	0	bug	-0.5451343059539795	-1.2617048025131226	1.8367661237716675
344	0	feature	1.749051570892334	-3.0646958351135254	1.19778573513031
344	0	question	0.10016147792339325	-1.3931220769882202	1.3466172218322754
344	0	documentation	2.4433276653289795	-2.294527053833008	-0.14185357093811035
344	0	performance	0.8404198884963989	-3.0692038536071777	2.040055990219116
344	1	bug	0.98176509141922	-0.9601701498031616	-0.038152121007442474
344	1	feature	0.2608918845653534	-0.6789859533309937	0.42885932326316833
344	1	question	-0.39044180512428284	0.12485263496637344	0.18407389521598816
344	1	documentation	1.1034947633743286	-0.8992322683334351	-0.2139844000339508
344	1	performance	0.7822736501693726	-1.2198853492736816	0.43377038836479187
344	2	bug	0.9724454879760742	-1.6238746643066406	0.6226556301116943
344	2	feature	0.6914480328559875	-1.4474836587905884	0.7473304271697998
344	2	question	0.970452606678009	-1.5784848928451538	0.5838351249694824
344	2	documentation	1.1829602718353271	-1.7138481140136719	0.49915003776550293
344	2	performance	0.9959712028503418	-1.6662383079528809	0.6385852098464966
344	3	bug	-1.0493323802947998	-2.122560977935791	3.262807846069336
344	3	feature	-1.0336780548095703	-1.882367491722107	3.0818943977355957
344	3	question	-1.387298345565796	-0.8158986568450928	2.439863681793213
344	3	documentation	-0.23660871386528015	-1.4533045291900635	1.705679178237915
344	3	performance	-1.5398638248443604	-2.1756420135498047	3.9306893348693848
348	0	bug	-1.1309274435043335	-2.1675920486450195	3.3833141326904297
348	0	feature	-1.443906545639038	-2.0970547199249268	3.7125205993652344
348	0	question	-1.2730563879013062	-1.4507553577423096	2.870957374572754
348	0	documentation	-0.8118714094161987	-2.0994231700897217	2.9719061851501465
348	0	performance	-1.1667314767837524	-2.1584763526916504	3.406534433364868
355	0	bug	-0.02741249091923237	-2.789825677871704	2.7749972343444824
355	0	feature	-0.4154968857765198	-2.138029098510742	2.686042308807373
355	0	question	-1.2526886463165283	-0.767250120639801	2.1973533630371094
355	0	documentation	-0.03436976671218872	-1.1739145517349243	1.2790000438690186
355	0	performance	-0.027301164343953133	-3.321721315383911	3.274815082550049
368	0	bug	-1.8049039840698242	-1.1957327127456665	3.1604928970336914
368	0	feature	-1.8521913290023804	-2.1099610328674316	4.2841291427612305
368	0	question	-2.2988667488098145	-0.6374070644378662	3.1697161197662354
368	0	documentation	-1.452338457107544	-0.7690596580505371	2.324768543243408
368	0	performance	-2.1897308826446533	-1.600495457649231	4.043269157409668
372	0	bug	-1.273756504058838	-0.40021222829818726	1.6538114547729492
372	0	feature	-1.2554974555969238	-2.046048402786255	3.555269241333008
372	0	question	-2.2132272720336914	-0.10790757089853287	2.426917314529419
372	0	documentation	-0.5094406604766846	-0.9178194999694824	1.5295941829681396
372	0	performance	-1.0536885261535645	-2.3621091842651367	3.5538554191589355
374	0	bug	-1.1362414360046387	-2.205913543701172	3.456608772277832
374	0	feature	-1.359217882156372	-2.151545763015747	3.6994640827178955
374	0	question	-1.5061936378479004	-1.4501372575759888	3.1878912448883057
374	0	documentation	-0.9632095098495483	-2.076133966445923	3.1406872272491455
374	0	performance	-1.531297206878662	-1.9078476428985596	3.6035029888153076
377	0	bug	-3.2386722564697266	1.1598862409591675	1.5023415088653564
377	0	feature	-1.6217169761657715	-2.4969534873962402	4.387826919555664
377	0	question	-1.9406113624572754	-1.294860601425171	3.559025764465332
377	0	documentation	-1.7890970706939697	-1.5237723588943481	3.550375461578369
377	0	performance	-1.9565675258636475	-2.0146565437316895	4.213931083679199
378	0	bug	-1.7612195014953613	-0.8664432764053345	2.771623134613037
378	0	feature	-1.2413500547409058	-1.0154048204421997	2.4560434818267822
378	0	question	-1.250452995300293	-0.8987014293670654	2.3169918060302734
378	0	documentation	-2.2346858978271484	0.8149516582489014	1.069486379623413
378	0	performance	-2.3337016105651855	-1.2264801263809204	3.8396761417388916
381	0	bug	0.07791833579540253	-2.0927624702453613	2.0423672199249268
381	0	feature	-0.821035623550415	-1.5264463424682617	2.5368878841400146
381	0	question	-1.158545970916748	-0.3732658326625824	1.6669344902038574
381	0	documentation	-0.16717900335788727	-0.8233168125152588	1.0506820678710938
381	0	performance	-0.1394551396369934	-2.9055135250091553	3.026996612548828
386	0	bug	-1.1446373462677002	-1.487237811088562	2.6484909057617188
386	0	feature	-1.421337604522705	-1.4335194826126099	3.0236175060272217
386	0	question	-1.3217575550079346	-1.2319272756576538	2.650543689727783
386	0	documentation	-0.5784252285957336	-1.4093705415725708	2.0144333839416504
386	0	performance	-1.041707992553711	-2.2477734088897705	3.284407615661621
386	1	bug	0.09047652781009674	-1.16036856174469	1.0943233966827393
386	1	feature	0.19152683019638062	-1.2912318706512451	1.1382945775985718
386	1	question	-0.03933006525039673	-1.0588606595993042	1.1423487663269043
386	1	documentation	0.2930823862552643	-1.255104422569275	0.9894303679466248
386	1	performance	0.23648914694786072	-1.209370732307434	0.9949361085891724
386	2	bug	1.3462872505187988	-3.754525661468506	2.0777506828308105
386	2	feature	0.12179802358150482	-3.412051200866699	3.160022497177124
386	2	question	-0.5671987533569336	-1.9655466079711914	2.5591981410980225
386	2	documentation	1.4281128644943237	-2.827141761779785	1.195568561553955
386	2	performance	-0.4319576323032379	-3.5112075805664062	3.859579563140869
387	0	bug	-1.513366937637329	-2.520442485809326	4.147245407104492
387	0	feature	-1.4527554512023926	-2.5505664348602295	4.172020435333252
387	0	question	-2.1550934314727783	-1.2042964696884155	3.5936012268066406
387	0	documentation	-0.4762537479400635	-2.9756782054901123	3.421860933303833
387	0	performance	-1.1878968477249146	-3.224266529083252	4.477985858917236
390	0	bug	-1.015791654586792	-1.9698508977890015	3.0906314849853516
390	0	feature	-0.48613670468330383	-2.7828001976013184	3.2993297576904297
390	0	question	-0.8706549406051636	-2.229804039001465	3.236940860748291
390	0	documentation	-0.20920388400554657	-2.7376956939697266	2.9482529163360596
390	0	performance	-1.1011296510696411	-2.7555460929870605	3.9532594680786133
399	0	bug	-0.11558641493320465	-1.5356978178024292	1.72452974319458
399	0	feature	0.17786140739917755	-2.2056379318237305	2.0914900302886963
399	0	question	-0.09983298182487488	-1.4404906034469604	1.6466172933578491
399	0	documentation	1.5508015155792236	-2.526160478591919	1.0066373348236084
399	0	performance	0.349762499332428	-2.607301950454712	2.2547519207000732
399	1	bug	-1.0371167659759521	-1.3573588132858276	2.45645809173584
399	1	feature	-1.4698774814605713	-1.5120354890823364	3.2000019550323486
399	1	question	-1.3252032995224	-1.223422646522522	2.7079522609710693
399	1	documentation	0.05369873344898224	-1.0955854654312134	1.0206164121627808
399	1	performance	-1.258168339729309	-1.8782049417495728	3.3149285316467285
400	0	bug	-1.224837064743042	-1.3346000909805298	2.7554240226745605
400	0	feature	-0.858345091342926	-2.1714084148406982	3.2361555099487305
400	0	question	-1.069275140762329	-1.0668812990188599	2.3373427391052246
400	0	documentation	-0.5163771510124207	-0.709340512752533	1.3290679454803467
400	0	performance	-1.1713552474975586	-2.1261887550354004	3.466067314147949
400	1	bug	-1.047595500946045	-0.48580464720726013	1.557538628578186
400	1	feature	-1.023117184638977	-0.9778536558151245	2.235570192337036
400	1	question	-1.3512659072875977	-0.4452780485153198	1.954171895980835
400	1	documentation	-0.9608845114707947	0.42247554659843445	0.3035554885864258
400	1	performance	-0.8451282382011414	-1.018241286277771	1.974800705909729
400	2	bug	1.35490083694458	-2.1124355792999268	0.7447945475578308
400	2	feature	1.8359103202819824	-2.759136915206909	0.8764941692352295
400	2	question	1.351401686668396	-1.7759827375411987	0.4888555109500885
400	2	documentation	2.2285664081573486	-1.7580807209014893	-0.42835161089897156
400	2	performance	1.7884788513183594	-2.8260767459869385	0.9121797680854797
400	3	bug	-0.34347546100616455	-0.5772618651390076	0.9357631802558899
400	3	feature	0.5376185178756714	-1.8895996809005737	1.4335204362869263
400	3	question	0.5673418045043945	-1.1336660385131836	0.682263970375061
400	3	documentation	0.7478298544883728	-0.5496337413787842	-0.22506079077720642
400	3	performance	0.3285349905490875	-2.1345977783203125	1.795935869216919
400	4	bug	-1.3238576650619507	-0.9140313267707825	2.3148794174194336
400	4	feature	-1.3855769634246826	-1.2537165880203247	2.8278679847717285
400	4	question	-1.7769358158111572	-0.392576664686203	2.3025448322296143
400	4	documentation	-0.10743261128664017	-0.9658609628677368	1.0474460124969482
400	4	performance	-0.7967701554298401	-2.326758623123169	3.239530563354492
402	0	bug	-0.8017711639404297	-2.3469839096069336	3.215327024459839
402	0	feature	-1.2923588752746582	-1.8947433233261108	3.41715669631958
402	0	question	-2.825429677963257	1.1291205883026123	1.3084514141082764
402	0	documentation	0.1320842057466507	-2.4361672401428223	2.2604904174804688
402	0	performance	-1.0463906526565552	-2.703493595123291	3.8209402561187744
402	1	bug	0.014702318236231804	-1.4890799522399902	1.497394323348999
402	1	feature	-0.7221948504447937	-1.0962352752685547	1.9432523250579834
402	1	question	-1.273613452911377	0.12524105608463287	1.1530263423919678
402	1	documentation	0.4786837100982666	-1.5509477853775024	1.0863699913024902
402	1	performance	0.5256525874137878	-1.721954345703125	1.1818729639053345
407	0	bug	-1.1593732833862305	-2.3606183528900146	3.6507725715637207
407	0	feature	-1.1419715881347656	-2.7254676818847656	4.030714988708496
407	0	question	-1.5172526836395264	-1.2935646772384644	2.968757152557373
407	0	documentation	-0.8541584014892578	-2.331401824951172	3.2550697326660156
407	0	performance	-1.37632417678833	-2.6093192100524902	4.136692047119141
409	0	bug	-0.8287661671638489	-2.9778857231140137	3.8480639457702637
409	0	feature	-1.0812692642211914	-2.838590383529663	4.079092979431152
409	0	question	-1.244466781616211	-2.1371536254882812	3.577362537384033
409	0	documentation	-0.7723683714866638	-2.479564666748047	3.307086706161499
409	0	performance	-1.294185996055603	-2.5851376056671143	3.990852117538452
413	0	bug	0.17064526677131653	-2.989262580871582	2.7341554164886475
413	0	feature	-0.3767811954021454	-2.5681982040405273	3.013564348220825
413	0	question	-0.6722608804702759	-1.7436556816101074	2.561966896057129
413	0	documentation	0.27859508991241455	-1.7313109636306763	1.4667954444885254
413	0	performance	-0.31249210238456726	-3.124663829803467	3.412102699279785
422	0	bug	-0.5500955581665039	-2.8219716548919678	3.358261823654175
422	0	feature	-0.24604740738868713	-3.324481248855591	3.505674362182617
422	0	question	-0.5344210863113403	-2.9052534103393555	3.446427822113037
422	0	documentation	-0.17713284492492676	-3.1269888877868652	3.2296807765960693
422	0	performance	-0.6477847099304199	-3.0627100467681885	3.707949161529541
424	0	bug	-2.9177086353302	1.496559500694275	0.6976193189620972
424	0	feature	-1.2698583602905273	-1.5352767705917358	2.968209743499756
424	0	question	-1.757261037826538	-0.8157981038093567	2.7420763969421387
424	0	documentation	-1.0957859754562378	0.03571101650595665	0.9174395799636841
424	0	performance	-2.005432367324829	-0.865056574344635	2.9340362548828125
424	1	bug	0.3300207257270813	-0.8916709423065186	0.557235598564148
424	1	feature	-0.1399751603603363	-1.105423092842102	1.3245518207550049
424	1	question	-0.09065942466259003	-0.6040731072425842	0.7320203185081482
424	1	documentation	1.0249662399291992	-1.0516315698623657	0.03917234018445015
424	1	performance	0.7227067351341248	-1.6852308511734009	0.9553248882293701
424	2	bug	0.6583698391914368	-1.6317135095596313	0.9192231297492981
424	2	feature	-0.2875794470310211	-1.8934375047683716	2.1886725425720215
424	2	question	0.3257998824119568	-1.237813949584961	0.9448339343070984
424	2	documentation	1.8117839097976685	-1.8855060338974	0.07284083962440491
424	2	performance	1.192494511604309	-2.875248432159424	1.461496114730835
424	3	bug	0.955784261226654	-1.4736829996109009	0.5195074081420898
424	3	feature	0.06318864971399307	-1.7800946235656738	1.7582387924194336
424	3	question	-0.34123334288597107	-0.934903621673584	1.3539921045303345
424	3	documentation	1.9062511920928955	-1.5237406492233276	-0.3280135989189148
424	3	performance	0.4848348796367645	-2.608264923095703	1.954936146736145
424	4	bug	0.6720668077468872	-1.0411323308944702	0.3456852436065674
424	4	feature	0.5343308448791504	-1.4901090860366821	0.9634599089622498
424	4	question	0.22925859689712524	-0.8882223963737488	0.6901298761367798
424	4	documentation	1.356452465057373	-1.236258864402771	-0.133185476064682
424	4	performance	1.028972864151001	-1.5412575006484985	0.46466678380966187
424	5	bug	0.8456935882568359	-1.291355013847351	0.4288219213485718
424	5	feature	0.8945438861846924	-1.6067845821380615	0.7045208215713501
424	5	question	0.5533662438392639	-1.1177171468734741	0.5853204727172852
424	5	documentation	1.6557084321975708	-1.5022929906845093	-0.15877224504947662
424	5	performance	1.139237642288208	-1.7980161905288696	0.6082714200019836
424	6	bug	-1.1182949542999268	-0.44079577922821045	1.468752384185791
424	6	feature	-1.0782341957092285	-1.3752058744430542	2.565776824951172
424	6	question	-1.8000317811965942	-0.5554513335227966	2.477524757385254
424	6	documentation	-0.2952863276004791	-0.39794421195983887	0.5786809325218201
424	6	performance	-0.7281323075294495	-1.4776772260665894	2.1535134315490723
424	7	bug	-0.05662224441766739	-0.9808781743049622	1.011682391166687
424	7	feature	-0.5525974035263062	-1.6104810237884521	2.2370166778564453
424	7	question	-0.6270492672920227	-0.8942480683326721	1.5828313827514648
424	7	documentation	0.7879583835601807	-1.0485650300979614	0.2487298995256424
424	7	performance	0.19860386848449707	-1.7766083478927612	1.5093154907226562
424	8	bug	0.5499881505966187	-0.832872211933136	0.2522282004356384
424	8	feature	-0.048453912138938904	-1.076228380203247	1.1295524835586548
424	8	question	0.01332252286374569	-0.5964802503585815	0.612126350402832
424	8	documentation	1.607921838760376	-1.1074281930923462	-0.5083087086677551
424	8	performance	1.0002455711364746	-1.4624100923538208	0.3871033489704132
424	9	bug	0.21209096908569336	-0.7186670303344727	0.47710350155830383
424	9	feature	0.1327349990606308	-1.0707014799118042	0.954864501953125
424	9	question	-0.05395084619522095	-0.5380077362060547	0.5910192131996155
424	9	documentation	1.1573619842529297	-1.1330173015594482	-0.04142022505402565
424	9	performance	0.7853871583938599	-1.438153624534607	0.6144068241119385
424	10	bug	0.04715382307767868	-0.9564316868782043	0.9446738958358765
424	10	feature	-0.10893674939870834	-1.474820613861084	1.708947777748108
424	10	question	-0.25663599371910095	-0.8604080080986023	1.2118868827819824
424	10	documentation	1.2287546396255493	-1.0019510984420776	-0.16865530610084534
424	10	performance	0.5762006640434265	-1.9272468090057373	1.3547855615615845
424	11	bug	0.2891750931739807	-0.7079118490219116	0.4128108620643616
424	11	feature	0.6744070649147034	-1.3673830032348633	0.7332870960235596
424	11	question	0.712528645992279	-0.8508397340774536	0.17609047889709473
424	11	documentation	1.7588776350021362	-1.135999321937561	-0.5970544219017029
424	11	performance	1.3806861639022827	-1.573215126991272	0.20025041699409485
424	12	bug	-0.7733845710754395	-0.6248865723609924	1.351892352104187
424	12	feature	-0.5198383331298828	-1.703029751777649	2.3034772872924805
424	12	question	-1.078944444656372	-0.6463406682014465	1.8226947784423828
424	12	documentation	1.0040572881698608	-0.9785488843917847	-0.027405131608247757
424	12	performance	0.15050218999385834	-2.59431791305542	2.3117923736572266
424	13	bug	0.24494174122810364	-1.2468968629837036	0.9914997220039368
424	13	feature	-0.09576202929019928	-1.5548948049545288	1.7138683795928955
424	13	question	-0.08787262439727783	-1.2249292135238647	1.3600187301635742
424	13	documentation	1.3484797477722168	-1.1930848360061646	-0.16110922396183014
424	13	performance	0.4391419589519501	-1.97791588306427	1.4798481464385986
424	14	bug	0.32754138112068176	-0.9795616269111633	0.6312718391418457
424	14	feature	0.13741645216941833	-1.1103731393814087	0.999613881111145
424	14	question	0.016906728968024254	-0.8123507499694824	0.8400623798370361
424	14	documentation	1.1576578617095947	-1.0448498725891113	-0.12940149009227753
424	14	performance	0.20617429912090302	-1.2617019414901733	1.0359083414077759
424	15	bug	0.44029611349105835	-1.127089262008667	0.6562567949295044
424	15	feature	0.646820604801178	-1.4885191917419434	0.843307614326477
424	15	question	0.30123722553253174	-1.0102745294570923	0.7252838611602783
424	15	documentation	0.5120670199394226	-0.5198966264724731	-0.07759134471416473
424	15	performance	0.8640235066413879	-1.5394089221954346	0.6201388835906982
424	16	bug	0.4441066086292267	-1.2919985055923462	0.759859561920166
424	16	feature	0.18263204395771027	-1.8034181594848633	1.534956455230713
424	16	question	-0.26125314831733704	-0.9129281044006348	1.166477084159851
424	16	documentation	0.5270985960960388	-0.7385832667350769	0.08295833319425583
424	16	performance	1.0456891059875488	-1.7945541143417358	0.5466678142547607
424	17	bug	-0.5598156452178955	-0.5222114324569702	1.0140619277954102
424	17	feature	-0.44810810685157776	-1.1443281173706055	1.658354640007019
424	17	question	-0.7664469480514526	-0.40792667865753174	1.2032979726791382
424	17	documentation	-0.4731093943119049	0.13902398943901062	0.10694508254528046
424	17	performance	-0.07824866473674774	-1.5332796573638916	1.5325431823730469
424	18	bug	1.1316548585891724	-1.591281533241272	0.43559563159942627
424	18	feature	0.9032061100006104	-2.104177236557007	1.157606840133667
424	18	question	0.4613384008407593	-1.3156088590621948	0.8770771026611328
424	18	documentation	1.3785946369171143	-1.154927372932434	-0.25178074836730957
424	18	performance	1.6367425918579102	-1.9785836935043335	0.2559404671192169
424	19	bug	0.5717952251434326	-1.2567282915115356	0.6003440618515015
424	19	feature	0.5164200067520142	-1.9558650255203247	1.3448843955993652
424	19	question	0.1332387924194336	-0.9678970575332642	0.8200588226318359
424	19	documentation	0.8702712059020996	-0.9087499380111694	-0.07159639894962311
424	19	performance	1.281713604927063	-1.70472252368927	0.27215200662612915
424	20	bug	-0.26749947667121887	-0.9551503658294678	1.2384023666381836
424	20	feature	-0.5261659026145935	-1.4436246156692505	2.0371761322021484
424	20	question	-0.73615562915802	-0.7839833498001099	1.6201527118682861
424	20	documentation	-0.16820621490478516	-0.3538486361503601	0.4583304822444916
424	20	performance	-0.126297265291214	-1.347449779510498	1.400923252105713
424	21	bug	-0.2380671352148056	-0.9007981419563293	1.1363716125488281
424	21	feature	-0.19432777166366577	-1.7080680131912231	1.9457603693008423
424	21	question	-0.4098501205444336	-0.9943488836288452	1.488110065460205
424	21	documentation	-0.4545431435108185	-0.3335684537887573	0.7219021320343018
424	21	performance	0.5779944062232971	-1.8365025520324707	1.1681684255599976
424	22	bug	0.8147299289703369	-1.433566927909851	0.5541467666625977
424	22	feature	0.8251230716705322	-2.07639217376709	1.15216064453125
424	22	question	0.3144303262233734	-1.1177350282669067	0.7995506525039673
424	22	documentation	0.941238522529602	-1.0552105903625488	0.025876466184854507
424	22	performance	1.5799195766448975	-1.9751458168029785	0.2366521954536438
424	23	bug	0.6927273273468018	-1.1143909692764282	0.40070974826812744
424	23	feature	0.8500080704689026	-1.5412160158157349	0.6862961649894714
424	23	question	0.5989172458648682	-1.0778013467788696	0.5033252239227295
424	23	documentation	0.9350290894508362	-0.7549216747283936	-0.2388283610343933
424	23	performance	1.214906930923462	-1.515822410583496	0.2458357959985733
424	24	bug	0.1761694848537445	-1.024017095565796	0.7778301239013672
424	24	feature	0.19176453351974487	-1.5952646732330322	1.344569206237793
424	24	question	-0.09110602736473083	-0.9277103543281555	1.0118978023529053
424	24	documentation	0.46775561571121216	-0.6689133644104004	0.10836858302354813
424	24	performance	0.7903423309326172	-1.5127702951431274	0.5983346700668335
424	25	bug	0.26194247603416443	-1.5885720252990723	1.2275980710983276
424	25	feature	-0.15684270858764648	-1.9821062088012695	2.0693860054016113
424	25	question	-0.1601373255252838	-1.2252777814865112	1.3727352619171143
424	25	documentation	0.2841508686542511	-0.8677328824996948	0.49634695053100586
424	25	performance	0.49080076813697815	-2.175919771194458	1.4869076013565063
424	26	bug	-0.6178926825523376	-0.967072606086731	1.510525107383728
424	26	feature	-0.1820748746395111	-1.8473625183105469	1.9633026123046875
424	26	question	-0.3407576382160187	-1.1903678178787231	1.52370285987854
424	26	documentation	-0.18263810873031616	-0.617617130279541	0.6726836562156677
424	26	performance	0.5108201503753662	-2.3010454177856445	1.5452560186386108
424	27	bug	0.17776602506637573	-0.9565352201461792	0.7280809879302979
424	27	feature	-0.06412196159362793	-1.4240058660507202	1.5098448991775513
424	27	question	-0.3029974400997162	-0.7083657383918762	1.0245583057403564
424	27	documentation	0.25121068954467773	-0.5011388063430786	0.1491898149251938
424	27	performance	0.3026776909828186	-1.2272313833236694	0.852198600769043
424	28	bug	0.1684284806251526	-1.2757550477981567	1.0764268636703491
424	28	feature	-0.14053592085838318	-1.7046324014663696	1.8473751544952393
424	28	question	-0.4869988262653351	-0.894015908241272	1.4411100149154663
424	28	documentation	0.21214137971401215	-0.6075787544250488	0.298054575920105
424	28	performance	0.5435929298400879	-2.0732221603393555	1.3739668130874634
424	29	bug	1.3558506965637207	-1.6989079713821411	0.2834559977054596
424	29	feature	1.0353150367736816	-1.803001046180725	0.7205020189285278
424	29	question	1.045730471611023	-1.57588529586792	0.5030540227890015
424	29	documentation	1.3165414333343506	-1.196060299873352	-0.1691780835390091
424	29	performance	1.347478985786438	-1.8867191076278687	0.45193785429000854
424	30	bug	0.15158312022686005	-1.2091039419174194	0.9906935691833496
424	30	feature	-0.7763690948486328	-0.5817229747772217	1.4137424230575562
424	30	question	-0.19450441002845764	-1.0764119625091553	1.2804198265075684
424	30	documentation	0.06281700730323792	-0.5677448511123657	0.381012499332428
424	30	performance	0.4353025257587433	-1.8522380590438843	1.288477897644043
424	31	bug	-0.22851169109344482	-0.9681397676467896	1.1632788181304932
424	31	feature	-0.4049205482006073	-1.5490764379501343	1.9733033180236816
424	31	question	-0.6502034664154053	-0.8854771256446838	1.6071984767913818
424	31	documentation	-0.3484525680541992	-0.48584964871406555	0.7736808657646179
424	31	performance	0.1258649230003357	-1.6129080057144165	1.3835186958312988
424	32	bug	-0.09100823104381561	-0.931810736656189	0.9370326995849609
424	32	feature	-0.21763882040977478	-1.4580967426300049	1.633928894996643
424	32	question	-0.641470193862915	-0.6032916903495789	1.2299535274505615
424	32	documentation	-0.06834238022565842	-0.32635724544525146	0.20157919824123383
424	32	performance	0.5257951021194458	-1.596767783164978	0.8831024169921875
424	33	bug	0.20484116673469543	-0.9894488453865051	0.7414081692695618
424	33	feature	-0.23920701444149017	-1.1348594427108765	1.4193246364593506
424	33	question	-0.26413434743881226	-0.7797518968582153	1.0742719173431396
424	33	documentation	0.35076624155044556	-0.5143951177597046	0.06472361087799072
424	33	performance	0.7381750345230103	-1.8896483182907104	1.042646884918213
424	34	bug	-0.4056251347064972	-0.36477357149124146	0.7026856541633606
424	34	feature	-0.36807528138160706	-1.141994595527649	1.5787993669509888
424	34	question	-0.2795492112636566	-0.5843700170516968	0.9081034660339355
424	34	documentation	-0.15007010102272034	-0.1282627135515213	0.1563679724931717
424	34	performance	0.30436792969703674	-1.2178646326065063	0.8696334958076477
424	35	bug	0.32316964864730835	-1.038350224494934	0.6480331420898438
424	35	feature	0.4125375747680664	-1.9055709838867188	1.4379026889801025
424	35	question	0.5232840776443481	-0.9956562519073486	0.4973794221878052
424	35	documentation	0.25089702010154724	-0.5990974307060242	0.24664238095283508
424	35	performance	1.1852498054504395	-2.2602386474609375	0.8883724212646484
424	36	bug	-1.219780445098877	-0.8230228424072266	2.041158437728882
424	36	feature	-1.2151236534118652	-1.484481692314148	2.7826552391052246
424	36	question	-1.4249942302703857	-0.71703040599823	2.2472496032714844
424	36	documentation	-1.2047648429870605	-0.26260557770729065	1.398674726486206
424	36	performance	-0.9615788459777832	-1.5512330532073975	2.42134428024292
424	37	bug	-0.5958280563354492	-0.8218533396720886	1.3394262790679932
424	37	feature	-0.49874866008758545	-1.571855902671814	2.063398838043213
424	37	question	-0.936643660068512	-0.7319868206977844	1.6979670524597168
424	37	documentation	-0.7965265512466431	-0.18165215849876404	0.8148924112319946
424	37	performance	-0.2392764836549759	-1.4804855585098267	1.5695936679840088
424	38	bug	-0.7691423892974854	-1.0557442903518677	1.7224305868148804
424	38	feature	-0.8797848224639893	-1.7968025207519531	2.6033685207366943
424	38	question	-0.8380637168884277	-0.9325106143951416	1.7575757503509521
424	38	documentation	-0.9701222777366638	-0.5306971073150635	1.3809794187545776
424	38	performance	-0.45942094922065735	-1.7832986116409302	1.9784141778945923
424	39	bug	-1.0155775547027588	-0.8593636751174927	1.8558036088943481
424	39	feature	-1.0416204929351807	-1.5155497789382935	2.614903450012207
424	39	question	-1.2439464330673218	-0.7281333804130554	2.058868169784546
424	39	documentation	-1.0289571285247803	-0.34126511216163635	1.2979309558868408
424	39	performance	-0.761594295501709	-1.565226435661316	2.212463855743408
424	40	bug	-0.05618364363908768	-1.2242566347122192	1.2345086336135864
424	40	feature	-0.2822552025318146	-1.7841343879699707	2.0526180267333984
424	40	question	-0.3439621031284332	-1.1438071727752686	1.5338890552520752
424	40	documentation	-0.2220272719860077	-0.6343734264373779	0.7898504734039307
424	40	performance	0.470562607049942	-2.0666253566741943	1.44386887550354
424	41	bug	-0.8054540157318115	-0.8646407127380371	1.6052801609039307
424	41	feature	-0.9240516424179077	-1.4980963468551636	2.4242043495178223
424	41	question	-1.2925094366073608	-0.6799296736717224	2.0245044231414795
424	41	documentation	-1.1912785768508911	-0.05018947646021843	1.0953314304351807
424	41	performance	-0.6840882301330566	-1.2940446138381958	1.7511570453643799
424	42	bug	0.252474844455719	-0.7074546813964844	0.4050914943218231
424	42	feature	0.5273346304893494	-0.9678977727890015	0.41540229320526123
424	42	question	0.49187299609184265	-0.7732165455818176	0.25084978342056274
424	42	documentation	0.3369905650615692	-0.44929179549217224	0.016474246978759766
424	42	performance	0.509791374206543	-0.9901285171508789	0.4269854426383972
424	43	bug	0.034203365445137024	-1.334288239479065	1.2227941751480103
424	43	feature	0.12355339527130127	-1.9452229738235474	1.7714160680770874
424	43	question	-0.3836832642555237	-1.1635043621063232	1.5717579126358032
424	43	documentation	-0.027205871418118477	-0.6386394500732422	0.5653033256530762
424	43	performance	0.5570001602172852	-2.412067413330078	1.6105055809020996
424	44	bug	-0.7328095436096191	-1.0142173767089844	1.690145492553711
424	44	feature	-0.46923574805259705	-1.4055005311965942	1.8569440841674805
424	44	question	-1.0110251903533936	-0.7157394886016846	1.7831141948699951
424	44	documentation	-0.8445298075675964	-0.43466097116470337	1.1984195709228516
424	44	performance	-0.24458001554012299	-2.1362967491149902	2.158712863922119
424	45	bug	0.39207515120506287	-1.5044773817062378	1.022910475730896
424	45	feature	0.2277931272983551	-1.9902957677841187	1.6830999851226807
424	45	question	-0.1638982892036438	-1.1560914516448975	1.322600245475769
424	45	documentation	0.5138488411903381	-0.9595720767974854	0.3469407260417938
424	45	performance	0.8861963748931885	-2.434117317199707	1.3079174757003784
424	46	bug	0.8778866529464722	-1.4370124340057373	0.49694472551345825
424	46	feature	1.032175064086914	-1.592333436012268	0.5199514627456665
424	46	question	0.8127624988555908	-1.3224905729293823	0.48643556237220764
424	46	documentation	0.5163853168487549	-0.8506279587745667	0.2666889429092407
424	46	performance	1.3074893951416016	-1.9638423919677734	0.5486849546432495
424	47	bug	-0.6392428278923035	-0.905531644821167	1.4856005907058716
424	47	feature	-0.5122246742248535	-1.6200100183486938	2.108475923538208
424	47	question	-0.6267197132110596	-0.7074801325798035	1.3454170227050781
424	47	documentation	-0.4335871636867523	-0.3059908151626587	0.5764027833938599
424	47	performance	-0.15595188736915588	-1.710405707359314	1.6918389797210693
424	48	bug	0.5810478329658508	-1.4361509084701538	0.8215039372444153
424	48	feature	0.2615685760974884	-1.4124380350112915	1.1821610927581787
424	48	question	0.05171801149845123	-1.0727324485778809	1.065653681755066
424	48	documentation	0.2873653471469879	-0.8466958999633789	0.5074042081832886
424	48	performance	1.003892421722412	-2.51069974899292	1.3280723094940186
424	49	bug	0.016864148899912834	-0.7987167835235596	0.7562664747238159
424	49	feature	0.2198503017425537	-1.1145230531692505	0.9021240472793579
424	49	question	0.04960935562849045	-0.8246250152587891	0.7928112745285034
424	49	documentation	-0.0308984462171793	-0.3732810616493225	0.32747185230255127
424	49	performance	0.40151795744895935	-1.2288639545440674	0.7825998067855835
424	50	bug	0.45167872309684753	-1.5167843103408813	0.9941172003746033
424	50	feature	0.6091136932373047	-2.38384747505188	1.6531455516815186
424	50	question	0.5652809143066406	-1.727616310119629	1.162807822227478
424	50	documentation	0.48337098956108093	-1.0219440460205078	0.4590752124786377
424	50	performance	1.3348584175109863	-2.7813358306884766	1.1661045551300049
424	51	bug	0.1587020605802536	-1.3068307638168335	1.1178748607635498
424	51	feature	0.1918523907661438	-1.6889132261276245	1.519081950187683
424	51	question	-0.28252631425857544	-1.0425755977630615	1.3661296367645264
424	51	documentation	0.6674820184707642	-0.717000424861908	-0.028231095522642136
424	51	performance	1.1314470767974854	-2.672504425048828	1.355790615081787
424	52	bug	0.36615943908691406	-0.7625567317008972	0.3660779595375061
424	52	feature	0.2920514643192291	-0.7553887367248535	0.4583710730075836
424	52	question	0.637393593788147	-0.8187316060066223	0.16028617322444916
424	52	documentation	0.870155930519104	-0.7874051332473755	-0.13138186931610107
424	52	performance	0.6712844967842102	-1.0360018014907837	0.33669570088386536
424	53	bug	0.21245180070400238	-1.0560401678085327	0.829626202583313
424	53	feature	-0.23553931713104248	-1.247022271156311	1.543297529220581
424	53	question	1.1364333629608154	-1.457222819328308	0.3675355911254883
424	53	documentation	1.6467235088348389	-1.321251392364502	-0.3077603578567505
424	53	performance	0.4694841802120209	-1.9537609815597534	1.4526667594909668
424	54	bug	-0.09740648418664932	-0.7662517428398132	0.8517782092094421
424	54	feature	-0.08354919403791428	-1.204550862312317	1.3499016761779785
424	54	question	0.2991901934146881	-1.0045292377471924	0.7413590550422668
424	54	documentation	1.488442301750183	-1.1629284620285034	-0.330740749835968
424	54	performance	0.8729267120361328	-2.428666114807129	1.46235990524292
424	55	bug	0.1984560638666153	-0.5120612978935242	0.2650991380214691
424	55	feature	0.5225027203559875	-0.578665554523468	0.05317983031272888
424	55	question	-0.4080211818218231	0.12481939047574997	0.13121779263019562
424	55	documentation	2.0131587982177734	-0.998744010925293	-1.0370241403579712
424	55	performance	0.9536246657371521	-1.2246729135513306	0.2748534381389618
424	56	bug	-0.27930623292922974	-0.5455050468444824	0.7803359031677246
424	56	feature	-0.9122306108474731	-1.2244716882705688	2.254053831100464
424	56	question	-0.8367971181869507	-0.5822441577911377	1.4586414098739624
424	56	documentation	1.1093944311141968	-0.7479391098022461	-0.3822590708732605
424	56	performance	-0.6465237736701965	-1.2394988536834717	1.9000415802001953
424	57	bug	0.47182920575141907	-1.5973955392837524	1.1119755506515503
424	57	feature	1.4763659238815308	-2.392756462097168	0.8610242009162903
424	57	question	0.5802527070045471	-1.5054452419281006	0.9793519973754883
424	57	documentation	1.479020595550537	-1.7846723794937134	0.2914675176143646
424	57	performance	-0.9320712089538574	-1.6262034177780151	2.7291080951690674
426	0	bug	-1.5267739295959473	0.46741241216659546	0.7559129595756531
426	0	feature	-0.6499561071395874	-1.2868764400482178	2.053256034851074
426	0	question	-0.9615219831466675	-0.6950337290763855	1.725890040397644
426	0	documentation	0.3304928243160248	-0.3776920437812805	0.019629675894975662
426	0	performance	-0.6847013235092163	-1.833467960357666	2.5477097034454346
426	1	bug	-1.5615960359573364	0.5879462361335754	0.6189225912094116
426	1	feature	-0.4327884018421173	-0.7524269819259644	1.229576587677002
426	1	question	-1.2643976211547852	0.036476027220487595	1.1563202142715454
426	1	documentation	1.0797771215438843	-0.8076143264770508	-0.30659180879592896
426	1	performance	-0.7759069204330444	-0.9268066883087158	1.6865426301956177
426	2	bug	-0.8332124948501587	-1.0708376169204712	2.00334095954895
426	2	feature	-0.897406816482544	-1.1336554288864136	2.227646589279175
426	2	question	-1.3283863067626953	-0.5544344782829285	2.0357465744018555
426	2	documentation	-2.0744333267211914	0.799094557762146	0.9429928064346313
426	2	performance	-1.142206072807312	-2.034863233566284	3.3376030921936035
428	0	bug	-0.7452195286750793	-1.4220789670944214	2.202845573425293
428	0	feature	-0.8133449554443359	-1.9112188816070557	2.8705387115478516
428	0	question	-0.9288452863693237	-1.2916799783706665	2.3200409412384033
428	0	documentation	0.7206844091415405	-1.3892982006072998	0.6399267315864563
428	0	performance	-0.9000331163406372	-2.059882402420044	3.021541118621826
429	0	bug	-2.1769611835479736	-1.660672664642334	4.056873321533203
429	0	feature	-2.469378709793091	-0.9755251407623291	3.7804038524627686
429	0	question	-2.324829578399658	-1.1206167936325073	3.7241225242614746
429	0	documentation	-1.817874789237976	-1.438745141029358	3.429993152618408
429	0	performance	-1.9328408241271973	-2.251345157623291	4.416676044464111
430	0	bug	-1.0274382829666138	-1.189604640007019	2.318675994873047
430	0	feature	-0.6760870218276978	-2.2755627632141113	3.080826997756958
430	0	question	-0.9609376192092896	-1.556677222251892	2.6688570976257324
430	0	documentation	-0.23136141896247864	-1.1590549945831299	1.455931544303894
430	0	performance	-0.9098775386810303	-2.266709566116333	3.2612462043762207
430	1	bug	-1.051523208618164	-1.2468024492263794	2.407809257507324
430	1	feature	-1.617143154144287	-1.3042067289352417	3.194660186767578
430	1	question	-1.3729000091552734	-1.4175797700881958	3.0056004524230957
430	1	documentation	0.6967833042144775	-1.6419456005096436	0.9130291938781738
430	1	performance	-0.08919094502925873	-2.674513101577759	2.7501282691955566
433	0	bug	0.28063341975212097	-3.5225303173065186	3.1260526180267334
433	0	feature	-0.7352484464645386	-2.628448486328125	3.4628918170928955
433	0	question	-1.1263105869293213	-1.4823261499404907	2.7982215881347656
433	0	documentation	0.5672732591629028	-3.2058498859405518	2.5642662048339844
433	0	performance	-0.7313724756240845	-2.905527114868164	3.6849491596221924
434	0	bug	-0.3340260982513428	-2.982142686843872	3.259647846221924
434	0	feature	-0.8483765125274658	-1.834687352180481	2.771594285964966
434	0	question	-1.5623292922973633	-0.5084666609764099	2.200775623321533
434	0	documentation	0.6061486601829529	-2.9245381355285645	2.1414613723754883
434	0	performance	-0.37191155552864075	-2.9417152404785156	3.2367327213287354
435	0	bug	0.03791786730289459	-1.8512428998947144	1.8045645952224731
435	0	feature	0.6549251675605774	-2.8856520652770996	2.1626651287078857
435	0	question	-0.7369815111160278	-1.2220929861068726	2.1032164096832275
435	0	documentation	1.897970199584961	-2.265967607498169	0.34117335081100464
435	0	performance	-0.8643158674240112	-2.6697869300842285	3.610360622406006
436	0	bug	-1.1192121505737305	-0.6727738380432129	1.8837515115737915
436	0	feature	-0.5583634972572327	-1.992785096168518	2.660947322845459
436	0	question	-0.8462367653846741	-1.2859278917312622	2.277139663696289
436	0	documentation	0.6606273651123047	-1.538869023323059	0.9066687822341919
436	0	performance	-0.6520720720291138	-1.998606562614441	2.7108044624328613
437	0	bug	-1.0312408208847046	-1.377299189567566	2.527451992034912
437	0	feature	-0.5901045799255371	-2.445317268371582	3.1826541423797607
437	0	question	-1.2268073558807373	-1.4611332416534424	2.9075913429260254
437	0	documentation	0.01621018908917904	-0.9956845641136169	1.0606650114059448
437	0	performance	-0.7563343048095703	-2.752840518951416	3.562126636505127
438	0	bug	0.9963088035583496	-2.602428913116455	1.5643341541290283
438	0	feature	-0.1289306879043579	-1.665732502937317	1.9167248010635376
438	0	question	-0.6246734261512756	-1.2102127075195312	1.9553532600402832
438	0	documentation	-0.6270800232887268	-0.4991174340248108	1.145127534866333
438	0	performance	-0.6903260946273804	-2.1524765491485596	2.941242218017578
443	0	bug	-1.122185468673706	-1.6652370691299438	2.94883394241333
443	0	feature	-1.1492981910705566	-1.6841683387756348	3.0413293838500977
443	0	question	-1.2965612411499023	-0.9577863812446594	2.4452407360076904
443	0	documentation	-0.9440433979034424	-1.4915575981140137	2.5865445137023926
443	0	performance	-0.9204680919647217	-1.9890105724334717	3.0263612270355225
443	1	bug	-0.6208970546722412	-1.2460817098617554	1.9160685539245605
443	1	feature	-1.0998470783233643	-1.4997284412384033	2.8427066802978516
443	1	question	-0.9106057286262512	-0.9692034721374512	2.03665828704834
443	1	documentation	0.7439373135566711	-1.1485251188278198	0.373249351978302
443	1	performance	0.12516367435455322	-1.9410115480422974	1.837928295135498
444	0	bug	-0.48654499650001526	-2.4235050678253174	2.916715621948242
444	0	feature	-1.4529407024383545	0.41558462381362915	0.8578939437866211
444	0	question	-3.1609952449798584	1.6546369791030884	0.8280335068702698
444	0	documentation	-1.5547382831573486	0.28019365668296814	1.037968635559082
444	0	performance	0.42096927762031555	-2.7214646339416504	2.1657121181488037
450	0	bug	1.6981568336486816	-4.037413120269775	2.005483627319336
450	0	feature	-0.6950970888137817	-1.9622348546981812	2.7694814205169678
450	0	question	-1.3654448986053467	-0.7512574791908264	2.231419801712036
450	0	documentation	-2.0982444286346436	0.20661993324756622	1.705007791519165
450	0	performance	1.882018804550171	-4.492852687835693	2.23097562789917
451	0	bug	-1.724686861038208	-1.6409962177276611	3.5080885887145996
451	0	feature	-2.637237787246704	-0.38912445306777954	3.217576026916504
451	0	question	-2.2906525135040283	-0.3822906017303467	2.8164937496185303
451	0	documentation	-1.476590633392334	-1.439643383026123	3.047767400741577
451	0	performance	-1.7997331619262695	-1.8899939060211182	3.856966972351074
452	0	bug	-0.7158207893371582	-2.7425873279571533	3.4140119552612305
452	0	feature	-0.746964156627655	-2.7893810272216797	3.5437605381011963
452	0	question	-0.8286983370780945	-2.254289388656616	3.1406006813049316
452	0	documentation	-0.4726865887641907	-2.6771607398986816	3.0968267917633057
452	0	performance	-1.0842536687850952	-2.7150278091430664	3.8067076206207275
452	1	bug	-0.019580604508519173	-2.5594470500946045	2.5104236602783203
452	1	feature	-0.5139428377151489	-1.6104096174240112	2.1844937801361084
452	1	question	-1.270402193069458	-0.8422266244888306	2.2591590881347656
452	1	documentation	-0.7774286270141602	-1.9422372579574585	2.842736005783081
452	1	performance	-0.948875904083252	-2.474970817565918	3.563458204269409
453	0	bug	-1.2285125255584717	-0.5863001942634583	1.8598887920379639
453	0	feature	-0.7588707208633423	-2.3032941818237305	3.191041946411133
453	0	question	-1.437382698059082	-0.7843794822692871	2.405726909637451
453	0	documentation	-0.11060937494039536	-0.5295960307121277	0.6174790263175964
453	0	performance	-1.2575315237045288	-2.061854839324951	3.472623348236084
454	0	bug	-1.1709259748458862	-1.4910980463027954	2.8390886783599854
454	0	feature	-0.8025549650192261	-2.6937103271484375	3.6739754676818848
454	0	question	-0.9567908048629761	-1.6240414381027222	2.782435894012451
454	0	documentation	0.06748084723949432	-1.8621001243591309	1.8554365634918213
454	0	performance	-0.8835448622703552	-2.5953407287597656	3.608682155609131
456	0	bug	-0.7552922368049622	-2.898078441619873	3.6862969398498535
456	0	feature	-0.7994574904441833	-3.0284900665283203	3.8977935314178467
456	0	question	-1.0859216451644897	-2.419814348220825	3.6431941986083984
456	0	documentation	-0.851876974105835	-2.7121450901031494	3.6406021118164062
456	0	performance	-1.0309467315673828	-2.956359386444092	4.060014724731445
460	0	bug	-0.6852459907531738	-3.00445556640625	3.7774879932403564
460	0	feature	-0.967163622379303	-2.414433479309082	3.583944320678711
460	0	question	-1.2469487190246582	-1.6123920679092407	3.1148576736450195
460	0	documentation	-1.3878322839736938	-2.0292906761169434	3.6230051517486572
460	0	performance	-1.0784821510314941	-3.081861972808838	4.302369117736816
463	0	bug	2.1683390140533447	-2.3907456398010254	0.12759283185005188
463	0	feature	1.495398759841919	-3.119629144668579	1.4792420864105225
463	0	question	0.44785311818122864	-2.0856001377105713	1.5860365629196167
463	0	documentation	2.7202460765838623	-2.5673303604125977	-0.20399479568004608
463	0	performance	1.7484387159347534	-3.3692307472229004	1.4058375358581543
465	0	bug	-1.0022145509719849	-1.95797598361969	3.1001882553100586
465	0	feature	-0.9115853905677795	-1.6750138998031616	2.7723922729492188
465	0	question	-1.390533208847046	-1.2696703672409058	2.8723816871643066
465	0	documentation	-1.0305676460266113	-0.5358111262321472	1.593261957168579
465	0	performance	-1.3995206356048584	-1.9666410684585571	3.541688919067383
465	1	bug	-0.07471922785043716	-3.040720224380493	3.0094146728515625
465	1	feature	-0.3645114302635193	-2.895554304122925	3.2556772232055664
465	1	question	-0.7731455564498901	-2.2569618225097656	3.115243434906006
465	1	documentation	0.5833890438079834	-3.297802209854126	2.5306053161621094
465	1	performance	0.27708542346954346	-3.5561482906341553	3.099029779434204
465	2	bug	0.011032847687602043	-1.474090814590454	1.427363634109497
465	2	feature	-0.37915346026420593	-1.6770461797714233	2.1205499172210693
465	2	question	-0.3108019530773163	-1.2444509267807007	1.605544090270996
465	2	documentation	0.7043850421905518	-1.3786600828170776	0.6378698348999023
465	2	performance	0.2870081663131714	-2.7419004440307617	2.2444448471069336
465	3	bug	-1.325534701347351	-2.3041045665740967	3.816955089569092
465	3	feature	-1.194810152053833	-1.674249291419983	3.112999200820923
465	3	question	-1.6556662321090698	-1.5428200960159302	3.4721519947052
465	3	documentation	-2.104924201965332	-0.700506329536438	2.9720473289489746
465	3	performance	-1.4514672756195068	-2.279294490814209	3.949984550476074
468	0	bug	-1.6713883876800537	-1.3555740118026733	3.266582727432251
468	0	feature	-1.61411452293396	-1.8215267658233643	3.7691733837127686
468	0	question	-2.9997973442077637	-0.15352807939052582	3.347414255142212
468	0	documentation	-0.7934427857398987	-1.5323106050491333	2.493476152420044
468	0	performance	-1.3003493547439575	-2.0564651489257812	3.5472869873046875
469	0	bug	-0.8168941140174866	-2.557389974594116	3.4265236854553223
469	0	feature	-0.803593635559082	-2.610098361968994	3.4894819259643555
469	0	question	-0.9021726846694946	-2.2274703979492188	3.218923330307007
469	0	documentation	-0.5501701831817627	-2.681478977203369	3.2406058311462402
469	0	performance	-1.0512338876724243	-2.6000657081604004	3.734604835510254
469	1	bug	-1.2859817743301392	-0.9090445041656494	2.334418296813965
469	1	feature	-1.6307199001312256	-1.437389850616455	3.3549466133117676
469	1	question	-1.7754991054534912	-0.8391485214233398	2.8490657806396484
469	1	documentation	-0.42528489232063293	-0.8466057181358337	1.2835942506790161
469	1	performance	-1.2351374626159668	-1.978818416595459	3.407529830932617
486	0	bug	-1.0530776977539062	-2.082669258117676	3.2343831062316895
486	0	feature	-1.1178696155548096	-1.254393458366394	2.5310399532318115
486	0	question	-2.462805986404419	0.38430896401405334	2.004395008087158
486	0	documentation	-1.8027300834655762	-0.1890188604593277	2.0189080238342285
486	0	performance	-1.0965632200241089	-2.508164405822754	3.6953296661376953
487	0	bug	-1.1603820323944092	-2.304494857788086	3.566812515258789
487	0	feature	-1.0974785089492798	-2.4957618713378906	3.7492055892944336
487	0	question	-1.2477045059204102	-2.198634147644043	3.6122019290924072
487	0	documentation	-0.7419151663780212	-2.1199049949645996	2.920281410217285
487	0	performance	-0.9781720638275146	-2.807511568069458	3.865157127380371
521	0	bug	-1.721024990081787	0.7681245803833008	0.632442057132721
521	0	feature	-1.1801350116729736	-1.2381913661956787	2.6728296279907227
521	0	question	-1.3962041139602661	-0.40246641635894775	1.9815154075622559
521	0	documentation	-0.467096745967865	-0.06000017374753952	0.43695181608200073
521	0	performance	-1.6616573333740234	-0.08922278136014938	1.8137810230255127
525	0	bug	-0.3964393436908722	-1.8696285486221313	2.2793288230895996
525	0	feature	-0.5622882843017578	-1.81296706199646	2.4574077129364014
525	0	question	-0.7834941744804382	-1.3325685262680054	2.2146966457366943
525	0	documentation	-0.017109917476773262	-1.1533915996551514	1.2118415832519531
525	0	performance	-0.690840482711792	-2.248873472213745	2.976834297180176
525	1	bug	-0.1333388388156891	-1.2828474044799805	1.4108059406280518
525	1	feature	-0.8754674792289734	-0.2957890033721924	1.2147533893585205
525	1	question	-1.2309483289718628	-0.6565462946891785	1.999361276626587
525	1	documentation	1.5871516466140747	-1.5263844728469849	-0.036537859588861465
525	1	performance	-0.6201691627502441	-2.356894016265869	3.0145657062530518
527	0	bug	-1.3688693046569824	-1.2119346857070923	2.695892095565796
527	0	feature	-1.1230576038360596	-1.8574050664901733	3.167957067489624
527	0	question	-1.9625041484832764	-0.6388218402862549	2.7763586044311523
527	0	documentation	-1.5106135606765747	0.1768709123134613	1.1786746978759766
527	0	performance	-1.2096165418624878	-2.2936460971832275	3.669848680496216
529	0	bug	-1.3067712783813477	-1.3841980695724487	2.7178635597229004
529	0	feature	-0.9273950457572937	-1.23236882686615	2.2916955947875977
529	0	question	-1.74129056930542	-0.574150800704956	2.428210735321045
529	0	documentation	-0.7642269134521484	-1.2534987926483154	2.044795274734497
529	0	performance	-1.0709623098373413	-2.2534701824188232	3.373505115509033
529	1	bug	-1.2419452667236328	-2.412338972091675	3.7572832107543945
529	1	feature	-0.5559945106506348	-2.148129940032959	2.7226595878601074
529	1	question	-1.1632802486419678	-1.497450590133667	2.780259370803833
529	1	documentation	0.3831625282764435	-2.350097179412842	1.8421746492385864
529	1	performance	-0.8506256341934204	-3.0908830165863037	3.9778757095336914
530	0	bug	-1.4716320037841797	-2.0743820667266846	3.6896634101867676
530	0	feature	-1.7546496391296387	-1.658859372138977	3.655270576477051
530	0	question	-1.991008996963501	-0.5664994716644287	2.729620933532715
530	0	documentation	-0.6965305805206299	-2.040876865386963	2.7868027687072754
530	0	performance	-1.5288434028625488	-2.6566214561462402	4.360077381134033
533	0	bug	1.232065200805664	-2.770918369293213	1.4910643100738525
533	0	feature	1.9149425029754639	-1.9107582569122314	0.053083647042512894
533	0	question	-0.15745317935943604	-0.9694607853889465	1.1873528957366943
533	0	documentation	2.4853262901306152	-2.1658554077148438	-0.3304397761821747
533	0	performance	0.4987366497516632	-3.1041691303253174	2.615089178085327
534	0	bug	-1.5358836650848389	-1.6996105909347534	3.4148998260498047
534	0	feature	-1.5878498554229736	0.2489950805902481	1.3223812580108643
534	0	question	-1.6031761169433594	-1.2373547554016113	3.0900259017944336
534	0	documentation	0.5496465563774109	-1.9823274612426758	1.4055085182189941
534	0	performance	-0.2796804904937744	-3.117673397064209	3.3621819019317627
535	0	bug	1.1196802854537964	-3.345756769180298	2.0204050540924072
535	0	feature	-0.14710411429405212	-1.8195537328720093	2.028632164001465
535	0	question	-0.3468271493911743	-1.3327828645706177	1.7489261627197266
535	0	documentation	1.7998631000518799	-2.32670521736145	0.43456465005874634
535	0	performance	-0.05642089992761612	-3.503265380859375	3.470083236694336
536	0	bug	-0.5700049996376038	-1.0384975671768188	1.7127516269683838
536	0	feature	-0.4963231682777405	-1.5273488759994507	2.1873621940612793
536	0	question	-0.9433975219726562	-0.860967755317688	1.9552451372146606
536	0	documentation	1.2823631763458252	-1.5395277738571167	0.30327773094177246
536	0	performance	-0.28053662180900574	-2.03580379486084	2.3692333698272705
536	1	bug	-1.2439196109771729	-1.9625149965286255	3.386218547821045
536	1	feature	-1.9876737594604492	-0.7238377928733826	3.003858804702759
536	1	question	-1.8949378728866577	-0.5544796586036682	2.711960792541504
536	1	documentation	-0.5647711753845215	-2.2909417152404785	2.9023327827453613
536	1	performance	-0.8899897336959839	-2.684988021850586	3.6584689617156982
537	0	bug	-0.7733036279678345	-1.9276140928268433	2.775524616241455
537	0	feature	-0.5479679703712463	-2.3256585597991943	2.912433624267578
537	0	question	-2.8915300369262695	0.6243283748626709	2.2110228538513184
537	0	documentation	-1.611154556274414	-0.2512456476688385	1.889316201210022
537	0	performance	-1.0458343029022217	-2.65203857421875	3.8343071937561035
538	0	bug	1.9759321212768555	-3.8861937522888184	1.7158825397491455
538	0	feature	1.4525461196899414	-2.4464974403381348	0.903997004032135
538	0	question	0.15990743041038513	-1.5913563966751099	1.4633651971817017
538	0	documentation	3.406029462814331	-3.644613265991211	0.1000959575176239
538	0	performance	0.500481128692627	-3.499600887298584	2.904076337814331
540	0	bug	2.0395190715789795	-3.2443714141845703	1.0085949897766113
540	0	feature	-2.7479660511016846	1.461391806602478	0.7504234313964844
540	0	question	-2.908245325088501	0.8745263814926147	1.9317340850830078
540	0	documentation	3.1112940311431885	-2.86550235748291	-0.3332221508026123
540	0	performance	0.11606843769550323	-3.1281538009643555	2.9586825370788574
541	0	bug	-0.6518906354904175	-2.1348068714141846	2.8738579750061035
541	0	feature	-1.3504993915557861	-0.6164363026618958	2.1791720390319824
541	0	question	-1.4147793054580688	-0.6737185716629028	2.2457942962646484
541	0	documentation	0.6250810623168945	-1.5537348985671997	0.9449857473373413
541	0	performance	-0.6855455040931702	-2.7826874256134033	3.5687777996063232
547	0	bug	-0.08912326395511627	-2.8671605587005615	2.834947347640991
547	0	feature	0.043608225882053375	-2.8417716026306152	2.718061685562134
547	0	question	-0.5550215244293213	-1.297303557395935	1.9348773956298828
547	0	documentation	0.7913445234298706	-3.169870376586914	2.1948163509368896
547	0	performance	-0.3923204243183136	-2.847543239593506	3.1581220626831055
547	1	bug	-1.2020180225372314	-2.881889820098877	4.196413040161133
547	1	feature	0.8116509914398193	-3.354130744934082	2.3518357276916504
547	1	question	-1.1137807369232178	-2.47330379486084	3.719938278198242
547	1	documentation	-0.7892857789993286	-3.0026679039001465	3.8286831378936768
547	1	performance	-1.1495994329452515	-3.2193219661712646	4.464200973510742
559	0	bug	-1.087763786315918	-1.6764016151428223	2.8333706855773926
559	0	feature	-0.9656916856765747	-1.3317967653274536	2.4019312858581543
559	0	question	-2.810281753540039	0.5982813239097595	2.07955265045166
559	0	documentation	-0.4581862986087799	-1.5525492429733276	2.035632610321045
559	0	performance	-1.1101157665252686	-2.410231351852417	3.61814284324646
560	0	bug	-0.4924861192703247	-1.053334355354309	1.5962679386138916
560	0	feature	0.05467797815799713	-2.391204833984375	2.349933624267578
560	0	question	-0.03869850933551788	-1.6821565628051758	1.7734041213989258
560	0	documentation	0.971356987953186	-2.141510486602783	1.1717060804367065
560	0	performance	0.07312698662281036	-2.1838250160217285	2.116666793823242
560	1	bug	-2.372605800628662	0.8565828800201416	1.0922750234603882
560	1	feature	-0.9342014789581299	-1.5116938352584839	2.6831624507904053
560	1	question	-1.6474863290786743	-0.8241249918937683	2.6790575981140137
560	1	documentation	-0.4909745156764984	-0.031807418912649155	0.43833208084106445
560	1	performance	-1.0395818948745728	-2.3300437927246094	3.5342867374420166
566	0	bug	-1.9267261028289795	-0.7736383080482483	2.7106411457061768
566	0	feature	-2.2164218425750732	-1.0850880146026611	3.5142836570739746
566	0	question	-3.085402727127075	1.328456997871399	1.275620698928833
566	0	documentation	-2.8765034675598145	0.8734312653541565	1.605260968208313
566	0	performance	-2.1503076553344727	-1.182443618774414	3.4723734855651855
566	1	bug	-0.20144081115722656	-2.122830629348755	2.315969944000244
566	1	feature	-0.4027716815471649	-2.595982789993286	3.054291248321533
566	1	question	-2.2829949855804443	0.28207409381866455	1.9966479539871216
566	1	documentation	0.9238731265068054	-2.2518887519836426	1.2861120700836182
566	1	performance	-0.7783533930778503	-2.537468910217285	3.3446595668792725
568	0	bug	-0.5450810194015503	-2.257939577102661	2.7948880195617676
568	0	feature	-2.6944682598114014	-0.0035448118578642607	2.768777370452881
568	0	question	-2.3060147762298584	-0.035422343760728836	2.434865713119507
568	0	documentation	2.7405731678009033	-3.0131258964538574	0.10847298800945282
568	0	performance	-0.736848771572113	-3.008725881576538	3.784707546234131
569	0	bug	-0.2597843408584595	-3.017122745513916	3.162236213684082
569	0	feature	-1.245084524154663	-1.9326006174087524	3.3442506790161133
569	0	question	-2.6976516246795654	1.0201722383499146	1.3351647853851318
569	0	documentation	-2.4622459411621094	-0.2859622836112976	2.768637180328369
569	0	performance	-1.2007167339324951	-2.2667274475097656	3.541395425796509
580	0	bug	-1.0958585739135742	-1.1636871099472046	2.319953680038452
580	0	feature	-1.92088782787323	-0.5855177044868469	2.7068004608154297
580	0	question	-1.9454543590545654	-0.42389556765556335	2.5467894077301025
580	0	documentation	0.8664119839668274	-1.6138674020767212	0.7112331986427307
580	0	performance	-1.2024781703948975	-2.5071029663085938	3.8831748962402344
581	0	bug	1.4853687286376953	-1.8340688943862915	0.3554781973361969
581	0	feature	-0.837377667427063	-0.9163346290588379	1.8801007270812988
581	0	question	-1.3841512203216553	-0.563853919506073	2.1083455085754395
581	0	documentation	1.334884762763977	-1.1698166131973267	-0.1692795753479004
581	0	performance	-0.41329529881477356	-2.1842830181121826	2.7571945190429688
582	0	bug	-0.7767037153244019	-2.498788595199585	3.303208351135254
582	0	feature	-1.5634161233901978	-1.1554226875305176	2.963735580444336
582	0	question	-1.8560764789581299	-0.23350559175014496	2.2089030742645264
582	0	documentation	-0.12132713943719864	-2.048532485961914	2.1424715518951416
582	0	performance	-0.9659233093261719	-2.4841880798339844	3.524555206298828
583	0	bug	-0.7577274441719055	-2.501138210296631	3.3108198642730713
583	0	feature	-1.169967532157898	-1.6922193765640259	3.077089309692383
583	0	question	-1.113698959350586	-1.712820291519165	2.995600700378418
583	0	documentation	-0.20928043127059937	-2.5867972373962402	2.7838785648345947
583	0	performance	-0.5959455370903015	-2.994619369506836	3.5820541381835938
583	1	bug	-0.6327177882194519	-1.3916630744934082	2.0808117389678955
583	1	feature	-1.4124641418457031	-0.9117626547813416	2.5641353130340576
583	1	question	-1.6807125806808472	-0.464523047208786	2.3042025566101074
583	1	documentation	0.1780128926038742	-0.8341642618179321	0.637875497341156
583	1	performance	-0.4988563060760498	-2.710273504257202	3.228527069091797
588	0	bug	-0.11560826003551483	-2.3444201946258545	2.4211554527282715
588	0	feature	-0.5276604890823364	-2.1730239391326904	2.801896333694458
588	0	question	-0.9667832851409912	-1.0215860605239868	2.1732964515686035
588	0	documentation	0.9728816151618958	-2.2980756759643555	1.3149744272232056
588	0	performance	-0.1299351304769516	-3.229874849319458	3.2329154014587402
588	1	bug	1.8598642349243164	-1.9788419008255005	0.09656961262226105
588	1	feature	1.7198580503463745	-2.1975839138031006	0.45209941267967224
588	1	question	1.4294170141220093	-1.7460083961486816	0.3348035514354706
588	1	documentation	2.067021131515503	-1.6694766283035278	-0.3926188051700592
588	1	performance	1.83482027053833	-2.3460543155670166	0.42815589904785156
588	2	bug	0.3422410190105438	-0.8920888304710388	0.5521910190582275
588	2	feature	0.2657528221607208	-0.7434084415435791	0.48233288526535034
588	2	question	0.2464524805545807	-0.5747385025024414	0.3246804177761078
588	2	documentation	0.3255559802055359	-0.7772126197814941	0.4583691358566284
588	2	performance	0.21619382500648499	-0.868012547492981	0.6637250185012817
588	3	bug	-0.4610210359096527	-2.0502703189849854	2.51619815826416
588	3	feature	0.41933631896972656	-3.112882614135742	2.5385184288024902
588	3	question	-0.7813524007797241	-1.603470802307129	2.4849936962127686
588	3	documentation	2.268008232116699	-2.8372576236724854	0.38805025815963745
588	3	performance	0.486069917678833	-2.522552728652954	1.9611173868179321
590	0	bug	-0.9616390466690063	-2.746795177459717	3.7742958068847656
590	0	feature	-0.9330828785896301	-2.4008724689483643	3.463355302810669
590	0	question	-1.17742121219635	-1.8556756973266602	3.184138536453247
590	0	documentation	-1.0711884498596191	-2.157038688659668	3.3067853450775146
590	0	performance	-1.176133155822754	-2.753574848175049	4.001504898071289
595	0	bug	-1.9654581546783447	-0.2756821811199188	2.3591246604919434
595	0	feature	-1.729926586151123	-1.1878331899642944	3.194462776184082
595	0	question	-2.0456364154815674	-0.08745130151510239	2.289158821105957
595	0	documentation	-2.283900022506714	0.5794414281845093	1.544647455215454
595	0	performance	-1.7911109924316406	-1.147916555404663	3.1536805629730225
595	1	bug	-0.5528481602668762	-2.196650981903076	2.749675750732422
595	1	feature	-0.7160682678222656	-2.061492443084717	2.8697667121887207
595	1	question	-1.7202045917510986	-0.31359967589378357	2.144926071166992
595	1	documentation	-0.7627977132797241	-1.0140244960784912	1.8407230377197266
595	1	performance	-0.25836798548698425	-3.0761795043945312	3.285728693008423
597	0	bug	-0.38282811641693115	-0.6670299768447876	1.0549993515014648
597	0	feature	-1.0195406675338745	-1.244949221611023	2.4459633827209473
597	0	question	-1.801786184310913	-0.04294813051819801	1.9443414211273193
597	0	documentation	0.34301796555519104	-0.7763283252716064	0.4685189723968506
597	0	performance	-0.792544960975647	-2.2908921241760254	3.114570140838623
598	0	bug	-0.15892569720745087	-2.5113298892974854	2.651407241821289
598	0	feature	-0.20211541652679443	-2.4120984077453613	2.6545557975769043
598	0	question	-1.1876628398895264	-0.8768198490142822	2.2507636547088623
598	0	documentation	1.3153414726257324	-2.5386369228363037	1.1428800821304321
598	0	performance	-0.5593619346618652	-3.0612192153930664	3.6462841033935547
629	0	bug	-0.5805914402008057	-1.8796149492263794	2.441178321838379
629	0	feature	-2.0914785861968994	-1.027807354927063	3.412816286087036
629	0	question	-2.7604901790618896	0.2515966296195984	2.565664768218994
629	0	documentation	-0.3769841194152832	-1.2936831712722778	1.6565189361572266
629	0	performance	-1.4751702547073364	-1.7139908075332642	3.3152928352355957
633	0	bug	2.4485154151916504	-3.035179376602173	0.42871904373168945
633	0	feature	1.9275639057159424	-2.7826356887817383	0.7343823909759521
633	0	question	-0.7649465203285217	-1.4348191022872925	2.322021007537842
633	0	documentation	2.6000216007232666	-2.618502616882324	-0.05975513532757759
633	0	performance	1.5634894371032715	-3.461608409881592	1.662183403968811
634	0	bug	-0.1855473667383194	-2.165134906768799	2.3490450382232666
634	0	feature	-1.073289394378662	-1.1969902515411377	2.469545364379883
634	0	question	-1.7396434545516968	-0.09208104759454727	1.920639991760254
634	0	documentation	2.2539587020874023	-2.4331488609313965	0.08189386129379272
634	0	performance	0.2267417311668396	-2.9714393615722656	2.659909725189209
636	0	bug	-0.5891366600990295	-2.4203948974609375	3.0270705223083496
636	0	feature	0.3161902129650116	-1.8390812873840332	1.5273807048797607
636	0	question	-0.8300961852073669	-1.898254156112671	2.8342771530151367
636	0	documentation	0.23505760729312897	-2.2158255577087402	1.9620764255523682
636	0	performance	-0.7015575170516968	-2.632030725479126	3.3564605712890625
636	1	bug	0.25011152029037476	-1.048787236213684	0.8034733533859253
636	1	feature	0.23444609344005585	-0.9943543076515198	0.7715392112731934
636	1	question	0.34544771909713745	-1.0196961164474487	0.6803345084190369
636	1	documentation	0.38316670060157776	-1.103001594543457	0.7264981269836426
636	1	performance	0.33752599358558655	-1.0632494688034058	0.7283657789230347
636	2	bug	-0.2230035960674286	-2.5571494102478027	2.7294840812683105
636	2	feature	0.08930197358131409	-2.195645809173584	2.1338768005371094
636	2	question	-0.8803175091743469	-0.9459959864616394	1.936477541923523
636	2	documentation	1.474222183227539	-1.9529000520706177	0.43651342391967773
636	2	performance	-0.20731639862060547	-2.832463264465332	3.019832134246826
640	0	bug	-0.16026239097118378	-3.058854103088379	3.1463332176208496
640	0	feature	1.2771246433258057	-3.153146266937256	1.677306056022644
640	0	question	-1.9755539894104004	-0.37526798248291016	2.4784977436065674
640	0	documentation	2.9171183109283447	-3.4293150901794434	0.2729203701019287
640	0	performance	0.5872310996055603	-3.9801669120788574	3.2072949409484863
644	0	bug	1.6207969188690186	-3.339089870452881	1.4670155048370361
644	0	feature	0.39680030941963196	-2.5804669857025146	2.1364197731018066
644	0	question	-2.9896068572998047	0.7726478576660156	2.0683722496032715
644	0	documentation	2.6323254108428955	-3.4180614948272705	0.5935854911804199
644	0	performance	0.548433780670166	-3.6186063289642334	2.8043670654296875
645	0	bug	-1.6307446956634521	0.156915083527565	1.413843035697937
645	0	feature	-0.8627716898918152	-1.4319484233856201	2.4829232692718506
645	0	question	-1.5862646102905273	-0.34632593393325806	2.0863757133483887
645	0	documentation	1.270256519317627	-1.5686787366867065	0.3342311680316925
645	0	performance	-1.2895939350128174	-1.316856861114502	2.800722599029541
648	0	bug	-0.4204426109790802	-2.2302846908569336	2.7084832191467285
648	0	feature	-0.47411617636680603	-2.2635555267333984	2.8342394828796387
648	0	question	-0.8595057725906372	-1.6867800951004028	2.691038131713867
648	0	documentation	-1.3413465023040771	0.4803539514541626	0.6010021567344666
648	0	performance	-0.5254046320915222	-2.232494831085205	2.816322088241577
648	1	bug	1.653160572052002	-2.307410717010498	0.59229576587677
648	1	feature	0.5903841853141785	-2.3798136711120605	1.7636749744415283
648	1	question	-0.24630244076251984	-1.1321823596954346	1.422370195388794
648	1	documentation	1.8476656675338745	-1.6111969947814941	-0.23517102003097534
648	1	performance	0.9985839128494263	-2.500770092010498	1.363370656967163
648	2	bug	-0.33588168025016785	-1.3898779153823853	1.7277629375457764
648	2	feature	0.9120412468910217	-2.4461450576782227	1.4493980407714844
648	2	question	-0.5029777884483337	-1.0299814939498901	1.582035779953003
648	2	documentation	0.5919215679168701	-1.4186540842056274	0.8136031627655029
648	2	performance	-0.37971049547195435	-2.293330192565918	2.7535531520843506
650	0	bug	-0.4840717017650604	-2.0684213638305664	2.585383415222168
650	0	feature	0.35763126611709595	-3.3687241077423096	2.968202590942383
650	0	question	-0.8762087821960449	-1.769159197807312	2.815490484237671
650	0	documentation	-1.147619605064392	-1.5067907571792603	2.78275203704834
650	0	performance	-0.8096121549606323	-3.0627212524414062	3.9485702514648438
653	0	bug	-1.8359578847885132	-0.4256359934806824	2.3331658840179443
653	0	feature	-0.5136304497718811	-1.4905891418457031	2.132373809814453
653	0	question	-3.3358662128448486	1.325881838798523	1.6107685565948486
653	0	documentation	-0.018170775845646858	-1.1546587944030762	1.2161309719085693
653	0	performance	-1.4253920316696167	-2.311415433883667	3.979954242706299
656	0	bug	-3.044113874435425	2.238874912261963	-0.3096260726451874
656	0	feature	0.6232231259346008	-2.926323413848877	2.2440130710601807
656	0	question	-0.27192220091819763	-1.3474808931350708	1.7639939785003662
656	0	documentation	1.3217847347259521	-1.6634905338287354	0.3483773171901703
656	0	performance	-0.34301599860191345	-1.9330538511276245	2.320577621459961
658	0	bug	-1.0219106674194336	-1.6309399604797363	2.7973098754882812
658	0	feature	-0.5664153099060059	-2.3612751960754395	3.019578218460083
658	0	question	-1.8061692714691162	0.15389172732830048	1.6823757886886597
658	0	documentation	2.1059083938598633	-2.844616651535034	0.6415693759918213
658	0	performance	-0.554029107093811	-2.8063812255859375	3.4393577575683594
659	0	bug	-1.335494875907898	-1.4536620378494263	2.922541618347168
659	0	feature	-1.3536601066589355	-1.3991715908050537	3.0096848011016846
659	0	question	-1.5343456268310547	-0.7200506329536438	2.4448423385620117
659	0	documentation	-1.0906394720077515	-0.23037810623645782	1.2986910343170166
659	0	performance	-1.5021798610687256	-1.632145881652832	3.2907958030700684
659	1	bug	-1.219025731086731	-0.3144752085208893	1.5198967456817627
659	1	feature	-0.03288748860359192	-1.8886440992355347	2.0252246856689453
659	1	question	-0.23722246289253235	-1.4238981008529663	1.7711560726165771
659	1	documentation	0.8891163468360901	-0.9904634356498718	0.10259731113910675
659	1	performance	-0.6866000294685364	-1.616661787033081	2.379654884338379
659	2	bug	-1.2458670139312744	-0.8899836540222168	2.2811474800109863
659	2	feature	-0.4500892758369446	-2.004157543182373	2.6048662662506104
659	2	question	-1.2365875244140625	-0.8369726538658142	2.254878282546997
659	2	documentation	0.04697508364915848	-0.5721397995948792	0.532880961894989
659	2	performance	-1.2036182880401611	-1.8453936576843262	3.2317638397216797
662	0	bug	-0.5261872410774231	-1.7253652811050415	2.2270665168762207
662	0	feature	-2.5643367767333984	0.5721201300621033	1.8716682195663452
662	0	question	-1.8156601190567017	-0.1017078086733818	1.977267861366272
662	0	documentation	1.5789809226989746	-2.323744297027588	0.6365503072738647
662	0	performance	-1.4469619989395142	-1.7325700521469116	3.34299898147583
671	0	bug	-0.43797022104263306	-1.9968565702438354	2.4616611003875732
671	0	feature	-0.6060817241668701	-1.966073751449585	2.617249011993408
671	0	question	-0.7007956504821777	-1.7846626043319702	2.5460195541381836
671	0	documentation	-0.7830018997192383	-1.5637153387069702	2.4245262145996094
671	0	performance	-0.7511821985244751	-1.9122657775878906	2.7112021446228027
671	1	bug	0.27845561504364014	-1.65115487575531	1.3687167167663574
671	1	feature	-0.1105194017291069	-1.2946161031723022	1.4664713144302368
671	1	question	0.09377812594175339	-1.2412303686141968	1.1974140405654907
671	1	documentation	0.6352161169052124	-1.7851389646530151	1.1375844478607178
671	1	performance	0.21218761801719666	-1.664794921875	1.4378957748413086
673	0	bug	0.9371610879898071	-2.8103792667388916	1.6978740692138672
673	0	feature	3.1552517414093018	-4.022417068481445	0.5215221047401428
673	0	question	-2.5668513774871826	0.31904780864715576	2.2325363159179688
673	0	documentation	2.6557729244232178	-2.272887706756592	-0.44924741983413696
673	0	performance	-0.4345104992389679	-3.007086992263794	3.41599178314209
674	0	bug	-0.5848544239997864	-2.729231834411621	3.358290195465088
674	0	feature	-0.6430163979530334	-3.008129358291626	3.730379581451416
674	0	question	-1.230098009109497	-1.0290184020996094	2.402958631515503
674	0	documentation	-1.2467623949050903	-1.4720383882522583	2.817816734313965
674	0	performance	-0.6856780648231506	-2.8286197185516357	3.578293561935425
679	0	bug	-1.8250664472579956	-0.9905898571014404	3.0191874504089355
679	0	feature	-1.2683725357055664	-1.4372113943099976	2.956456184387207
679	0	question	-2.132723093032837	0.19651657342910767	1.9775121212005615
679	0	documentation	-0.6822247505187988	-1.556167483329773	2.3548216819763184
679	0	performance	-1.4420580863952637	-1.664786458015442	3.312584400177002
681	0	bug	-0.6623874306678772	-2.1657211780548096	2.9087636470794678
681	0	feature	0.24131757020950317	-2.081602096557617	1.8276337385177612
681	0	question	0.20145368576049805	-2.640737533569336	2.407060146331787
681	0	documentation	0.9240102171897888	-3.263411045074463	2.1688601970672607
681	0	performance	-0.39027175307273865	-3.236161231994629	3.603975296020508
683	0	bug	0.7036519646644592	-3.305356502532959	2.4399125576019287
683	0	feature	-0.24066594243049622	-2.5437328815460205	2.776912212371826
683	0	question	-0.29767265915870667	-1.108784556388855	1.5034258365631104
683	0	documentation	0.5403898358345032	-3.157909870147705	2.4670066833496094
683	0	performance	-1.108232855796814	-2.539318323135376	3.688603401184082
684	0	bug	-1.2737195491790771	-0.0955764576792717	1.360258936882019
684	0	feature	-0.5658719539642334	-1.8695876598358154	2.5928139686584473
684	0	question	-0.7047839760780334	-1.2723721265792847	2.1400439739227295
684	0	documentation	-0.8935108184814453	0.6244467496871948	0.025624912232160568
684	0	performance	-0.81612628698349	-1.5443029403686523	2.472233772277832
690	0	bug	-1.450327754020691	-1.3600281476974487	2.9563302993774414
690	0	feature	-2.0368781089782715	-0.5588868856430054	2.804274320602417
690	0	question	-1.7220784425735474	-0.989045262336731	2.9251534938812256
690	0	documentation	-0.48035961389541626	-1.0581250190734863	1.5317800045013428
690	0	performance	-0.9371756315231323	-2.4409148693084717	3.412708282470703
692	0	bug	-0.667137622833252	-3.1506080627441406	3.8470168113708496
692	0	feature	-0.9610080718994141	-2.868995428085327	3.9474997520446777
692	0	question	-2.009044647216797	-0.8422472476959229	3.0422046184539795
692	0	documentation	-0.7865150570869446	-2.7993693351745605	3.6521153450012207
692	0	performance	-0.433314710855484	-3.243332862854004	3.6414074897766113
692	1	bug	-0.34144702553749084	-2.746490955352783	3.0079381465911865
692	1	feature	0.28439393639564514	-1.1150490045547485	0.865608811378479
692	1	question	-2.576923370361328	0.7853554487228394	1.5596623420715332
692	1	documentation	3.050222635269165	-2.807415008544922	-0.3466227054595947
692	1	performance	-0.6081871390342712	-3.39778733253479	3.991312265396118
693	0	bug	3.2473790645599365	-2.3369929790496826	-0.9301080107688904
693	0	feature	3.7558743953704834	-3.3876843452453613	-0.5479835867881775
693	0	question	3.479541063308716	-2.8540854454040527	-0.6824731826782227
693	0	documentation	3.9260942935943604	-2.799539566040039	-1.1925022602081299
693	0	performance	2.301098108291626	-2.7184135913848877	0.30675363540649414
693	1	bug	-0.8968743681907654	-0.7523864507675171	1.6864427328109741
693	1	feature	-0.6585646867752075	-1.960005521774292	2.7085695266723633
693	1	question	-1.2876266241073608	-0.9408631920814514	2.357692241668701
693	1	documentation	-1.116667628288269	-0.3156525492668152	1.4591078758239746
693	1	performance	-0.7949653267860413	-1.9944370985031128	2.831531524658203
693	2	bug	-0.27621564269065857	-2.567234516143799	2.7835869789123535
693	2	feature	-0.07928380370140076	-2.314896583557129	2.3783907890319824
693	2	question	-1.745387077331543	-0.3910015821456909	2.271027088165283
693	2	documentation	0.5084657669067383	-2.4869744777679443	1.9170150756835938
693	2	performance	-0.9550500512123108	-2.9367287158966064	3.993563652038574
696	0	bug	0.43434688448905945	-3.289191246032715	2.6796460151672363
696	0	feature	-1.2992806434631348	-0.9392374753952026	2.4232239723205566
696	0	question	-1.2693769931793213	-0.6275931596755981	2.0282905101776123
696	0	documentation	2.5410690307617188	-2.8452084064483643	0.1375313550233841
696	0	performance	-0.33797359466552734	-3.3098392486572266	3.6205601692199707
700	0	bug	-1.7685930728912354	-1.9464442729949951	3.926243782043457
700	0	feature	-1.728280782699585	-2.038633108139038	3.995314121246338
700	0	question	-1.7198216915130615	-1.455360770225525	3.4197676181793213
700	0	documentation	-1.4739329814910889	-1.8999212980270386	3.5741209983825684
700	0	performance	-1.8109556436538696	-2.1632626056671143	4.188343524932861
703	0	bug	-1.7190639972686768	-0.76929771900177	2.6313977241516113
703	0	feature	-1.5807604789733887	-1.303516149520874	3.094555377960205
703	0	question	-1.840022325515747	-0.8216777443885803	2.8723886013031006
703	0	documentation	-0.7979635000228882	-0.0806211456656456	0.7686669826507568
703	0	performance	-1.0820858478546143	-2.136824607849121	3.272885322570801
719	0	bug	-0.4734639823436737	-1.124794363975525	1.6759872436523438
719	0	feature	0.1227465271949768	-2.0392141342163086	1.9594831466674805
719	0	question	-0.8919282555580139	-1.2549854516983032	2.319490432739258
719	0	documentation	0.08118151128292084	-1.3195282220840454	1.2989981174468994
719	0	performance	-0.6945081949234009	-1.9721081256866455	2.7480621337890625
719	1	bug	3.261216402053833	-3.0152268409729004	-0.32859835028648376
719	1	feature	3.0632646083831787	-3.0312278270721436	-0.11082370579242706
719	1	question	2.6222217082977295	-2.711914539337158	0.032877031713724136
719	1	documentation	3.5498812198638916	-3.093575954437256	-0.5370407104492188
719	1	performance	2.9497172832489014	-3.221043586730957	0.14254823327064514
724	0	bug	-0.6415226459503174	-1.6124414205551147	2.328672409057617
724	0	feature	0.7010671496391296	-3.037036895751953	2.262190580368042
724	0	question	-0.558318555355072	-1.4005094766616821	2.0757296085357666
724	0	documentation	0.6150773763656616	-1.909437656402588	1.3211692571640015
724	0	performance	-0.27990132570266724	-2.9149069786071777	3.143437147140503
724	1	bug	-0.7011706829071045	0.286080926656723	0.16700945794582367
724	1	feature	-0.46115049719810486	-1.0964410305023193	1.6793768405914307
724	1	question	-0.6129468679428101	-0.6558465361595154	1.3464964628219604
724	1	documentation	1.0099272727966309	-0.5468621253967285	-0.5147799849510193
724	1	performance	-0.284424751996994	-1.703008770942688	2.0077967643737793
724	2	bug	0.15161560475826263	-0.9847448468208313	0.8529811501502991
724	2	feature	0.7486213445663452	-1.7939003705978394	1.0620675086975098
724	2	question	0.3800247013568878	-1.310474157333374	0.9778416156768799
724	2	documentation	0.5428694486618042	-1.3314578533172607	0.8041448593139648
724	2	performance	0.423031747341156	-1.6299829483032227	1.2249455451965332
724	3	bug	0.8949817419052124	-1.2475651502609253	0.31409358978271484
724	3	feature	0.19603392481803894	-1.7113231420516968	1.5105438232421875
724	3	question	0.12379243969917297	-0.973114013671875	0.8772034645080566
724	3	documentation	2.2978451251983643	-1.61646568775177	-0.6717232465744019
724	3	performance	1.4633746147155762	-2.668654680252075	1.0248572826385498
724	4	bug	0.20257286727428436	-0.7220591306686401	0.4531179666519165
724	4	feature	-0.5218420028686523	-1.3750652074813843	1.9407994747161865
724	4	question	-0.8073043823242188	-0.6176772713661194	1.465592384338379
724	4	documentation	1.3785083293914795	-1.0096276998519897	-0.3902096748352051
724	4	performance	0.24260500073432922	-2.379455327987671	1.997231364250183
724	5	bug	-0.11892426759004593	-1.715851902961731	1.8551197052001953
724	5	feature	0.12960314750671387	-2.1138336658477783	2.0307631492614746
724	5	question	-0.342878520488739	-1.3297241926193237	1.7521107196807861
724	5	documentation	0.7983667850494385	-1.8970067501068115	1.1185903549194336
724	5	performance	-0.26635637879371643	-1.997658371925354	2.299680233001709
730	0	bug	-1.7937195301055908	-1.2265254259109497	3.197856903076172
730	0	feature	-1.5832642316818237	-2.133391857147217	3.994420289993286
730	0	question	-1.793116569519043	-1.5314723253250122	3.5833051204681396
730	0	documentation	-1.6236162185668945	-1.054948329925537	2.853775978088379
730	0	performance	-1.607766032218933	-2.1067585945129395	3.936588764190674
731	0	bug	-2.4282872676849365	-1.714889645576477	4.336219310760498
731	0	feature	-2.6228833198547363	-1.1338382959365845	3.977217674255371
731	0	question	-2.894418954849243	-0.7705422639846802	3.8513641357421875
731	0	documentation	-2.2673890590667725	-1.5306631326675415	3.975064754486084
731	0	performance	-2.3961727619171143	-1.8617407083511353	4.456525802612305
731	1	bug	0.44305673241615295	-3.172926902770996	2.5989480018615723
731	1	feature	-0.6340662837028503	-1.1643016338348389	1.8869402408599854
731	1	question	-0.9054752588272095	-1.221096158027649	2.259859085083008
731	1	documentation	1.0459327697753906	-2.786935329437256	1.6649887561798096
731	1	performance	0.5148279666900635	-3.2382616996765137	2.604062795639038
732	0	bug	-0.04248395562171936	-1.7294657230377197	1.7952184677124023
732	0	feature	1.89935302734375	-2.622478485107422	0.5959281325340271
732	0	question	0.9826837778091431	-1.8703290224075317	0.8989031910896301
732	0	documentation	1.5573346614837646	-2.2410101890563965	0.6659109592437744
732	0	performance	0.14321279525756836	-2.150327682495117	2.0248098373413086
732	1	bug	-0.5129650235176086	-1.4131438732147217	1.9980214834213257
732	1	feature	-1.0219745635986328	-0.8386050462722778	2.0303168296813965
732	1	question	-0.4534846246242523	-1.5192567110061646	2.0576629638671875
732	1	documentation	0.10125647485256195	-2.2049546241760254	2.062875747680664
732	1	performance	-0.6612208485603333	-1.9775243997573853	2.7059543132781982
734	0	bug	-1.3511183261871338	-0.3534395396709442	1.783628225326538
734	0	feature	-0.7921149730682373	-1.2797234058380127	2.2914204597473145
734	0	question	-1.4451791048049927	0.060467254370450974	1.4534010887145996
734	0	documentation	-0.7513209581375122	-0.6197637915611267	1.4523539543151855
734	0	performance	-1.3728200197219849	-1.2736377716064453	2.8583993911743164
740	0	bug	-0.9421670436859131	-1.6047090291976929	2.6741199493408203
740	0	feature	-0.6535875201225281	-2.602402925491333	3.3728418350219727
740	0	question	-0.7460352778434753	-1.84329354763031	2.731476068496704
740	0	documentation	0.02105495147407055	-2.38026762008667	2.404128313064575
740	0	performance	-0.6314675807952881	-2.662255048751831	3.361713171005249
740	1	bug	1.3803569078445435	-2.8659796714782715	1.2540245056152344
740	1	feature	1.7467083930969238	-3.5448548793792725	1.4931422472000122
740	1	question	1.0320417881011963	-2.8642024993896484	1.633246660232544
740	1	documentation	0.9816040992736816	-2.259608268737793	1.1653494834899902
740	1	performance	1.3049566745758057	-3.446007013320923	1.8405405282974243
742	0	bug	-0.5915253162384033	-1.5489922761917114	2.2136125564575195
742	0	feature	-0.28241926431655884	-2.2213873863220215	2.545656204223633
742	0	question	-0.8047314882278442	-1.4253820180892944	2.3538737297058105
742	0	documentation	-1.0794399976730347	-0.433357298374176	1.562866449356079
742	0	performance	-0.7680702805519104	-2.0073494911193848	2.895512819290161
743	0	bug	-0.5345292091369629	-0.7900351881980896	1.369349479675293
743	0	feature	-0.727628231048584	-1.4990110397338867	2.355104446411133
743	0	question	-1.10617196559906	-0.9241734147071838	2.198397397994995
743	0	documentation	-0.6868834495544434	-0.8402836918830872	1.6043546199798584
743	0	performance	-0.9531997442245483	-1.2588316202163696	2.3388419151306152
745	0	bug	-2.386284589767456	-0.5958272814750671	3.1290340423583984
745	0	feature	-1.7060331106185913	-2.319336414337158	4.243690013885498
745	0	question	-1.8293988704681396	-1.7612277269363403	3.835526943206787
745	0	documentation	-1.450048804283142	-1.995369791984558	3.619039535522461
745	0	performance	-2.024505615234375	-1.8580175638198853	4.090184211730957
745	1	bug	1.6043421030044556	-2.0097644329071045	0.2750743329524994
745	1	feature	3.327279806137085	-3.1845786571502686	-0.3846847116947174
745	1	question	3.1761295795440674	-2.8810033798217773	-0.47183892130851746
745	1	documentation	3.011479616165161	-2.9124069213867188	-0.3027673065662384
745	1	performance	2.3994617462158203	-2.813610553741455	0.20108173787593842
745	2	bug	-0.8124529123306274	-1.5587334632873535	2.435981273651123
745	2	feature	-0.49843817949295044	-2.4991493225097656	3.015627145767212
745	2	question	-0.8791260719299316	-2.0905163288116455	3.080984115600586
745	2	documentation	0.9518321752548218	-2.60830020904541	1.58815336227417
745	2	performance	-0.6523579359054565	-2.4671897888183594	3.1362271308898926
745	3	bug	-0.1222405657172203	-1.0678491592407227	1.2381689548492432
745	3	feature	0.7436283826828003	-2.3754844665527344	1.6289829015731812
745	3	question	-0.28891992568969727	-1.2995280027389526	1.7156037092208862
745	3	documentation	2.142869710922241	-2.231250762939453	0.09266093373298645
745	3	performance	1.6642611026763916	-3.07631516456604	1.2606761455535889
746	0	bug	-1.887432336807251	-0.36060506105422974	2.2836785316467285
746	0	feature	-1.4765263795852661	-1.491665005683899	3.259754180908203
746	0	question	-1.6350045204162598	-0.6963405609130859	2.545119047164917
746	0	documentation	-1.4349485635757446	0.3793518841266632	0.8447767496109009
746	0	performance	-1.5166001319885254	-1.5549675226211548	3.274362087249756
747	0	bug	-1.3355813026428223	0.34844839572906494	0.7832258343696594
747	0	feature	1.42210054397583	-2.615576982498169	1.241652011871338
747	0	question	-0.8681017160415649	-0.5024822354316711	1.4462082386016846
747	0	documentation	1.8638720512390137	-1.4644407033920288	-0.37053990364074707
747	0	performance	-0.12494833767414093	-2.344930648803711	2.5009055137634277
747	1	bug	-0.6937826871871948	-1.9637479782104492	2.699934482574463
747	1	feature	-0.2186320424079895	-1.3321690559387207	1.636641025543213
747	1	question	-1.0764740705490112	-0.1731937974691391	1.2705967426300049
747	1	documentation	1.141786813735962	-1.2398864030838013	0.13191765546798706
747	1	performance	-0.45105674862861633	-2.094881296157837	2.5642547607421875
747	2	bug	1.2043334245681763	-1.3838530778884888	0.1944829821586609
747	2	feature	3.209718942642212	-3.2143912315368652	-0.1258580982685089
747	2	question	2.060950994491577	-2.1253669261932373	0.08506728708744049
747	2	documentation	2.870509147644043	-2.2932329177856445	-0.5745142698287964
747	2	performance	1.86179780960083	-2.646505832672119	0.6839096546173096
747	3	bug	-2.7248756885528564	1.9685537815093994	-0.15368370711803436
747	3	feature	-0.9567506909370422	-0.7576767802238464	1.8608747720718384
747	3	question	-0.9765607714653015	-0.307496577501297	1.3414740562438965
747	3	documentation	-0.3182993531227112	0.16183190047740936	0.001181560568511486
747	3	performance	-0.5660001635551453	-1.2214179039001465	1.8656015396118164
747	4	bug	-1.651871681213379	-0.059214215725660324	1.5764483213424683
747	4	feature	-1.1375117301940918	-0.8518447875976562	2.088979482650757
747	4	question	-1.81853187084198	-0.23861290514469147	2.0683541297912598
747	4	documentation	-0.4295046329498291	-0.457658052444458	0.8125499486923218
747	4	performance	-0.8874551653862	-2.0826575756073	2.9731836318969727
747	5	bug	0.32331034541130066	-1.5680807828903198	1.2244367599487305
747	5	feature	-0.12032836675643921	-1.9420987367630005	2.0589370727539062
747	5	question	-0.30447787046432495	-1.2642875909805298	1.606792688369751
747	5	documentation	1.3174223899841309	-1.4945002794265747	0.17389044165611267
747	5	performance	1.1693581342697144	-2.4804162979125977	1.2077350616455078
747	6	bug	-0.7895420789718628	-0.9710474014282227	1.7898070812225342
747	6	feature	-1.0377936363220215	-1.3245127201080322	2.506058692932129
747	6	question	-1.5683867931365967	-0.8557526469230652	2.582890510559082
747	6	documentation	0.06777423620223999	-0.8006513118743896	0.734100341796875
747	6	performance	-0.2002909928560257	-2.077345371246338	2.2573747634887695
747	7	bug	0.4998759329319	-1.9207626581192017	1.3683054447174072
747	7	feature	-0.3817933201789856	-1.9008926153182983	2.332240343093872
747	7	question	-0.6960882544517517	-1.1778063774108887	1.9505419731140137
747	7	documentation	1.4685580730438232	-1.7844098806381226	0.29950058460235596
747	7	performance	0.21484525501728058	-2.884449005126953	2.5246200561523438
747	8	bug	-0.7080913186073303	-0.8765959739685059	1.597227931022644
747	8	feature	-0.8287898898124695	-1.6859267950057983	2.651303291320801
747	8	question	-1.2809042930603027	-0.7604408264160156	2.176825523376465
747	8	documentation	0.6774929165840149	-1.0570160150527954	0.391030490398407
747	8	performance	-0.34498950839042664	-1.9302877187728882	2.2890305519104004
747	9	bug	-0.6723718643188477	-1.0033257007598877	1.647186517715454
747	9	feature	-1.0832874774932861	-1.5660351514816284	2.75114369392395
747	9	question	-1.1606268882751465	-0.8363369703292847	2.0483524799346924
747	9	documentation	0.7983445525169373	-1.1231634616851807	0.3185179829597473
747	9	performance	-0.49987274408340454	-2.184950351715088	2.6090192794799805
747	10	bug	-1.6263368129730225	-0.2680288851261139	1.8470815420150757
747	10	feature	-1.8400254249572754	-0.9941235780715942	3.0730016231536865
747	10	question	-2.2099215984344482	-0.1915683150291443	2.4902377128601074
747	10	documentation	-0.33057668805122375	-0.3389492928981781	0.6064703464508057
747	10	performance	-1.2882474660873413	-2.016848087310791	3.4422190189361572
747	11	bug	0.13143964111804962	-1.0946685075759888	0.9525954723358154
747	11	feature	-0.4096211791038513	-1.6568782329559326	2.1258270740509033
747	11	question	-0.7225474119186401	-0.7783703804016113	1.5636279582977295
747	11	documentation	1.5381994247436523	-1.4572359323501587	-0.06532368063926697
747	11	performance	0.3300279378890991	-2.2353897094726562	1.8459283113479614
747	12	bug	1.2635667324066162	-1.837851643562317	0.5384806394577026
747	12	feature	0.5767213702201843	-2.378218650817871	1.734355092048645
747	12	question	0.4404483139514923	-1.610917091369629	1.196371078491211
747	12	documentation	2.4090354442596436	-2.115734577178955	-0.30212196707725525
747	12	performance	2.0055441856384277	-2.870237350463867	0.7141870856285095
747	13	bug	-0.8641253709793091	-1.090981364250183	1.9696640968322754
747	13	feature	-1.059683918952942	-1.299805998802185	2.490661144256592
747	13	question	-1.6383945941925049	-0.5874210596084595	2.335545539855957
747	13	documentation	0.21924060583114624	-1.0838875770568848	0.8363096714019775
747	13	performance	-0.8217031955718994	-2.4335992336273193	3.247577667236328
747	14	bug	-0.5369970798492432	-1.3079955577850342	1.8518139123916626
747	14	feature	-0.9283944368362427	-1.606173038482666	2.6476175785064697
747	14	question	-1.2273555994033813	-0.899888277053833	2.2356910705566406
747	14	documentation	0.47158804535865784	-1.3860900402069092	0.9168047904968262
747	14	performance	-0.6880770921707153	-2.5093042850494385	3.1916990280151367
747	15	bug	0.5056540369987488	-1.2174041271209717	0.715864360332489
747	15	feature	-0.021583782508969307	-1.731924057006836	1.8201385736465454
747	15	question	-0.24875549972057343	-0.9620373845100403	1.295499563217163
747	15	documentation	1.8310844898223877	-1.5642642974853516	-0.24379414319992065
747	15	performance	0.7395695447921753	-2.2609241008758545	1.4814174175262451
747	16	bug	-0.9374106526374817	-0.7903634309768677	1.7049051523208618
747	16	feature	-1.1764782667160034	-0.6363751292228699	1.8986176252365112
747	16	question	-1.4685955047607422	-0.5281851291656494	2.0566203594207764
747	16	documentation	0.43278253078460693	-0.7815752029418945	0.3060988485813141
747	16	performance	-0.7720612287521362	-2.159564733505249	2.8952088356018066
747	17	bug	-1.0806925296783447	-1.0872939825057983	2.255565881729126
747	17	feature	-0.6094912886619568	-1.0120933055877686	1.8114311695098877
747	17	question	-1.2394989728927612	-0.5292612314224243	1.902721881866455
747	17	documentation	0.9414006471633911	-0.7722898721694946	-0.19793738424777985
747	17	performance	-0.5613626837730408	-2.562906265258789	3.2033135890960693
750	0	bug	-0.3721814453601837	-1.7806476354599	2.1987686157226562
750	0	feature	-0.8869697451591492	-1.7338054180145264	2.7674295902252197
750	0	question	-1.4279364347457886	-1.0253843069076538	2.628284454345703
750	0	documentation	-0.4159432351589203	-1.706182599067688	2.1979639530181885
750	0	performance	-0.7232764959335327	-2.2428219318389893	3.003201961517334
751	0	bug	-1.1761457920074463	-1.8584338426589966	3.130002021789551
751	0	feature	-1.4110851287841797	-2.3854563236236572	3.9756245613098145
751	0	question	-1.350658893585205	-1.5385098457336426	3.0907137393951416
751	0	documentation	-1.0145817995071411	-1.908084750175476	3.02244234085083
751	0	performance	-1.1374554634094238	-2.23956561088562	3.47940731048584
752	0	bug	-1.4572367668151855	-0.1032709851861	1.565424919128418
752	0	feature	0.6943455934524536	-2.0173418521881104	1.3528212308883667
752	0	question	-0.45708298683166504	-1.042380690574646	1.6350657939910889
752	0	documentation	2.0378682613372803	-1.6747890710830688	-0.34580132365226746
752	0	performance	-0.17122888565063477	-1.9842430353164673	2.1675403118133545
752	1	bug	-2.025336980819702	0.08480699360370636	1.8963435888290405
752	1	feature	-0.6399255990982056	-1.6736282110214233	2.376748561859131
752	1	question	-1.3500064611434937	-1.0968761444091797	2.587639331817627
752	1	documentation	-1.0163242816925049	-0.7114447355270386	1.7626557350158691
752	1	performance	-1.1457509994506836	-1.8575016260147095	3.0388035774230957
752	2	bug	-0.6672731041908264	0.31398826837539673	0.13340047001838684
752	2	feature	1.7596642971038818	-4.070939540863037	2.017616033554077
752	2	question	0.1567927598953247	-2.240912437438965	2.0892231464385986
752	2	documentation	2.4277334213256836	-3.151045560836792	0.5676909685134888
752	2	performance	1.7793926000595093	-3.5533411502838135	1.5646867752075195
753	0	bug	0.19881604611873627	-2.638178586959839	2.359304666519165
753	0	feature	-1.7247573137283325	-1.5482889413833618	3.4471242427825928
753	0	question	-2.6865432262420654	1.5992248058319092	0.39891746640205383
753	0	documentation	-0.17956864833831787	-1.6784248352050781	1.8583776950836182
753	0	performance	-0.9752727150917053	-2.3464431762695312	3.3842272758483887
754	0	bug	-0.7767529487609863	-2.6259448528289795	3.423938274383545
754	0	feature	0.5827385187149048	-1.918828010559082	1.3542859554290771
754	0	question	-1.8661234378814697	-0.2884332537651062	2.3011293411254883
754	0	documentation	-1.5235487222671509	-1.0354514122009277	2.7104125022888184
754	0	performance	-1.0775948762893677	-2.9263014793395996	4.050510406494141
755	0	bug	-1.1762158870697021	-0.6336343884468079	1.8738677501678467
755	0	feature	-0.05350576341152191	-2.552987813949585	2.6749022006988525
755	0	question	-0.8706648945808411	-1.393786907196045	2.4357047080993652
755	0	documentation	0.6038297414779663	-1.2050886154174805	0.6295307874679565
755	0	performance	-0.5299012064933777	-1.9927061796188354	2.579298496246338
755	1	bug	1.1239383220672607	-1.229312777519226	0.07348959892988205
755	1	feature	0.8991537094116211	-1.3692080974578857	0.47551432251930237
755	1	question	0.5342827439308167	-0.9512379765510559	0.43310216069221497
755	1	documentation	1.6790883541107178	-1.4556777477264404	-0.2538922429084778
755	1	performance	1.0532939434051514	-1.522236704826355	0.42094045877456665
755	2	bug	4.392334938049316	-3.4817991256713867	-1.1146478652954102
755	2	feature	4.370100021362305	-3.792830467224121	-0.8184518814086914
755	2	question	3.795684814453125	-3.1423940658569336	-0.7869723439216614
755	2	documentation	3.299011468887329	-2.5516059398651123	-0.8209372758865356
755	2	performance	4.724661827087402	-3.887573480606079	-1.1053870916366577
757	0	bug	-1.282550573348999	-1.8317406177520752	3.1888628005981445
757	0	feature	-2.0428812503814697	-0.8159342408180237	3.0261619091033936
757	0	question	-2.4565374851226807	-0.12083034962415695	2.6681792736053467
757	0	documentation	-0.4410478174686432	-1.2069275379180908	1.6245287656784058
757	0	performance	-1.3632047176361084	-1.9405263662338257	3.3783578872680664
768	0	bug	-0.6229686737060547	-3.0985937118530273	3.6699635982513428
768	0	feature	-0.8508655428886414	-2.9295191764831543	3.7779717445373535
768	0	question	-0.9448401927947998	-2.2262802124023438	3.2122981548309326
768	0	documentation	-0.5998175740242004	-2.860109567642212	3.426938772201538
768	0	performance	-0.7923046350479126	-3.210228443145752	3.9723904132843018
771	0	bug	0.09415291249752045	-3.254207134246826	3.0570483207702637
771	0	feature	0.3022013008594513	-2.881558895111084	2.495878219604492
771	0	question	0.15724517405033112	-2.8319969177246094	2.6061248779296875
771	0	documentation	0.716869592666626	-3.3388864994049072	2.4812159538269043
771	0	performance	0.01725183241069317	-3.201338529586792	3.0945816040039062
771	1	bug	1.7598292827606201	-3.6728756427764893	1.5266857147216797
771	1	feature	2.066185235977173	-3.7302565574645996	1.3093209266662598
771	1	question	1.505528211593628	-3.2964155673980713	1.5006663799285889
771	1	documentation	2.0243375301361084	-3.529268741607666	1.1738641262054443
771	1	performance	1.4263474941253662	-3.8734130859375	2.0483360290527344
775	0	bug	-2.474602699279785	0.5877410173416138	1.591019630432129
775	0	feature	-1.482629656791687	-1.6489652395248413	3.3734021186828613
775	0	question	-1.8308130502700806	-0.6443136930465698	2.6737632751464844
775	0	documentation	-0.8835127353668213	-0.5874305963516235	1.5332257747650146
775	0	performance	-2.2167255878448486	-1.1779148578643799	3.5733091831207275
775	1	bug	-0.01676045171916485	-0.3293267786502838	0.13148093223571777
775	1	feature	-1.031909704208374	-0.5050190687179565	1.5254228115081787
775	1	question	-1.1163134574890137	-0.2891218960285187	1.3237274885177612
775	1	documentation	1.2697553634643555	-0.5877119302749634	-0.8162770867347717
775	1	performance	-0.11041292548179626	-1.570284128189087	1.4641969203948975
775	2	bug	-1.2438292503356934	-2.0843467712402344	3.4652085304260254
775	2	feature	-1.2284371852874756	-2.062432289123535	3.4792654514312744
775	2	question	-1.3276925086975098	-1.380495309829712	2.897822380065918
775	2	documentation	-0.5971136689186096	-2.253580093383789	2.894174575805664
775	2	performance	-1.2595733404159546	-2.560990810394287	3.9543325901031494
782	0	bug	-1.4758033752441406	-1.9368722438812256	3.5524230003356934
782	0	feature	-1.2764222621917725	-2.150893449783325	3.575631618499756
782	0	question	-1.5054311752319336	-1.9015191793441772	3.58646821975708
782	0	documentation	-1.323705792427063	-1.5573272705078125	2.993868827819824
782	0	performance	-1.1337494850158691	-2.437051773071289	3.6491189002990723
782	1	bug	0.061938896775245667	-0.484084814786911	0.33783838152885437
782	1	feature	0.461318701505661	-1.1589431762695312	0.7352140545845032
782	1	question	-0.4063713550567627	-0.5323452949523926	0.9441943168640137
782	1	documentation	1.1469807624816895	-0.7332555651664734	-0.4700641930103302
782	1	performance	0.9380466341972351	-1.932563304901123	0.9580201506614685
782	2	bug	-0.8016434907913208	0.3487911820411682	0.030139725655317307
782	2	feature	0.3129497468471527	-1.07149338722229	0.7286529541015625
782	2	question	-0.7692938446998596	-0.14693515002727509	0.7474133968353271
782	2	documentation	0.5827045440673828	-0.26839932799339294	-0.5027766227722168
782	2	performance	0.5696577429771423	-2.0365781784057617	1.3472561836242676
782	3	bug	0.22550052404403687	-1.3260058164596558	1.1015255451202393
782	3	feature	-0.8858024477958679	-0.5836706161499023	1.5986828804016113
782	3	question	-1.8177213668823242	-0.04720113053917885	1.959194540977478
782	3	documentation	-0.6432428359985352	0.18459515273571014	0.23187310993671417
782	3	performance	-0.2664598822593689	-2.222792148590088	2.4898509979248047
783	0	bug	-0.5539015531539917	-1.0105916261672974	1.5837440490722656
783	0	feature	-0.7080491781234741	-2.191462516784668	3.0057177543640137
783	0	question	-0.7741752862930298	-0.6513199806213379	1.5115573406219482
783	0	documentation	0.7474592924118042	-1.7216027975082397	1.0225132703781128
783	0	performance	-1.6699910163879395	-1.5843385457992554	3.2870044708251953
783	1	bug	-0.9239112138748169	-0.8424817323684692	1.7967393398284912
783	1	feature	-1.1114609241485596	-1.1643747091293335	2.416194438934326
783	1	question	-1.1005680561065674	-0.9653379917144775	2.2130630016326904
783	1	documentation	-0.2867407500743866	-0.752406656742096	1.0146503448486328
783	1	performance	-0.4649181365966797	-1.3782047033309937	1.8388251066207886
800	0	bug	-0.9056309461593628	-2.4346933364868164	3.416086196899414
800	0	feature	-1.0967254638671875	-2.148817539215088	3.353179454803467
800	0	question	-1.2309155464172363	-1.1497845649719238	2.518725633621216
800	0	documentation	-0.9144632816314697	-2.305741310119629	3.312380313873291
800	0	performance	-1.1060432195663452	-2.610335350036621	3.8315229415893555
801	0	bug	-1.3936796188354492	-0.047209594398736954	1.377604365348816
801	0	feature	-1.2754181623458862	-0.5299469828605652	1.8840937614440918
801	0	question	-1.7403790950775146	-0.13652533292770386	1.9369977712631226
801	0	documentation	-1.202234148979187	0.5173481702804565	0.3867456316947937
801	0	performance	-1.1139228343963623	-0.41226571798324585	1.490269660949707
801	1	bug	0.307927668094635	-1.5164716243743896	1.1888571977615356
801	1	feature	0.26497888565063477	-1.7637088298797607	1.5118528604507446
801	1	question	-0.15192973613739014	-1.3347290754318237	1.534761905670166
801	1	documentation	1.1486830711364746	-1.2863175868988037	0.09433799982070923
801	1	performance	0.8616572618484497	-2.1216840744018555	1.2007596492767334
801	2	bug	0.40917232632637024	-1.1002599000930786	0.6944357752799988
801	2	feature	1.5317776203155518	-1.7946789264678955	0.2347034066915512
801	2	question	0.44888368248939514	-1.0525085926055908	0.621391773223877
801	2	documentation	0.2538771629333496	-0.5698018670082092	0.30111610889434814
801	2	performance	1.2207670211791992	-2.153796911239624	0.8785169720649719
802	0	bug	0.23819877207279205	-2.7865066528320312	2.4909324645996094
802	0	feature	-0.653577983379364	-0.9862122535705566	1.7718379497528076
802	0	question	-1.1566107273101807	-0.898007869720459	2.2341036796569824
802	0	documentation	2.4929511547088623	-2.9887163639068604	0.42066726088523865
802	0	performance	0.4228142499923706	-3.2378029823303223	2.6453847885131836
810	0	bug	1.0390799045562744	-1.192060947418213	0.25403180718421936
810	0	feature	-0.6792457103729248	-0.7102996706962585	1.5531495809555054
810	0	question	0.24658837914466858	-0.8368310928344727	0.725362241268158
810	0	documentation	1.5652214288711548	-1.4179123640060425	-0.031750861555337906
810	0	performance	1.283301830291748	-2.2293310165405273	0.9584981799125671
810	1	bug	-0.4202549457550049	-1.8686007261276245	2.3673148155212402
810	1	feature	-0.1079295352101326	-2.716845989227295	2.893418788909912
810	1	question	-1.385045051574707	-0.7082396149635315	2.3109169006347656
810	1	documentation	0.6427303552627563	-1.9200457334518433	1.3068702220916748
810	1	performance	-0.5786821842193604	-2.707258701324463	3.3552398681640625
810	2	bug	1.1251744031906128	-1.2108259201049805	0.04869267717003822
810	2	feature	2.4126923084259033	-3.1425697803497314	0.5089727640151978
810	2	question	1.1886911392211914	-1.8382487297058105	0.6554728150367737
810	2	documentation	2.906310796737671	-2.1532363891601562	-0.8099114894866943
810	2	performance	2.2721946239471436	-2.9448370933532715	0.3722856640815735
810	3	bug	-0.762031614780426	-0.5795286297798157	1.443926215171814
810	3	feature	0.2717799246311188	-1.699004054069519	1.4653843641281128
810	3	question	-0.5836018323898315	-0.9226781725883484	1.627475380897522
810	3	documentation	0.24526378512382507	-1.2022351026535034	0.9804351329803467
810	3	performance	-0.603715717792511	-1.7248090505599976	2.4355578422546387
811	0	bug	-0.42550575733184814	-2.5777587890625	2.968796968460083
811	0	feature	-1.9765440225601196	-1.6069492101669312	3.811980962753296
811	0	question	-3.189520835876465	2.1320271492004395	0.05842401459813118
811	0	documentation	-0.4481359124183655	-1.300197720527649	1.7638763189315796
811	0	performance	-1.0310919284820557	-2.795213222503662	3.8950796127319336
821	0	bug	0.14848719537258148	-2.7620301246643066	2.4613232612609863
821	0	feature	-0.01368512399494648	-2.8684983253479004	2.7984766960144043
821	0	question	-2.5493922233581543	0.9271479249000549	1.3568302392959595
821	0	documentation	-0.6751745343208313	-0.9102373123168945	1.5819276571273804
821	0	performance	-0.3082297146320343	-3.194052219390869	3.3644587993621826
822	0	bug	-1.4949722290039062	-1.4399429559707642	3.047593116760254
822	0	feature	-1.8930857181549072	-1.4364964962005615	3.564389228820801
822	0	question	-2.3427231311798096	-0.11670631915330887	2.52384877204895
822	0	documentation	-0.1681920439004898	-1.2599924802780151	1.43386971950531
822	0	performance	-1.0047433376312256	-2.8237152099609375	3.84201717376709
825	0	bug	-1.0831236839294434	-0.5662466287612915	1.6431015729904175
825	0	feature	-0.642630398273468	-2.2314443588256836	2.965588092803955
825	0	question	-0.9574882984161377	-1.4694405794143677	2.5360910892486572
825	0	documentation	-0.48688507080078125	-1.3728636503219604	1.8384016752243042
825	0	performance	-0.8757704496383667	-1.8755229711532593	2.803542137145996
829	0	bug	-1.782515048980713	0.18937020003795624	1.4392504692077637
829	0	feature	-1.1421185731887817	-0.4393754303455353	1.7139041423797607
829	0	question	-1.7439632415771484	0.041102778166532516	1.716109275817871
829	0	documentation	-0.9483368992805481	0.4343469738960266	0.25798553228378296
829	0	performance	-1.309552788734436	-0.4398709237575531	1.7469501495361328
830	0	bug	2.9288651943206787	-2.0255258083343506	-0.8852095603942871
830	0	feature	2.9830830097198486	-2.162994623184204	-0.8142476677894592
830	0	question	2.787529230117798	-2.061190128326416	-0.6985639929771423
830	0	documentation	3.202038049697876	-2.023327350616455	-1.1597375869750977
830	0	performance	2.961557626724243	-2.3405747413635254	-0.6570090651512146
835	0	bug	2.7376935482025146	-2.573470115661621	-0.2541162073612213
835	0	feature	2.764733076095581	-2.6681127548217773	-0.17872017621994019
835	0	question	2.1710569858551025	-2.1538403034210205	-0.030020620673894882
835	0	documentation	3.2581918239593506	-2.4985036849975586	-0.7952779531478882
835	0	performance	2.7027738094329834	-3.1467669010162354	0.21476617455482483
835	1	bug	0.17164115607738495	-1.2509225606918335	1.0772819519042969
835	1	feature	-0.5621328353881836	-1.1306239366531372	1.8231868743896484
835	1	question	-0.43817827105522156	-0.4202616810798645	0.8972313404083252
835	1	documentation	0.6469187140464783	-0.6490188241004944	-0.03715870529413223
835	1	performance	0.39272621273994446	-1.7552568912506104	1.3276125192642212
835	2	bug	0.11911257356405258	-1.706050992012024	1.561311960220337
835	2	feature	-0.8504324555397034	-1.3711615800857544	2.414642333984375
835	2	question	-0.9886284470558167	-0.9216941595077515	2.0669431686401367
835	2	documentation	0.7289166450500488	-1.4724832773208618	0.734966516494751
835	2	performance	-0.1770702600479126	-2.2854247093200684	2.4495372772216797
838	0	bug	-2.1871941089630127	-0.3624148964881897	2.581460475921631
838	0	feature	-1.135890007019043	-1.6921790838241577	3.0450446605682373
838	0	question	-1.7493698596954346	-0.21087123453617096	2.028048515319824
838	0	documentation	-0.2855340242385864	-0.8736603260040283	1.1941328048706055
838	0	performance	-1.3075780868530273	-1.3090336322784424	2.791308641433716
844	0	bug	0.2860966622829437	-3.055911064147949	2.6145126819610596
844	0	feature	-0.36459845304489136	-2.44387149810791	2.8323938846588135
844	0	question	-0.26914921402931213	-1.9187144041061401	2.2087771892547607
844	0	documentation	1.4855809211730957	-3.0346319675445557	1.3794025182724
844	0	performance	-0.20480360090732574	-3.173959493637085	3.2652740478515625
844	1	bug	-1.1264522075653076	-0.9800000190734863	2.145543098449707
844	1	feature	-0.9316075444221497	-0.9927202463150024	2.035551071166992
844	1	question	-1.6988024711608887	-0.4437918961048126	2.2513670921325684
844	1	documentation	-0.9442606568336487	-0.09642196446657181	0.8971021175384521
844	1	performance	-0.6935837268829346	-2.11299729347229	2.8699188232421875
858	0	bug	-1.9018481969833374	-0.8620201349258423	2.8819875717163086
858	0	feature	-1.526969075202942	-1.3312559127807617	3.077883720397949
858	0	question	-1.4887430667877197	-0.7095530033111572	2.3510994911193848
858	0	documentation	-0.5406301617622375	-1.3084118366241455	1.9535712003707886
858	0	performance	-1.0900362730026245	-2.380906581878662	3.6267008781433105
891	0	bug	-1.6772780418395996	0.08790028840303421	1.5534605979919434
891	0	feature	-0.199364572763443	-1.5089839696884155	1.8736989498138428
891	0	question	-1.4643476009368896	-0.3911983072757721	2.0490241050720215
891	0	documentation	-0.19185718894004822	-0.5918932557106018	0.8314923048019409
891	0	performance	-1.529345989227295	-1.8403762578964233	3.551334857940674
891	1	bug	-0.6717287302017212	-1.8854676485061646	2.63417649269104
891	1	feature	-0.8151848316192627	-1.651626706123352	2.616511344909668
891	1	question	-1.4303194284439087	0.024608071893453598	1.4522675275802612
891	1	documentation	-1.3152072429656982	0.2599596083164215	0.9434753060340881
891	1	performance	-0.7493404746055603	-2.425405502319336	3.2320055961608887
892	0	bug	-0.606312096118927	-0.769987165927887	1.4222087860107422
892	0	feature	-0.9033684730529785	-1.434299111366272	2.5658299922943115
892	0	question	-1.3273823261260986	-0.9039624929428101	2.4343416690826416
892	0	documentation	-1.0424810647964478	-0.06498301029205322	1.081590175628662
892	0	performance	-0.6635704040527344	-2.199380397796631	2.940392255783081
892	1	bug	0.701564371585846	-1.4503346681594849	0.7283523082733154
892	1	feature	-0.2592250406742096	-0.987404465675354	1.3210842609405518
892	1	question	-0.5089198350906372	-0.5401424169540405	1.0934975147247314
892	1	documentation	0.0901365727186203	-0.6426258683204651	0.5377998948097229
892	1	performance	-0.2874879240989685	-1.0220481157302856	1.3556742668151855
893	0	bug	3.0554776191711426	-2.832599639892578	-0.3461620807647705
893	0	feature	1.8013256788253784	-2.5128707885742188	0.6446399688720703
893	0	question	0.8607470989227295	-1.607139229774475	0.7919745445251465
893	0	documentation	0.7058420181274414	-0.9971941709518433	0.30660200119018555
893	0	performance	2.8201701641082764	-3.0722169876098633	0.0655205100774765
893	1	bug	0.24837231636047363	-2.45750093460083	2.178997755050659
893	1	feature	0.02901729755103588	-2.147761583328247	2.191802978515625
893	1	question	-0.7424619197845459	-0.6011993885040283	1.4661648273468018
893	1	documentation	0.38579073548316956	-2.4293932914733887	2.031378984451294
893	1	performance	-0.9367663860321045	-1.8098174333572388	2.9333672523498535
897	0	bug	-1.0378223657608032	-2.3366317749023438	3.4957594871520996
897	0	feature	-1.1628894805908203	-2.2923190593719482	3.638155460357666
897	0	question	-1.7138279676437378	-1.0790952444076538	3.017880439758301
897	0	documentation	-0.9149935245513916	-2.087003707885742	3.1310977935791016
897	0	performance	-1.31437349319458	-2.4191417694091797	3.898066997528076
900	0	bug	-0.46339914202690125	-3.1025333404541016	3.498311758041382
900	0	feature	-0.6966111660003662	-2.439016342163086	3.1789298057556152
900	0	question	-1.5379688739776611	-1.0445482730865479	2.8020362854003906
900	0	documentation	0.03098304383456707	-3.1076817512512207	2.9470248222351074
900	0	performance	-1.396836519241333	-1.6512675285339355	3.1611013412475586
901	0	bug	0.2276894599199295	-3.062863826751709	2.648115634918213
901	0	feature	-0.9812226891517639	-2.017503499984741	3.1345884799957275
901	0	question	-1.8937568664550781	-0.05283953621983528	2.009671688079834
901	0	documentation	0.5362905859947205	-1.9889553785324097	1.3874343633651733
901	0	performance	-0.32072940468788147	-3.183608293533325	3.4048726558685303
905	0	bug	2.287092447280884	-2.6085991859436035	0.23178701102733612
905	0	feature	1.4492249488830566	-2.4211809635162354	0.9297729134559631
905	0	question	1.9507246017456055	-2.374594211578369	0.3960060179233551
905	0	documentation	2.8241097927093506	-2.639136552810669	-0.22444389760494232
905	0	performance	1.6060638427734375	-2.787362813949585	1.063429355621338
905	1	bug	0.6098312139511108	-1.4710562229156494	0.8708934187889099
905	1	feature	0.43158867955207825	-1.6448745727539062	1.2235417366027832
905	1	question	0.3855813443660736	-1.5363476276397705	1.1657257080078125
905	1	documentation	0.9256620407104492	-1.58894944190979	0.6722449064254761
905	1	performance	0.603769063949585	-1.5471688508987427	0.9452491402626038
905	2	bug	-0.22398480772972107	-2.702730655670166	2.865964889526367
905	2	feature	-0.1269574612379074	-2.701425552368164	2.7959141731262207
905	2	question	-0.6246479749679565	-1.9098914861679077	2.624478816986084
905	2	documentation	0.027668220922350883	-1.252729892730713	1.24788498878479
905	2	performance	-0.28484776616096497	-2.9882380962371826	3.2271015644073486
909	0	bug	1.147832989692688	-1.4847021102905273	0.3447253406047821
909	0	feature	2.569047451019287	-3.505150556564331	0.7089516520500183
909	0	question	1.9629333019256592	-2.3343985080718994	0.3345213532447815
909	0	documentation	3.523541212081909	-2.8185205459594727	-0.7775530815124512
909	0	performance	0.9027397632598877	-2.058061361312866	1.1414744853973389
910	0	bug	3.639244318008423	-4.173713207244873	0.18498796224594116
910	0	feature	3.0998165607452393	-3.5413594245910645	0.17812950909137726
910	0	question	2.665468215942383	-3.273050308227539	0.40848803520202637
910	0	documentation	4.115192890167236	-3.6729259490966797	-0.6786636710166931
910	0	performance	3.0012948513031006	-4.520174503326416	1.0795269012451172
911	0	bug	-0.1682416945695877	-2.8885860443115234	3.0211052894592285
911	0	feature	-0.22591595351696014	-2.259489059448242	2.4998059272766113
911	0	question	-1.0337010622024536	-1.0028032064437866	2.2372055053710938
911	0	documentation	0.157793790102005	-3.040215015411377	2.8040480613708496
911	0	performance	0.6193767786026001	-3.641282081604004	2.7944626808166504
912	0	bug	-1.2469604015350342	-0.6102992296218872	1.9412505626678467
912	0	feature	-0.7635684013366699	-1.6529114246368408	2.6173901557922363
912	0	question	-1.175757884979248	-0.590964674949646	1.9365696907043457
912	0	documentation	0.41498860716819763	-0.6291658878326416	0.2582317590713501
912	0	performance	-0.9873613119125366	-1.954595685005188	3.072270631790161
912	1	bug	-0.7742936611175537	0.1601506620645523	0.5506531596183777
912	1	feature	-0.2724851369857788	-0.4670484662055969	0.797858476638794
912	1	question	-0.5545945167541504	-0.12062694132328033	0.6914830207824707
912	1	documentation	-0.42213359475135803	0.016837291419506073	0.353111207485199
912	1	performance	-0.8281497955322266	-0.02104165032505989	0.85435950756073
912	2	bug	-1.3480167388916016	-0.012137998826801777	1.3658148050308228
912	2	feature	-1.020936369895935	-1.3313078880310059	2.6267752647399902
912	2	question	-1.787846326828003	-0.489266037940979	2.576977252960205
912	2	documentation	-0.8110172748565674	-0.37698277831077576	1.2959901094436646
912	2	performance	-1.534017562866211	-1.4275494813919067	3.258312702178955
913	0	bug	3.4840335845947266	-3.3149075508117676	-0.4167816936969757
913	0	feature	3.536712408065796	-3.366990327835083	-0.39245831966400146
913	0	question	1.3070621490478516	-1.3031830787658691	0.030821051448583603
913	0	documentation	3.3660314083099365	-3.0875113010406494	-0.47454899549484253
913	0	performance	2.967951536178589	-3.492995262145996	0.18342098593711853
924	0	bug	-0.7159641981124878	-1.7552508115768433	2.5657973289489746
924	0	feature	-0.6584012508392334	-1.6519743204116821	2.433847427368164
924	0	question	-1.3389029502868652	-0.786121129989624	2.2730932235717773
924	0	documentation	-0.740146279335022	-1.1925365924835205	2.0231733322143555
924	0	performance	-0.8418104648590088	-1.6796057224273682	2.6317696571350098
924	1	bug	2.0741961002349854	-3.120485305786133	0.8129067420959473
924	1	feature	-0.20650409162044525	-2.1003479957580566	2.3804168701171875
924	1	question	-1.1463285684585571	-0.47717589139938354	1.7727024555206299
924	1	documentation	2.0225703716278076	-2.3209962844848633	0.21899908781051636
924	1	performance	2.2011055946350098	-3.9520175457000732	1.3863855600357056
930	0	bug	-0.9455904960632324	-1.768670916557312	2.7900094985961914
930	0	feature	-1.1297249794006348	-1.043758749961853	2.3435895442962646
930	0	question	-1.4770450592041016	-0.20908479392528534	1.7968363761901855
930	0	documentation	-0.4741823971271515	-1.2773308753967285	1.769911766052246
930	0	performance	-1.1976022720336914	-2.0341618061065674	3.366433620452881
952	0	bug	-1.4891250133514404	-1.0997910499572754	2.7228753566741943
952	0	feature	-1.5076181888580322	-1.7546977996826172	3.4937515258789062
952	0	question	-2.1657369136810303	-0.7591550350189209	3.1585941314697266
952	0	documentation	-0.537524938583374	-1.1640428304672241	1.7444688081741333
952	0	performance	-1.6167340278625488	-1.7634824514389038	3.530150890350342
952	1	bug	-1.1899815797805786	-1.433264970779419	2.7108614444732666
952	1	feature	-1.2976281642913818	-2.013657331466675	3.5198278427124023
952	1	question	-1.8092517852783203	-0.5975335240364075	2.587561845779419
952	1	documentation	0.706900417804718	-1.6760696172714233	0.9946155548095703
952	1	performance	-0.6941079497337341	-3.104818820953369	3.824787139892578
956	0	bug	-1.1152732372283936	-0.5196104049682617	1.685723066329956
956	0	feature	-0.34913507103919983	-2.1221556663513184	2.569887638092041
956	0	question	-1.0635478496551514	-0.8121931552886963	2.0359184741973877
956	0	documentation	0.399603933095932	-1.0582855939865112	0.6724409461021423
956	0	performance	-0.6406042575836182	-1.7371262311935425	2.4530887603759766
958	0	bug	-2.2105774879455566	-0.5127824544906616	2.788325309753418
958	0	feature	-1.0314254760742188	-2.067366123199463	3.3136367797851562
958	0	question	-2.218254804611206	-0.7419593334197998	3.1701197624206543
958	0	documentation	-2.516904354095459	0.04706085845828056	2.3734326362609863
958	0	performance	-1.4874165058135986	-1.9844223260879517	3.6852569580078125
960	0	bug	-0.5756995677947998	-2.391042709350586	2.9682459831237793
960	0	feature	-1.2476086616516113	-2.4449784755706787	3.8785994052886963
960	0	question	-1.1695282459259033	-1.7755680084228516	3.128523588180542
960	0	documentation	-0.33025282621383667	-2.7760050296783447	3.1056065559387207
960	0	performance	-1.2287817001342773	-2.4860126972198486	3.836202621459961
961	0	bug	2.191847085952759	-4.1656413078308105	1.6896721124649048
961	0	feature	2.740105152130127	-3.234815835952759	0.38027423620224
961	0	question	0.6729995012283325	-1.5604370832443237	0.8995153307914734
961	0	documentation	2.460270643234253	-3.8257477283477783	1.1322875022888184
961	0	performance	1.7583646774291992	-4.266056537628174	2.1820006370544434
962	0	bug	1.1342942714691162	-2.653684616088867	1.3826463222503662
962	0	feature	0.4140031635761261	-3.027683973312378	2.5244908332824707
962	0	question	-1.2490527629852295	-0.42869606614112854	1.7294886112213135
962	0	documentation	2.416288137435913	-4.147913455963135	1.4258071184158325
962	0	performance	0.39185112714767456	-3.840583086013794	3.23583984375
964	0	bug	1.392364263534546	-3.121291160583496	1.5523254871368408
964	0	feature	0.7982962131500244	-2.9104628562927246	1.978999137878418
964	0	question	-1.2301063537597656	-0.5984596014022827	1.9655044078826904
964	0	documentation	2.4791171550750732	-3.065943479537964	0.4260420799255371
964	0	performance	1.2252484560012817	-3.4462664127349854	1.933065414428711
975	0	bug	-0.5497913360595703	-1.6515793800354004	2.252406120300293
975	0	feature	-0.38080641627311707	-1.2674115896224976	1.7008305788040161
975	0	question	-2.9350955486297607	1.210058331489563	1.2944824695587158
975	0	documentation	1.432528018951416	-2.0521509647369385	0.5613298416137695
975	0	performance	0.5178404450416565	-3.5680174827575684	2.8437790870666504
976	0	bug	-2.961158275604248	0.26236915588378906	2.556652069091797
976	0	feature	-1.68193781375885	-1.3825689554214478	3.3444910049438477
976	0	question	-1.8566527366638184	-0.6136107444763184	2.661954641342163
976	0	documentation	-2.270587921142578	0.5303769111633301	1.4988683462142944
976	0	performance	-1.9726243019104004	-1.62932550907135	3.8010003566741943
978	0	bug	-1.438154935836792	-2.3386611938476562	3.971926689147949
978	0	feature	-1.5275325775146484	-2.2729299068450928	4.036635875701904
978	0	question	-1.5229754447937012	-1.8502471446990967	3.605684518814087
978	0	documentation	-1.200179934501648	-2.3840994834899902	3.761260509490967
978	0	performance	-1.516432523727417	-2.2077925205230713	3.9157729148864746
978	1	bug	-0.9699193239212036	-1.760311484336853	2.755331516265869
978	1	feature	-0.7699910998344421	-2.686983823776245	3.521916389465332
978	1	question	-1.463470220565796	-1.2775846719741821	2.889911413192749
978	1	documentation	1.3898696899414062	-2.016908884048462	0.5227757692337036
978	1	performance	-1.036460280418396	-2.152819871902466	3.267505168914795
984	0	bug	2.5832879543304443	-2.868807315826416	0.16192111372947693
984	0	feature	2.8170387744903564	-3.2358815670013428	0.26597070693969727
984	0	question	2.4494309425354004	-2.4499521255493164	-0.004817095585167408
984	0	documentation	2.8706462383270264	-2.532820701599121	-0.34720492362976074
984	0	performance	1.4524240493774414	-2.8564558029174805	1.2665443420410156
984	1	bug	-1.0508670806884766	-0.14679363369941711	1.1813520193099976
984	1	feature	-0.034597694873809814	-1.795413613319397	1.898465871810913
984	1	question	-1.2177988290786743	-0.963297963142395	2.3782825469970703
984	1	documentation	0.04582822322845459	-0.3058277368545532	0.18096190690994263
984	1	performance	-0.24763064086437225	-1.5945382118225098	1.8826838731765747
986	0	bug	-1.2506613731384277	-1.0172911882400513	2.4047679901123047
986	0	feature	-1.3709900379180908	-1.5255348682403564	3.1476314067840576
986	0	question	-1.2684720754623413	-0.7487539052963257	2.2031819820404053
986	0	documentation	0.5358127355575562	-1.1301732063293457	0.5839715003967285
986	0	performance	-1.402083158493042	-1.1787371635437012	2.7772927284240723
987	0	bug	-1.5512824058532715	-0.2740803062915802	1.8512639999389648
987	0	feature	-1.7157719135284424	-0.6094263195991516	2.5524849891662598
987	0	question	-1.4403929710388184	-0.6553701162338257	2.2721524238586426
987	0	documentation	-0.715213418006897	0.08626104146242142	0.5278486013412476
987	0	performance	-1.2189840078353882	-1.4528653621673584	2.723910093307495
987	1	bug	-0.43421614170074463	-1.3045971393585205	1.8710733652114868
987	1	feature	-0.18229447305202484	-2.4026145935058594	2.7285337448120117
987	1	question	-0.12841679155826569	-1.1811621189117432	1.4825533628463745
987	1	documentation	1.3017568588256836	-1.4893959760665894	0.2862105965614319
987	1	performance	-0.05461648851633072	-2.061218023300171	2.2029757499694824
987	2	bug	-1.5861295461654663	-0.8763694167137146	2.6215734481811523
987	2	feature	-1.439798355102539	-1.6697951555252075	3.368407964706421
987	2	question	-1.8474332094192505	-0.060271967202425	2.0269644260406494
987	2	documentation	-0.2605825364589691	-1.1557365655899048	1.4755628108978271
987	2	performance	-1.3305792808532715	-1.5703686475753784	3.1247506141662598
990	0	bug	1.6489572525024414	-3.0047807693481445	1.2548811435699463
990	0	feature	-1.2591041326522827	-2.3400659561157227	3.710724353790283
990	0	question	-2.8210911750793457	0.35346361994743347	2.455437183380127
990	0	documentation	2.992607355117798	-2.7571921348571777	-0.2990403473377228
990	0	performance	-0.8241157531738281	-2.6774139404296875	3.617145538330078
993	0	bug	-0.7301818132400513	-0.9275199174880981	1.645043134689331
993	0	feature	-1.3661251068115234	-1.2195204496383667	2.782524585723877
993	0	question	-1.742591381072998	-0.2902444005012512	2.1271064281463623
993	0	documentation	1.2903939485549927	-2.2136971950531006	0.8467838168144226
993	0	performance	-0.7967258095741272	-1.7586561441421509	2.6205763816833496
1011	0	bug	-1.5111818313598633	-2.5395350456237793	4.2490739822387695
1011	0	feature	-1.5244287252426147	-2.7212424278259277	4.450697898864746
1011	0	question	-2.682922601699829	0.7457554340362549	1.7811954021453857
1011	0	documentation	-1.6951301097869873	-1.8120652437210083	3.7503814697265625
1011	0	performance	-1.9697868824005127	-2.3864493370056152	4.614778518676758
1016	0	bug	-1.4116618633270264	-1.97258722782135	3.5256519317626953
1016	0	feature	-0.8155723810195923	-3.121354579925537	4.0218610763549805
1016	0	question	-1.2293603420257568	-2.3112425804138184	3.7191009521484375
1016	0	documentation	-0.5128838419914246	-2.9064278602600098	3.452932834625244
1016	0	performance	-1.332024097442627	-2.458869218826294	3.9477624893188477
1016	1	bug	0.5503214597702026	-1.0026401281356812	0.44707873463630676
1016	1	feature	0.4994705021381378	-1.0429574251174927	0.5515140295028687
1016	1	question	0.4160482585430145	-0.9148646593093872	0.5082259178161621
1016	1	documentation	0.8483261466026306	-1.0968090295791626	0.2439558207988739
1016	1	performance	0.5001920461654663	-1.0592039823532104	0.5536776781082153
1016	2	bug	0.6944354772567749	-2.1937129497528076	1.4395015239715576
1016	2	feature	-0.14300090074539185	-1.4097739458084106	1.622736930847168
1016	2	question	-0.23458535969257355	-1.470376968383789	1.7884814739227295
1016	2	documentation	0.8195215463638306	-1.7901898622512817	0.9734285473823547
1016	2	performance	-0.12257134169340134	-1.7521692514419556	1.920299768447876
1021	0	bug	3.050367832183838	-3.11607027053833	-0.08983533084392548
1021	0	feature	2.9741933345794678	-3.475522518157959	0.2963969111442566
1021	0	question	2.724501848220825	-2.6738343238830566	-0.1294105350971222
1021	0	documentation	3.28051495552063	-2.550853967666626	-0.7786872386932373
1021	0	performance	3.1529157161712646	-3.747371196746826	0.3288297951221466
1030	0	bug	-1.749077558517456	0.8327453136444092	0.43764403462409973
1030	0	feature	-0.8425620794296265	-1.457026481628418	2.4857754707336426
1030	0	question	-0.9163820147514343	-0.4404623508453369	1.4479820728302002
1030	0	documentation	0.2604821026325226	-0.5421856045722961	0.29708027839660645
1030	0	performance	-1.0608941316604614	-1.5090349912643433	2.626415729522705
1030	1	bug	-0.0742463618516922	-0.3094708323478699	0.3544594645500183
1030	1	feature	1.9811196327209473	-2.3523550033569336	0.33946987986564636
1030	1	question	1.698127269744873	-1.9863308668136597	0.29497596621513367
1030	1	documentation	2.416980504989624	-2.2298431396484375	-0.21234065294265747
1030	1	performance	1.6023976802825928	-2.116295337677002	0.4943038821220398
1030	2	bug	-4.042612075805664	1.6048156023025513	1.8488225936889648
1030	2	feature	-1.014817476272583	-2.8752048015594482	4.021644592285156
1030	2	question	-1.4565894603729248	-1.8779077529907227	3.585834503173828
1030	2	documentation	-0.659474790096283	-2.7770466804504395	3.519078254699707
1030	2	performance	-1.2584271430969238	-2.7017526626586914	4.115872859954834
1039	0	bug	-2.4699347019195557	0.4165610671043396	1.7598412036895752
1039	0	feature	-2.197519540786743	-0.5379432439804077	2.8569588661193848
1039	0	question	-2.0779001712799072	-0.15168602764606476	2.236551284790039
1039	0	documentation	-1.5082004070281982	0.8938009738922119	0.1142755076289177
1039	0	performance	-2.3190958499908447	-0.44984859228134155	2.8042469024658203
1039	1	bug	-1.333975076675415	-0.9453103542327881	2.3975634574890137
1039	1	feature	-0.44266244769096375	-2.822575092315674	3.3599491119384766
1039	1	question	-0.6255269646644592	-2.1410226821899414	2.88350772857666
1039	1	documentation	0.8908001184463501	-2.8194808959960938	1.8850858211517334
1039	1	performance	-0.6911396980285645	-2.667489528656006	3.4366273880004883
1040	0	bug	-0.9793648719787598	0.02951633557677269	0.8140615820884705
1040	0	feature	0.07302255928516388	-2.098808765411377	2.092092990875244
1040	0	question	0.018914012238383293	-1.6041507720947266	1.7002100944519043
1040	0	documentation	1.5656235218048096	-1.8311817646026611	0.29543277621269226
1040	0	performance	-1.1885921955108643	-1.0787169933319092	2.3987011909484863
1040	1	bug	-1.0314503908157349	-1.693791389465332	2.833287000656128
1040	1	feature	-0.10185287892818451	-3.254694700241089	3.3617990016937256
1040	1	question	-0.6344208717346191	-2.477229356765747	3.216587781906128
1040	1	documentation	0.8469258546829224	-3.1086206436157227	2.184396266937256
1040	1	performance	-0.6303571462631226	-2.9156808853149414	3.609466791152954
1047	0	bug	-0.4962358772754669	-2.508896827697754	3.046689748764038
1047	0	feature	-0.2767351269721985	-3.0216622352600098	3.35947322845459
1047	0	question	-0.4367241859436035	-2.7002480030059814	3.200833797454834
1047	0	documentation	0.23625457286834717	-2.865126132965088	2.6476290225982666
1047	0	performance	-0.4076734185218811	-2.906665086746216	3.3476905822753906
1047	1	bug	0.5628879070281982	-1.1809818744659424	0.64216148853302
1047	1	feature	1.5578041076660156	-2.3365187644958496	0.7624286413192749
1047	1	question	0.09285128861665726	-1.0222219228744507	1.0150853395462036
1047	1	documentation	2.0721025466918945	-1.831781268119812	-0.2242026925086975
1047	1	performance	0.31203195452690125	-1.9203602075576782	1.6024401187896729
1047	2	bug	2.5503129959106445	-3.022472858428955	0.29511672258377075
1047	2	feature	2.958948850631714	-3.4128284454345703	0.24906179308891296
1047	2	question	2.1947760581970215	-2.856705665588379	0.5364815592765808
1047	2	documentation	3.1619534492492676	-3.0066397190093994	-0.2683579921722412
1047	2	performance	2.73201322555542	-3.4259748458862305	0.4885587990283966
1051	0	bug	-0.33726152777671814	-2.8518948554992676	3.10488224029541
1051	0	feature	0.06578861176967621	-2.882997512817383	2.7613911628723145
1051	0	question	-2.8307690620422363	1.2768257856369019	1.0861573219299316
1051	0	documentation	1.8372761011123657	-2.674590826034546	0.7063634991645813
1051	0	performance	-0.7336578369140625	-3.2040910720825195	3.9740850925445557
